# Arbol para OpenGL / Assimp; Y arriba, frente +Z
mtllib arbol.mtl
o ArbolParque
v 0.280000 0.000000 0.000000
v 0.226525 0.000000 -0.164580
v 0.086525 0.000000 -0.266296
v -0.086525 0.000000 -0.266296
v -0.226525 0.000000 -0.164580
v -0.280000 0.000000 -0.000000
v -0.226525 0.000000 0.164580
v -0.086525 0.000000 0.266296
v 0.086525 0.000000 0.266296
v 0.226525 0.000000 0.164580
v 0.280000 0.000000 0.000000
v 0.180000 2.350000 0.000000
v 0.145623 2.350000 -0.105801
v 0.055623 2.350000 -0.171190
v -0.055623 2.350000 -0.171190
v -0.145623 2.350000 -0.105801
v -0.180000 2.350000 -0.000000
v -0.145623 2.350000 0.105801
v -0.055623 2.350000 0.171190
v 0.055623 2.350000 0.171190
v 0.145623 2.350000 0.105801
v 0.180000 2.350000 0.000000
v 0.179830 2.192181 0.000000
v 0.145486 2.193675 -0.105801
v 0.055571 2.197584 -0.171190
v -0.055571 2.202416 -0.171190
v -0.145486 2.206325 -0.105801
v -0.179830 2.207819 -0.000000
v -0.145486 2.206325 0.105801
v -0.055571 2.202416 0.171190
v 0.055571 2.197584 0.171190
v 0.145486 2.193675 0.105801
v 0.179830 2.192181 0.000000
v 0.119934 3.346959 0.000000
v 0.106578 3.347540 -0.041145
v 0.071611 3.349060 -0.066574
v 0.028389 3.350940 -0.066574
v -0.006578 3.352460 -0.041145
v -0.019934 3.353041 -0.000000
v -0.006578 3.352460 0.041145
v 0.028389 3.350940 0.066574
v 0.071611 3.349060 0.066574
v 0.106578 3.347540 0.041145
v 0.119934 3.346959 0.000000
v 0.069444 1.771244 0.000000
v 0.052159 1.797005 -0.074134
v 0.004320 1.853809 -0.104842
v -0.046050 1.908383 -0.074134
v -0.069444 1.928756 -0.000000
v -0.052159 1.902995 0.074134
v -0.004320 1.846191 0.104842
v 0.046050 1.791617 0.074134
v 0.069444 1.771244 0.000000
v 1.342345 2.986966 0.096624
v 1.336583 2.995553 0.071912
v 1.320637 3.014488 0.061676
v 1.303847 3.032679 0.071912
v 1.296048 3.039470 0.096624
v 1.301810 3.030884 0.121335
v 1.317756 3.011949 0.131571
v 1.334546 2.993758 0.121335
v 1.342345 2.986966 0.096624
v 1.147701 3.753218 0.084063
v 1.147701 3.753218 0.084063
v 1.147701 3.753218 0.084063
v 1.147701 3.753218 0.084063
v 1.147701 3.753218 0.084063
v 1.147701 3.753218 0.084063
v 1.147701 3.753218 0.084063
v 1.147701 3.753218 0.084063
v 1.147701 3.753218 0.084063
v 1.147701 3.753218 0.084063
v 1.147701 3.753218 0.084063
v 1.147701 3.753218 0.084063
v 1.147701 3.753218 0.084063
v 1.425387 3.701722 0.084063
v 1.388184 3.701722 0.212058
v 1.286544 3.701722 0.305758
v 1.147701 3.701722 0.340054
v 1.008858 3.701722 0.305758
v 0.907218 3.701722 0.212058
v 0.870015 3.701722 0.084063
v 0.907218 3.701722 -0.043933
v 1.008858 3.701722 -0.137632
v 1.147701 3.701722 -0.171929
v 1.286544 3.701722 -0.137632
v 1.388184 3.701722 -0.043933
v 1.425387 3.701722 0.084063
v 1.648073 3.557433 0.084063
v 1.581036 3.557433 0.314703
v 1.397887 3.557433 0.483543
v 1.147701 3.557433 0.545343
v 0.897515 3.557433 0.483543
v 0.714366 3.557433 0.314703
v 0.647329 3.557433 0.084063
v 0.714366 3.557433 -0.146578
v 0.897515 3.557433 -0.315418
v 1.147701 3.557433 -0.377218
v 1.397887 3.557433 -0.315418
v 1.581036 3.557433 -0.146578
v 1.648073 3.557433 0.084063
v 1.771655 3.348929 0.084063
v 1.688061 3.348929 0.371666
v 1.459678 3.348929 0.582207
v 1.147701 3.348929 0.659270
v 0.835724 3.348929 0.582207
v 0.607341 3.348929 0.371666
v 0.523747 3.348929 0.084063
v 0.607341 3.348929 -0.203541
v 0.835724 3.348929 -0.414082
v 1.147701 3.348929 -0.491145
v 1.459678 3.348929 -0.414082
v 1.688061 3.348929 -0.203541
v 1.771655 3.348929 0.084063
v 1.771655 3.117508 0.084063
v 1.688061 3.117508 0.371666
v 1.459678 3.117508 0.582207
v 1.147701 3.117508 0.659270
v 0.835724 3.117508 0.582207
v 0.607341 3.117508 0.371666
v 0.523747 3.117508 0.084063
v 0.607341 3.117508 -0.203541
v 0.835724 3.117508 -0.414082
v 1.147701 3.117508 -0.491145
v 1.459678 3.117508 -0.414082
v 1.688061 3.117508 -0.203541
v 1.771655 3.117508 0.084063
v 1.648073 2.909004 0.084063
v 1.581036 2.909004 0.314703
v 1.397887 2.909004 0.483543
v 1.147701 2.909004 0.545343
v 0.897515 2.909004 0.483543
v 0.714366 2.909004 0.314703
v 0.647329 2.909004 0.084063
v 0.714366 2.909004 -0.146578
v 0.897515 2.909004 -0.315418
v 1.147701 2.909004 -0.377218
v 1.397887 2.909004 -0.315418
v 1.581036 2.909004 -0.146578
v 1.648073 2.909004 0.084063
v 1.425387 2.764715 0.084063
v 1.388184 2.764715 0.212058
v 1.286544 2.764715 0.305758
v 1.147701 2.764715 0.340054
v 1.008858 2.764715 0.305758
v 0.907218 2.764715 0.212058
v 0.870015 2.764715 0.084063
v 0.907218 2.764715 -0.043933
v 1.008858 2.764715 -0.137632
v 1.147701 2.764715 -0.171929
v 1.286544 2.764715 -0.137632
v 1.388184 2.764715 -0.043933
v 1.425387 2.764715 0.084063
v 1.147701 2.713218 0.084063
v 1.147701 2.713218 0.084063
v 1.147701 2.713218 0.084063
v 1.147701 2.713218 0.084063
v 1.147701 2.713218 0.084063
v 1.147701 2.713218 0.084063
v 1.147701 2.713218 0.084063
v 1.147701 2.713218 0.084063
v 1.147701 2.713218 0.084063
v 1.147701 2.713218 0.084063
v 1.147701 2.713218 0.084063
v 1.147701 2.713218 0.084063
v 1.147701 2.713218 0.084063
v 0.080422 1.972492 0.000000
v 0.072137 2.010456 -0.070345
v 0.021595 2.065726 -0.099483
v -0.041597 2.105926 -0.070345
v -0.080422 2.107508 -0.000000
v -0.072137 2.069544 0.070345
v -0.021595 2.014274 0.099483
v 0.041597 1.974074 0.070345
v 0.080422 1.972492 0.000000
v 0.927308 3.090266 0.472880
v 0.924546 3.102920 0.449431
v 0.907699 3.121344 0.439719
v 0.886635 3.134744 0.449431
v 0.873693 3.135271 0.472880
v 0.876455 3.122617 0.496328
v 0.893302 3.104193 0.506041
v 0.914366 3.090793 0.496328
v 0.927308 3.090266 0.472880
v 0.783435 3.852768 0.411405
v 0.783435 3.852768 0.411405
v 0.783435 3.852768 0.411405
v 0.783435 3.852768 0.411405
v 0.783435 3.852768 0.411405
v 0.783435 3.852768 0.411405
v 0.783435 3.852768 0.411405
v 0.783435 3.852768 0.411405
v 0.783435 3.852768 0.411405
v 0.783435 3.852768 0.411405
v 0.783435 3.852768 0.411405
v 0.783435 3.852768 0.411405
v 0.783435 3.852768 0.411405
v 1.061121 3.801272 0.411405
v 1.023918 3.801272 0.539401
v 0.922278 3.801272 0.633100
v 0.783435 3.801272 0.667397
v 0.644593 3.801272 0.633100
v 0.542953 3.801272 0.539401
v 0.505750 3.801272 0.411405
v 0.542953 3.801272 0.283410
v 0.644593 3.801272 0.189710
v 0.783435 3.801272 0.155414
v 0.922278 3.801272 0.189710
v 1.023918 3.801272 0.283410
v 1.061121 3.801272 0.411405
v 1.283808 3.656983 0.411405
v 1.216770 3.656983 0.642046
v 1.033622 3.656983 0.810886
v 0.783435 3.656983 0.872686
v 0.533249 3.656983 0.810886
v 0.350100 3.656983 0.642046
v 0.283063 3.656983 0.411405
v 0.350100 3.656983 0.180765
v 0.533249 3.656983 0.011925
v 0.783435 3.656983 -0.049875
v 1.033622 3.656983 0.011925
v 1.216770 3.656983 0.180765
v 1.283808 3.656983 0.411405
v 1.407389 3.448479 0.411405
v 1.323795 3.448479 0.699009
v 1.095412 3.448479 0.909550
v 0.783435 3.448479 0.986613
v 0.471459 3.448479 0.909550
v 0.243076 3.448479 0.699009
v 0.159482 3.448479 0.411405
v 0.243076 3.448479 0.123802
v 0.471459 3.448479 -0.086739
v 0.783435 3.448479 -0.163802
v 1.095412 3.448479 -0.086739
v 1.323795 3.448479 0.123802
v 1.407389 3.448479 0.411405
v 1.407389 3.217057 0.411405
v 1.323795 3.217057 0.699009
v 1.095412 3.217057 0.909550
v 0.783435 3.217057 0.986613
v 0.471459 3.217057 0.909550
v 0.243076 3.217057 0.699009
v 0.159482 3.217057 0.411405
v 0.243076 3.217057 0.123802
v 0.471459 3.217057 -0.086739
v 0.783435 3.217057 -0.163802
v 1.095412 3.217057 -0.086739
v 1.323795 3.217057 0.123802
v 1.407389 3.217057 0.411405
v 1.283808 3.008554 0.411405
v 1.216770 3.008554 0.642046
v 1.033622 3.008554 0.810886
v 0.783435 3.008554 0.872686
v 0.533249 3.008554 0.810886
v 0.350100 3.008554 0.642046
v 0.283063 3.008554 0.411405
v 0.350100 3.008554 0.180765
v 0.533249 3.008554 0.011925
v 0.783435 3.008554 -0.049875
v 1.033622 3.008554 0.011925
v 1.216770 3.008554 0.180765
v 1.283808 3.008554 0.411405
v 1.061121 2.864265 0.411405
v 1.023918 2.864265 0.539401
v 0.922278 2.864265 0.633100
v 0.783435 2.864265 0.667397
v 0.644593 2.864265 0.633100
v 0.542953 2.864265 0.539401
v 0.505750 2.864265 0.411405
v 0.542953 2.864265 0.283410
v 0.644593 2.864265 0.189710
v 0.783435 2.864265 0.155414
v 0.922278 2.864265 0.189710
v 1.023918 2.864265 0.283410
v 1.061121 2.864265 0.411405
v 0.783435 2.812768 0.411405
v 0.783435 2.812768 0.411405
v 0.783435 2.812768 0.411405
v 0.783435 2.812768 0.411405
v 0.783435 2.812768 0.411405
v 0.783435 2.812768 0.411405
v 0.783435 2.812768 0.411405
v 0.783435 2.812768 0.411405
v 0.783435 2.812768 0.411405
v 0.783435 2.812768 0.411405
v 0.783435 2.812768 0.411405
v 0.783435 2.812768 0.411405
v 0.783435 2.812768 0.411405
v 0.089968 2.175864 0.000000
v 0.088148 2.232487 -0.056998
v 0.034692 2.287653 -0.080608
v -0.039086 2.309047 -0.056998
v -0.089968 2.284136 -0.000000
v -0.088148 2.227513 0.056998
v -0.034692 2.172347 0.080608
v 0.039086 2.150953 0.056998
v 0.089968 2.175864 0.000000
v 0.646186 3.235998 0.997622
v 0.645580 3.254872 0.978623
v 0.627761 3.273261 0.970753
v 0.603168 3.280392 0.978623
v 0.586208 3.272089 0.997622
v 0.586815 3.253214 1.016622
v 0.604633 3.234825 1.024492
v 0.629226 3.227694 1.016622
v 0.646186 3.235998 0.997622
v 0.536091 3.994043 0.867931
v 0.536091 3.994043 0.867931
v 0.536091 3.994043 0.867931
v 0.536091 3.994043 0.867931
v 0.536091 3.994043 0.867931
v 0.536091 3.994043 0.867931
v 0.536091 3.994043 0.867931
v 0.536091 3.994043 0.867931
v 0.536091 3.994043 0.867931
v 0.536091 3.994043 0.867931
v 0.536091 3.994043 0.867931
v 0.536091 3.994043 0.867931
v 0.536091 3.994043 0.867931
v 0.813777 3.942547 0.867931
v 0.776574 3.942547 0.995927
v 0.674934 3.942547 1.089626
v 0.536091 3.942547 1.123923
v 0.397249 3.942547 1.089626
v 0.295609 3.942547 0.995927
v 0.258406 3.942547 0.867931
v 0.295609 3.942547 0.739936
v 0.397249 3.942547 0.646236
v 0.536091 3.942547 0.611940
v 0.674934 3.942547 0.646236
v 0.776574 3.942547 0.739936
v 0.813777 3.942547 0.867931
v 1.036464 3.798258 0.867931
v 0.969426 3.798258 1.098572
v 0.786278 3.798258 1.267412
v 0.536091 3.798258 1.329212
v 0.285905 3.798258 1.267412
v 0.102756 3.798258 1.098572
v 0.035719 3.798258 0.867931
v 0.102756 3.798258 0.637291
v 0.285905 3.798258 0.468451
v 0.536091 3.798258 0.406651
v 0.786278 3.798258 0.468451
v 0.969426 3.798258 0.637291
v 1.036464 3.798258 0.867931
v 1.160045 3.589754 0.867931
v 1.076451 3.589754 1.155535
v 0.848068 3.589754 1.366076
v 0.536091 3.589754 1.443139
v 0.224115 3.589754 1.366076
v -0.004268 3.589754 1.155535
v -0.087862 3.589754 0.867931
v -0.004268 3.589754 0.580328
v 0.224115 3.589754 0.369787
v 0.536091 3.589754 0.292724
v 0.848068 3.589754 0.369787
v 1.076451 3.589754 0.580328
v 1.160045 3.589754 0.867931
v 1.160045 3.358332 0.867931
v 1.076451 3.358332 1.155535
v 0.848068 3.358332 1.366076
v 0.536091 3.358332 1.443139
v 0.224115 3.358332 1.366076
v -0.004268 3.358332 1.155535
v -0.087862 3.358332 0.867931
v -0.004268 3.358332 0.580328
v 0.224115 3.358332 0.369787
v 0.536091 3.358332 0.292724
v 0.848068 3.358332 0.369787
v 1.076451 3.358332 0.580328
v 1.160045 3.358332 0.867931
v 1.036464 3.149828 0.867931
v 0.969426 3.149828 1.098572
v 0.786278 3.149828 1.267412
v 0.536091 3.149828 1.329212
v 0.285905 3.149828 1.267412
v 0.102756 3.149828 1.098572
v 0.035719 3.149828 0.867931
v 0.102756 3.149828 0.637291
v 0.285905 3.149828 0.468451
v 0.536091 3.149828 0.406651
v 0.786278 3.149828 0.468451
v 0.969426 3.149828 0.637291
v 1.036464 3.149828 0.867931
v 0.813777 3.005539 0.867931
v 0.776574 3.005539 0.995927
v 0.674934 3.005539 1.089626
v 0.536091 3.005539 1.123923
v 0.397249 3.005539 1.089626
v 0.295609 3.005539 0.995927
v 0.258406 3.005539 0.867931
v 0.295609 3.005539 0.739936
v 0.397249 3.005539 0.646236
v 0.536091 3.005539 0.611940
v 0.674934 3.005539 0.646236
v 0.776574 3.005539 0.739936
v 0.813777 3.005539 0.867931
v 0.536091 2.954043 0.867931
v 0.536091 2.954043 0.867931
v 0.536091 2.954043 0.867931
v 0.536091 2.954043 0.867931
v 0.536091 2.954043 0.867931
v 0.536091 2.954043 0.867931
v 0.536091 2.954043 0.867931
v 0.536091 2.954043 0.867931
v 0.536091 2.954043 0.867931
v 0.536091 2.954043 0.867931
v 0.536091 2.954043 0.867931
v 0.536091 2.954043 0.867931
v 0.536091 2.954043 0.867931
v 0.103685 2.436566 0.000000
v 0.064484 2.486994 -0.048770
v -0.012491 2.498179 -0.068972
v -0.082148 2.463567 -0.048770
v -0.103685 2.403434 -0.000000
v -0.064484 2.353006 0.048770
v 0.012491 2.341821 0.068972
v 0.082148 2.376433 0.048770
v 0.103685 2.436566 0.000000
v -0.084332 3.169682 0.865029
v -0.097399 3.186492 0.848772
v -0.123057 3.190220 0.842039
v -0.146277 3.178682 0.848772
v -0.153455 3.158638 0.865029
v -0.140388 3.141829 0.881286
v -0.114730 3.138101 0.888020
v -0.091511 3.149638 0.881286
v -0.084332 3.169682 0.865029
v -0.103438 3.904160 0.752575
v -0.103438 3.904160 0.752575
v -0.103438 3.904160 0.752575
v -0.103438 3.904160 0.752575
v -0.103438 3.904160 0.752575
v -0.103438 3.904160 0.752575
v -0.103438 3.904160 0.752575
v -0.103438 3.904160 0.752575
v -0.103438 3.904160 0.752575
v -0.103438 3.904160 0.752575
v -0.103438 3.904160 0.752575
v -0.103438 3.904160 0.752575
v -0.103438 3.904160 0.752575
v 0.174248 3.852664 0.752575
v 0.137045 3.852664 0.880571
v 0.035405 3.852664 0.974270
v -0.103438 3.852664 1.008567
v -0.242280 3.852664 0.974270
v -0.343920 3.852664 0.880571
v -0.381123 3.852664 0.752575
v -0.343920 3.852664 0.624580
v -0.242280 3.852664 0.530880
v -0.103438 3.852664 0.496584
v 0.035405 3.852664 0.530880
v 0.137045 3.852664 0.624580
v 0.174248 3.852664 0.752575
v 0.396935 3.708375 0.752575
v 0.329897 3.708375 0.983216
v 0.146749 3.708375 1.152056
v -0.103438 3.708375 1.213856
v -0.353624 3.708375 1.152056
v -0.536773 3.708375 0.983216
v -0.603810 3.708375 0.752575
v -0.536773 3.708375 0.521935
v -0.353624 3.708375 0.353095
v -0.103438 3.708375 0.291295
v 0.146749 3.708375 0.353095
v 0.329897 3.708375 0.521935
v 0.396935 3.708375 0.752575
v 0.520516 3.499871 0.752575
v 0.436922 3.499871 1.040179
v 0.208539 3.499871 1.250720
v -0.103438 3.499871 1.327783
v -0.415414 3.499871 1.250720
v -0.643797 3.499871 1.040179
v -0.727391 3.499871 0.752575
v -0.643797 3.499871 0.464972
v -0.415414 3.499871 0.254431
v -0.103438 3.499871 0.177368
v 0.208539 3.499871 0.254431
v 0.436922 3.499871 0.464972
v 0.520516 3.499871 0.752575
v 0.520516 3.268449 0.752575
v 0.436922 3.268449 1.040179
v 0.208539 3.268449 1.250720
v -0.103438 3.268449 1.327783
v -0.415414 3.268449 1.250720
v -0.643797 3.268449 1.040179
v -0.727391 3.268449 0.752575
v -0.643797 3.268449 0.464972
v -0.415414 3.268449 0.254431
v -0.103438 3.268449 0.177368
v 0.208539 3.268449 0.254431
v 0.436922 3.268449 0.464972
v 0.520516 3.268449 0.752575
v 0.396935 3.059945 0.752575
v 0.329897 3.059945 0.983216
v 0.146749 3.059945 1.152056
v -0.103438 3.059945 1.213856
v -0.353624 3.059945 1.152056
v -0.536773 3.059945 0.983216
v -0.603810 3.059945 0.752575
v -0.536773 3.059945 0.521935
v -0.353624 3.059945 0.353095
v -0.103438 3.059945 0.291295
v 0.146749 3.059945 0.353095
v 0.329897 3.059945 0.521935
v 0.396935 3.059945 0.752575
v 0.174248 2.915656 0.752575
v 0.137045 2.915656 0.880571
v 0.035405 2.915656 0.974270
v -0.103438 2.915656 1.008567
v -0.242280 2.915656 0.974270
v -0.343920 2.915656 0.880571
v -0.381123 2.915656 0.752575
v -0.343920 2.915656 0.624580
v -0.242280 2.915656 0.530880
v -0.103438 2.915656 0.496584
v 0.035405 2.915656 0.530880
v 0.137045 2.915656 0.624580
v 0.174248 2.915656 0.752575
v -0.103438 2.864160 0.752575
v -0.103438 2.864160 0.752575
v -0.103438 2.864160 0.752575
v -0.103438 2.864160 0.752575
v -0.103438 2.864160 0.752575
v -0.103438 2.864160 0.752575
v -0.103438 2.864160 0.752575
v -0.103438 2.864160 0.752575
v -0.103438 2.864160 0.752575
v -0.103438 2.864160 0.752575
v -0.103438 2.864160 0.752575
v -0.103438 2.864160 0.752575
v -0.103438 2.864160 0.752575
v 0.091316 1.901830 0.000000
v 0.048156 1.915569 -0.066383
v -0.023214 1.890898 -0.093880
v -0.080985 1.842270 -0.066383
v -0.091316 1.798170 -0.000000
v -0.048156 1.784431 0.066383
v 0.023214 1.809102 0.093880
v 0.080985 1.857730 0.066383
v 0.091316 1.901830 0.000000
v -0.753268 3.248032 0.795303
v -0.767655 3.252612 0.773175
v -0.791444 3.244388 0.764009
v -0.810701 3.228179 0.773175
v -0.814145 3.213479 0.795303
v -0.799758 3.208899 0.817430
v -0.775969 3.217123 0.826596
v -0.756712 3.233332 0.817430
v -0.753268 3.248032 0.795303
v -0.681825 3.970755 0.691913
v -0.681825 3.970755 0.691913
v -0.681825 3.970755 0.691913
v -0.681825 3.970755 0.691913
v -0.681825 3.970755 0.691913
v -0.681825 3.970755 0.691913
v -0.681825 3.970755 0.691913
v -0.681825 3.970755 0.691913
v -0.681825 3.970755 0.691913
v -0.681825 3.970755 0.691913
v -0.681825 3.970755 0.691913
v -0.681825 3.970755 0.691913
v -0.681825 3.970755 0.691913
v -0.404139 3.919259 0.691913
v -0.441342 3.919259 0.819909
v -0.542982 3.919259 0.913608
v -0.681825 3.919259 0.947905
v -0.820667 3.919259 0.913608
v -0.922307 3.919259 0.819909
v -0.959510 3.919259 0.691913
v -0.922307 3.919259 0.563918
v -0.820667 3.919259 0.470218
v -0.681825 3.919259 0.435922
v -0.542982 3.919259 0.470218
v -0.441342 3.919259 0.563918
v -0.404139 3.919259 0.691913
v -0.181452 3.774970 0.691913
v -0.248490 3.774970 0.922554
v -0.431639 3.774970 1.091394
v -0.681825 3.774970 1.153194
v -0.932011 3.774970 1.091394
v -1.115160 3.774970 0.922554
v -1.182197 3.774970 0.691913
v -1.115160 3.774970 0.461273
v -0.932011 3.774970 0.292433
v -0.681825 3.774970 0.230633
v -0.431639 3.774970 0.292433
v -0.248490 3.774970 0.461273
v -0.181452 3.774970 0.691913
v -0.057871 3.566466 0.691913
v -0.141465 3.566466 0.979517
v -0.369848 3.566466 1.190058
v -0.681825 3.566466 1.267121
v -0.993802 3.566466 1.190058
v -1.222184 3.566466 0.979517
v -1.305778 3.566466 0.691913
v -1.222184 3.566466 0.404310
v -0.993802 3.566466 0.193769
v -0.681825 3.566466 0.116706
v -0.369848 3.566466 0.193769
v -0.141465 3.566466 0.404310
v -0.057871 3.566466 0.691913
v -0.057871 3.335044 0.691913
v -0.141465 3.335044 0.979517
v -0.369848 3.335044 1.190058
v -0.681825 3.335044 1.267121
v -0.993802 3.335044 1.190058
v -1.222184 3.335044 0.979517
v -1.305778 3.335044 0.691913
v -1.222184 3.335044 0.404310
v -0.993802 3.335044 0.193769
v -0.681825 3.335044 0.116706
v -0.369848 3.335044 0.193769
v -0.141465 3.335044 0.404310
v -0.057871 3.335044 0.691913
v -0.181452 3.126541 0.691913
v -0.248490 3.126541 0.922554
v -0.431639 3.126541 1.091394
v -0.681825 3.126541 1.153194
v -0.932011 3.126541 1.091394
v -1.115160 3.126541 0.922554
v -1.182197 3.126541 0.691913
v -1.115160 3.126541 0.461273
v -0.932011 3.126541 0.292433
v -0.681825 3.126541 0.230633
v -0.431639 3.126541 0.292433
v -0.248490 3.126541 0.461273
v -0.181452 3.126541 0.691913
v -0.404139 2.982252 0.691913
v -0.441342 2.982252 0.819909
v -0.542982 2.982252 0.913608
v -0.681825 2.982252 0.947905
v -0.820667 2.982252 0.913608
v -0.922307 2.982252 0.819909
v -0.959510 2.982252 0.691913
v -0.922307 2.982252 0.563918
v -0.820667 2.982252 0.470218
v -0.681825 2.982252 0.435922
v -0.542982 2.982252 0.470218
v -0.441342 2.982252 0.563918
v -0.404139 2.982252 0.691913
v -0.681825 2.930755 0.691913
v -0.681825 2.930755 0.691913
v -0.681825 2.930755 0.691913
v -0.681825 2.930755 0.691913
v -0.681825 2.930755 0.691913
v -0.681825 2.930755 0.691913
v -0.681825 2.930755 0.691913
v -0.681825 2.930755 0.691913
v -0.681825 2.930755 0.691913
v -0.681825 2.930755 0.691913
v -0.681825 2.930755 0.691913
v -0.681825 2.930755 0.691913
v -0.681825 2.930755 0.691913
v 0.057190 2.128058 0.000000
v 0.023871 2.113027 -0.071569
v -0.023432 2.055218 -0.101214
v -0.057008 1.988494 -0.071569
v -0.057190 1.951942 -0.000000
v -0.023871 1.966973 0.071569
v 0.023432 2.024782 0.101214
v 0.057008 2.091506 0.071569
v 0.057190 2.128058 0.000000
v -1.385768 2.981734 0.462406
v -1.396875 2.976723 0.438550
v -1.412642 2.957453 0.428668
v -1.423835 2.935212 0.438550
v -1.423895 2.923028 0.462406
v -1.412789 2.928038 0.486263
v -1.397021 2.947308 0.496144
v -1.385829 2.969549 0.486263
v -1.385768 2.981734 0.462406
v -1.222204 3.692381 0.402293
v -1.222204 3.692381 0.402293
v -1.222204 3.692381 0.402293
v -1.222204 3.692381 0.402293
v -1.222204 3.692381 0.402293
v -1.222204 3.692381 0.402293
v -1.222204 3.692381 0.402293
v -1.222204 3.692381 0.402293
v -1.222204 3.692381 0.402293
v -1.222204 3.692381 0.402293
v -1.222204 3.692381 0.402293
v -1.222204 3.692381 0.402293
v -1.222204 3.692381 0.402293
v -0.944518 3.640885 0.402293
v -0.981721 3.640885 0.530289
v -1.083361 3.640885 0.623988
v -1.222204 3.640885 0.658285
v -1.361046 3.640885 0.623988
v -1.462686 3.640885 0.530289
v -1.499889 3.640885 0.402293
v -1.462686 3.640885 0.274298
v -1.361046 3.640885 0.180598
v -1.222204 3.640885 0.146302
v -1.083361 3.640885 0.180598
v -0.981721 3.640885 0.274298
v -0.944518 3.640885 0.402293
v -0.721831 3.496596 0.402293
v -0.788869 3.496596 0.632934
v -0.972018 3.496596 0.801774
v -1.222204 3.496596 0.863574
v -1.472390 3.496596 0.801774
v -1.655539 3.496596 0.632934
v -1.722576 3.496596 0.402293
v -1.655539 3.496596 0.171653
v -1.472390 3.496596 0.002813
v -1.222204 3.496596 -0.058987
v -0.972018 3.496596 0.002813
v -0.788869 3.496596 0.171653
v -0.721831 3.496596 0.402293
v -0.598250 3.288092 0.402293
v -0.681844 3.288092 0.689897
v -0.910227 3.288092 0.900438
v -1.222204 3.288092 0.977501
v -1.534181 3.288092 0.900438
v -1.762564 3.288092 0.689897
v -1.846158 3.288092 0.402293
v -1.762564 3.288092 0.114690
v -1.534181 3.288092 -0.095851
v -1.222204 3.288092 -0.172914
v -0.910227 3.288092 -0.095851
v -0.681844 3.288092 0.114690
v -0.598250 3.288092 0.402293
v -0.598250 3.056670 0.402293
v -0.681844 3.056670 0.689897
v -0.910227 3.056670 0.900438
v -1.222204 3.056670 0.977501
v -1.534181 3.056670 0.900438
v -1.762564 3.056670 0.689897
v -1.846158 3.056670 0.402293
v -1.762564 3.056670 0.114690
v -1.534181 3.056670 -0.095851
v -1.222204 3.056670 -0.172914
v -0.910227 3.056670 -0.095851
v -0.681844 3.056670 0.114690
v -0.598250 3.056670 0.402293
v -0.721831 2.848166 0.402293
v -0.788869 2.848166 0.632934
v -0.972018 2.848166 0.801774
v -1.222204 2.848166 0.863574
v -1.472390 2.848166 0.801774
v -1.655539 2.848166 0.632934
v -1.722576 2.848166 0.402293
v -1.655539 2.848166 0.171653
v -1.472390 2.848166 0.002813
v -1.222204 2.848166 -0.058987
v -0.972018 2.848166 0.002813
v -0.788869 2.848166 0.171653
v -0.721831 2.848166 0.402293
v -0.944518 2.703877 0.402293
v -0.981721 2.703877 0.530289
v -1.083361 2.703877 0.623988
v -1.222204 2.703877 0.658285
v -1.361046 2.703877 0.623988
v -1.462686 2.703877 0.530289
v -1.499889 2.703877 0.402293
v -1.462686 2.703877 0.274298
v -1.361046 2.703877 0.180598
v -1.222204 2.703877 0.146302
v -1.083361 2.703877 0.180598
v -0.981721 2.703877 0.274298
v -0.944518 2.703877 0.402293
v -1.222204 2.652381 0.402293
v -1.222204 2.652381 0.402293
v -1.222204 2.652381 0.402293
v -1.222204 2.652381 0.402293
v -1.222204 2.652381 0.402293
v -1.222204 2.652381 0.402293
v -1.222204 2.652381 0.402293
v -1.222204 2.652381 0.402293
v -1.222204 2.652381 0.402293
v -1.222204 2.652381 0.402293
v -1.222204 2.652381 0.402293
v -1.222204 2.652381 0.402293
v -1.222204 2.652381 0.402293
v 0.051085 2.321735 0.000000
v 0.040265 2.292560 -0.074095
v 0.005858 2.226738 -0.104786
v -0.031980 2.162827 -0.074095
v -0.051085 2.138265 -0.000000
v -0.040265 2.167440 0.074095
v -0.005858 2.233262 0.104786
v 0.031980 2.297173 0.074095
v 0.051085 2.321735 0.000000
v -1.369903 3.032934 -0.101585
v -1.373510 3.023209 -0.126283
v -1.384979 3.001268 -0.136513
v -1.397592 2.979965 -0.126283
v -1.403960 2.971777 -0.101585
v -1.400354 2.981503 -0.076887
v -1.388885 3.003443 -0.066656
v -1.376272 3.024747 -0.076887
v -1.369903 3.032934 -0.101585
v -1.206631 3.742356 -0.088379
v -1.206631 3.742356 -0.088379
v -1.206631 3.742356 -0.088379
v -1.206631 3.742356 -0.088379
v -1.206631 3.742356 -0.088379
v -1.206631 3.742356 -0.088379
v -1.206631 3.742356 -0.088379
v -1.206631 3.742356 -0.088379
v -1.206631 3.742356 -0.088379
v -1.206631 3.742356 -0.088379
v -1.206631 3.742356 -0.088379
v -1.206631 3.742356 -0.088379
v -1.206631 3.742356 -0.088379
v -0.928945 3.690859 -0.088379
v -0.966148 3.690859 0.039617
v -1.067788 3.690859 0.133316
v -1.206631 3.690859 0.167613
v -1.345474 3.690859 0.133316
v -1.447114 3.690859 0.039617
v -1.484316 3.690859 -0.088379
v -1.447114 3.690859 -0.216375
v -1.345474 3.690859 -0.310074
v -1.206631 3.690859 -0.344370
v -1.067788 3.690859 -0.310074
v -0.966148 3.690859 -0.216375
v -0.928945 3.690859 -0.088379
v -0.706259 3.546570 -0.088379
v -0.773296 3.546570 0.142261
v -0.956445 3.546570 0.311102
v -1.206631 3.546570 0.372902
v -1.456817 3.546570 0.311102
v -1.639966 3.546570 0.142261
v -1.707003 3.546570 -0.088379
v -1.639966 3.546570 -0.319019
v -1.456817 3.546570 -0.487860
v -1.206631 3.546570 -0.549659
v -0.956445 3.546570 -0.487860
v -0.773296 3.546570 -0.319019
v -0.706259 3.546570 -0.088379
v -0.582677 3.338067 -0.088379
v -0.666271 3.338067 0.199225
v -0.894654 3.338067 0.409765
v -1.206631 3.338067 0.486829
v -1.518608 3.338067 0.409765
v -1.746991 3.338067 0.199225
v -1.830585 3.338067 -0.088379
v -1.746991 3.338067 -0.375983
v -1.518608 3.338067 -0.586523
v -1.206631 3.338067 -0.663586
v -0.894654 3.338067 -0.586523
v -0.666271 3.338067 -0.375983
v -0.582677 3.338067 -0.088379
v -0.582677 3.106645 -0.088379
v -0.666271 3.106645 0.199225
v -0.894654 3.106645 0.409765
v -1.206631 3.106645 0.486829
v -1.518608 3.106645 0.409765
v -1.746991 3.106645 0.199225
v -1.830585 3.106645 -0.088379
v -1.746991 3.106645 -0.375983
v -1.518608 3.106645 -0.586523
v -1.206631 3.106645 -0.663586
v -0.894654 3.106645 -0.586523
v -0.666271 3.106645 -0.375983
v -0.582677 3.106645 -0.088379
v -0.706259 2.898141 -0.088379
v -0.773296 2.898141 0.142261
v -0.956445 2.898141 0.311102
v -1.206631 2.898141 0.372902
v -1.456817 2.898141 0.311102
v -1.639966 2.898141 0.142261
v -1.707003 2.898141 -0.088379
v -1.639966 2.898141 -0.319019
v -1.456817 2.898141 -0.487860
v -1.206631 2.898141 -0.549659
v -0.956445 2.898141 -0.487860
v -0.773296 2.898141 -0.319019
v -0.706259 2.898141 -0.088379
v -0.928945 2.753852 -0.088379
v -0.966148 2.753852 0.039617
v -1.067788 2.753852 0.133316
v -1.206631 2.753852 0.167613
v -1.345474 2.753852 0.133316
v -1.447114 2.753852 0.039617
v -1.484316 2.753852 -0.088379
v -1.447114 2.753852 -0.216375
v -1.345474 2.753852 -0.310074
v -1.206631 2.753852 -0.344370
v -1.067788 2.753852 -0.310074
v -0.966148 2.753852 -0.216375
v -0.928945 2.753852 -0.088379
v -1.206631 2.702356 -0.088379
v -1.206631 2.702356 -0.088379
v -1.206631 2.702356 -0.088379
v -1.206631 2.702356 -0.088379
v -1.206631 2.702356 -0.088379
v -1.206631 2.702356 -0.088379
v -1.206631 2.702356 -0.088379
v -1.206631 2.702356 -0.088379
v -1.206631 2.702356 -0.088379
v -1.206631 2.702356 -0.088379
v -1.206631 2.702356 -0.088379
v -1.206631 2.702356 -0.088379
v -1.206631 2.702356 -0.088379
v 0.059114 2.506779 0.000000
v 0.066229 2.464720 -0.068108
v 0.034549 2.396465 -0.096320
v -0.017370 2.341997 -0.068108
v -0.059114 2.333221 -0.000000
v -0.066229 2.375280 0.068108
v -0.034549 2.443535 0.096320
v 0.017370 2.498003 0.068108
v 0.059114 2.506779 0.000000
v -0.991541 3.137791 -0.531035
v -0.989170 3.123772 -0.553738
v -0.999730 3.101020 -0.563142
v -1.017036 3.082864 -0.553738
v -1.030951 3.079939 -0.531035
v -1.033322 3.093958 -0.508333
v -1.022762 3.116710 -0.498929
v -1.005456 3.134866 -0.508333
v -0.991541 3.137791 -0.531035
v -0.879784 3.848865 -0.462001
v -0.879784 3.848865 -0.462001
v -0.879784 3.848865 -0.462001
v -0.879784 3.848865 -0.462001
v -0.879784 3.848865 -0.462001
v -0.879784 3.848865 -0.462001
v -0.879784 3.848865 -0.462001
v -0.879784 3.848865 -0.462001
v -0.879784 3.848865 -0.462001
v -0.879784 3.848865 -0.462001
v -0.879784 3.848865 -0.462001
v -0.879784 3.848865 -0.462001
v -0.879784 3.848865 -0.462001
v -0.602098 3.797369 -0.462001
v -0.639301 3.797369 -0.334005
v -0.740941 3.797369 -0.240306
v -0.879784 3.797369 -0.206009
v -1.018627 3.797369 -0.240306
v -1.120267 3.797369 -0.334005
v -1.157470 3.797369 -0.462001
v -1.120267 3.797369 -0.589997
v -1.018627 3.797369 -0.683696
v -0.879784 3.797369 -0.717992
v -0.740941 3.797369 -0.683696
v -0.639301 3.797369 -0.589997
v -0.602098 3.797369 -0.462001
v -0.379412 3.653079 -0.462001
v -0.446449 3.653079 -0.231361
v -0.629598 3.653079 -0.062520
v -0.879784 3.653079 -0.000720
v -1.129970 3.653079 -0.062520
v -1.313119 3.653079 -0.231361
v -1.380156 3.653079 -0.462001
v -1.313119 3.653079 -0.692641
v -1.129970 3.653079 -0.861482
v -0.879784 3.653079 -0.923281
v -0.629598 3.653079 -0.861482
v -0.446449 3.653079 -0.692641
v -0.379412 3.653079 -0.462001
v -0.255830 3.444576 -0.462001
v -0.339424 3.444576 -0.174397
v -0.567807 3.444576 0.036143
v -0.879784 3.444576 0.113207
v -1.191761 3.444576 0.036143
v -1.420144 3.444576 -0.174397
v -1.503738 3.444576 -0.462001
v -1.420144 3.444576 -0.749605
v -1.191761 3.444576 -0.960145
v -0.879784 3.444576 -1.037208
v -0.567807 3.444576 -0.960145
v -0.339424 3.444576 -0.749605
v -0.255830 3.444576 -0.462001
v -0.255830 3.213154 -0.462001
v -0.339424 3.213154 -0.174397
v -0.567807 3.213154 0.036143
v -0.879784 3.213154 0.113207
v -1.191761 3.213154 0.036143
v -1.420144 3.213154 -0.174397
v -1.503738 3.213154 -0.462001
v -1.420144 3.213154 -0.749605
v -1.191761 3.213154 -0.960145
v -0.879784 3.213154 -1.037208
v -0.567807 3.213154 -0.960145
v -0.339424 3.213154 -0.749605
v -0.255830 3.213154 -0.462001
v -0.379412 3.004650 -0.462001
v -0.446449 3.004650 -0.231361
v -0.629598 3.004650 -0.062520
v -0.879784 3.004650 -0.000720
v -1.129970 3.004650 -0.062520
v -1.313119 3.004650 -0.231361
v -1.380156 3.004650 -0.462001
v -1.313119 3.004650 -0.692641
v -1.129970 3.004650 -0.861482
v -0.879784 3.004650 -0.923281
v -0.629598 3.004650 -0.861482
v -0.446449 3.004650 -0.692641
v -0.379412 3.004650 -0.462001
v -0.602098 2.860361 -0.462001
v -0.639301 2.860361 -0.334005
v -0.740941 2.860361 -0.240306
v -0.879784 2.860361 -0.206009
v -1.018627 2.860361 -0.240306
v -1.120267 2.860361 -0.334005
v -1.157470 2.860361 -0.462001
v -1.120267 2.860361 -0.589997
v -1.018627 2.860361 -0.683696
v -0.879784 2.860361 -0.717992
v -0.740941 2.860361 -0.683696
v -0.639301 2.860361 -0.589997
v -0.602098 2.860361 -0.462001
v -0.879784 2.808865 -0.462001
v -0.879784 2.808865 -0.462001
v -0.879784 2.808865 -0.462001
v -0.879784 2.808865 -0.462001
v -0.879784 2.808865 -0.462001
v -0.879784 2.808865 -0.462001
v -0.879784 2.808865 -0.462001
v -0.879784 2.808865 -0.462001
v -0.879784 2.808865 -0.462001
v -0.879784 2.808865 -0.462001
v -0.879784 2.808865 -0.462001
v -0.879784 2.808865 -0.462001
v -0.879784 2.808865 -0.462001
v 0.096028 1.892469 0.000000
v 0.084353 1.842832 -0.062114
v 0.023265 1.797393 -0.087842
v -0.051451 1.782772 -0.062114
v -0.096028 1.807531 -0.000000
v -0.084353 1.857168 0.062114
v -0.023265 1.902607 0.087842
v 0.051451 1.917228 0.062114
v 0.096028 1.892469 0.000000
v -0.566765 3.218072 -0.969415
v -0.570656 3.201526 -0.990119
v -0.591019 3.186380 -0.998695
v -0.615925 3.181506 -0.990119
v -0.630784 3.189759 -0.969415
v -0.626892 3.206305 -0.948710
v -0.606529 3.221451 -0.940134
v -0.581624 3.226325 -0.948710
v -0.566765 3.218072 -0.969415
v -0.520934 3.943916 -0.843391
v -0.520934 3.943916 -0.843391
v -0.520934 3.943916 -0.843391
v -0.520934 3.943916 -0.843391
v -0.520934 3.943916 -0.843391
v -0.520934 3.943916 -0.843391
v -0.520934 3.943916 -0.843391
v -0.520934 3.943916 -0.843391
v -0.520934 3.943916 -0.843391
v -0.520934 3.943916 -0.843391
v -0.520934 3.943916 -0.843391
v -0.520934 3.943916 -0.843391
v -0.520934 3.943916 -0.843391
v -0.243248 3.892419 -0.843391
v -0.280451 3.892419 -0.715395
v -0.382091 3.892419 -0.621696
v -0.520934 3.892419 -0.587399
v -0.659776 3.892419 -0.621696
v -0.761416 3.892419 -0.715395
v -0.798619 3.892419 -0.843391
v -0.761416 3.892419 -0.971386
v -0.659776 3.892419 -1.065086
v -0.520934 3.892419 -1.099382
v -0.382091 3.892419 -1.065086
v -0.280451 3.892419 -0.971386
v -0.243248 3.892419 -0.843391
v -0.020561 3.748130 -0.843391
v -0.087599 3.748130 -0.612750
v -0.270748 3.748130 -0.443910
v -0.520934 3.748130 -0.382110
v -0.771120 3.748130 -0.443910
v -0.954269 3.748130 -0.612750
v -1.021306 3.748130 -0.843391
v -0.954269 3.748130 -1.074031
v -0.771120 3.748130 -1.242871
v -0.520934 3.748130 -1.304671
v -0.270748 3.748130 -1.242871
v -0.087599 3.748130 -1.074031
v -0.020561 3.748130 -0.843391
v 0.103020 3.539626 -0.843391
v 0.019426 3.539626 -0.555787
v -0.208957 3.539626 -0.345247
v -0.520934 3.539626 -0.268183
v -0.832911 3.539626 -0.345247
v -1.061293 3.539626 -0.555787
v -1.144887 3.539626 -0.843391
v -1.061293 3.539626 -1.130995
v -0.832911 3.539626 -1.341535
v -0.520934 3.539626 -1.418598
v -0.208957 3.539626 -1.341535
v 0.019426 3.539626 -1.130995
v 0.103020 3.539626 -0.843391
v 0.103020 3.308205 -0.843391
v 0.019426 3.308205 -0.555787
v -0.208957 3.308205 -0.345247
v -0.520934 3.308205 -0.268183
v -0.832911 3.308205 -0.345247
v -1.061293 3.308205 -0.555787
v -1.144887 3.308205 -0.843391
v -1.061293 3.308205 -1.130995
v -0.832911 3.308205 -1.341535
v -0.520934 3.308205 -1.418598
v -0.208957 3.308205 -1.341535
v 0.019426 3.308205 -1.130995
v 0.103020 3.308205 -0.843391
v -0.020561 3.099701 -0.843391
v -0.087599 3.099701 -0.612750
v -0.270748 3.099701 -0.443910
v -0.520934 3.099701 -0.382110
v -0.771120 3.099701 -0.443910
v -0.954269 3.099701 -0.612750
v -1.021306 3.099701 -0.843391
v -0.954269 3.099701 -1.074031
v -0.771120 3.099701 -1.242871
v -0.520934 3.099701 -1.304671
v -0.270748 3.099701 -1.242871
v -0.087599 3.099701 -1.074031
v -0.020561 3.099701 -0.843391
v -0.243248 2.955412 -0.843391
v -0.280451 2.955412 -0.715395
v -0.382091 2.955412 -0.621696
v -0.520934 2.955412 -0.587399
v -0.659776 2.955412 -0.621696
v -0.761416 2.955412 -0.715395
v -0.798619 2.955412 -0.843391
v -0.761416 2.955412 -0.971386
v -0.659776 2.955412 -1.065086
v -0.520934 2.955412 -1.099382
v -0.382091 2.955412 -1.065086
v -0.280451 2.955412 -0.971386
v -0.243248 2.955412 -0.843391
v -0.520934 2.903916 -0.843391
v -0.520934 2.903916 -0.843391
v -0.520934 2.903916 -0.843391
v -0.520934 2.903916 -0.843391
v -0.520934 2.903916 -0.843391
v -0.520934 2.903916 -0.843391
v -0.520934 2.903916 -0.843391
v -0.520934 2.903916 -0.843391
v -0.520934 2.903916 -0.843391
v -0.520934 2.903916 -0.843391
v -0.520934 2.903916 -0.843391
v -0.520934 2.903916 -0.843391
v -0.520934 2.903916 -0.843391
v 0.103870 2.024634 0.000000
v 0.065527 1.975598 -0.050829
v -0.011200 1.964288 -0.071884
v -0.081367 1.997329 -0.050829
v -0.103870 2.055366 -0.000000
v -0.065527 2.104402 0.050829
v 0.011200 2.115712 0.071884
v 0.081367 2.082671 0.050829
v 0.103870 2.024634 0.000000
v 0.180040 3.017869 -1.057998
v 0.167259 3.001524 -1.074941
v 0.141683 2.997754 -1.081960
v 0.118294 3.008767 -1.074941
v 0.110793 3.028113 -1.057998
v 0.123574 3.044458 -1.041055
v 0.149150 3.048228 -1.034037
v 0.172539 3.037215 -1.041055
v 0.180040 3.017869 -1.057998
v 0.126512 3.762991 -0.920459
v 0.126512 3.762991 -0.920459
v 0.126512 3.762991 -0.920459
v 0.126512 3.762991 -0.920459
v 0.126512 3.762991 -0.920459
v 0.126512 3.762991 -0.920459
v 0.126512 3.762991 -0.920459
v 0.126512 3.762991 -0.920459
v 0.126512 3.762991 -0.920459
v 0.126512 3.762991 -0.920459
v 0.126512 3.762991 -0.920459
v 0.126512 3.762991 -0.920459
v 0.126512 3.762991 -0.920459
v 0.404198 3.711495 -0.920459
v 0.366995 3.711495 -0.792463
v 0.265355 3.711495 -0.698763
v 0.126512 3.711495 -0.664467
v -0.012331 3.711495 -0.698763
v -0.113971 3.711495 -0.792463
v -0.151173 3.711495 -0.920459
v -0.113971 3.711495 -1.048454
v -0.012331 3.711495 -1.142154
v 0.126512 3.711495 -1.176450
v 0.265355 3.711495 -1.142154
v 0.366995 3.711495 -1.048454
v 0.404198 3.711495 -0.920459
v 0.626884 3.567206 -0.920459
v 0.559847 3.567206 -0.689818
v 0.376698 3.567206 -0.520978
v 0.126512 3.567206 -0.459178
v -0.123674 3.567206 -0.520978
v -0.306823 3.567206 -0.689818
v -0.373860 3.567206 -0.920459
v -0.306823 3.567206 -1.151099
v -0.123674 3.567206 -1.319939
v 0.126512 3.567206 -1.381739
v 0.376698 3.567206 -1.319939
v 0.559847 3.567206 -1.151099
v 0.626884 3.567206 -0.920459
v 0.750466 3.358702 -0.920459
v 0.666872 3.358702 -0.632855
v 0.438489 3.358702 -0.422314
v 0.126512 3.358702 -0.345251
v -0.185465 3.358702 -0.422314
v -0.413848 3.358702 -0.632855
v -0.497442 3.358702 -0.920459
v -0.413848 3.358702 -1.208062
v -0.185465 3.358702 -1.418603
v 0.126512 3.358702 -1.495666
v 0.438489 3.358702 -1.418603
v 0.666872 3.358702 -1.208062
v 0.750466 3.358702 -0.920459
v 0.750466 3.127280 -0.920459
v 0.666872 3.127280 -0.632855
v 0.438489 3.127280 -0.422314
v 0.126512 3.127280 -0.345251
v -0.185465 3.127280 -0.422314
v -0.413848 3.127280 -0.632855
v -0.497442 3.127280 -0.920459
v -0.413848 3.127280 -1.208062
v -0.185465 3.127280 -1.418603
v 0.126512 3.127280 -1.495666
v 0.438489 3.127280 -1.418603
v 0.666872 3.127280 -1.208062
v 0.750466 3.127280 -0.920459
v 0.626884 2.918776 -0.920459
v 0.559847 2.918776 -0.689818
v 0.376698 2.918776 -0.520978
v 0.126512 2.918776 -0.459178
v -0.123674 2.918776 -0.520978
v -0.306823 2.918776 -0.689818
v -0.373860 2.918776 -0.920459
v -0.306823 2.918776 -1.151099
v -0.123674 2.918776 -1.319939
v 0.126512 2.918776 -1.381739
v 0.376698 2.918776 -1.319939
v 0.559847 2.918776 -1.151099
v 0.626884 2.918776 -0.920459
v 0.404198 2.774487 -0.920459
v 0.366995 2.774487 -0.792463
v 0.265355 2.774487 -0.698763
v 0.126512 2.774487 -0.664467
v -0.012331 2.774487 -0.698763
v -0.113971 2.774487 -0.792463
v -0.151173 2.774487 -0.920459
v -0.113971 2.774487 -1.048454
v -0.012331 2.774487 -1.142154
v 0.126512 2.774487 -1.176450
v 0.265355 2.774487 -1.142154
v 0.366995 2.774487 -1.048454
v 0.404198 2.774487 -0.920459
v 0.126512 2.722991 -0.920459
v 0.126512 2.722991 -0.920459
v 0.126512 2.722991 -0.920459
v 0.126512 2.722991 -0.920459
v 0.126512 2.722991 -0.920459
v 0.126512 2.722991 -0.920459
v 0.126512 2.722991 -0.920459
v 0.126512 2.722991 -0.920459
v 0.126512 2.722991 -0.920459
v 0.126512 2.722991 -0.920459
v 0.126512 2.722991 -0.920459
v 0.126512 2.722991 -0.920459
v 0.126512 2.722991 -0.920459
v 0.070010 2.151747 0.000000
v 0.016127 2.144805 -0.059218
v -0.047203 2.187769 -0.083746
v -0.082882 2.255472 -0.059218
v -0.070010 2.308253 -0.000000
v -0.016127 2.315195 0.059218
v 0.047203 2.272231 0.083746
v 0.082882 2.204528 0.059218
v 0.070010 2.151747 0.000000
v 0.746968 2.851324 -0.734338
v 0.729007 2.849010 -0.754078
v 0.707897 2.863331 -0.762254
v 0.696004 2.885899 -0.754078
v 0.700294 2.903492 -0.734338
v 0.718255 2.905806 -0.714599
v 0.739365 2.891485 -0.706423
v 0.751259 2.868917 -0.714599
v 0.746968 2.851324 -0.734338
v 0.629559 3.617408 -0.638874
v 0.629559 3.617408 -0.638874
v 0.629559 3.617408 -0.638874
v 0.629559 3.617408 -0.638874
v 0.629559 3.617408 -0.638874
v 0.629559 3.617408 -0.638874
v 0.629559 3.617408 -0.638874
v 0.629559 3.617408 -0.638874
v 0.629559 3.617408 -0.638874
v 0.629559 3.617408 -0.638874
v 0.629559 3.617408 -0.638874
v 0.629559 3.617408 -0.638874
v 0.629559 3.617408 -0.638874
v 0.907245 3.565912 -0.638874
v 0.870042 3.565912 -0.510879
v 0.768402 3.565912 -0.417179
v 0.629559 3.565912 -0.382883
v 0.490716 3.565912 -0.417179
v 0.389076 3.565912 -0.510879
v 0.351873 3.565912 -0.638874
v 0.389076 3.565912 -0.766870
v 0.490716 3.565912 -0.860569
v 0.629559 3.565912 -0.894866
v 0.768402 3.565912 -0.860569
v 0.870042 3.565912 -0.766870
v 0.907245 3.565912 -0.638874
v 1.129931 3.421623 -0.638874
v 1.062894 3.421623 -0.408234
v 0.879745 3.421623 -0.239394
v 0.629559 3.421623 -0.177594
v 0.379373 3.421623 -0.239394
v 0.196224 3.421623 -0.408234
v 0.129187 3.421623 -0.638874
v 0.196224 3.421623 -0.869515
v 0.379373 3.421623 -1.038355
v 0.629559 3.421623 -1.100155
v 0.879745 3.421623 -1.038355
v 1.062894 3.421623 -0.869515
v 1.129931 3.421623 -0.638874
v 1.253513 3.213119 -0.638874
v 1.169919 3.213119 -0.351271
v 0.941536 3.213119 -0.140730
v 0.629559 3.213119 -0.063667
v 0.317582 3.213119 -0.140730
v 0.089199 3.213119 -0.351271
v 0.005605 3.213119 -0.638874
v 0.089199 3.213119 -0.926478
v 0.317582 3.213119 -1.137019
v 0.629559 3.213119 -1.214082
v 0.941536 3.213119 -1.137019
v 1.169919 3.213119 -0.926478
v 1.253513 3.213119 -0.638874
v 1.253513 2.981697 -0.638874
v 1.169919 2.981697 -0.351271
v 0.941536 2.981697 -0.140730
v 0.629559 2.981697 -0.063667
v 0.317582 2.981697 -0.140730
v 0.089199 2.981697 -0.351271
v 0.005605 2.981697 -0.638874
v 0.089199 2.981697 -0.926478
v 0.317582 2.981697 -1.137019
v 0.629559 2.981697 -1.214082
v 0.941536 2.981697 -1.137019
v 1.169919 2.981697 -0.926478
v 1.253513 2.981697 -0.638874
v 1.129931 2.773193 -0.638874
v 1.062894 2.773193 -0.408234
v 0.879745 2.773193 -0.239394
v 0.629559 2.773193 -0.177594
v 0.379373 2.773193 -0.239394
v 0.196224 2.773193 -0.408234
v 0.129187 2.773193 -0.638874
v 0.196224 2.773193 -0.869515
v 0.379373 2.773193 -1.038355
v 0.629559 2.773193 -1.100155
v 0.879745 2.773193 -1.038355
v 1.062894 2.773193 -0.869515
v 1.129931 2.773193 -0.638874
v 0.907245 2.628904 -0.638874
v 0.870042 2.628904 -0.510879
v 0.768402 2.628904 -0.417179
v 0.629559 2.628904 -0.382883
v 0.490716 2.628904 -0.417179
v 0.389076 2.628904 -0.510879
v 0.351873 2.628904 -0.638874
v 0.389076 2.628904 -0.766870
v 0.490716 2.628904 -0.860569
v 0.629559 2.628904 -0.894866
v 0.768402 2.628904 -0.860569
v 0.870042 2.628904 -0.766870
v 0.907245 2.628904 -0.638874
v 0.629559 2.577408 -0.638874
v 0.629559 2.577408 -0.638874
v 0.629559 2.577408 -0.638874
v 0.629559 2.577408 -0.638874
v 0.629559 2.577408 -0.638874
v 0.629559 2.577408 -0.638874
v 0.629559 2.577408 -0.638874
v 0.629559 2.577408 -0.638874
v 0.629559 2.577408 -0.638874
v 0.629559 2.577408 -0.638874
v 0.629559 2.577408 -0.638874
v 0.629559 2.577408 -0.638874
v 0.629559 2.577408 -0.638874
v 0.051824 2.328680 0.000000
v 0.018874 2.345342 -0.071379
v -0.025132 2.405737 -0.100945
v -0.054416 2.474488 -0.071379
v -0.051824 2.511320 -0.000000
v -0.018874 2.494658 0.071379
v 0.025132 2.434263 0.100945
v 0.054416 2.365512 0.071379
v 0.051824 2.328680 0.000000
v 1.459291 3.207902 -0.474645
v 1.448307 3.213456 -0.498438
v 1.433639 3.233588 -0.508294
v 1.423877 3.256504 -0.498438
v 1.424742 3.268782 -0.474645
v 1.435725 3.263228 -0.450852
v 1.450394 3.243096 -0.440997
v 1.460155 3.220179 -0.450852
v 1.459291 3.207902 -0.474645
v 1.254554 3.978342 -0.412942
v 1.254554 3.978342 -0.412942
v 1.254554 3.978342 -0.412942
v 1.254554 3.978342 -0.412942
v 1.254554 3.978342 -0.412942
v 1.254554 3.978342 -0.412942
v 1.254554 3.978342 -0.412942
v 1.254554 3.978342 -0.412942
v 1.254554 3.978342 -0.412942
v 1.254554 3.978342 -0.412942
v 1.254554 3.978342 -0.412942
v 1.254554 3.978342 -0.412942
v 1.254554 3.978342 -0.412942
v 1.532240 3.926846 -0.412942
v 1.495037 3.926846 -0.284946
v 1.393397 3.926846 -0.191247
v 1.254554 3.926846 -0.156950
v 1.115711 3.926846 -0.191247
v 1.014071 3.926846 -0.284946
v 0.976868 3.926846 -0.412942
v 1.014071 3.926846 -0.540937
v 1.115711 3.926846 -0.634637
v 1.254554 3.926846 -0.668933
v 1.393397 3.926846 -0.634637
v 1.495037 3.926846 -0.540937
v 1.532240 3.926846 -0.412942
v 1.754926 3.782557 -0.412942
v 1.687889 3.782557 -0.182301
v 1.504740 3.782557 -0.013461
v 1.254554 3.782557 0.048339
v 1.004368 3.782557 -0.013461
v 0.821219 3.782557 -0.182301
v 0.754182 3.782557 -0.412942
v 0.821219 3.782557 -0.643582
v 1.004368 3.782557 -0.812422
v 1.254554 3.782557 -0.874222
v 1.504740 3.782557 -0.812422
v 1.687889 3.782557 -0.643582
v 1.754926 3.782557 -0.412942
v 1.878508 3.574053 -0.412942
v 1.794914 3.574053 -0.125338
v 1.566531 3.574053 0.085203
v 1.254554 3.574053 0.162266
v 0.942577 3.574053 0.085203
v 0.714194 3.574053 -0.125338
v 0.630600 3.574053 -0.412942
v 0.714194 3.574053 -0.700545
v 0.942577 3.574053 -0.911086
v 1.254554 3.574053 -0.988149
v 1.566531 3.574053 -0.911086
v 1.794914 3.574053 -0.700545
v 1.878508 3.574053 -0.412942
v 1.878508 3.342631 -0.412942
v 1.794914 3.342631 -0.125338
v 1.566531 3.342631 0.085203
v 1.254554 3.342631 0.162266
v 0.942577 3.342631 0.085203
v 0.714194 3.342631 -0.125338
v 0.630600 3.342631 -0.412942
v 0.714194 3.342631 -0.700545
v 0.942577 3.342631 -0.911086
v 1.254554 3.342631 -0.988149
v 1.566531 3.342631 -0.911086
v 1.794914 3.342631 -0.700545
v 1.878508 3.342631 -0.412942
v 1.754926 3.134127 -0.412942
v 1.687889 3.134127 -0.182301
v 1.504740 3.134127 -0.013461
v 1.254554 3.134127 0.048339
v 1.004368 3.134127 -0.013461
v 0.821219 3.134127 -0.182301
v 0.754182 3.134127 -0.412942
v 0.821219 3.134127 -0.643582
v 1.004368 3.134127 -0.812422
v 1.254554 3.134127 -0.874222
v 1.504740 3.134127 -0.812422
v 1.687889 3.134127 -0.643582
v 1.754926 3.134127 -0.412942
v 1.532240 2.989838 -0.412942
v 1.495037 2.989838 -0.284946
v 1.393397 2.989838 -0.191247
v 1.254554 2.989838 -0.156950
v 1.115711 2.989838 -0.191247
v 1.014071 2.989838 -0.284946
v 0.976868 2.989838 -0.412942
v 1.014071 2.989838 -0.540937
v 1.115711 2.989838 -0.634637
v 1.254554 2.989838 -0.668933
v 1.393397 2.989838 -0.634637
v 1.495037 2.989838 -0.540937
v 1.532240 2.989838 -0.412942
v 1.254554 2.938342 -0.412942
v 1.254554 2.938342 -0.412942
v 1.254554 2.938342 -0.412942
v 1.254554 2.938342 -0.412942
v 1.254554 2.938342 -0.412942
v 1.254554 2.938342 -0.412942
v 1.254554 2.938342 -0.412942
v 1.254554 2.938342 -0.412942
v 1.254554 2.938342 -0.412942
v 1.254554 2.938342 -0.412942
v 1.254554 2.938342 -0.412942
v 1.254554 2.938342 -0.412942
v 1.254554 2.938342 -0.412942
v -0.465390 4.279377 -0.559721
v -0.465390 4.279377 -0.559721
v -0.465390 4.279377 -0.559721
v -0.465390 4.279377 -0.559721
v -0.465390 4.279377 -0.559721
v -0.465390 4.279377 -0.559721
v -0.465390 4.279377 -0.559721
v -0.465390 4.279377 -0.559721
v -0.465390 4.279377 -0.559721
v -0.465390 4.279377 -0.559721
v -0.465390 4.279377 -0.559721
v -0.187875 4.234316 -0.559721
v -0.240876 4.234316 -0.432802
v -0.379633 4.234316 -0.354362
v -0.551147 4.234316 -0.354362
v -0.689904 4.234316 -0.432802
v -0.742905 4.234316 -0.559721
v -0.689904 4.234316 -0.686640
v -0.551147 4.234316 -0.765080
v -0.379633 4.234316 -0.765080
v -0.240876 4.234316 -0.686640
v -0.187875 4.234316 -0.559721
v 0.015280 4.111207 -0.559721
v -0.076520 4.111207 -0.339891
v -0.316855 4.111207 -0.204028
v -0.613925 4.111207 -0.204028
v -0.854260 4.111207 -0.339891
v -0.946059 4.111207 -0.559721
v -0.854260 4.111207 -0.779551
v -0.613925 4.111207 -0.915414
v -0.316855 4.111207 -0.915414
v -0.076520 4.111207 -0.779551
v 0.015280 4.111207 -0.559721
v 0.089640 3.943038 -0.559721
v -0.016362 3.943038 -0.305883
v -0.293876 3.943038 -0.149003
v -0.636903 3.943038 -0.149003
v -0.914418 3.943038 -0.305883
v -1.020419 3.943038 -0.559721
v -0.914418 3.943038 -0.813559
v -0.636903 3.943038 -0.970439
v -0.293876 3.943038 -0.970439
v -0.016362 3.943038 -0.813559
v 0.089640 3.943038 -0.559721
v 0.015280 3.774868 -0.559721
v -0.076520 3.774868 -0.339891
v -0.316855 3.774868 -0.204028
v -0.613925 3.774868 -0.204028
v -0.854260 3.774868 -0.339891
v -0.946059 3.774868 -0.559721
v -0.854260 3.774868 -0.779551
v -0.613925 3.774868 -0.915414
v -0.316855 3.774868 -0.915414
v -0.076520 3.774868 -0.779551
v 0.015280 3.774868 -0.559721
v -0.187875 3.651760 -0.559721
v -0.240876 3.651760 -0.432802
v -0.379633 3.651760 -0.354362
v -0.551147 3.651760 -0.354362
v -0.689904 3.651760 -0.432802
v -0.742905 3.651760 -0.559721
v -0.689904 3.651760 -0.686640
v -0.551147 3.651760 -0.765080
v -0.379633 3.651760 -0.765080
v -0.240876 3.651760 -0.686640
v -0.187875 3.651760 -0.559721
v -0.465390 3.606699 -0.559721
v -0.465390 3.606699 -0.559721
v -0.465390 3.606699 -0.559721
v -0.465390 3.606699 -0.559721
v -0.465390 3.606699 -0.559721
v -0.465390 3.606699 -0.559721
v -0.465390 3.606699 -0.559721
v -0.465390 3.606699 -0.559721
v -0.465390 3.606699 -0.559721
v -0.465390 3.606699 -0.559721
v -0.465390 3.606699 -0.559721
v 0.701177 4.045868 0.645570
v 0.701177 4.045868 0.645570
v 0.701177 4.045868 0.645570
v 0.701177 4.045868 0.645570
v 0.701177 4.045868 0.645570
v 0.701177 4.045868 0.645570
v 0.701177 4.045868 0.645570
v 0.701177 4.045868 0.645570
v 0.701177 4.045868 0.645570
v 0.701177 4.045868 0.645570
v 0.701177 4.045868 0.645570
v 0.924418 3.998262 0.645570
v 0.881783 3.998262 0.763262
v 0.770162 3.998262 0.835999
v 0.632191 3.998262 0.835999
v 0.520571 3.998262 0.763262
v 0.477935 3.998262 0.645570
v 0.520571 3.998262 0.527879
v 0.632191 3.998262 0.455141
v 0.770162 3.998262 0.455141
v 0.881783 3.998262 0.527879
v 0.924418 3.998262 0.645570
v 1.087842 3.868200 0.645570
v 1.013996 3.868200 0.849418
v 0.820663 3.868200 0.975403
v 0.581690 3.868200 0.975403
v 0.388358 3.868200 0.849418
v 0.314511 3.868200 0.645570
v 0.388358 3.868200 0.441723
v 0.581690 3.868200 0.315738
v 0.820663 3.868200 0.315738
v 1.013996 3.868200 0.441723
v 1.087842 3.868200 0.645570
v 1.147660 3.690532 0.645570
v 1.062389 3.690532 0.880953
v 0.839148 3.690532 1.026428
v 0.563206 3.690532 1.026428
v 0.339964 3.690532 0.880953
v 0.254694 3.690532 0.645570
v 0.339964 3.690532 0.410187
v 0.563206 3.690532 0.264712
v 0.839148 3.690532 0.264712
v 1.062389 3.690532 0.410187
v 1.147660 3.690532 0.645570
v 1.087842 3.512864 0.645570
v 1.013996 3.512864 0.849418
v 0.820663 3.512864 0.975403
v 0.581690 3.512864 0.975403
v 0.388358 3.512864 0.849418
v 0.314511 3.512864 0.645570
v 0.388358 3.512864 0.441723
v 0.581690 3.512864 0.315738
v 0.820663 3.512864 0.315738
v 1.013996 3.512864 0.441723
v 1.087842 3.512864 0.645570
v 0.924418 3.382802 0.645570
v 0.881783 3.382802 0.763262
v 0.770162 3.382802 0.835999
v 0.632191 3.382802 0.835999
v 0.520571 3.382802 0.763262
v 0.477935 3.382802 0.645570
v 0.520571 3.382802 0.527879
v 0.632191 3.382802 0.455141
v 0.770162 3.382802 0.455141
v 0.881783 3.382802 0.527879
v 0.924418 3.382802 0.645570
v 0.701177 3.335196 0.645570
v 0.701177 3.335196 0.645570
v 0.701177 3.335196 0.645570
v 0.701177 3.335196 0.645570
v 0.701177 3.335196 0.645570
v 0.701177 3.335196 0.645570
v 0.701177 3.335196 0.645570
v 0.701177 3.335196 0.645570
v 0.701177 3.335196 0.645570
v 0.701177 3.335196 0.645570
v 0.701177 3.335196 0.645570
v -0.022233 4.557872 0.123635
v -0.022233 4.557872 0.123635
v -0.022233 4.557872 0.123635
v -0.022233 4.557872 0.123635
v -0.022233 4.557872 0.123635
v -0.022233 4.557872 0.123635
v -0.022233 4.557872 0.123635
v -0.022233 4.557872 0.123635
v -0.022233 4.557872 0.123635
v -0.022233 4.557872 0.123635
v -0.022233 4.557872 0.123635
v 0.251864 4.497483 0.123635
v 0.199516 4.497483 0.221270
v 0.062467 4.497483 0.281612
v -0.106934 4.497483 0.281612
v -0.243983 4.497483 0.221270
v -0.296331 4.497483 0.123635
v -0.243983 4.497483 0.025999
v -0.106934 4.497483 -0.034342
v 0.062467 4.497483 -0.034342
v 0.199516 4.497483 0.025999
v 0.251864 4.497483 0.123635
v 0.452518 4.332498 0.123635
v 0.361848 4.332498 0.292744
v 0.124473 4.332498 0.397259
v -0.168939 4.332498 0.397259
v -0.406315 4.332498 0.292744
v -0.496984 4.332498 0.123635
v -0.406315 4.332498 -0.045475
v -0.168939 4.332498 -0.149990
v 0.124473 4.332498 -0.149990
v 0.361848 4.332498 -0.045475
v 0.452518 4.332498 0.123635
v 0.525962 4.107123 0.123635
v 0.421266 4.107123 0.318905
v 0.147168 4.107123 0.439589
v -0.191635 4.107123 0.439589
v -0.465733 4.107123 0.318905
v -0.570428 4.107123 0.123635
v -0.465733 4.107123 -0.071636
v -0.191635 4.107123 -0.192320
v 0.147168 4.107123 -0.192320
v 0.421266 4.107123 -0.071636
v 0.525962 4.107123 0.123635
v 0.452518 3.881748 0.123635
v 0.361848 3.881748 0.292744
v 0.124473 3.881748 0.397259
v -0.168939 3.881748 0.397259
v -0.406315 3.881748 0.292744
v -0.496984 3.881748 0.123635
v -0.406315 3.881748 -0.045475
v -0.168939 3.881748 -0.149990
v 0.124473 3.881748 -0.149990
v 0.361848 3.881748 -0.045475
v 0.452518 3.881748 0.123635
v 0.251864 3.716762 0.123635
v 0.199516 3.716762 0.221270
v 0.062467 3.716762 0.281612
v -0.106934 3.716762 0.281612
v -0.243983 3.716762 0.221270
v -0.296331 3.716762 0.123635
v -0.243983 3.716762 0.025999
v -0.106934 3.716762 -0.034342
v 0.062467 3.716762 -0.034342
v 0.199516 3.716762 0.025999
v 0.251864 3.716762 0.123635
v -0.022233 3.656373 0.123635
v -0.022233 3.656373 0.123635
v -0.022233 3.656373 0.123635
v -0.022233 3.656373 0.123635
v -0.022233 3.656373 0.123635
v -0.022233 3.656373 0.123635
v -0.022233 3.656373 0.123635
v -0.022233 3.656373 0.123635
v -0.022233 3.656373 0.123635
v -0.022233 3.656373 0.123635
v -0.022233 3.656373 0.123635
v 0.279843 4.051757 0.022003
v 0.279843 4.051757 0.022003
v 0.279843 4.051757 0.022003
v 0.279843 4.051757 0.022003
v 0.279843 4.051757 0.022003
v 0.279843 4.051757 0.022003
v 0.279843 4.051757 0.022003
v 0.279843 4.051757 0.022003
v 0.279843 4.051757 0.022003
v 0.279843 4.051757 0.022003
v 0.279843 4.051757 0.022003
v 0.480281 4.013200 0.022003
v 0.442001 4.013200 0.137897
v 0.341782 4.013200 0.209524
v 0.217904 4.013200 0.209524
v 0.117684 4.013200 0.137897
v 0.079404 4.013200 0.022003
v 0.117684 4.013200 -0.093891
v 0.217904 4.013200 -0.165518
v 0.341782 4.013200 -0.165518
v 0.442001 4.013200 -0.093891
v 0.480281 4.013200 0.022003
v 0.627012 3.907860 0.022003
v 0.560709 3.907860 0.222738
v 0.387124 3.907860 0.346799
v 0.172561 3.907860 0.346799
v -0.001024 3.907860 0.222738
v -0.067327 3.907860 0.022003
v -0.001024 3.907860 -0.178732
v 0.172561 3.907860 -0.302793
v 0.387124 3.907860 -0.302793
v 0.560709 3.907860 -0.178732
v 0.627012 3.907860 0.022003
v 0.680720 3.763962 0.022003
v 0.604159 3.763962 0.253791
v 0.403720 3.763962 0.397045
v 0.155965 3.763962 0.397045
v -0.044474 3.763962 0.253791
v -0.121034 3.763962 0.022003
v -0.044474 3.763962 -0.209785
v 0.155965 3.763962 -0.353039
v 0.403720 3.763962 -0.353039
v 0.604159 3.763962 -0.209785
v 0.680720 3.763962 0.022003
v 0.627012 3.620065 0.022003
v 0.560709 3.620065 0.222738
v 0.387124 3.620065 0.346799
v 0.172561 3.620065 0.346799
v -0.001024 3.620065 0.222738
v -0.067327 3.620065 0.022003
v -0.001024 3.620065 -0.178732
v 0.172561 3.620065 -0.302793
v 0.387124 3.620065 -0.302793
v 0.560709 3.620065 -0.178732
v 0.627012 3.620065 0.022003
v 0.480281 3.514725 0.022003
v 0.442001 3.514725 0.137897
v 0.341782 3.514725 0.209524
v 0.217904 3.514725 0.209524
v 0.117684 3.514725 0.137897
v 0.079404 3.514725 0.022003
v 0.117684 3.514725 -0.093891
v 0.217904 3.514725 -0.165518
v 0.341782 3.514725 -0.165518
v 0.442001 3.514725 -0.093891
v 0.480281 3.514725 0.022003
v 0.279843 3.476168 0.022003
v 0.279843 3.476168 0.022003
v 0.279843 3.476168 0.022003
v 0.279843 3.476168 0.022003
v 0.279843 3.476168 0.022003
v 0.279843 3.476168 0.022003
v 0.279843 3.476168 0.022003
v 0.279843 3.476168 0.022003
v 0.279843 3.476168 0.022003
v 0.279843 3.476168 0.022003
v 0.279843 3.476168 0.022003
v -1.093434 4.039101 -0.344690
v -1.093434 4.039101 -0.344690
v -1.093434 4.039101 -0.344690
v -1.093434 4.039101 -0.344690
v -1.093434 4.039101 -0.344690
v -1.093434 4.039101 -0.344690
v -1.093434 4.039101 -0.344690
v -1.093434 4.039101 -0.344690
v -1.093434 4.039101 -0.344690
v -1.093434 4.039101 -0.344690
v -1.093434 4.039101 -0.344690
v -0.904718 3.989057 -0.344690
v -0.940759 3.989057 -0.246734
v -1.035117 3.989057 -0.186194
v -1.151751 3.989057 -0.186194
v -1.246109 3.989057 -0.246734
v -1.282151 3.989057 -0.344690
v -1.246109 3.989057 -0.442647
v -1.151751 3.989057 -0.503187
v -1.035117 3.989057 -0.503187
v -0.940759 3.989057 -0.442647
v -0.904718 3.989057 -0.344690
v -0.766568 3.852335 -0.344690
v -0.828993 3.852335 -0.175025
v -0.992427 3.852335 -0.070166
v -1.194441 3.852335 -0.070166
v -1.357875 3.852335 -0.175025
v -1.420301 3.852335 -0.344690
v -1.357875 3.852335 -0.514356
v -1.194441 3.852335 -0.619215
v -0.992427 3.852335 -0.619215
v -0.828993 3.852335 -0.514356
v -0.766568 3.852335 -0.344690
v -0.716001 3.665570 -0.344690
v -0.788084 3.665570 -0.148778
v -0.976801 3.665570 -0.027697
v -1.210067 3.665570 -0.027697
v -1.398784 3.665570 -0.148778
v -1.470867 3.665570 -0.344690
v -1.398784 3.665570 -0.540603
v -1.210067 3.665570 -0.661684
v -0.976801 3.665570 -0.661684
v -0.788084 3.665570 -0.540603
v -0.716001 3.665570 -0.344690
v -0.766568 3.478805 -0.344690
v -0.828993 3.478805 -0.175025
v -0.992427 3.478805 -0.070166
v -1.194441 3.478805 -0.070166
v -1.357875 3.478805 -0.175025
v -1.420301 3.478805 -0.344690
v -1.357875 3.478805 -0.514356
v -1.194441 3.478805 -0.619215
v -0.992427 3.478805 -0.619215
v -0.828993 3.478805 -0.514356
v -0.766568 3.478805 -0.344690
v -0.904718 3.342083 -0.344690
v -0.940759 3.342083 -0.246734
v -1.035117 3.342083 -0.186194
v -1.151751 3.342083 -0.186194
v -1.246109 3.342083 -0.246734
v -1.282151 3.342083 -0.344690
v -1.246109 3.342083 -0.442647
v -1.151751 3.342083 -0.503187
v -1.035117 3.342083 -0.503187
v -0.940759 3.342083 -0.442647
v -0.904718 3.342083 -0.344690
v -1.093434 3.292040 -0.344690
v -1.093434 3.292040 -0.344690
v -1.093434 3.292040 -0.344690
v -1.093434 3.292040 -0.344690
v -1.093434 3.292040 -0.344690
v -1.093434 3.292040 -0.344690
v -1.093434 3.292040 -0.344690
v -1.093434 3.292040 -0.344690
v -1.093434 3.292040 -0.344690
v -1.093434 3.292040 -0.344690
v -1.093434 3.292040 -0.344690
v -0.785826 4.040980 0.100238
v -0.785826 4.040980 0.100238
v -0.785826 4.040980 0.100238
v -0.785826 4.040980 0.100238
v -0.785826 4.040980 0.100238
v -0.785826 4.040980 0.100238
v -0.785826 4.040980 0.100238
v -0.785826 4.040980 0.100238
v -0.785826 4.040980 0.100238
v -0.785826 4.040980 0.100238
v -0.785826 4.040980 0.100238
v -0.597768 3.987700 0.100238
v -0.633684 3.987700 0.232210
v -0.727713 3.987700 0.313773
v -0.843939 3.987700 0.313773
v -0.937968 3.987700 0.232210
v -0.973884 3.987700 0.100238
v -0.937968 3.987700 -0.031733
v -0.843939 3.987700 -0.113296
v -0.727713 3.987700 -0.113296
v -0.633684 3.987700 -0.031733
v -0.597768 3.987700 0.100238
v -0.460100 3.842137 0.100238
v -0.522308 3.842137 0.328820
v -0.685171 3.842137 0.470091
v -0.886481 3.842137 0.470091
v -1.049344 3.842137 0.328820
v -1.111552 3.842137 0.100238
v -1.049344 3.842137 -0.128343
v -0.886481 3.842137 -0.269614
v -0.685171 3.842137 -0.269614
v -0.522308 3.842137 -0.128343
v -0.460100 3.842137 0.100238
v -0.409710 3.643293 0.100238
v -0.481542 3.643293 0.364181
v -0.669600 3.643293 0.527307
v -0.902052 3.643293 0.527307
v -1.090110 3.643293 0.364181
v -1.161942 3.643293 0.100238
v -1.090110 3.643293 -0.163705
v -0.902052 3.643293 -0.326831
v -0.669600 3.643293 -0.326831
v -0.481542 3.643293 -0.163705
v -0.409710 3.643293 0.100238
v -0.460100 3.444450 0.100238
v -0.522308 3.444450 0.328820
v -0.685171 3.444450 0.470091
v -0.886481 3.444450 0.470091
v -1.049344 3.444450 0.328820
v -1.111552 3.444450 0.100238
v -1.049344 3.444450 -0.128343
v -0.886481 3.444450 -0.269614
v -0.685171 3.444450 -0.269614
v -0.522308 3.444450 -0.128343
v -0.460100 3.444450 0.100238
v -0.597768 3.298886 0.100238
v -0.633684 3.298886 0.232210
v -0.727713 3.298886 0.313773
v -0.843939 3.298886 0.313773
v -0.937968 3.298886 0.232210
v -0.973884 3.298886 0.100238
v -0.937968 3.298886 -0.031733
v -0.843939 3.298886 -0.113296
v -0.727713 3.298886 -0.113296
v -0.633684 3.298886 -0.031733
v -0.597768 3.298886 0.100238
v -0.785826 3.245606 0.100238
v -0.785826 3.245606 0.100238
v -0.785826 3.245606 0.100238
v -0.785826 3.245606 0.100238
v -0.785826 3.245606 0.100238
v -0.785826 3.245606 0.100238
v -0.785826 3.245606 0.100238
v -0.785826 3.245606 0.100238
v -0.785826 3.245606 0.100238
v -0.785826 3.245606 0.100238
v -0.785826 3.245606 0.100238
v -0.149150 3.420919 0.330664
v -0.149150 3.420919 0.330664
v -0.149150 3.420919 0.330664
v -0.149150 3.420919 0.330664
v -0.149150 3.420919 0.330664
v -0.149150 3.420919 0.330664
v -0.149150 3.420919 0.330664
v -0.149150 3.420919 0.330664
v -0.149150 3.420919 0.330664
v -0.149150 3.420919 0.330664
v -0.149150 3.420919 0.330664
v 0.048136 3.375066 0.330664
v 0.010458 3.375066 0.463099
v -0.088185 3.375066 0.544949
v -0.210114 3.375066 0.544949
v -0.308757 3.375066 0.463099
v -0.346435 3.375066 0.330664
v -0.308757 3.375066 0.198229
v -0.210114 3.375066 0.116380
v -0.088185 3.375066 0.116380
v 0.010458 3.375066 0.198229
v 0.048136 3.375066 0.330664
v 0.192559 3.249792 0.330664
v 0.127299 3.249792 0.560049
v -0.043556 3.249792 0.701816
v -0.254743 3.249792 0.701816
v -0.425598 3.249792 0.560049
v -0.490858 3.249792 0.330664
v -0.425598 3.249792 0.101280
v -0.254743 3.249792 -0.040488
v -0.043556 3.249792 -0.040488
v 0.127299 3.249792 0.101280
v 0.192559 3.249792 0.330664
v 0.245422 3.078665 0.330664
v 0.170065 3.078665 0.595534
v -0.027220 3.078665 0.759233
v -0.271079 3.078665 0.759233
v -0.468365 3.078665 0.595534
v -0.543721 3.078665 0.330664
v -0.468365 3.078665 0.065794
v -0.271079 3.078665 -0.097905
v -0.027220 3.078665 -0.097905
v 0.170065 3.078665 0.065794
v 0.245422 3.078665 0.330664
v 0.192559 2.907538 0.330664
v 0.127299 2.907538 0.560049
v -0.043556 2.907538 0.701816
v -0.254743 2.907538 0.701816
v -0.425598 2.907538 0.560049
v -0.490858 2.907538 0.330664
v -0.425598 2.907538 0.101280
v -0.254743 2.907538 -0.040488
v -0.043556 2.907538 -0.040488
v 0.127299 2.907538 0.101280
v 0.192559 2.907538 0.330664
v 0.048136 2.782265 0.330664
v 0.010458 2.782265 0.463099
v -0.088185 2.782265 0.544949
v -0.210114 2.782265 0.544949
v -0.308757 2.782265 0.463099
v -0.346435 2.782265 0.330664
v -0.308757 2.782265 0.198229
v -0.210114 2.782265 0.116380
v -0.088185 2.782265 0.116380
v 0.010458 2.782265 0.198229
v 0.048136 2.782265 0.330664
v -0.149150 2.736411 0.330664
v -0.149150 2.736411 0.330664
v -0.149150 2.736411 0.330664
v -0.149150 2.736411 0.330664
v -0.149150 2.736411 0.330664
v -0.149150 2.736411 0.330664
v -0.149150 2.736411 0.330664
v -0.149150 2.736411 0.330664
v -0.149150 2.736411 0.330664
v -0.149150 2.736411 0.330664
v -0.149150 2.736411 0.330664
v -0.470526 3.528990 -0.608453
v -0.470526 3.528990 -0.608453
v -0.470526 3.528990 -0.608453
v -0.470526 3.528990 -0.608453
v -0.470526 3.528990 -0.608453
v -0.470526 3.528990 -0.608453
v -0.470526 3.528990 -0.608453
v -0.470526 3.528990 -0.608453
v -0.470526 3.528990 -0.608453
v -0.470526 3.528990 -0.608453
v -0.470526 3.528990 -0.608453
v -0.247522 3.470409 -0.608453
v -0.290112 3.470409 -0.462107
v -0.401614 3.470409 -0.371661
v -0.539438 3.470409 -0.371661
v -0.650941 3.470409 -0.462107
v -0.693531 3.470409 -0.608453
v -0.650941 3.470409 -0.754799
v -0.539438 3.470409 -0.845246
v -0.401614 3.470409 -0.845246
v -0.290112 3.470409 -0.754799
v -0.247522 3.470409 -0.608453
v -0.084271 3.310363 -0.608453
v -0.158039 3.310363 -0.354975
v -0.351167 3.310363 -0.198316
v -0.589886 3.310363 -0.198316
v -0.783013 3.310363 -0.354975
v -0.856781 3.310363 -0.608453
v -0.783013 3.310363 -0.861932
v -0.589886 3.310363 -1.018590
v -0.351167 3.310363 -1.018590
v -0.158039 3.310363 -0.861932
v -0.084271 3.310363 -0.608453
v -0.024517 3.091736 -0.608453
v -0.109698 3.091736 -0.315762
v -0.332702 3.091736 -0.134868
v -0.608351 3.091736 -0.134868
v -0.831355 3.091736 -0.315762
v -0.916535 3.091736 -0.608453
v -0.831355 3.091736 -0.901145
v -0.608351 3.091736 -1.082038
v -0.332702 3.091736 -1.082038
v -0.109698 3.091736 -0.901145
v -0.024517 3.091736 -0.608453
v -0.084271 2.873109 -0.608453
v -0.158039 2.873109 -0.354975
v -0.351167 2.873109 -0.198316
v -0.589886 2.873109 -0.198316
v -0.783013 2.873109 -0.354975
v -0.856781 2.873109 -0.608453
v -0.783013 2.873109 -0.861932
v -0.589886 2.873109 -1.018590
v -0.351167 2.873109 -1.018590
v -0.158039 2.873109 -0.861932
v -0.084271 2.873109 -0.608453
v -0.247522 2.713063 -0.608453
v -0.290112 2.713063 -0.462107
v -0.401614 2.713063 -0.371661
v -0.539438 2.713063 -0.371661
v -0.650941 2.713063 -0.462107
v -0.693531 2.713063 -0.608453
v -0.650941 2.713063 -0.754799
v -0.539438 2.713063 -0.845246
v -0.401614 2.713063 -0.845246
v -0.290112 2.713063 -0.754799
v -0.247522 2.713063 -0.608453
v -0.470526 2.654482 -0.608453
v -0.470526 2.654482 -0.608453
v -0.470526 2.654482 -0.608453
v -0.470526 2.654482 -0.608453
v -0.470526 2.654482 -0.608453
v -0.470526 2.654482 -0.608453
v -0.470526 2.654482 -0.608453
v -0.470526 2.654482 -0.608453
v -0.470526 2.654482 -0.608453
v -0.470526 2.654482 -0.608453
v -0.470526 2.654482 -0.608453
v 0.524466 4.258977 0.507589
v 0.524466 4.258977 0.507589
v 0.524466 4.258977 0.507589
v 0.524466 4.258977 0.507589
v 0.524466 4.258977 0.507589
v 0.524466 4.258977 0.507589
v 0.524466 4.258977 0.507589
v 0.524466 4.258977 0.507589
v 0.524466 4.258977 0.507589
v 0.524466 4.258977 0.507589
v 0.524466 4.258977 0.507589
v 0.748723 4.200637 0.507589
v 0.705894 4.200637 0.605710
v 0.593765 4.200637 0.666352
v 0.455167 4.200637 0.666352
v 0.343038 4.200637 0.605710
v 0.300209 4.200637 0.507589
v 0.343038 4.200637 0.409469
v 0.455167 4.200637 0.348827
v 0.593765 4.200637 0.348827
v 0.705894 4.200637 0.409469
v 0.748723 4.200637 0.507589
v 0.912891 4.041249 0.507589
v 0.838708 4.041249 0.677539
v 0.644496 4.041249 0.782574
v 0.404436 4.041249 0.782574
v 0.210224 4.041249 0.677539
v 0.136041 4.041249 0.507589
v 0.210224 4.041249 0.337639
v 0.404436 4.041249 0.232604
v 0.644496 4.041249 0.232604
v 0.838708 4.041249 0.337639
v 0.912891 4.041249 0.507589
v 0.972981 3.823520 0.507589
v 0.887322 3.823520 0.703831
v 0.663065 3.823520 0.825115
v 0.385867 3.823520 0.825115
v 0.161610 3.823520 0.703831
v 0.075951 3.823520 0.507589
v 0.161610 3.823520 0.311348
v 0.385867 3.823520 0.190064
v 0.663065 3.823520 0.190064
v 0.887322 3.823520 0.311348
v 0.972981 3.823520 0.507589
v 0.912891 3.605792 0.507589
v 0.838708 3.605792 0.677539
v 0.644496 3.605792 0.782574
v 0.404436 3.605792 0.782574
v 0.210224 3.605792 0.677539
v 0.136041 3.605792 0.507589
v 0.210224 3.605792 0.337639
v 0.404436 3.605792 0.232604
v 0.644496 3.605792 0.232604
v 0.838708 3.605792 0.337639
v 0.912891 3.605792 0.507589
v 0.748723 3.446404 0.507589
v 0.705894 3.446404 0.605710
v 0.593765 3.446404 0.666352
v 0.455167 3.446404 0.666352
v 0.343038 3.446404 0.605710
v 0.300209 3.446404 0.507589
v 0.343038 3.446404 0.409469
v 0.455167 3.446404 0.348827
v 0.593765 3.446404 0.348827
v 0.705894 3.446404 0.409469
v 0.748723 3.446404 0.507589
v 0.524466 3.388064 0.507589
v 0.524466 3.388064 0.507589
v 0.524466 3.388064 0.507589
v 0.524466 3.388064 0.507589
v 0.524466 3.388064 0.507589
v 0.524466 3.388064 0.507589
v 0.524466 3.388064 0.507589
v 0.524466 3.388064 0.507589
v 0.524466 3.388064 0.507589
v 0.524466 3.388064 0.507589
v 0.524466 3.388064 0.507589
v -0.847399 4.406868 0.543145
v -0.847399 4.406868 0.543145
v -0.847399 4.406868 0.543145
v -0.847399 4.406868 0.543145
v -0.847399 4.406868 0.543145
v -0.847399 4.406868 0.543145
v -0.847399 4.406868 0.543145
v -0.847399 4.406868 0.543145
v -0.847399 4.406868 0.543145
v -0.847399 4.406868 0.543145
v -0.847399 4.406868 0.543145
v -0.649924 4.345618 0.543145
v -0.687639 4.345618 0.642075
v -0.786376 4.345618 0.703218
v -0.908422 4.345618 0.703218
v -1.007160 4.345618 0.642075
v -1.044874 4.345618 0.543145
v -1.007160 4.345618 0.444215
v -0.908422 4.345618 0.383073
v -0.786376 4.345618 0.383073
v -0.687639 4.345618 0.444215
v -0.649924 4.345618 0.543145
v -0.505363 4.178280 0.543145
v -0.570686 4.178280 0.714497
v -0.741704 4.178280 0.820399
v -0.953094 4.178280 0.820399
v -1.124113 4.178280 0.714497
v -1.189436 4.178280 0.543145
v -1.124113 4.178280 0.371793
v -0.953094 4.178280 0.265892
v -0.741704 4.178280 0.265892
v -0.570686 4.178280 0.371793
v -0.505363 4.178280 0.543145
v -0.452450 3.949693 0.543145
v -0.527878 3.949693 0.741006
v -0.725353 3.949693 0.863290
v -0.969445 3.949693 0.863290
v -1.166920 3.949693 0.741006
v -1.242349 3.949693 0.543145
v -1.166920 3.949693 0.345285
v -0.969445 3.949693 0.223000
v -0.725353 3.949693 0.223000
v -0.527878 3.949693 0.345285
v -0.452450 3.949693 0.543145
v -0.505363 3.721105 0.543145
v -0.570686 3.721105 0.714497
v -0.741704 3.721105 0.820399
v -0.953094 3.721105 0.820399
v -1.124113 3.721105 0.714497
v -1.189436 3.721105 0.543145
v -1.124113 3.721105 0.371793
v -0.953094 3.721105 0.265892
v -0.741704 3.721105 0.265892
v -0.570686 3.721105 0.371793
v -0.505363 3.721105 0.543145
v -0.649924 3.553767 0.543145
v -0.687639 3.553767 0.642075
v -0.786376 3.553767 0.703218
v -0.908422 3.553767 0.703218
v -1.007160 3.553767 0.642075
v -1.044874 3.553767 0.543145
v -1.007160 3.553767 0.444215
v -0.908422 3.553767 0.383073
v -0.786376 3.553767 0.383073
v -0.687639 3.553767 0.444215
v -0.649924 3.553767 0.543145
v -0.847399 3.492517 0.543145
v -0.847399 3.492517 0.543145
v -0.847399 3.492517 0.543145
v -0.847399 3.492517 0.543145
v -0.847399 3.492517 0.543145
v -0.847399 3.492517 0.543145
v -0.847399 3.492517 0.543145
v -0.847399 3.492517 0.543145
v -0.847399 3.492517 0.543145
v -0.847399 3.492517 0.543145
v -0.847399 3.492517 0.543145
v 0.896404 4.245467 0.426502
v 0.896404 4.245467 0.426502
v 0.896404 4.245467 0.426502
v 0.896404 4.245467 0.426502
v 0.896404 4.245467 0.426502
v 0.896404 4.245467 0.426502
v 0.896404 4.245467 0.426502
v 0.896404 4.245467 0.426502
v 0.896404 4.245467 0.426502
v 0.896404 4.245467 0.426502
v 0.896404 4.245467 0.426502
v 1.098419 4.190167 0.426502
v 1.059838 4.190167 0.563540
v 0.958830 4.190167 0.648234
v 0.833977 4.190167 0.648234
v 0.732970 4.190167 0.563540
v 0.694388 4.190167 0.426502
v 0.732970 4.190167 0.289464
v 0.833977 4.190167 0.204769
v 0.958830 4.190167 0.204769
v 1.059838 4.190167 0.289464
v 1.098419 4.190167 0.426502
v 1.246305 4.039083 0.426502
v 1.179480 4.039083 0.663859
v 1.004529 4.039083 0.810554
v 0.788278 4.039083 0.810554
v 0.613328 4.039083 0.663859
v 0.546502 4.039083 0.426502
v 0.613328 4.039083 0.189145
v 0.788278 4.039083 0.042450
v 1.004529 4.039083 0.042450
v 1.179480 4.039083 0.189145
v 1.246305 4.039083 0.426502
v 1.300435 3.832698 0.426502
v 1.223272 3.832698 0.700578
v 1.021256 3.832698 0.869967
v 0.771551 3.832698 0.869967
v 0.569536 3.832698 0.700578
v 0.492372 3.832698 0.426502
v 0.569536 3.832698 0.152426
v 0.771551 3.832698 -0.016963
v 1.021256 3.832698 -0.016963
v 1.223272 3.832698 0.152426
v 1.300435 3.832698 0.426502
v 1.246305 3.626314 0.426502
v 1.179480 3.626314 0.663859
v 1.004529 3.626314 0.810554
v 0.788278 3.626314 0.810554
v 0.613328 3.626314 0.663859
v 0.546502 3.626314 0.426502
v 0.613328 3.626314 0.189145
v 0.788278 3.626314 0.042450
v 1.004529 3.626314 0.042450
v 1.179480 3.626314 0.189145
v 1.246305 3.626314 0.426502
v 1.098419 3.475230 0.426502
v 1.059838 3.475230 0.563540
v 0.958830 3.475230 0.648234
v 0.833977 3.475230 0.648234
v 0.732970 3.475230 0.563540
v 0.694388 3.475230 0.426502
v 0.732970 3.475230 0.289464
v 0.833977 3.475230 0.204769
v 0.958830 3.475230 0.204769
v 1.059838 3.475230 0.289464
v 1.098419 3.475230 0.426502
v 0.896404 3.419929 0.426502
v 0.896404 3.419929 0.426502
v 0.896404 3.419929 0.426502
v 0.896404 3.419929 0.426502
v 0.896404 3.419929 0.426502
v 0.896404 3.419929 0.426502
v 0.896404 3.419929 0.426502
v 0.896404 3.419929 0.426502
v 0.896404 3.419929 0.426502
v 0.896404 3.419929 0.426502
v 0.896404 3.419929 0.426502
v 0.018073 4.473128 0.231726
v 0.018073 4.473128 0.231726
v 0.018073 4.473128 0.231726
v 0.018073 4.473128 0.231726
v 0.018073 4.473128 0.231726
v 0.018073 4.473128 0.231726
v 0.018073 4.473128 0.231726
v 0.018073 4.473128 0.231726
v 0.018073 4.473128 0.231726
v 0.018073 4.473128 0.231726
v 0.018073 4.473128 0.231726
v 0.214675 4.419044 0.231726
v 0.177128 4.419044 0.327544
v 0.078826 4.419044 0.386764
v -0.042681 4.419044 0.386764
v -0.140982 4.419044 0.327544
v -0.178530 4.419044 0.231726
v -0.140982 4.419044 0.135908
v -0.042681 4.419044 0.076689
v 0.078826 4.419044 0.076689
v 0.177128 4.419044 0.135908
v 0.214675 4.419044 0.231726
v 0.358598 4.271281 0.231726
v 0.293564 4.271281 0.397688
v 0.123301 4.271281 0.500259
v -0.087155 4.271281 0.500259
v -0.257418 4.271281 0.397688
v -0.322453 4.271281 0.231726
v -0.257418 4.271281 0.065764
v -0.087155 4.271281 -0.036807
v 0.123301 4.271281 -0.036807
v 0.293564 4.271281 0.065764
v 0.358598 4.271281 0.231726
v 0.411278 4.069434 0.231726
v 0.336182 4.069434 0.423363
v 0.139580 4.069434 0.541801
v -0.103434 4.069434 0.541801
v -0.300037 4.069434 0.423363
v -0.375132 4.069434 0.231726
v -0.300037 4.069434 0.040089
v -0.103434 4.069434 -0.078349
v 0.139580 4.069434 -0.078349
v 0.336182 4.069434 0.040089
v 0.411278 4.069434 0.231726
v 0.358598 3.867587 0.231726
v 0.293564 3.867587 0.397688
v 0.123301 3.867587 0.500259
v -0.087155 3.867587 0.500259
v -0.257418 3.867587 0.397688
v -0.322453 3.867587 0.231726
v -0.257418 3.867587 0.065764
v -0.087155 3.867587 -0.036807
v 0.123301 3.867587 -0.036807
v 0.293564 3.867587 0.065764
v 0.358598 3.867587 0.231726
v 0.214675 3.719825 0.231726
v 0.177128 3.719825 0.327544
v 0.078826 3.719825 0.386764
v -0.042681 3.719825 0.386764
v -0.140982 3.719825 0.327544
v -0.178530 3.719825 0.231726
v -0.140982 3.719825 0.135908
v -0.042681 3.719825 0.076689
v 0.078826 3.719825 0.076689
v 0.177128 3.719825 0.135908
v 0.214675 3.719825 0.231726
v 0.018073 3.665740 0.231726
v 0.018073 3.665740 0.231726
v 0.018073 3.665740 0.231726
v 0.018073 3.665740 0.231726
v 0.018073 3.665740 0.231726
v 0.018073 3.665740 0.231726
v 0.018073 3.665740 0.231726
v 0.018073 3.665740 0.231726
v 0.018073 3.665740 0.231726
v 0.018073 3.665740 0.231726
v 0.018073 3.665740 0.231726
v 0.263657 3.421411 -0.739553
v 0.263657 3.421411 -0.739553
v 0.263657 3.421411 -0.739553
v 0.263657 3.421411 -0.739553
v 0.263657 3.421411 -0.739553
v 0.263657 3.421411 -0.739553
v 0.263657 3.421411 -0.739553
v 0.263657 3.421411 -0.739553
v 0.263657 3.421411 -0.739553
v 0.263657 3.421411 -0.739553
v 0.263657 3.421411 -0.739553
v 0.438810 3.370839 -0.739553
v 0.405359 3.370839 -0.634557
v 0.317783 3.370839 -0.569666
v 0.209532 3.370839 -0.569666
v 0.121956 3.370839 -0.634557
v 0.088504 3.370839 -0.739553
v 0.121956 3.370839 -0.844548
v 0.209532 3.370839 -0.909439
v 0.317783 3.370839 -0.909439
v 0.405359 3.370839 -0.844548
v 0.438810 3.370839 -0.739553
v 0.567031 3.232673 -0.739553
v 0.509092 3.232673 -0.557695
v 0.357405 3.232673 -0.445301
v 0.169910 3.232673 -0.445301
v 0.018223 3.232673 -0.557695
v -0.039717 3.232673 -0.739553
v 0.018223 3.232673 -0.921410
v 0.169910 3.232673 -1.033804
v 0.357405 3.232673 -1.033804
v 0.509092 3.232673 -0.921410
v 0.567031 3.232673 -0.739553
v 0.613964 3.043934 -0.739553
v 0.547061 3.043934 -0.529561
v 0.371908 3.043934 -0.399780
v 0.155407 3.043934 -0.399780
v -0.019746 3.043934 -0.529561
v -0.086649 3.043934 -0.739553
v -0.019746 3.043934 -0.949544
v 0.155407 3.043934 -1.079325
v 0.371908 3.043934 -1.079325
v 0.547061 3.043934 -0.949544
v 0.613964 3.043934 -0.739553
v 0.567031 2.855195 -0.739553
v 0.509092 2.855195 -0.557695
v 0.357405 2.855195 -0.445301
v 0.169910 2.855195 -0.445301
v 0.018223 2.855195 -0.557695
v -0.039717 2.855195 -0.739553
v 0.018223 2.855195 -0.921410
v 0.169910 2.855195 -1.033804
v 0.357405 2.855195 -1.033804
v 0.509092 2.855195 -0.921410
v 0.567031 2.855195 -0.739553
v 0.438810 2.717029 -0.739553
v 0.405359 2.717029 -0.634557
v 0.317783 2.717029 -0.569666
v 0.209532 2.717029 -0.569666
v 0.121956 2.717029 -0.634557
v 0.088504 2.717029 -0.739553
v 0.121956 2.717029 -0.844548
v 0.209532 2.717029 -0.909439
v 0.317783 2.717029 -0.909439
v 0.405359 2.717029 -0.844548
v 0.438810 2.717029 -0.739553
v 0.263657 2.666457 -0.739553
v 0.263657 2.666457 -0.739553
v 0.263657 2.666457 -0.739553
v 0.263657 2.666457 -0.739553
v 0.263657 2.666457 -0.739553
v 0.263657 2.666457 -0.739553
v 0.263657 2.666457 -0.739553
v 0.263657 2.666457 -0.739553
v 0.263657 2.666457 -0.739553
v 0.263657 2.666457 -0.739553
v 0.263657 2.666457 -0.739553
v 0.153442 4.141959 0.690722
v 0.153442 4.141959 0.690722
v 0.153442 4.141959 0.690722
v 0.153442 4.141959 0.690722
v 0.153442 4.141959 0.690722
v 0.153442 4.141959 0.690722
v 0.153442 4.141959 0.690722
v 0.153442 4.141959 0.690722
v 0.153442 4.141959 0.690722
v 0.153442 4.141959 0.690722
v 0.153442 4.141959 0.690722
v 0.339732 4.082001 0.690722
v 0.304154 4.082001 0.794108
v 0.211008 4.082001 0.858003
v 0.095875 4.082001 0.858003
v 0.002730 4.082001 0.794108
v -0.032849 4.082001 0.690722
v 0.002730 4.082001 0.587336
v 0.095875 4.082001 0.523441
v 0.211008 4.082001 0.523441
v 0.304154 4.082001 0.587336
v 0.339732 4.082001 0.690722
v 0.476106 3.918192 0.690722
v 0.414483 3.918192 0.869791
v 0.253150 3.918192 0.980462
v 0.053733 3.918192 0.980462
v -0.107599 3.918192 0.869791
v -0.169223 3.918192 0.690722
v -0.107599 3.918192 0.511653
v 0.053733 3.918192 0.400982
v 0.253150 3.918192 0.400982
v 0.414483 3.918192 0.511653
v 0.476106 3.918192 0.690722
v 0.526022 3.694424 0.690722
v 0.454866 3.694424 0.897493
v 0.268575 3.694424 1.025285
v 0.038308 3.694424 1.025285
v -0.147983 3.694424 0.897493
v -0.219139 3.694424 0.690722
v -0.147983 3.694424 0.483951
v 0.038308 3.694424 0.356159
v 0.268575 3.694424 0.356159
v 0.454866 3.694424 0.483951
v 0.526022 3.694424 0.690722
v 0.476106 3.470657 0.690722
v 0.414483 3.470657 0.869791
v 0.253150 3.470657 0.980462
v 0.053733 3.470657 0.980462
v -0.107599 3.470657 0.869791
v -0.169223 3.470657 0.690722
v -0.107599 3.470657 0.511653
v 0.053733 3.470657 0.400982
v 0.253150 3.470657 0.400982
v 0.414483 3.470657 0.511653
v 0.476106 3.470657 0.690722
v 0.339732 3.306848 0.690722
v 0.304154 3.306848 0.794108
v 0.211008 3.306848 0.858003
v 0.095875 3.306848 0.858003
v 0.002730 3.306848 0.794108
v -0.032849 3.306848 0.690722
v 0.002730 3.306848 0.587336
v 0.095875 3.306848 0.523441
v 0.211008 3.306848 0.523441
v 0.304154 3.306848 0.587336
v 0.339732 3.306848 0.690722
v 0.153442 3.246889 0.690722
v 0.153442 3.246889 0.690722
v 0.153442 3.246889 0.690722
v 0.153442 3.246889 0.690722
v 0.153442 3.246889 0.690722
v 0.153442 3.246889 0.690722
v 0.153442 3.246889 0.690722
v 0.153442 3.246889 0.690722
v 0.153442 3.246889 0.690722
v 0.153442 3.246889 0.690722
v 0.153442 3.246889 0.690722
v 0.207097 3.660711 -0.040080
v 0.207097 3.660711 -0.040080
v 0.207097 3.660711 -0.040080
v 0.207097 3.660711 -0.040080
v 0.207097 3.660711 -0.040080
v 0.207097 3.660711 -0.040080
v 0.207097 3.660711 -0.040080
v 0.207097 3.660711 -0.040080
v 0.207097 3.660711 -0.040080
v 0.207097 3.660711 -0.040080
v 0.207097 3.660711 -0.040080
v 0.436101 3.607708 -0.040080
v 0.392365 3.607708 0.066499
v 0.277863 3.607708 0.132368
v 0.136331 3.607708 0.132368
v 0.021830 3.607708 0.066499
v -0.021906 3.607708 -0.040080
v 0.021830 3.607708 -0.146659
v 0.136331 3.607708 -0.212528
v 0.277863 3.607708 -0.212528
v 0.392365 3.607708 -0.146659
v 0.436101 3.607708 -0.040080
v 0.603743 3.462901 -0.040080
v 0.527990 3.462901 0.144520
v 0.329667 3.462901 0.258609
v 0.084527 3.462901 0.258609
v -0.113796 3.462901 0.144520
v -0.189548 3.462901 -0.040080
v -0.113796 3.462901 -0.224680
v 0.084527 3.462901 -0.338769
v 0.329667 3.462901 -0.338769
v 0.527990 3.462901 -0.224680
v 0.603743 3.462901 -0.040080
v 0.665104 3.265090 -0.040080
v 0.577632 3.265090 0.173077
v 0.348629 3.265090 0.304816
v 0.065565 3.265090 0.304816
v -0.163438 3.265090 0.173077
v -0.250909 3.265090 -0.040080
v -0.163438 3.265090 -0.253238
v 0.065565 3.265090 -0.384976
v 0.348629 3.265090 -0.384976
v 0.577632 3.265090 -0.253238
v 0.665104 3.265090 -0.040080
v 0.603743 3.067280 -0.040080
v 0.527990 3.067280 0.144520
v 0.329667 3.067280 0.258609
v 0.084527 3.067280 0.258609
v -0.113796 3.067280 0.144520
v -0.189548 3.067280 -0.040080
v -0.113796 3.067280 -0.224680
v 0.084527 3.067280 -0.338769
v 0.329667 3.067280 -0.338769
v 0.527990 3.067280 -0.224680
v 0.603743 3.067280 -0.040080
v 0.436101 2.922473 -0.040080
v 0.392365 2.922473 0.066499
v 0.277863 2.922473 0.132368
v 0.136331 2.922473 0.132368
v 0.021830 2.922473 0.066499
v -0.021906 2.922473 -0.040080
v 0.021830 2.922473 -0.146659
v 0.136331 2.922473 -0.212528
v 0.277863 2.922473 -0.212528
v 0.392365 2.922473 -0.146659
v 0.436101 2.922473 -0.040080
v 0.207097 2.869470 -0.040080
v 0.207097 2.869470 -0.040080
v 0.207097 2.869470 -0.040080
v 0.207097 2.869470 -0.040080
v 0.207097 2.869470 -0.040080
v 0.207097 2.869470 -0.040080
v 0.207097 2.869470 -0.040080
v 0.207097 2.869470 -0.040080
v 0.207097 2.869470 -0.040080
v 0.207097 2.869470 -0.040080
v 0.207097 2.869470 -0.040080
v 0.366683 4.235507 0.610043
v 0.366683 4.235507 0.610043
v 0.366683 4.235507 0.610043
v 0.366683 4.235507 0.610043
v 0.366683 4.235507 0.610043
v 0.366683 4.235507 0.610043
v 0.366683 4.235507 0.610043
v 0.366683 4.235507 0.610043
v 0.366683 4.235507 0.610043
v 0.366683 4.235507 0.610043
v 0.366683 4.235507 0.610043
v 0.601819 4.174943 0.610043
v 0.556912 4.174943 0.710532
v 0.439344 4.174943 0.772637
v 0.294022 4.174943 0.772637
v 0.176455 4.174943 0.710532
v 0.131548 4.174943 0.610043
v 0.176455 4.174943 0.509554
v 0.294022 4.174943 0.447448
v 0.439344 4.174943 0.447448
v 0.556912 4.174943 0.509554
v 0.601819 4.174943 0.610043
v 0.773950 4.009481 0.610043
v 0.696169 4.009481 0.784095
v 0.492536 4.009481 0.891665
v 0.240831 4.009481 0.891665
v 0.037197 4.009481 0.784095
v -0.040584 4.009481 0.610043
v 0.037197 4.009481 0.435991
v 0.240831 4.009481 0.328421
v 0.492536 4.009481 0.328421
v 0.696169 4.009481 0.435991
v 0.773950 4.009481 0.610043
v 0.836955 3.783456 0.610043
v 0.747141 3.783456 0.811021
v 0.512005 3.783456 0.935232
v 0.221361 3.783456 0.935232
v -0.013774 3.783456 0.811021
v -0.103588 3.783456 0.610043
v -0.013774 3.783456 0.409065
v 0.221361 3.783456 0.284854
v 0.512005 3.783456 0.284854
v 0.747141 3.783456 0.409065
v 0.836955 3.783456 0.610043
v 0.773950 3.557430 0.610043
v 0.696169 3.557430 0.784095
v 0.492536 3.557430 0.891665
v 0.240831 3.557430 0.891665
v 0.037197 3.557430 0.784095
v -0.040584 3.557430 0.610043
v 0.037197 3.557430 0.435991
v 0.240831 3.557430 0.328421
v 0.492536 3.557430 0.328421
v 0.696169 3.557430 0.435991
v 0.773950 3.557430 0.610043
v 0.601819 3.391968 0.610043
v 0.556912 3.391968 0.710532
v 0.439344 3.391968 0.772637
v 0.294022 3.391968 0.772637
v 0.176455 3.391968 0.710532
v 0.131548 3.391968 0.610043
v 0.176455 3.391968 0.509554
v 0.294022 3.391968 0.447448
v 0.439344 3.391968 0.447448
v 0.556912 3.391968 0.509554
v 0.601819 3.391968 0.610043
v 0.366683 3.331405 0.610043
v 0.366683 3.331405 0.610043
v 0.366683 3.331405 0.610043
v 0.366683 3.331405 0.610043
v 0.366683 3.331405 0.610043
v 0.366683 3.331405 0.610043
v 0.366683 3.331405 0.610043
v 0.366683 3.331405 0.610043
v 0.366683 3.331405 0.610043
v 0.366683 3.331405 0.610043
v 0.366683 3.331405 0.610043
v -0.910443 3.719517 -0.244030
v -0.910443 3.719517 -0.244030
v -0.910443 3.719517 -0.244030
v -0.910443 3.719517 -0.244030
v -0.910443 3.719517 -0.244030
v -0.910443 3.719517 -0.244030
v -0.910443 3.719517 -0.244030
v -0.910443 3.719517 -0.244030
v -0.910443 3.719517 -0.244030
v -0.910443 3.719517 -0.244030
v -0.910443 3.719517 -0.244030
v -0.715971 3.671180 -0.244030
v -0.753112 3.671180 -0.105983
v -0.850348 3.671180 -0.020666
v -0.970538 3.671180 -0.020666
v -1.067774 3.671180 -0.105983
v -1.104915 3.671180 -0.244030
v -1.067774 3.671180 -0.382077
v -0.970538 3.671180 -0.467394
v -0.850348 3.671180 -0.467394
v -0.753112 3.671180 -0.382077
v -0.715971 3.671180 -0.244030
v -0.573608 3.539123 -0.244030
v -0.637938 3.539123 -0.004926
v -0.806355 3.539123 0.142848
v -1.014531 3.539123 0.142848
v -1.182948 3.539123 -0.004926
v -1.247278 3.539123 -0.244030
v -1.182948 3.539123 -0.483134
v -1.014531 3.539123 -0.630908
v -0.806355 3.539123 -0.630908
v -0.637938 3.539123 -0.483134
v -0.573608 3.539123 -0.244030
v -0.521500 3.358728 -0.244030
v -0.595781 3.358728 0.032063
v -0.790253 3.358728 0.202698
v -1.030633 3.358728 0.202698
v -1.225105 3.358728 0.032063
v -1.299387 3.358728 -0.244030
v -1.225105 3.358728 -0.520123
v -1.030633 3.358728 -0.690758
v -0.790253 3.358728 -0.690758
v -0.595781 3.358728 -0.520123
v -0.521500 3.358728 -0.244030
v -0.573608 3.178334 -0.244030
v -0.637938 3.178334 -0.004926
v -0.806355 3.178334 0.142848
v -1.014531 3.178334 0.142848
v -1.182948 3.178334 -0.004926
v -1.247278 3.178334 -0.244030
v -1.182948 3.178334 -0.483134
v -1.014531 3.178334 -0.630908
v -0.806355 3.178334 -0.630908
v -0.637938 3.178334 -0.483134
v -0.573608 3.178334 -0.244030
v -0.715971 3.046277 -0.244030
v -0.753112 3.046277 -0.105983
v -0.850348 3.046277 -0.020666
v -0.970538 3.046277 -0.020666
v -1.067774 3.046277 -0.105983
v -1.104915 3.046277 -0.244030
v -1.067774 3.046277 -0.382077
v -0.970538 3.046277 -0.467394
v -0.850348 3.046277 -0.467394
v -0.753112 3.046277 -0.382077
v -0.715971 3.046277 -0.244030
v -0.910443 2.997940 -0.244030
v -0.910443 2.997940 -0.244030
v -0.910443 2.997940 -0.244030
v -0.910443 2.997940 -0.244030
v -0.910443 2.997940 -0.244030
v -0.910443 2.997940 -0.244030
v -0.910443 2.997940 -0.244030
v -0.910443 2.997940 -0.244030
v -0.910443 2.997940 -0.244030
v -0.910443 2.997940 -0.244030
v -0.910443 2.997940 -0.244030
v 1.006265 4.160944 -0.473141
v 1.006265 4.160944 -0.473141
v 1.006265 4.160944 -0.473141
v 1.006265 4.160944 -0.473141
v 1.006265 4.160944 -0.473141
v 1.006265 4.160944 -0.473141
v 1.006265 4.160944 -0.473141
v 1.006265 4.160944 -0.473141
v 1.006265 4.160944 -0.473141
v 1.006265 4.160944 -0.473141
v 1.006265 4.160944 -0.473141
v 1.218037 4.117218 -0.473141
v 1.177592 4.117218 -0.353338
v 1.071706 4.117218 -0.279295
v 0.940824 4.117218 -0.279295
v 0.834938 4.117218 -0.353338
v 0.794493 4.117218 -0.473141
v 0.834938 4.117218 -0.592945
v 0.940824 4.117218 -0.666988
v 1.071706 4.117218 -0.666988
v 1.177592 4.117218 -0.592945
v 1.218037 4.117218 -0.473141
v 1.373065 3.997758 -0.473141
v 1.303013 3.997758 -0.265635
v 1.119613 3.997758 -0.137390
v 0.892918 3.997758 -0.137390
v 0.709518 3.997758 -0.265635
v 0.639465 3.997758 -0.473141
v 0.709518 3.997758 -0.680647
v 0.892918 3.997758 -0.808893
v 1.119613 3.997758 -0.808893
v 1.303013 3.997758 -0.680647
v 1.373065 3.997758 -0.473141
v 1.429809 3.834571 -0.473141
v 1.348920 3.834571 -0.233534
v 1.137148 3.834571 -0.085449
v 0.875383 3.834571 -0.085449
v 0.663611 3.834571 -0.233534
v 0.582721 3.834571 -0.473141
v 0.663611 3.834571 -0.712748
v 0.875383 3.834571 -0.860834
v 1.137148 3.834571 -0.860834
v 1.348920 3.834571 -0.712748
v 1.429809 3.834571 -0.473141
v 1.373065 3.671384 -0.473141
v 1.303013 3.671384 -0.265635
v 1.119613 3.671384 -0.137390
v 0.892918 3.671384 -0.137390
v 0.709518 3.671384 -0.265635
v 0.639465 3.671384 -0.473141
v 0.709518 3.671384 -0.680647
v 0.892918 3.671384 -0.808893
v 1.119613 3.671384 -0.808893
v 1.303013 3.671384 -0.680647
v 1.373065 3.671384 -0.473141
v 1.218037 3.551923 -0.473141
v 1.177592 3.551923 -0.353338
v 1.071706 3.551923 -0.279295
v 0.940824 3.551923 -0.279295
v 0.834938 3.551923 -0.353338
v 0.794493 3.551923 -0.473141
v 0.834938 3.551923 -0.592945
v 0.940824 3.551923 -0.666988
v 1.071706 3.551923 -0.666988
v 1.177592 3.551923 -0.592945
v 1.218037 3.551923 -0.473141
v 1.006265 3.508198 -0.473141
v 1.006265 3.508198 -0.473141
v 1.006265 3.508198 -0.473141
v 1.006265 3.508198 -0.473141
v 1.006265 3.508198 -0.473141
v 1.006265 3.508198 -0.473141
v 1.006265 3.508198 -0.473141
v 1.006265 3.508198 -0.473141
v 1.006265 3.508198 -0.473141
v 1.006265 3.508198 -0.473141
v 1.006265 3.508198 -0.473141
v -1.226494 3.609920 -0.129079
v -1.226494 3.609920 -0.129079
v -1.226494 3.609920 -0.129079
v -1.226494 3.609920 -0.129079
v -1.226494 3.609920 -0.129079
v -1.226494 3.609920 -0.129079
v -1.226494 3.609920 -0.129079
v -1.226494 3.609920 -0.129079
v -1.226494 3.609920 -0.129079
v -1.226494 3.609920 -0.129079
v -1.226494 3.609920 -0.129079
v -1.032843 3.563839 -0.129079
v -1.069827 3.563839 -0.019494
v -1.166652 3.563839 0.048233
v -1.286335 3.563839 0.048233
v -1.383160 3.563839 -0.019494
v -1.420144 3.563839 -0.129079
v -1.383160 3.563839 -0.238665
v -1.286335 3.563839 -0.306392
v -1.166652 3.563839 -0.306392
v -1.069827 3.563839 -0.238665
v -1.032843 3.563839 -0.129079
v -0.891081 3.437944 -0.129079
v -0.955139 3.437944 0.060728
v -1.122845 3.437944 0.178035
v -1.330142 3.437944 0.178035
v -1.497848 3.437944 0.060728
v -1.561906 3.437944 -0.129079
v -1.497848 3.437944 -0.318887
v -1.330142 3.437944 -0.436194
v -1.122845 3.437944 -0.436194
v -0.955139 3.437944 -0.318887
v -0.891081 3.437944 -0.129079
v -0.839193 3.265968 -0.129079
v -0.913160 3.265968 0.090091
v -1.106811 3.265968 0.225546
v -1.346176 3.265968 0.225546
v -1.539827 3.265968 0.090091
v -1.613795 3.265968 -0.129079
v -1.539827 3.265968 -0.348250
v -1.346176 3.265968 -0.483705
v -1.106811 3.265968 -0.483705
v -0.913160 3.265968 -0.348250
v -0.839193 3.265968 -0.129079
v -0.891081 3.093992 -0.129079
v -0.955139 3.093992 0.060728
v -1.122845 3.093992 0.178035
v -1.330142 3.093992 0.178035
v -1.497848 3.093992 0.060728
v -1.561906 3.093992 -0.129079
v -1.497848 3.093992 -0.318887
v -1.330142 3.093992 -0.436194
v -1.122845 3.093992 -0.436194
v -0.955139 3.093992 -0.318887
v -0.891081 3.093992 -0.129079
v -1.032843 2.968096 -0.129079
v -1.069827 2.968096 -0.019494
v -1.166652 2.968096 0.048233
v -1.286335 2.968096 0.048233
v -1.383160 2.968096 -0.019494
v -1.420144 2.968096 -0.129079
v -1.383160 2.968096 -0.238665
v -1.286335 2.968096 -0.306392
v -1.166652 2.968096 -0.306392
v -1.069827 2.968096 -0.238665
v -1.032843 2.968096 -0.129079
v -1.226494 2.922016 -0.129079
v -1.226494 2.922016 -0.129079
v -1.226494 2.922016 -0.129079
v -1.226494 2.922016 -0.129079
v -1.226494 2.922016 -0.129079
v -1.226494 2.922016 -0.129079
v -1.226494 2.922016 -0.129079
v -1.226494 2.922016 -0.129079
v -1.226494 2.922016 -0.129079
v -1.226494 2.922016 -0.129079
v -1.226494 2.922016 -0.129079
v -0.235645 3.492836 0.471440
v -0.235645 3.492836 0.471440
v -0.235645 3.492836 0.471440
v -0.235645 3.492836 0.471440
v -0.235645 3.492836 0.471440
v -0.235645 3.492836 0.471440
v -0.235645 3.492836 0.471440
v -0.235645 3.492836 0.471440
v -0.235645 3.492836 0.471440
v -0.235645 3.492836 0.471440
v -0.235645 3.492836 0.471440
v 0.021344 3.437603 0.471440
v -0.027737 3.437603 0.569422
v -0.156231 3.437603 0.629979
v -0.315059 3.437603 0.629979
v -0.443554 3.437603 0.569422
v -0.492634 3.437603 0.471440
v -0.443554 3.437603 0.373458
v -0.315059 3.437603 0.312901
v -0.156231 3.437603 0.312901
v -0.027737 3.437603 0.373458
v 0.021344 3.437603 0.471440
v 0.209473 3.286702 0.471440
v 0.124463 3.286702 0.641150
v -0.098096 3.286702 0.746037
v -0.373194 3.286702 0.746037
v -0.595753 3.286702 0.641150
v -0.680763 3.286702 0.471440
v -0.595753 3.286702 0.301730
v -0.373194 3.286702 0.196843
v -0.098096 3.286702 0.196843
v 0.124463 3.286702 0.301730
v 0.209473 3.286702 0.471440
v 0.278333 3.080569 0.471440
v 0.180172 3.080569 0.667404
v -0.076817 3.080569 0.788517
v -0.394473 3.080569 0.788517
v -0.651462 3.080569 0.667404
v -0.749623 3.080569 0.471440
v -0.651462 3.080569 0.275475
v -0.394473 3.080569 0.154362
v -0.076817 3.080569 0.154362
v 0.180172 3.080569 0.275475
v 0.278333 3.080569 0.471440
v 0.209473 2.874436 0.471440
v 0.124463 2.874436 0.641150
v -0.098096 2.874436 0.746037
v -0.373194 2.874436 0.746037
v -0.595753 2.874436 0.641150
v -0.680763 2.874436 0.471440
v -0.595753 2.874436 0.301730
v -0.373194 2.874436 0.196843
v -0.098096 2.874436 0.196843
v 0.124463 2.874436 0.301730
v 0.209473 2.874436 0.471440
v 0.021344 2.723536 0.471440
v -0.027737 2.723536 0.569422
v -0.156231 2.723536 0.629979
v -0.315059 2.723536 0.629979
v -0.443554 2.723536 0.569422
v -0.492634 2.723536 0.471440
v -0.443554 2.723536 0.373458
v -0.315059 2.723536 0.312901
v -0.156231 2.723536 0.312901
v -0.027737 2.723536 0.373458
v 0.021344 2.723536 0.471440
v -0.235645 2.668302 0.471440
v -0.235645 2.668302 0.471440
v -0.235645 2.668302 0.471440
v -0.235645 2.668302 0.471440
v -0.235645 2.668302 0.471440
v -0.235645 2.668302 0.471440
v -0.235645 2.668302 0.471440
v -0.235645 2.668302 0.471440
v -0.235645 2.668302 0.471440
v -0.235645 2.668302 0.471440
v -0.235645 2.668302 0.471440
v -0.341217 3.584332 0.793995
v -0.341217 3.584332 0.793995
v -0.341217 3.584332 0.793995
v -0.341217 3.584332 0.793995
v -0.341217 3.584332 0.793995
v -0.341217 3.584332 0.793995
v -0.341217 3.584332 0.793995
v -0.341217 3.584332 0.793995
v -0.341217 3.584332 0.793995
v -0.341217 3.584332 0.793995
v -0.341217 3.584332 0.793995
v -0.093011 3.535135 0.793995
v -0.140414 3.535135 0.932784
v -0.264517 3.535135 1.018560
v -0.417917 3.535135 1.018560
v -0.542020 3.535135 0.932784
v -0.589423 3.535135 0.793995
v -0.542020 3.535135 0.655206
v -0.417917 3.535135 0.569430
v -0.264517 3.535135 0.569430
v -0.140414 3.535135 0.655206
v -0.093011 3.535135 0.793995
v 0.088689 3.400727 0.793995
v 0.006584 3.400727 1.034384
v -0.208369 3.400727 1.182953
v -0.474065 3.400727 1.182953
v -0.689018 3.400727 1.034384
v -0.771122 3.400727 0.793995
v -0.689018 3.400727 0.553606
v -0.474065 3.400727 0.405037
v -0.208369 3.400727 0.405037
v 0.006584 3.400727 0.553606
v 0.088689 3.400727 0.793995
v 0.155195 3.217121 0.793995
v 0.060389 3.217121 1.071573
v -0.187817 3.217121 1.243125
v -0.494617 3.217121 1.243125
v -0.742823 3.217121 1.071573
v -0.837629 3.217121 0.793995
v -0.742823 3.217121 0.516417
v -0.494617 3.217121 0.344865
v -0.187817 3.217121 0.344865
v 0.060389 3.217121 0.516417
v 0.155195 3.217121 0.793995
v 0.088689 3.033516 0.793995
v 0.006584 3.033516 1.034384
v -0.208369 3.033516 1.182953
v -0.474065 3.033516 1.182953
v -0.689018 3.033516 1.034384
v -0.771122 3.033516 0.793995
v -0.689018 3.033516 0.553606
v -0.474065 3.033516 0.405037
v -0.208369 3.033516 0.405037
v 0.006584 3.033516 0.553606
v 0.088689 3.033516 0.793995
v -0.093011 2.899108 0.793995
v -0.140414 2.899108 0.932784
v -0.264517 2.899108 1.018560
v -0.417917 2.899108 1.018560
v -0.542020 2.899108 0.932784
v -0.589423 2.899108 0.793995
v -0.542020 2.899108 0.655206
v -0.417917 2.899108 0.569430
v -0.264517 2.899108 0.569430
v -0.140414 2.899108 0.655206
v -0.093011 2.899108 0.793995
v -0.341217 2.849911 0.793995
v -0.341217 2.849911 0.793995
v -0.341217 2.849911 0.793995
v -0.341217 2.849911 0.793995
v -0.341217 2.849911 0.793995
v -0.341217 2.849911 0.793995
v -0.341217 2.849911 0.793995
v -0.341217 2.849911 0.793995
v -0.341217 2.849911 0.793995
v -0.341217 2.849911 0.793995
v -0.341217 2.849911 0.793995
v 0.050964 3.930566 -0.077732
v 0.050964 3.930566 -0.077732
v 0.050964 3.930566 -0.077732
v 0.050964 3.930566 -0.077732
v 0.050964 3.930566 -0.077732
v 0.050964 3.930566 -0.077732
v 0.050964 3.930566 -0.077732
v 0.050964 3.930566 -0.077732
v 0.050964 3.930566 -0.077732
v 0.050964 3.930566 -0.077732
v 0.050964 3.930566 -0.077732
v 0.232299 3.890598 -0.077732
v 0.197667 3.890598 0.031690
v 0.107000 3.890598 0.099316
v -0.005072 3.890598 0.099316
v -0.095739 3.890598 0.031690
v -0.130371 3.890598 -0.077732
v -0.095739 3.890598 -0.187154
v -0.005072 3.890598 -0.254781
v 0.107000 3.890598 -0.254781
v 0.197667 3.890598 -0.187154
v 0.232299 3.890598 -0.077732
v 0.365045 3.781403 -0.077732
v 0.305061 3.781403 0.111792
v 0.148020 3.781403 0.228925
v -0.046092 3.781403 0.228925
v -0.203133 3.781403 0.111792
v -0.263117 3.781403 -0.077732
v -0.203133 3.781403 -0.267257
v -0.046092 3.781403 -0.384389
v 0.148020 3.781403 -0.384389
v 0.305061 3.781403 -0.267257
v 0.365045 3.781403 -0.077732
v 0.413634 3.632240 -0.077732
v 0.344370 3.632240 0.141112
v 0.163035 3.632240 0.276365
v -0.061107 3.632240 0.276365
v -0.242442 3.632240 0.141112
v -0.311706 3.632240 -0.077732
v -0.242442 3.632240 -0.296576
v -0.061107 3.632240 -0.431829
v 0.163035 3.632240 -0.431829
v 0.344370 3.632240 -0.296576
v 0.413634 3.632240 -0.077732
v 0.365045 3.483076 -0.077732
v 0.305061 3.483076 0.111792
v 0.148020 3.483076 0.228925
v -0.046092 3.483076 0.228925
v -0.203133 3.483076 0.111792
v -0.263117 3.483076 -0.077732
v -0.203133 3.483076 -0.267257
v -0.046092 3.483076 -0.384389
v 0.148020 3.483076 -0.384389
v 0.305061 3.483076 -0.267257
v 0.365045 3.483076 -0.077732
v 0.232299 3.373881 -0.077732
v 0.197667 3.373881 0.031690
v 0.107000 3.373881 0.099316
v -0.005072 3.373881 0.099316
v -0.095739 3.373881 0.031690
v -0.130371 3.373881 -0.077732
v -0.095739 3.373881 -0.187154
v -0.005072 3.373881 -0.254781
v 0.107000 3.373881 -0.254781
v 0.197667 3.373881 -0.187154
v 0.232299 3.373881 -0.077732
v 0.050964 3.333913 -0.077732
v 0.050964 3.333913 -0.077732
v 0.050964 3.333913 -0.077732
v 0.050964 3.333913 -0.077732
v 0.050964 3.333913 -0.077732
v 0.050964 3.333913 -0.077732
v 0.050964 3.333913 -0.077732
v 0.050964 3.333913 -0.077732
v 0.050964 3.333913 -0.077732
v 0.050964 3.333913 -0.077732
v 0.050964 3.333913 -0.077732
v -0.784828 3.645705 0.051757
v -0.784828 3.645705 0.051757
v -0.784828 3.645705 0.051757
v -0.784828 3.645705 0.051757
v -0.784828 3.645705 0.051757
v -0.784828 3.645705 0.051757
v -0.784828 3.645705 0.051757
v -0.784828 3.645705 0.051757
v -0.784828 3.645705 0.051757
v -0.784828 3.645705 0.051757
v -0.784828 3.645705 0.051757
v -0.586409 3.603839 0.051757
v -0.624304 3.603839 0.167124
v -0.723514 3.603839 0.238424
v -0.846143 3.603839 0.238424
v -0.945353 3.603839 0.167124
v -0.983247 3.603839 0.051757
v -0.945353 3.603839 -0.063610
v -0.846143 3.603839 -0.134910
v -0.723514 3.603839 -0.134910
v -0.624304 3.603839 -0.063610
v -0.586409 3.603839 0.051757
v -0.441157 3.489457 0.051757
v -0.506792 3.489457 0.251578
v -0.678628 3.489457 0.375074
v -0.891029 3.489457 0.375074
v -1.062865 3.489457 0.251578
v -1.128500 3.489457 0.051757
v -1.062865 3.489457 -0.148064
v -0.891029 3.489457 -0.271560
v -0.678628 3.489457 -0.271560
v -0.506792 3.489457 -0.148064
v -0.441157 3.489457 0.051757
v -0.387990 3.333208 0.051757
v -0.463780 3.333208 0.282491
v -0.662199 3.333208 0.425092
v -0.907458 3.333208 0.425092
v -1.105877 3.333208 0.282491
v -1.181666 3.333208 0.051757
v -1.105877 3.333208 -0.178977
v -0.907458 3.333208 -0.321578
v -0.662199 3.333208 -0.321578
v -0.463780 3.333208 -0.178977
v -0.387990 3.333208 0.051757
v -0.441157 3.176960 0.051757
v -0.506792 3.176960 0.251578
v -0.678628 3.176960 0.375074
v -0.891029 3.176960 0.375074
v -1.062865 3.176960 0.251578
v -1.128500 3.176960 0.051757
v -1.062865 3.176960 -0.148064
v -0.891029 3.176960 -0.271560
v -0.678628 3.176960 -0.271560
v -0.506792 3.176960 -0.148064
v -0.441157 3.176960 0.051757
v -0.586409 3.062578 0.051757
v -0.624304 3.062578 0.167124
v -0.723514 3.062578 0.238424
v -0.846143 3.062578 0.238424
v -0.945353 3.062578 0.167124
v -0.983247 3.062578 0.051757
v -0.945353 3.062578 -0.063610
v -0.846143 3.062578 -0.134910
v -0.723514 3.062578 -0.134910
v -0.624304 3.062578 -0.063610
v -0.586409 3.062578 0.051757
v -0.784828 3.020711 0.051757
v -0.784828 3.020711 0.051757
v -0.784828 3.020711 0.051757
v -0.784828 3.020711 0.051757
v -0.784828 3.020711 0.051757
v -0.784828 3.020711 0.051757
v -0.784828 3.020711 0.051757
v -0.784828 3.020711 0.051757
v -0.784828 3.020711 0.051757
v -0.784828 3.020711 0.051757
v -0.784828 3.020711 0.051757
v 0.278987 3.633456 0.159644
v 0.278987 3.633456 0.159644
v 0.278987 3.633456 0.159644
v 0.278987 3.633456 0.159644
v 0.278987 3.633456 0.159644
v 0.278987 3.633456 0.159644
v 0.278987 3.633456 0.159644
v 0.278987 3.633456 0.159644
v 0.278987 3.633456 0.159644
v 0.278987 3.633456 0.159644
v 0.278987 3.633456 0.159644
v 0.543482 3.578413 0.159644
v 0.492968 3.578413 0.255006
v 0.360720 3.578413 0.313943
v 0.197253 3.578413 0.313943
v 0.065006 3.578413 0.255006
v 0.014492 3.578413 0.159644
v 0.065006 3.578413 0.064283
v 0.197253 3.578413 0.005346
v 0.360720 3.578413 0.005346
v 0.492968 3.578413 0.064283
v 0.543482 3.578413 0.159644
v 0.737106 3.428035 0.159644
v 0.649613 3.428035 0.324815
v 0.420553 3.428035 0.426897
v 0.137420 3.428035 0.426897
v -0.091639 3.428035 0.324815
v -0.179132 3.428035 0.159644
v -0.091639 3.428035 -0.005526
v 0.137420 3.428035 -0.107608
v 0.420553 3.428035 -0.107608
v 0.649613 3.428035 -0.005526
v 0.737106 3.428035 0.159644
v 0.807977 3.222615 0.159644
v 0.706949 3.222615 0.350367
v 0.442454 3.222615 0.468241
v 0.115520 3.222615 0.468241
v -0.148976 3.222615 0.350367
v -0.250004 3.222615 0.159644
v -0.148976 3.222615 -0.031078
v 0.115520 3.222615 -0.148952
v 0.442454 3.222615 -0.148952
v 0.706949 3.222615 -0.031078
v 0.807977 3.222615 0.159644
v 0.737106 3.017195 0.159644
v 0.649613 3.017195 0.324815
v 0.420553 3.017195 0.426897
v 0.137420 3.017195 0.426897
v -0.091639 3.017195 0.324815
v -0.179132 3.017195 0.159644
v -0.091639 3.017195 -0.005526
v 0.137420 3.017195 -0.107608
v 0.420553 3.017195 -0.107608
v 0.649613 3.017195 -0.005526
v 0.737106 3.017195 0.159644
v 0.543482 2.866818 0.159644
v 0.492968 2.866818 0.255006
v 0.360720 2.866818 0.313943
v 0.197253 2.866818 0.313943
v 0.065006 2.866818 0.255006
v 0.014492 2.866818 0.159644
v 0.065006 2.866818 0.064283
v 0.197253 2.866818 0.005346
v 0.360720 2.866818 0.005346
v 0.492968 2.866818 0.064283
v 0.543482 2.866818 0.159644
v 0.278987 2.811775 0.159644
v 0.278987 2.811775 0.159644
v 0.278987 2.811775 0.159644
v 0.278987 2.811775 0.159644
v 0.278987 2.811775 0.159644
v 0.278987 2.811775 0.159644
v 0.278987 2.811775 0.159644
v 0.278987 2.811775 0.159644
v 0.278987 2.811775 0.159644
v 0.278987 2.811775 0.159644
v 0.278987 2.811775 0.159644
v -0.231648 3.795061 0.116804
v -0.231648 3.795061 0.116804
v -0.231648 3.795061 0.116804
v -0.231648 3.795061 0.116804
v -0.231648 3.795061 0.116804
v -0.231648 3.795061 0.116804
v -0.231648 3.795061 0.116804
v -0.231648 3.795061 0.116804
v -0.231648 3.795061 0.116804
v -0.231648 3.795061 0.116804
v -0.231648 3.795061 0.116804
v 0.046252 3.733597 0.116804
v -0.006822 3.733597 0.244159
v -0.145772 3.733597 0.322869
v -0.317523 3.733597 0.322869
v -0.456473 3.733597 0.244159
v -0.509547 3.733597 0.116804
v -0.456473 3.733597 -0.010551
v -0.317523 3.733597 -0.089260
v -0.145772 3.733597 -0.089260
v -0.006822 3.733597 -0.010551
v 0.046252 3.733597 0.116804
v 0.249689 3.565672 0.116804
v 0.157762 3.565672 0.337389
v -0.082906 3.565672 0.473718
v -0.380389 3.565672 0.473718
v -0.621057 3.565672 0.337389
v -0.712984 3.565672 0.116804
v -0.621057 3.565672 -0.103781
v -0.380389 3.565672 -0.240110
v -0.082906 3.565672 -0.240110
v 0.157762 3.565672 -0.103781
v 0.249689 3.565672 0.116804
v 0.324152 3.336282 0.116804
v 0.218004 3.336282 0.371514
v -0.059896 3.336282 0.528933
v -0.403399 3.336282 0.528933
v -0.681299 3.336282 0.371514
v -0.787447 3.336282 0.116804
v -0.681299 3.336282 -0.137906
v -0.403399 3.336282 -0.295325
v -0.059896 3.336282 -0.295325
v 0.218004 3.336282 -0.137906
v 0.324152 3.336282 0.116804
v 0.249689 3.106893 0.116804
v 0.157762 3.106893 0.337389
v -0.082906 3.106893 0.473718
v -0.380389 3.106893 0.473718
v -0.621057 3.106893 0.337389
v -0.712984 3.106893 0.116804
v -0.621057 3.106893 -0.103781
v -0.380389 3.106893 -0.240110
v -0.082906 3.106893 -0.240110
v 0.157762 3.106893 -0.103781
v 0.249689 3.106893 0.116804
v 0.046252 2.938968 0.116804
v -0.006822 2.938968 0.244159
v -0.145772 2.938968 0.322869
v -0.317523 2.938968 0.322869
v -0.456473 2.938968 0.244159
v -0.509547 2.938968 0.116804
v -0.456473 2.938968 -0.010551
v -0.317523 2.938968 -0.089260
v -0.145772 2.938968 -0.089260
v -0.006822 2.938968 -0.010551
v 0.046252 2.938968 0.116804
v -0.231648 2.877504 0.116804
v -0.231648 2.877504 0.116804
v -0.231648 2.877504 0.116804
v -0.231648 2.877504 0.116804
v -0.231648 2.877504 0.116804
v -0.231648 2.877504 0.116804
v -0.231648 2.877504 0.116804
v -0.231648 2.877504 0.116804
v -0.231648 2.877504 0.116804
v -0.231648 2.877504 0.116804
v -0.231648 2.877504 0.116804
v -0.833718 4.002735 0.010355
v -0.833718 4.002735 0.010355
v -0.833718 4.002735 0.010355
v -0.833718 4.002735 0.010355
v -0.833718 4.002735 0.010355
v -0.833718 4.002735 0.010355
v -0.833718 4.002735 0.010355
v -0.833718 4.002735 0.010355
v -0.833718 4.002735 0.010355
v -0.833718 4.002735 0.010355
v -0.833718 4.002735 0.010355
v -0.626442 3.944731 0.010355
v -0.666028 3.944731 0.152428
v -0.769666 3.944731 0.240235
v -0.897769 3.944731 0.240235
v -1.001407 3.944731 0.152428
v -1.040994 3.944731 0.010355
v -1.001407 3.944731 -0.131719
v -0.897769 3.944731 -0.219525
v -0.769666 3.944731 -0.219525
v -0.666028 3.944731 -0.131719
v -0.626442 3.944731 0.010355
v -0.474705 3.786260 0.010355
v -0.543271 3.786260 0.256434
v -0.722777 3.786260 0.408519
v -0.944659 3.786260 0.408519
v -1.124165 3.786260 0.256434
v -1.192730 3.786260 0.010355
v -1.124165 3.786260 -0.235724
v -0.944659 3.786260 -0.387809
v -0.722777 3.786260 -0.387809
v -0.543271 3.786260 -0.235724
v -0.474705 3.786260 0.010355
v -0.419166 3.569784 0.010355
v -0.498338 3.569784 0.294502
v -0.705614 3.569784 0.470115
v -0.961821 3.569784 0.470115
v -1.169097 3.569784 0.294502
v -1.248269 3.569784 0.010355
v -1.169097 3.569784 -0.273793
v -0.961821 3.569784 -0.449405
v -0.705614 3.569784 -0.449405
v -0.498338 3.569784 -0.273793
v -0.419166 3.569784 0.010355
v -0.474705 3.353309 0.010355
v -0.543271 3.353309 0.256434
v -0.722777 3.353309 0.408519
v -0.944659 3.353309 0.408519
v -1.124165 3.353309 0.256434
v -1.192730 3.353309 0.010355
v -1.124165 3.353309 -0.235724
v -0.944659 3.353309 -0.387809
v -0.722777 3.353309 -0.387809
v -0.543271 3.353309 -0.235724
v -0.474705 3.353309 0.010355
v -0.626442 3.194838 0.010355
v -0.666028 3.194838 0.152428
v -0.769666 3.194838 0.240235
v -0.897769 3.194838 0.240235
v -1.001407 3.194838 0.152428
v -1.040994 3.194838 0.010355
v -1.001407 3.194838 -0.131719
v -0.897769 3.194838 -0.219525
v -0.769666 3.194838 -0.219525
v -0.666028 3.194838 -0.131719
v -0.626442 3.194838 0.010355
v -0.833718 3.136833 0.010355
v -0.833718 3.136833 0.010355
v -0.833718 3.136833 0.010355
v -0.833718 3.136833 0.010355
v -0.833718 3.136833 0.010355
v -0.833718 3.136833 0.010355
v -0.833718 3.136833 0.010355
v -0.833718 3.136833 0.010355
v -0.833718 3.136833 0.010355
v -0.833718 3.136833 0.010355
v -0.833718 3.136833 0.010355
v 0.000000 4.540000 0.000000
v 0.000000 4.540000 0.000000
v 0.000000 4.540000 0.000000
v 0.000000 4.540000 0.000000
v 0.000000 4.540000 0.000000
v 0.000000 4.540000 0.000000
v 0.000000 4.540000 0.000000
v 0.000000 4.540000 0.000000
v 0.000000 4.540000 0.000000
v 0.000000 4.540000 0.000000
v 0.000000 4.540000 0.000000
v 0.000000 4.540000 0.000000
v 0.000000 4.540000 0.000000
v 0.000000 4.540000 0.000000
v 0.000000 4.540000 0.000000
v 0.244917 4.492805 0.000000
v 0.220663 4.492805 0.099624
v 0.152703 4.492805 0.179516
v 0.054499 4.492805 0.223853
v -0.054499 4.492805 0.223853
v -0.152703 4.492805 0.179516
v -0.220663 4.492805 0.099624
v -0.244917 4.492805 0.000000
v -0.220663 4.492805 -0.099624
v -0.152703 4.492805 -0.179516
v -0.054499 4.492805 -0.223853
v 0.054499 4.492805 -0.223853
v 0.152703 4.492805 -0.179516
v 0.220663 4.492805 -0.099624
v 0.244917 4.492805 -0.000000
v 0.452548 4.358406 0.000000
v 0.407732 4.358406 0.184081
v 0.282159 4.358406 0.331703
v 0.100701 4.358406 0.413627
v -0.100701 4.358406 0.413627
v -0.282159 4.358406 0.331703
v -0.407732 4.358406 0.184081
v -0.452548 4.358406 0.000000
v -0.407732 4.358406 -0.184081
v -0.282159 4.358406 -0.331703
v -0.100701 4.358406 -0.413627
v 0.100701 4.358406 -0.413627
v 0.282159 4.358406 -0.331703
v 0.407732 4.358406 -0.184081
v 0.452548 4.358406 -0.000000
v 0.591283 4.157264 0.000000
v 0.532727 4.157264 0.240514
v 0.368659 4.157264 0.433391
v 0.131573 4.157264 0.540430
v -0.131573 4.157264 0.540430
v -0.368659 4.157264 0.433391
v -0.532727 4.157264 0.240514
v -0.591283 4.157264 0.000000
v -0.532727 4.157264 -0.240514
v -0.368659 4.157264 -0.433391
v -0.131573 4.157264 -0.540430
v 0.131573 4.157264 -0.540430
v 0.368659 4.157264 -0.433391
v 0.532727 4.157264 -0.240514
v 0.591283 4.157264 -0.000000
v 0.640000 3.920000 0.000000
v 0.576620 3.920000 0.260330
v 0.399033 3.920000 0.469099
v 0.142413 3.920000 0.584957
v -0.142413 3.920000 0.584957
v -0.399033 3.920000 0.469099
v -0.576620 3.920000 0.260330
v -0.640000 3.920000 0.000000
v -0.576620 3.920000 -0.260330
v -0.399033 3.920000 -0.469099
v -0.142413 3.920000 -0.584957
v 0.142413 3.920000 -0.584957
v 0.399033 3.920000 -0.469099
v 0.576620 3.920000 -0.260330
v 0.640000 3.920000 -0.000000
v 0.591283 3.682736 0.000000
v 0.532727 3.682736 0.240514
v 0.368659 3.682736 0.433391
v 0.131573 3.682736 0.540430
v -0.131573 3.682736 0.540430
v -0.368659 3.682736 0.433391
v -0.532727 3.682736 0.240514
v -0.591283 3.682736 0.000000
v -0.532727 3.682736 -0.240514
v -0.368659 3.682736 -0.433391
v -0.131573 3.682736 -0.540430
v 0.131573 3.682736 -0.540430
v 0.368659 3.682736 -0.433391
v 0.532727 3.682736 -0.240514
v 0.591283 3.682736 -0.000000
v 0.452548 3.481594 0.000000
v 0.407732 3.481594 0.184081
v 0.282159 3.481594 0.331703
v 0.100701 3.481594 0.413627
v -0.100701 3.481594 0.413627
v -0.282159 3.481594 0.331703
v -0.407732 3.481594 0.184081
v -0.452548 3.481594 0.000000
v -0.407732 3.481594 -0.184081
v -0.282159 3.481594 -0.331703
v -0.100701 3.481594 -0.413627
v 0.100701 3.481594 -0.413627
v 0.282159 3.481594 -0.331703
v 0.407732 3.481594 -0.184081
v 0.452548 3.481594 -0.000000
v 0.244917 3.347195 0.000000
v 0.220663 3.347195 0.099624
v 0.152703 3.347195 0.179516
v 0.054499 3.347195 0.223853
v -0.054499 3.347195 0.223853
v -0.152703 3.347195 0.179516
v -0.220663 3.347195 0.099624
v -0.244917 3.347195 0.000000
v -0.220663 3.347195 -0.099624
v -0.152703 3.347195 -0.179516
v -0.054499 3.347195 -0.223853
v 0.054499 3.347195 -0.223853
v 0.152703 3.347195 -0.179516
v 0.220663 3.347195 -0.099624
v 0.244917 3.347195 -0.000000
v 0.000000 3.300000 0.000000
v 0.000000 3.300000 0.000000
v 0.000000 3.300000 0.000000
v 0.000000 3.300000 0.000000
v -0.000000 3.300000 0.000000
v -0.000000 3.300000 0.000000
v -0.000000 3.300000 0.000000
v -0.000000 3.300000 0.000000
v -0.000000 3.300000 -0.000000
v -0.000000 3.300000 -0.000000
v -0.000000 3.300000 -0.000000
v 0.000000 3.300000 -0.000000
v 0.000000 3.300000 -0.000000
v 0.000000 3.300000 -0.000000
v 0.000000 3.300000 -0.000000
vt 0.000000 0.000000
vt 0.100000 0.000000
vt 0.200000 0.000000
vt 0.300000 0.000000
vt 0.400000 0.000000
vt 0.500000 0.000000
vt 0.600000 0.000000
vt 0.700000 0.000000
vt 0.800000 0.000000
vt 0.900000 0.000000
vt 1.000000 0.000000
vt 0.000000 1.000000
vt 0.100000 1.000000
vt 0.200000 1.000000
vt 0.300000 1.000000
vt 0.400000 1.000000
vt 0.500000 1.000000
vt 0.600000 1.000000
vt 0.700000 1.000000
vt 0.800000 1.000000
vt 0.900000 1.000000
vt 1.000000 1.000000
vt 0.000000 0.000000
vt 0.100000 0.000000
vt 0.200000 0.000000
vt 0.300000 0.000000
vt 0.400000 0.000000
vt 0.500000 0.000000
vt 0.600000 0.000000
vt 0.700000 0.000000
vt 0.800000 0.000000
vt 0.900000 0.000000
vt 1.000000 0.000000
vt 0.000000 1.000000
vt 0.100000 1.000000
vt 0.200000 1.000000
vt 0.300000 1.000000
vt 0.400000 1.000000
vt 0.500000 1.000000
vt 0.600000 1.000000
vt 0.700000 1.000000
vt 0.800000 1.000000
vt 0.900000 1.000000
vt 1.000000 1.000000
vt 0.000000 0.000000
vt 0.125000 0.000000
vt 0.250000 0.000000
vt 0.375000 0.000000
vt 0.500000 0.000000
vt 0.625000 0.000000
vt 0.750000 0.000000
vt 0.875000 0.000000
vt 1.000000 0.000000
vt 0.000000 1.000000
vt 0.125000 1.000000
vt 0.250000 1.000000
vt 0.375000 1.000000
vt 0.500000 1.000000
vt 0.625000 1.000000
vt 0.750000 1.000000
vt 0.875000 1.000000
vt 1.000000 1.000000
vt 0.000000 1.000000
vt 0.083333 1.000000
vt 0.166667 1.000000
vt 0.250000 1.000000
vt 0.333333 1.000000
vt 0.416667 1.000000
vt 0.500000 1.000000
vt 0.583333 1.000000
vt 0.666667 1.000000
vt 0.750000 1.000000
vt 0.833333 1.000000
vt 0.916667 1.000000
vt 1.000000 1.000000
vt 0.000000 0.857143
vt 0.083333 0.857143
vt 0.166667 0.857143
vt 0.250000 0.857143
vt 0.333333 0.857143
vt 0.416667 0.857143
vt 0.500000 0.857143
vt 0.583333 0.857143
vt 0.666667 0.857143
vt 0.750000 0.857143
vt 0.833333 0.857143
vt 0.916667 0.857143
vt 1.000000 0.857143
vt 0.000000 0.714286
vt 0.083333 0.714286
vt 0.166667 0.714286
vt 0.250000 0.714286
vt 0.333333 0.714286
vt 0.416667 0.714286
vt 0.500000 0.714286
vt 0.583333 0.714286
vt 0.666667 0.714286
vt 0.750000 0.714286
vt 0.833333 0.714286
vt 0.916667 0.714286
vt 1.000000 0.714286
vt 0.000000 0.571429
vt 0.083333 0.571429
vt 0.166667 0.571429
vt 0.250000 0.571429
vt 0.333333 0.571429
vt 0.416667 0.571429
vt 0.500000 0.571429
vt 0.583333 0.571429
vt 0.666667 0.571429
vt 0.750000 0.571429
vt 0.833333 0.571429
vt 0.916667 0.571429
vt 1.000000 0.571429
vt 0.000000 0.428571
vt 0.083333 0.428571
vt 0.166667 0.428571
vt 0.250000 0.428571
vt 0.333333 0.428571
vt 0.416667 0.428571
vt 0.500000 0.428571
vt 0.583333 0.428571
vt 0.666667 0.428571
vt 0.750000 0.428571
vt 0.833333 0.428571
vt 0.916667 0.428571
vt 1.000000 0.428571
vt 0.000000 0.285714
vt 0.083333 0.285714
vt 0.166667 0.285714
vt 0.250000 0.285714
vt 0.333333 0.285714
vt 0.416667 0.285714
vt 0.500000 0.285714
vt 0.583333 0.285714
vt 0.666667 0.285714
vt 0.750000 0.285714
vt 0.833333 0.285714
vt 0.916667 0.285714
vt 1.000000 0.285714
vt 0.000000 0.142857
vt 0.083333 0.142857
vt 0.166667 0.142857
vt 0.250000 0.142857
vt 0.333333 0.142857
vt 0.416667 0.142857
vt 0.500000 0.142857
vt 0.583333 0.142857
vt 0.666667 0.142857
vt 0.750000 0.142857
vt 0.833333 0.142857
vt 0.916667 0.142857
vt 1.000000 0.142857
vt 0.000000 0.000000
vt 0.083333 0.000000
vt 0.166667 0.000000
vt 0.250000 0.000000
vt 0.333333 0.000000
vt 0.416667 0.000000
vt 0.500000 0.000000
vt 0.583333 0.000000
vt 0.666667 0.000000
vt 0.750000 0.000000
vt 0.833333 0.000000
vt 0.916667 0.000000
vt 1.000000 0.000000
vt 0.000000 0.000000
vt 0.125000 0.000000
vt 0.250000 0.000000
vt 0.375000 0.000000
vt 0.500000 0.000000
vt 0.625000 0.000000
vt 0.750000 0.000000
vt 0.875000 0.000000
vt 1.000000 0.000000
vt 0.000000 1.000000
vt 0.125000 1.000000
vt 0.250000 1.000000
vt 0.375000 1.000000
vt 0.500000 1.000000
vt 0.625000 1.000000
vt 0.750000 1.000000
vt 0.875000 1.000000
vt 1.000000 1.000000
vt 0.000000 1.000000
vt 0.083333 1.000000
vt 0.166667 1.000000
vt 0.250000 1.000000
vt 0.333333 1.000000
vt 0.416667 1.000000
vt 0.500000 1.000000
vt 0.583333 1.000000
vt 0.666667 1.000000
vt 0.750000 1.000000
vt 0.833333 1.000000
vt 0.916667 1.000000
vt 1.000000 1.000000
vt 0.000000 0.857143
vt 0.083333 0.857143
vt 0.166667 0.857143
vt 0.250000 0.857143
vt 0.333333 0.857143
vt 0.416667 0.857143
vt 0.500000 0.857143
vt 0.583333 0.857143
vt 0.666667 0.857143
vt 0.750000 0.857143
vt 0.833333 0.857143
vt 0.916667 0.857143
vt 1.000000 0.857143
vt 0.000000 0.714286
vt 0.083333 0.714286
vt 0.166667 0.714286
vt 0.250000 0.714286
vt 0.333333 0.714286
vt 0.416667 0.714286
vt 0.500000 0.714286
vt 0.583333 0.714286
vt 0.666667 0.714286
vt 0.750000 0.714286
vt 0.833333 0.714286
vt 0.916667 0.714286
vt 1.000000 0.714286
vt 0.000000 0.571429
vt 0.083333 0.571429
vt 0.166667 0.571429
vt 0.250000 0.571429
vt 0.333333 0.571429
vt 0.416667 0.571429
vt 0.500000 0.571429
vt 0.583333 0.571429
vt 0.666667 0.571429
vt 0.750000 0.571429
vt 0.833333 0.571429
vt 0.916667 0.571429
vt 1.000000 0.571429
vt 0.000000 0.428571
vt 0.083333 0.428571
vt 0.166667 0.428571
vt 0.250000 0.428571
vt 0.333333 0.428571
vt 0.416667 0.428571
vt 0.500000 0.428571
vt 0.583333 0.428571
vt 0.666667 0.428571
vt 0.750000 0.428571
vt 0.833333 0.428571
vt 0.916667 0.428571
vt 1.000000 0.428571
vt 0.000000 0.285714
vt 0.083333 0.285714
vt 0.166667 0.285714
vt 0.250000 0.285714
vt 0.333333 0.285714
vt 0.416667 0.285714
vt 0.500000 0.285714
vt 0.583333 0.285714
vt 0.666667 0.285714
vt 0.750000 0.285714
vt 0.833333 0.285714
vt 0.916667 0.285714
vt 1.000000 0.285714
vt 0.000000 0.142857
vt 0.083333 0.142857
vt 0.166667 0.142857
vt 0.250000 0.142857
vt 0.333333 0.142857
vt 0.416667 0.142857
vt 0.500000 0.142857
vt 0.583333 0.142857
vt 0.666667 0.142857
vt 0.750000 0.142857
vt 0.833333 0.142857
vt 0.916667 0.142857
vt 1.000000 0.142857
vt 0.000000 0.000000
vt 0.083333 0.000000
vt 0.166667 0.000000
vt 0.250000 0.000000
vt 0.333333 0.000000
vt 0.416667 0.000000
vt 0.500000 0.000000
vt 0.583333 0.000000
vt 0.666667 0.000000
vt 0.750000 0.000000
vt 0.833333 0.000000
vt 0.916667 0.000000
vt 1.000000 0.000000
vt 0.000000 0.000000
vt 0.125000 0.000000
vt 0.250000 0.000000
vt 0.375000 0.000000
vt 0.500000 0.000000
vt 0.625000 0.000000
vt 0.750000 0.000000
vt 0.875000 0.000000
vt 1.000000 0.000000
vt 0.000000 1.000000
vt 0.125000 1.000000
vt 0.250000 1.000000
vt 0.375000 1.000000
vt 0.500000 1.000000
vt 0.625000 1.000000
vt 0.750000 1.000000
vt 0.875000 1.000000
vt 1.000000 1.000000
vt 0.000000 1.000000
vt 0.083333 1.000000
vt 0.166667 1.000000
vt 0.250000 1.000000
vt 0.333333 1.000000
vt 0.416667 1.000000
vt 0.500000 1.000000
vt 0.583333 1.000000
vt 0.666667 1.000000
vt 0.750000 1.000000
vt 0.833333 1.000000
vt 0.916667 1.000000
vt 1.000000 1.000000
vt 0.000000 0.857143
vt 0.083333 0.857143
vt 0.166667 0.857143
vt 0.250000 0.857143
vt 0.333333 0.857143
vt 0.416667 0.857143
vt 0.500000 0.857143
vt 0.583333 0.857143
vt 0.666667 0.857143
vt 0.750000 0.857143
vt 0.833333 0.857143
vt 0.916667 0.857143
vt 1.000000 0.857143
vt 0.000000 0.714286
vt 0.083333 0.714286
vt 0.166667 0.714286
vt 0.250000 0.714286
vt 0.333333 0.714286
vt 0.416667 0.714286
vt 0.500000 0.714286
vt 0.583333 0.714286
vt 0.666667 0.714286
vt 0.750000 0.714286
vt 0.833333 0.714286
vt 0.916667 0.714286
vt 1.000000 0.714286
vt 0.000000 0.571429
vt 0.083333 0.571429
vt 0.166667 0.571429
vt 0.250000 0.571429
vt 0.333333 0.571429
vt 0.416667 0.571429
vt 0.500000 0.571429
vt 0.583333 0.571429
vt 0.666667 0.571429
vt 0.750000 0.571429
vt 0.833333 0.571429
vt 0.916667 0.571429
vt 1.000000 0.571429
vt 0.000000 0.428571
vt 0.083333 0.428571
vt 0.166667 0.428571
vt 0.250000 0.428571
vt 0.333333 0.428571
vt 0.416667 0.428571
vt 0.500000 0.428571
vt 0.583333 0.428571
vt 0.666667 0.428571
vt 0.750000 0.428571
vt 0.833333 0.428571
vt 0.916667 0.428571
vt 1.000000 0.428571
vt 0.000000 0.285714
vt 0.083333 0.285714
vt 0.166667 0.285714
vt 0.250000 0.285714
vt 0.333333 0.285714
vt 0.416667 0.285714
vt 0.500000 0.285714
vt 0.583333 0.285714
vt 0.666667 0.285714
vt 0.750000 0.285714
vt 0.833333 0.285714
vt 0.916667 0.285714
vt 1.000000 0.285714
vt 0.000000 0.142857
vt 0.083333 0.142857
vt 0.166667 0.142857
vt 0.250000 0.142857
vt 0.333333 0.142857
vt 0.416667 0.142857
vt 0.500000 0.142857
vt 0.583333 0.142857
vt 0.666667 0.142857
vt 0.750000 0.142857
vt 0.833333 0.142857
vt 0.916667 0.142857
vt 1.000000 0.142857
vt 0.000000 0.000000
vt 0.083333 0.000000
vt 0.166667 0.000000
vt 0.250000 0.000000
vt 0.333333 0.000000
vt 0.416667 0.000000
vt 0.500000 0.000000
vt 0.583333 0.000000
vt 0.666667 0.000000
vt 0.750000 0.000000
vt 0.833333 0.000000
vt 0.916667 0.000000
vt 1.000000 0.000000
vt 0.000000 0.000000
vt 0.125000 0.000000
vt 0.250000 0.000000
vt 0.375000 0.000000
vt 0.500000 0.000000
vt 0.625000 0.000000
vt 0.750000 0.000000
vt 0.875000 0.000000
vt 1.000000 0.000000
vt 0.000000 1.000000
vt 0.125000 1.000000
vt 0.250000 1.000000
vt 0.375000 1.000000
vt 0.500000 1.000000
vt 0.625000 1.000000
vt 0.750000 1.000000
vt 0.875000 1.000000
vt 1.000000 1.000000
vt 0.000000 1.000000
vt 0.083333 1.000000
vt 0.166667 1.000000
vt 0.250000 1.000000
vt 0.333333 1.000000
vt 0.416667 1.000000
vt 0.500000 1.000000
vt 0.583333 1.000000
vt 0.666667 1.000000
vt 0.750000 1.000000
vt 0.833333 1.000000
vt 0.916667 1.000000
vt 1.000000 1.000000
vt 0.000000 0.857143
vt 0.083333 0.857143
vt 0.166667 0.857143
vt 0.250000 0.857143
vt 0.333333 0.857143
vt 0.416667 0.857143
vt 0.500000 0.857143
vt 0.583333 0.857143
vt 0.666667 0.857143
vt 0.750000 0.857143
vt 0.833333 0.857143
vt 0.916667 0.857143
vt 1.000000 0.857143
vt 0.000000 0.714286
vt 0.083333 0.714286
vt 0.166667 0.714286
vt 0.250000 0.714286
vt 0.333333 0.714286
vt 0.416667 0.714286
vt 0.500000 0.714286
vt 0.583333 0.714286
vt 0.666667 0.714286
vt 0.750000 0.714286
vt 0.833333 0.714286
vt 0.916667 0.714286
vt 1.000000 0.714286
vt 0.000000 0.571429
vt 0.083333 0.571429
vt 0.166667 0.571429
vt 0.250000 0.571429
vt 0.333333 0.571429
vt 0.416667 0.571429
vt 0.500000 0.571429
vt 0.583333 0.571429
vt 0.666667 0.571429
vt 0.750000 0.571429
vt 0.833333 0.571429
vt 0.916667 0.571429
vt 1.000000 0.571429
vt 0.000000 0.428571
vt 0.083333 0.428571
vt 0.166667 0.428571
vt 0.250000 0.428571
vt 0.333333 0.428571
vt 0.416667 0.428571
vt 0.500000 0.428571
vt 0.583333 0.428571
vt 0.666667 0.428571
vt 0.750000 0.428571
vt 0.833333 0.428571
vt 0.916667 0.428571
vt 1.000000 0.428571
vt 0.000000 0.285714
vt 0.083333 0.285714
vt 0.166667 0.285714
vt 0.250000 0.285714
vt 0.333333 0.285714
vt 0.416667 0.285714
vt 0.500000 0.285714
vt 0.583333 0.285714
vt 0.666667 0.285714
vt 0.750000 0.285714
vt 0.833333 0.285714
vt 0.916667 0.285714
vt 1.000000 0.285714
vt 0.000000 0.142857
vt 0.083333 0.142857
vt 0.166667 0.142857
vt 0.250000 0.142857
vt 0.333333 0.142857
vt 0.416667 0.142857
vt 0.500000 0.142857
vt 0.583333 0.142857
vt 0.666667 0.142857
vt 0.750000 0.142857
vt 0.833333 0.142857
vt 0.916667 0.142857
vt 1.000000 0.142857
vt 0.000000 0.000000
vt 0.083333 0.000000
vt 0.166667 0.000000
vt 0.250000 0.000000
vt 0.333333 0.000000
vt 0.416667 0.000000
vt 0.500000 0.000000
vt 0.583333 0.000000
vt 0.666667 0.000000
vt 0.750000 0.000000
vt 0.833333 0.000000
vt 0.916667 0.000000
vt 1.000000 0.000000
vt 0.000000 0.000000
vt 0.125000 0.000000
vt 0.250000 0.000000
vt 0.375000 0.000000
vt 0.500000 0.000000
vt 0.625000 0.000000
vt 0.750000 0.000000
vt 0.875000 0.000000
vt 1.000000 0.000000
vt 0.000000 1.000000
vt 0.125000 1.000000
vt 0.250000 1.000000
vt 0.375000 1.000000
vt 0.500000 1.000000
vt 0.625000 1.000000
vt 0.750000 1.000000
vt 0.875000 1.000000
vt 1.000000 1.000000
vt 0.000000 1.000000
vt 0.083333 1.000000
vt 0.166667 1.000000
vt 0.250000 1.000000
vt 0.333333 1.000000
vt 0.416667 1.000000
vt 0.500000 1.000000
vt 0.583333 1.000000
vt 0.666667 1.000000
vt 0.750000 1.000000
vt 0.833333 1.000000
vt 0.916667 1.000000
vt 1.000000 1.000000
vt 0.000000 0.857143
vt 0.083333 0.857143
vt 0.166667 0.857143
vt 0.250000 0.857143
vt 0.333333 0.857143
vt 0.416667 0.857143
vt 0.500000 0.857143
vt 0.583333 0.857143
vt 0.666667 0.857143
vt 0.750000 0.857143
vt 0.833333 0.857143
vt 0.916667 0.857143
vt 1.000000 0.857143
vt 0.000000 0.714286
vt 0.083333 0.714286
vt 0.166667 0.714286
vt 0.250000 0.714286
vt 0.333333 0.714286
vt 0.416667 0.714286
vt 0.500000 0.714286
vt 0.583333 0.714286
vt 0.666667 0.714286
vt 0.750000 0.714286
vt 0.833333 0.714286
vt 0.916667 0.714286
vt 1.000000 0.714286
vt 0.000000 0.571429
vt 0.083333 0.571429
vt 0.166667 0.571429
vt 0.250000 0.571429
vt 0.333333 0.571429
vt 0.416667 0.571429
vt 0.500000 0.571429
vt 0.583333 0.571429
vt 0.666667 0.571429
vt 0.750000 0.571429
vt 0.833333 0.571429
vt 0.916667 0.571429
vt 1.000000 0.571429
vt 0.000000 0.428571
vt 0.083333 0.428571
vt 0.166667 0.428571
vt 0.250000 0.428571
vt 0.333333 0.428571
vt 0.416667 0.428571
vt 0.500000 0.428571
vt 0.583333 0.428571
vt 0.666667 0.428571
vt 0.750000 0.428571
vt 0.833333 0.428571
vt 0.916667 0.428571
vt 1.000000 0.428571
vt 0.000000 0.285714
vt 0.083333 0.285714
vt 0.166667 0.285714
vt 0.250000 0.285714
vt 0.333333 0.285714
vt 0.416667 0.285714
vt 0.500000 0.285714
vt 0.583333 0.285714
vt 0.666667 0.285714
vt 0.750000 0.285714
vt 0.833333 0.285714
vt 0.916667 0.285714
vt 1.000000 0.285714
vt 0.000000 0.142857
vt 0.083333 0.142857
vt 0.166667 0.142857
vt 0.250000 0.142857
vt 0.333333 0.142857
vt 0.416667 0.142857
vt 0.500000 0.142857
vt 0.583333 0.142857
vt 0.666667 0.142857
vt 0.750000 0.142857
vt 0.833333 0.142857
vt 0.916667 0.142857
vt 1.000000 0.142857
vt 0.000000 0.000000
vt 0.083333 0.000000
vt 0.166667 0.000000
vt 0.250000 0.000000
vt 0.333333 0.000000
vt 0.416667 0.000000
vt 0.500000 0.000000
vt 0.583333 0.000000
vt 0.666667 0.000000
vt 0.750000 0.000000
vt 0.833333 0.000000
vt 0.916667 0.000000
vt 1.000000 0.000000
vt 0.000000 0.000000
vt 0.125000 0.000000
vt 0.250000 0.000000
vt 0.375000 0.000000
vt 0.500000 0.000000
vt 0.625000 0.000000
vt 0.750000 0.000000
vt 0.875000 0.000000
vt 1.000000 0.000000
vt 0.000000 1.000000
vt 0.125000 1.000000
vt 0.250000 1.000000
vt 0.375000 1.000000
vt 0.500000 1.000000
vt 0.625000 1.000000
vt 0.750000 1.000000
vt 0.875000 1.000000
vt 1.000000 1.000000
vt 0.000000 1.000000
vt 0.083333 1.000000
vt 0.166667 1.000000
vt 0.250000 1.000000
vt 0.333333 1.000000
vt 0.416667 1.000000
vt 0.500000 1.000000
vt 0.583333 1.000000
vt 0.666667 1.000000
vt 0.750000 1.000000
vt 0.833333 1.000000
vt 0.916667 1.000000
vt 1.000000 1.000000
vt 0.000000 0.857143
vt 0.083333 0.857143
vt 0.166667 0.857143
vt 0.250000 0.857143
vt 0.333333 0.857143
vt 0.416667 0.857143
vt 0.500000 0.857143
vt 0.583333 0.857143
vt 0.666667 0.857143
vt 0.750000 0.857143
vt 0.833333 0.857143
vt 0.916667 0.857143
vt 1.000000 0.857143
vt 0.000000 0.714286
vt 0.083333 0.714286
vt 0.166667 0.714286
vt 0.250000 0.714286
vt 0.333333 0.714286
vt 0.416667 0.714286
vt 0.500000 0.714286
vt 0.583333 0.714286
vt 0.666667 0.714286
vt 0.750000 0.714286
vt 0.833333 0.714286
vt 0.916667 0.714286
vt 1.000000 0.714286
vt 0.000000 0.571429
vt 0.083333 0.571429
vt 0.166667 0.571429
vt 0.250000 0.571429
vt 0.333333 0.571429
vt 0.416667 0.571429
vt 0.500000 0.571429
vt 0.583333 0.571429
vt 0.666667 0.571429
vt 0.750000 0.571429
vt 0.833333 0.571429
vt 0.916667 0.571429
vt 1.000000 0.571429
vt 0.000000 0.428571
vt 0.083333 0.428571
vt 0.166667 0.428571
vt 0.250000 0.428571
vt 0.333333 0.428571
vt 0.416667 0.428571
vt 0.500000 0.428571
vt 0.583333 0.428571
vt 0.666667 0.428571
vt 0.750000 0.428571
vt 0.833333 0.428571
vt 0.916667 0.428571
vt 1.000000 0.428571
vt 0.000000 0.285714
vt 0.083333 0.285714
vt 0.166667 0.285714
vt 0.250000 0.285714
vt 0.333333 0.285714
vt 0.416667 0.285714
vt 0.500000 0.285714
vt 0.583333 0.285714
vt 0.666667 0.285714
vt 0.750000 0.285714
vt 0.833333 0.285714
vt 0.916667 0.285714
vt 1.000000 0.285714
vt 0.000000 0.142857
vt 0.083333 0.142857
vt 0.166667 0.142857
vt 0.250000 0.142857
vt 0.333333 0.142857
vt 0.416667 0.142857
vt 0.500000 0.142857
vt 0.583333 0.142857
vt 0.666667 0.142857
vt 0.750000 0.142857
vt 0.833333 0.142857
vt 0.916667 0.142857
vt 1.000000 0.142857
vt 0.000000 0.000000
vt 0.083333 0.000000
vt 0.166667 0.000000
vt 0.250000 0.000000
vt 0.333333 0.000000
vt 0.416667 0.000000
vt 0.500000 0.000000
vt 0.583333 0.000000
vt 0.666667 0.000000
vt 0.750000 0.000000
vt 0.833333 0.000000
vt 0.916667 0.000000
vt 1.000000 0.000000
vt 0.000000 0.000000
vt 0.125000 0.000000
vt 0.250000 0.000000
vt 0.375000 0.000000
vt 0.500000 0.000000
vt 0.625000 0.000000
vt 0.750000 0.000000
vt 0.875000 0.000000
vt 1.000000 0.000000
vt 0.000000 1.000000
vt 0.125000 1.000000
vt 0.250000 1.000000
vt 0.375000 1.000000
vt 0.500000 1.000000
vt 0.625000 1.000000
vt 0.750000 1.000000
vt 0.875000 1.000000
vt 1.000000 1.000000
vt 0.000000 1.000000
vt 0.083333 1.000000
vt 0.166667 1.000000
vt 0.250000 1.000000
vt 0.333333 1.000000
vt 0.416667 1.000000
vt 0.500000 1.000000
vt 0.583333 1.000000
vt 0.666667 1.000000
vt 0.750000 1.000000
vt 0.833333 1.000000
vt 0.916667 1.000000
vt 1.000000 1.000000
vt 0.000000 0.857143
vt 0.083333 0.857143
vt 0.166667 0.857143
vt 0.250000 0.857143
vt 0.333333 0.857143
vt 0.416667 0.857143
vt 0.500000 0.857143
vt 0.583333 0.857143
vt 0.666667 0.857143
vt 0.750000 0.857143
vt 0.833333 0.857143
vt 0.916667 0.857143
vt 1.000000 0.857143
vt 0.000000 0.714286
vt 0.083333 0.714286
vt 0.166667 0.714286
vt 0.250000 0.714286
vt 0.333333 0.714286
vt 0.416667 0.714286
vt 0.500000 0.714286
vt 0.583333 0.714286
vt 0.666667 0.714286
vt 0.750000 0.714286
vt 0.833333 0.714286
vt 0.916667 0.714286
vt 1.000000 0.714286
vt 0.000000 0.571429
vt 0.083333 0.571429
vt 0.166667 0.571429
vt 0.250000 0.571429
vt 0.333333 0.571429
vt 0.416667 0.571429
vt 0.500000 0.571429
vt 0.583333 0.571429
vt 0.666667 0.571429
vt 0.750000 0.571429
vt 0.833333 0.571429
vt 0.916667 0.571429
vt 1.000000 0.571429
vt 0.000000 0.428571
vt 0.083333 0.428571
vt 0.166667 0.428571
vt 0.250000 0.428571
vt 0.333333 0.428571
vt 0.416667 0.428571
vt 0.500000 0.428571
vt 0.583333 0.428571
vt 0.666667 0.428571
vt 0.750000 0.428571
vt 0.833333 0.428571
vt 0.916667 0.428571
vt 1.000000 0.428571
vt 0.000000 0.285714
vt 0.083333 0.285714
vt 0.166667 0.285714
vt 0.250000 0.285714
vt 0.333333 0.285714
vt 0.416667 0.285714
vt 0.500000 0.285714
vt 0.583333 0.285714
vt 0.666667 0.285714
vt 0.750000 0.285714
vt 0.833333 0.285714
vt 0.916667 0.285714
vt 1.000000 0.285714
vt 0.000000 0.142857
vt 0.083333 0.142857
vt 0.166667 0.142857
vt 0.250000 0.142857
vt 0.333333 0.142857
vt 0.416667 0.142857
vt 0.500000 0.142857
vt 0.583333 0.142857
vt 0.666667 0.142857
vt 0.750000 0.142857
vt 0.833333 0.142857
vt 0.916667 0.142857
vt 1.000000 0.142857
vt 0.000000 0.000000
vt 0.083333 0.000000
vt 0.166667 0.000000
vt 0.250000 0.000000
vt 0.333333 0.000000
vt 0.416667 0.000000
vt 0.500000 0.000000
vt 0.583333 0.000000
vt 0.666667 0.000000
vt 0.750000 0.000000
vt 0.833333 0.000000
vt 0.916667 0.000000
vt 1.000000 0.000000
vt 0.000000 0.000000
vt 0.125000 0.000000
vt 0.250000 0.000000
vt 0.375000 0.000000
vt 0.500000 0.000000
vt 0.625000 0.000000
vt 0.750000 0.000000
vt 0.875000 0.000000
vt 1.000000 0.000000
vt 0.000000 1.000000
vt 0.125000 1.000000
vt 0.250000 1.000000
vt 0.375000 1.000000
vt 0.500000 1.000000
vt 0.625000 1.000000
vt 0.750000 1.000000
vt 0.875000 1.000000
vt 1.000000 1.000000
vt 0.000000 1.000000
vt 0.083333 1.000000
vt 0.166667 1.000000
vt 0.250000 1.000000
vt 0.333333 1.000000
vt 0.416667 1.000000
vt 0.500000 1.000000
vt 0.583333 1.000000
vt 0.666667 1.000000
vt 0.750000 1.000000
vt 0.833333 1.000000
vt 0.916667 1.000000
vt 1.000000 1.000000
vt 0.000000 0.857143
vt 0.083333 0.857143
vt 0.166667 0.857143
vt 0.250000 0.857143
vt 0.333333 0.857143
vt 0.416667 0.857143
vt 0.500000 0.857143
vt 0.583333 0.857143
vt 0.666667 0.857143
vt 0.750000 0.857143
vt 0.833333 0.857143
vt 0.916667 0.857143
vt 1.000000 0.857143
vt 0.000000 0.714286
vt 0.083333 0.714286
vt 0.166667 0.714286
vt 0.250000 0.714286
vt 0.333333 0.714286
vt 0.416667 0.714286
vt 0.500000 0.714286
vt 0.583333 0.714286
vt 0.666667 0.714286
vt 0.750000 0.714286
vt 0.833333 0.714286
vt 0.916667 0.714286
vt 1.000000 0.714286
vt 0.000000 0.571429
vt 0.083333 0.571429
vt 0.166667 0.571429
vt 0.250000 0.571429
vt 0.333333 0.571429
vt 0.416667 0.571429
vt 0.500000 0.571429
vt 0.583333 0.571429
vt 0.666667 0.571429
vt 0.750000 0.571429
vt 0.833333 0.571429
vt 0.916667 0.571429
vt 1.000000 0.571429
vt 0.000000 0.428571
vt 0.083333 0.428571
vt 0.166667 0.428571
vt 0.250000 0.428571
vt 0.333333 0.428571
vt 0.416667 0.428571
vt 0.500000 0.428571
vt 0.583333 0.428571
vt 0.666667 0.428571
vt 0.750000 0.428571
vt 0.833333 0.428571
vt 0.916667 0.428571
vt 1.000000 0.428571
vt 0.000000 0.285714
vt 0.083333 0.285714
vt 0.166667 0.285714
vt 0.250000 0.285714
vt 0.333333 0.285714
vt 0.416667 0.285714
vt 0.500000 0.285714
vt 0.583333 0.285714
vt 0.666667 0.285714
vt 0.750000 0.285714
vt 0.833333 0.285714
vt 0.916667 0.285714
vt 1.000000 0.285714
vt 0.000000 0.142857
vt 0.083333 0.142857
vt 0.166667 0.142857
vt 0.250000 0.142857
vt 0.333333 0.142857
vt 0.416667 0.142857
vt 0.500000 0.142857
vt 0.583333 0.142857
vt 0.666667 0.142857
vt 0.750000 0.142857
vt 0.833333 0.142857
vt 0.916667 0.142857
vt 1.000000 0.142857
vt 0.000000 0.000000
vt 0.083333 0.000000
vt 0.166667 0.000000
vt 0.250000 0.000000
vt 0.333333 0.000000
vt 0.416667 0.000000
vt 0.500000 0.000000
vt 0.583333 0.000000
vt 0.666667 0.000000
vt 0.750000 0.000000
vt 0.833333 0.000000
vt 0.916667 0.000000
vt 1.000000 0.000000
vt 0.000000 0.000000
vt 0.125000 0.000000
vt 0.250000 0.000000
vt 0.375000 0.000000
vt 0.500000 0.000000
vt 0.625000 0.000000
vt 0.750000 0.000000
vt 0.875000 0.000000
vt 1.000000 0.000000
vt 0.000000 1.000000
vt 0.125000 1.000000
vt 0.250000 1.000000
vt 0.375000 1.000000
vt 0.500000 1.000000
vt 0.625000 1.000000
vt 0.750000 1.000000
vt 0.875000 1.000000
vt 1.000000 1.000000
vt 0.000000 1.000000
vt 0.083333 1.000000
vt 0.166667 1.000000
vt 0.250000 1.000000
vt 0.333333 1.000000
vt 0.416667 1.000000
vt 0.500000 1.000000
vt 0.583333 1.000000
vt 0.666667 1.000000
vt 0.750000 1.000000
vt 0.833333 1.000000
vt 0.916667 1.000000
vt 1.000000 1.000000
vt 0.000000 0.857143
vt 0.083333 0.857143
vt 0.166667 0.857143
vt 0.250000 0.857143
vt 0.333333 0.857143
vt 0.416667 0.857143
vt 0.500000 0.857143
vt 0.583333 0.857143
vt 0.666667 0.857143
vt 0.750000 0.857143
vt 0.833333 0.857143
vt 0.916667 0.857143
vt 1.000000 0.857143
vt 0.000000 0.714286
vt 0.083333 0.714286
vt 0.166667 0.714286
vt 0.250000 0.714286
vt 0.333333 0.714286
vt 0.416667 0.714286
vt 0.500000 0.714286
vt 0.583333 0.714286
vt 0.666667 0.714286
vt 0.750000 0.714286
vt 0.833333 0.714286
vt 0.916667 0.714286
vt 1.000000 0.714286
vt 0.000000 0.571429
vt 0.083333 0.571429
vt 0.166667 0.571429
vt 0.250000 0.571429
vt 0.333333 0.571429
vt 0.416667 0.571429
vt 0.500000 0.571429
vt 0.583333 0.571429
vt 0.666667 0.571429
vt 0.750000 0.571429
vt 0.833333 0.571429
vt 0.916667 0.571429
vt 1.000000 0.571429
vt 0.000000 0.428571
vt 0.083333 0.428571
vt 0.166667 0.428571
vt 0.250000 0.428571
vt 0.333333 0.428571
vt 0.416667 0.428571
vt 0.500000 0.428571
vt 0.583333 0.428571
vt 0.666667 0.428571
vt 0.750000 0.428571
vt 0.833333 0.428571
vt 0.916667 0.428571
vt 1.000000 0.428571
vt 0.000000 0.285714
vt 0.083333 0.285714
vt 0.166667 0.285714
vt 0.250000 0.285714
vt 0.333333 0.285714
vt 0.416667 0.285714
vt 0.500000 0.285714
vt 0.583333 0.285714
vt 0.666667 0.285714
vt 0.750000 0.285714
vt 0.833333 0.285714
vt 0.916667 0.285714
vt 1.000000 0.285714
vt 0.000000 0.142857
vt 0.083333 0.142857
vt 0.166667 0.142857
vt 0.250000 0.142857
vt 0.333333 0.142857
vt 0.416667 0.142857
vt 0.500000 0.142857
vt 0.583333 0.142857
vt 0.666667 0.142857
vt 0.750000 0.142857
vt 0.833333 0.142857
vt 0.916667 0.142857
vt 1.000000 0.142857
vt 0.000000 0.000000
vt 0.083333 0.000000
vt 0.166667 0.000000
vt 0.250000 0.000000
vt 0.333333 0.000000
vt 0.416667 0.000000
vt 0.500000 0.000000
vt 0.583333 0.000000
vt 0.666667 0.000000
vt 0.750000 0.000000
vt 0.833333 0.000000
vt 0.916667 0.000000
vt 1.000000 0.000000
vt 0.000000 0.000000
vt 0.125000 0.000000
vt 0.250000 0.000000
vt 0.375000 0.000000
vt 0.500000 0.000000
vt 0.625000 0.000000
vt 0.750000 0.000000
vt 0.875000 0.000000
vt 1.000000 0.000000
vt 0.000000 1.000000
vt 0.125000 1.000000
vt 0.250000 1.000000
vt 0.375000 1.000000
vt 0.500000 1.000000
vt 0.625000 1.000000
vt 0.750000 1.000000
vt 0.875000 1.000000
vt 1.000000 1.000000
vt 0.000000 1.000000
vt 0.083333 1.000000
vt 0.166667 1.000000
vt 0.250000 1.000000
vt 0.333333 1.000000
vt 0.416667 1.000000
vt 0.500000 1.000000
vt 0.583333 1.000000
vt 0.666667 1.000000
vt 0.750000 1.000000
vt 0.833333 1.000000
vt 0.916667 1.000000
vt 1.000000 1.000000
vt 0.000000 0.857143
vt 0.083333 0.857143
vt 0.166667 0.857143
vt 0.250000 0.857143
vt 0.333333 0.857143
vt 0.416667 0.857143
vt 0.500000 0.857143
vt 0.583333 0.857143
vt 0.666667 0.857143
vt 0.750000 0.857143
vt 0.833333 0.857143
vt 0.916667 0.857143
vt 1.000000 0.857143
vt 0.000000 0.714286
vt 0.083333 0.714286
vt 0.166667 0.714286
vt 0.250000 0.714286
vt 0.333333 0.714286
vt 0.416667 0.714286
vt 0.500000 0.714286
vt 0.583333 0.714286
vt 0.666667 0.714286
vt 0.750000 0.714286
vt 0.833333 0.714286
vt 0.916667 0.714286
vt 1.000000 0.714286
vt 0.000000 0.571429
vt 0.083333 0.571429
vt 0.166667 0.571429
vt 0.250000 0.571429
vt 0.333333 0.571429
vt 0.416667 0.571429
vt 0.500000 0.571429
vt 0.583333 0.571429
vt 0.666667 0.571429
vt 0.750000 0.571429
vt 0.833333 0.571429
vt 0.916667 0.571429
vt 1.000000 0.571429
vt 0.000000 0.428571
vt 0.083333 0.428571
vt 0.166667 0.428571
vt 0.250000 0.428571
vt 0.333333 0.428571
vt 0.416667 0.428571
vt 0.500000 0.428571
vt 0.583333 0.428571
vt 0.666667 0.428571
vt 0.750000 0.428571
vt 0.833333 0.428571
vt 0.916667 0.428571
vt 1.000000 0.428571
vt 0.000000 0.285714
vt 0.083333 0.285714
vt 0.166667 0.285714
vt 0.250000 0.285714
vt 0.333333 0.285714
vt 0.416667 0.285714
vt 0.500000 0.285714
vt 0.583333 0.285714
vt 0.666667 0.285714
vt 0.750000 0.285714
vt 0.833333 0.285714
vt 0.916667 0.285714
vt 1.000000 0.285714
vt 0.000000 0.142857
vt 0.083333 0.142857
vt 0.166667 0.142857
vt 0.250000 0.142857
vt 0.333333 0.142857
vt 0.416667 0.142857
vt 0.500000 0.142857
vt 0.583333 0.142857
vt 0.666667 0.142857
vt 0.750000 0.142857
vt 0.833333 0.142857
vt 0.916667 0.142857
vt 1.000000 0.142857
vt 0.000000 0.000000
vt 0.083333 0.000000
vt 0.166667 0.000000
vt 0.250000 0.000000
vt 0.333333 0.000000
vt 0.416667 0.000000
vt 0.500000 0.000000
vt 0.583333 0.000000
vt 0.666667 0.000000
vt 0.750000 0.000000
vt 0.833333 0.000000
vt 0.916667 0.000000
vt 1.000000 0.000000
vt 0.000000 0.000000
vt 0.125000 0.000000
vt 0.250000 0.000000
vt 0.375000 0.000000
vt 0.500000 0.000000
vt 0.625000 0.000000
vt 0.750000 0.000000
vt 0.875000 0.000000
vt 1.000000 0.000000
vt 0.000000 1.000000
vt 0.125000 1.000000
vt 0.250000 1.000000
vt 0.375000 1.000000
vt 0.500000 1.000000
vt 0.625000 1.000000
vt 0.750000 1.000000
vt 0.875000 1.000000
vt 1.000000 1.000000
vt 0.000000 1.000000
vt 0.083333 1.000000
vt 0.166667 1.000000
vt 0.250000 1.000000
vt 0.333333 1.000000
vt 0.416667 1.000000
vt 0.500000 1.000000
vt 0.583333 1.000000
vt 0.666667 1.000000
vt 0.750000 1.000000
vt 0.833333 1.000000
vt 0.916667 1.000000
vt 1.000000 1.000000
vt 0.000000 0.857143
vt 0.083333 0.857143
vt 0.166667 0.857143
vt 0.250000 0.857143
vt 0.333333 0.857143
vt 0.416667 0.857143
vt 0.500000 0.857143
vt 0.583333 0.857143
vt 0.666667 0.857143
vt 0.750000 0.857143
vt 0.833333 0.857143
vt 0.916667 0.857143
vt 1.000000 0.857143
vt 0.000000 0.714286
vt 0.083333 0.714286
vt 0.166667 0.714286
vt 0.250000 0.714286
vt 0.333333 0.714286
vt 0.416667 0.714286
vt 0.500000 0.714286
vt 0.583333 0.714286
vt 0.666667 0.714286
vt 0.750000 0.714286
vt 0.833333 0.714286
vt 0.916667 0.714286
vt 1.000000 0.714286
vt 0.000000 0.571429
vt 0.083333 0.571429
vt 0.166667 0.571429
vt 0.250000 0.571429
vt 0.333333 0.571429
vt 0.416667 0.571429
vt 0.500000 0.571429
vt 0.583333 0.571429
vt 0.666667 0.571429
vt 0.750000 0.571429
vt 0.833333 0.571429
vt 0.916667 0.571429
vt 1.000000 0.571429
vt 0.000000 0.428571
vt 0.083333 0.428571
vt 0.166667 0.428571
vt 0.250000 0.428571
vt 0.333333 0.428571
vt 0.416667 0.428571
vt 0.500000 0.428571
vt 0.583333 0.428571
vt 0.666667 0.428571
vt 0.750000 0.428571
vt 0.833333 0.428571
vt 0.916667 0.428571
vt 1.000000 0.428571
vt 0.000000 0.285714
vt 0.083333 0.285714
vt 0.166667 0.285714
vt 0.250000 0.285714
vt 0.333333 0.285714
vt 0.416667 0.285714
vt 0.500000 0.285714
vt 0.583333 0.285714
vt 0.666667 0.285714
vt 0.750000 0.285714
vt 0.833333 0.285714
vt 0.916667 0.285714
vt 1.000000 0.285714
vt 0.000000 0.142857
vt 0.083333 0.142857
vt 0.166667 0.142857
vt 0.250000 0.142857
vt 0.333333 0.142857
vt 0.416667 0.142857
vt 0.500000 0.142857
vt 0.583333 0.142857
vt 0.666667 0.142857
vt 0.750000 0.142857
vt 0.833333 0.142857
vt 0.916667 0.142857
vt 1.000000 0.142857
vt 0.000000 0.000000
vt 0.083333 0.000000
vt 0.166667 0.000000
vt 0.250000 0.000000
vt 0.333333 0.000000
vt 0.416667 0.000000
vt 0.500000 0.000000
vt 0.583333 0.000000
vt 0.666667 0.000000
vt 0.750000 0.000000
vt 0.833333 0.000000
vt 0.916667 0.000000
vt 1.000000 0.000000
vt 0.000000 0.000000
vt 0.125000 0.000000
vt 0.250000 0.000000
vt 0.375000 0.000000
vt 0.500000 0.000000
vt 0.625000 0.000000
vt 0.750000 0.000000
vt 0.875000 0.000000
vt 1.000000 0.000000
vt 0.000000 1.000000
vt 0.125000 1.000000
vt 0.250000 1.000000
vt 0.375000 1.000000
vt 0.500000 1.000000
vt 0.625000 1.000000
vt 0.750000 1.000000
vt 0.875000 1.000000
vt 1.000000 1.000000
vt 0.000000 1.000000
vt 0.083333 1.000000
vt 0.166667 1.000000
vt 0.250000 1.000000
vt 0.333333 1.000000
vt 0.416667 1.000000
vt 0.500000 1.000000
vt 0.583333 1.000000
vt 0.666667 1.000000
vt 0.750000 1.000000
vt 0.833333 1.000000
vt 0.916667 1.000000
vt 1.000000 1.000000
vt 0.000000 0.857143
vt 0.083333 0.857143
vt 0.166667 0.857143
vt 0.250000 0.857143
vt 0.333333 0.857143
vt 0.416667 0.857143
vt 0.500000 0.857143
vt 0.583333 0.857143
vt 0.666667 0.857143
vt 0.750000 0.857143
vt 0.833333 0.857143
vt 0.916667 0.857143
vt 1.000000 0.857143
vt 0.000000 0.714286
vt 0.083333 0.714286
vt 0.166667 0.714286
vt 0.250000 0.714286
vt 0.333333 0.714286
vt 0.416667 0.714286
vt 0.500000 0.714286
vt 0.583333 0.714286
vt 0.666667 0.714286
vt 0.750000 0.714286
vt 0.833333 0.714286
vt 0.916667 0.714286
vt 1.000000 0.714286
vt 0.000000 0.571429
vt 0.083333 0.571429
vt 0.166667 0.571429
vt 0.250000 0.571429
vt 0.333333 0.571429
vt 0.416667 0.571429
vt 0.500000 0.571429
vt 0.583333 0.571429
vt 0.666667 0.571429
vt 0.750000 0.571429
vt 0.833333 0.571429
vt 0.916667 0.571429
vt 1.000000 0.571429
vt 0.000000 0.428571
vt 0.083333 0.428571
vt 0.166667 0.428571
vt 0.250000 0.428571
vt 0.333333 0.428571
vt 0.416667 0.428571
vt 0.500000 0.428571
vt 0.583333 0.428571
vt 0.666667 0.428571
vt 0.750000 0.428571
vt 0.833333 0.428571
vt 0.916667 0.428571
vt 1.000000 0.428571
vt 0.000000 0.285714
vt 0.083333 0.285714
vt 0.166667 0.285714
vt 0.250000 0.285714
vt 0.333333 0.285714
vt 0.416667 0.285714
vt 0.500000 0.285714
vt 0.583333 0.285714
vt 0.666667 0.285714
vt 0.750000 0.285714
vt 0.833333 0.285714
vt 0.916667 0.285714
vt 1.000000 0.285714
vt 0.000000 0.142857
vt 0.083333 0.142857
vt 0.166667 0.142857
vt 0.250000 0.142857
vt 0.333333 0.142857
vt 0.416667 0.142857
vt 0.500000 0.142857
vt 0.583333 0.142857
vt 0.666667 0.142857
vt 0.750000 0.142857
vt 0.833333 0.142857
vt 0.916667 0.142857
vt 1.000000 0.142857
vt 0.000000 0.000000
vt 0.083333 0.000000
vt 0.166667 0.000000
vt 0.250000 0.000000
vt 0.333333 0.000000
vt 0.416667 0.000000
vt 0.500000 0.000000
vt 0.583333 0.000000
vt 0.666667 0.000000
vt 0.750000 0.000000
vt 0.833333 0.000000
vt 0.916667 0.000000
vt 1.000000 0.000000
vt 0.000000 1.000000
vt 0.100000 1.000000
vt 0.200000 1.000000
vt 0.300000 1.000000
vt 0.400000 1.000000
vt 0.500000 1.000000
vt 0.600000 1.000000
vt 0.700000 1.000000
vt 0.800000 1.000000
vt 0.900000 1.000000
vt 1.000000 1.000000
vt 0.000000 0.833333
vt 0.100000 0.833333
vt 0.200000 0.833333
vt 0.300000 0.833333
vt 0.400000 0.833333
vt 0.500000 0.833333
vt 0.600000 0.833333
vt 0.700000 0.833333
vt 0.800000 0.833333
vt 0.900000 0.833333
vt 1.000000 0.833333
vt 0.000000 0.666667
vt 0.100000 0.666667
vt 0.200000 0.666667
vt 0.300000 0.666667
vt 0.400000 0.666667
vt 0.500000 0.666667
vt 0.600000 0.666667
vt 0.700000 0.666667
vt 0.800000 0.666667
vt 0.900000 0.666667
vt 1.000000 0.666667
vt 0.000000 0.500000
vt 0.100000 0.500000
vt 0.200000 0.500000
vt 0.300000 0.500000
vt 0.400000 0.500000
vt 0.500000 0.500000
vt 0.600000 0.500000
vt 0.700000 0.500000
vt 0.800000 0.500000
vt 0.900000 0.500000
vt 1.000000 0.500000
vt 0.000000 0.333333
vt 0.100000 0.333333
vt 0.200000 0.333333
vt 0.300000 0.333333
vt 0.400000 0.333333
vt 0.500000 0.333333
vt 0.600000 0.333333
vt 0.700000 0.333333
vt 0.800000 0.333333
vt 0.900000 0.333333
vt 1.000000 0.333333
vt 0.000000 0.166667
vt 0.100000 0.166667
vt 0.200000 0.166667
vt 0.300000 0.166667
vt 0.400000 0.166667
vt 0.500000 0.166667
vt 0.600000 0.166667
vt 0.700000 0.166667
vt 0.800000 0.166667
vt 0.900000 0.166667
vt 1.000000 0.166667
vt 0.000000 0.000000
vt 0.100000 0.000000
vt 0.200000 0.000000
vt 0.300000 0.000000
vt 0.400000 0.000000
vt 0.500000 0.000000
vt 0.600000 0.000000
vt 0.700000 0.000000
vt 0.800000 0.000000
vt 0.900000 0.000000
vt 1.000000 0.000000
vt 0.000000 1.000000
vt 0.100000 1.000000
vt 0.200000 1.000000
vt 0.300000 1.000000
vt 0.400000 1.000000
vt 0.500000 1.000000
vt 0.600000 1.000000
vt 0.700000 1.000000
vt 0.800000 1.000000
vt 0.900000 1.000000
vt 1.000000 1.000000
vt 0.000000 0.833333
vt 0.100000 0.833333
vt 0.200000 0.833333
vt 0.300000 0.833333
vt 0.400000 0.833333
vt 0.500000 0.833333
vt 0.600000 0.833333
vt 0.700000 0.833333
vt 0.800000 0.833333
vt 0.900000 0.833333
vt 1.000000 0.833333
vt 0.000000 0.666667
vt 0.100000 0.666667
vt 0.200000 0.666667
vt 0.300000 0.666667
vt 0.400000 0.666667
vt 0.500000 0.666667
vt 0.600000 0.666667
vt 0.700000 0.666667
vt 0.800000 0.666667
vt 0.900000 0.666667
vt 1.000000 0.666667
vt 0.000000 0.500000
vt 0.100000 0.500000
vt 0.200000 0.500000
vt 0.300000 0.500000
vt 0.400000 0.500000
vt 0.500000 0.500000
vt 0.600000 0.500000
vt 0.700000 0.500000
vt 0.800000 0.500000
vt 0.900000 0.500000
vt 1.000000 0.500000
vt 0.000000 0.333333
vt 0.100000 0.333333
vt 0.200000 0.333333
vt 0.300000 0.333333
vt 0.400000 0.333333
vt 0.500000 0.333333
vt 0.600000 0.333333
vt 0.700000 0.333333
vt 0.800000 0.333333
vt 0.900000 0.333333
vt 1.000000 0.333333
vt 0.000000 0.166667
vt 0.100000 0.166667
vt 0.200000 0.166667
vt 0.300000 0.166667
vt 0.400000 0.166667
vt 0.500000 0.166667
vt 0.600000 0.166667
vt 0.700000 0.166667
vt 0.800000 0.166667
vt 0.900000 0.166667
vt 1.000000 0.166667
vt 0.000000 0.000000
vt 0.100000 0.000000
vt 0.200000 0.000000
vt 0.300000 0.000000
vt 0.400000 0.000000
vt 0.500000 0.000000
vt 0.600000 0.000000
vt 0.700000 0.000000
vt 0.800000 0.000000
vt 0.900000 0.000000
vt 1.000000 0.000000
vt 0.000000 1.000000
vt 0.100000 1.000000
vt 0.200000 1.000000
vt 0.300000 1.000000
vt 0.400000 1.000000
vt 0.500000 1.000000
vt 0.600000 1.000000
vt 0.700000 1.000000
vt 0.800000 1.000000
vt 0.900000 1.000000
vt 1.000000 1.000000
vt 0.000000 0.833333
vt 0.100000 0.833333
vt 0.200000 0.833333
vt 0.300000 0.833333
vt 0.400000 0.833333
vt 0.500000 0.833333
vt 0.600000 0.833333
vt 0.700000 0.833333
vt 0.800000 0.833333
vt 0.900000 0.833333
vt 1.000000 0.833333
vt 0.000000 0.666667
vt 0.100000 0.666667
vt 0.200000 0.666667
vt 0.300000 0.666667
vt 0.400000 0.666667
vt 0.500000 0.666667
vt 0.600000 0.666667
vt 0.700000 0.666667
vt 0.800000 0.666667
vt 0.900000 0.666667
vt 1.000000 0.666667
vt 0.000000 0.500000
vt 0.100000 0.500000
vt 0.200000 0.500000
vt 0.300000 0.500000
vt 0.400000 0.500000
vt 0.500000 0.500000
vt 0.600000 0.500000
vt 0.700000 0.500000
vt 0.800000 0.500000
vt 0.900000 0.500000
vt 1.000000 0.500000
vt 0.000000 0.333333
vt 0.100000 0.333333
vt 0.200000 0.333333
vt 0.300000 0.333333
vt 0.400000 0.333333
vt 0.500000 0.333333
vt 0.600000 0.333333
vt 0.700000 0.333333
vt 0.800000 0.333333
vt 0.900000 0.333333
vt 1.000000 0.333333
vt 0.000000 0.166667
vt 0.100000 0.166667
vt 0.200000 0.166667
vt 0.300000 0.166667
vt 0.400000 0.166667
vt 0.500000 0.166667
vt 0.600000 0.166667
vt 0.700000 0.166667
vt 0.800000 0.166667
vt 0.900000 0.166667
vt 1.000000 0.166667
vt 0.000000 0.000000
vt 0.100000 0.000000
vt 0.200000 0.000000
vt 0.300000 0.000000
vt 0.400000 0.000000
vt 0.500000 0.000000
vt 0.600000 0.000000
vt 0.700000 0.000000
vt 0.800000 0.000000
vt 0.900000 0.000000
vt 1.000000 0.000000
vt 0.000000 1.000000
vt 0.100000 1.000000
vt 0.200000 1.000000
vt 0.300000 1.000000
vt 0.400000 1.000000
vt 0.500000 1.000000
vt 0.600000 1.000000
vt 0.700000 1.000000
vt 0.800000 1.000000
vt 0.900000 1.000000
vt 1.000000 1.000000
vt 0.000000 0.833333
vt 0.100000 0.833333
vt 0.200000 0.833333
vt 0.300000 0.833333
vt 0.400000 0.833333
vt 0.500000 0.833333
vt 0.600000 0.833333
vt 0.700000 0.833333
vt 0.800000 0.833333
vt 0.900000 0.833333
vt 1.000000 0.833333
vt 0.000000 0.666667
vt 0.100000 0.666667
vt 0.200000 0.666667
vt 0.300000 0.666667
vt 0.400000 0.666667
vt 0.500000 0.666667
vt 0.600000 0.666667
vt 0.700000 0.666667
vt 0.800000 0.666667
vt 0.900000 0.666667
vt 1.000000 0.666667
vt 0.000000 0.500000
vt 0.100000 0.500000
vt 0.200000 0.500000
vt 0.300000 0.500000
vt 0.400000 0.500000
vt 0.500000 0.500000
vt 0.600000 0.500000
vt 0.700000 0.500000
vt 0.800000 0.500000
vt 0.900000 0.500000
vt 1.000000 0.500000
vt 0.000000 0.333333
vt 0.100000 0.333333
vt 0.200000 0.333333
vt 0.300000 0.333333
vt 0.400000 0.333333
vt 0.500000 0.333333
vt 0.600000 0.333333
vt 0.700000 0.333333
vt 0.800000 0.333333
vt 0.900000 0.333333
vt 1.000000 0.333333
vt 0.000000 0.166667
vt 0.100000 0.166667
vt 0.200000 0.166667
vt 0.300000 0.166667
vt 0.400000 0.166667
vt 0.500000 0.166667
vt 0.600000 0.166667
vt 0.700000 0.166667
vt 0.800000 0.166667
vt 0.900000 0.166667
vt 1.000000 0.166667
vt 0.000000 0.000000
vt 0.100000 0.000000
vt 0.200000 0.000000
vt 0.300000 0.000000
vt 0.400000 0.000000
vt 0.500000 0.000000
vt 0.600000 0.000000
vt 0.700000 0.000000
vt 0.800000 0.000000
vt 0.900000 0.000000
vt 1.000000 0.000000
vt 0.000000 1.000000
vt 0.100000 1.000000
vt 0.200000 1.000000
vt 0.300000 1.000000
vt 0.400000 1.000000
vt 0.500000 1.000000
vt 0.600000 1.000000
vt 0.700000 1.000000
vt 0.800000 1.000000
vt 0.900000 1.000000
vt 1.000000 1.000000
vt 0.000000 0.833333
vt 0.100000 0.833333
vt 0.200000 0.833333
vt 0.300000 0.833333
vt 0.400000 0.833333
vt 0.500000 0.833333
vt 0.600000 0.833333
vt 0.700000 0.833333
vt 0.800000 0.833333
vt 0.900000 0.833333
vt 1.000000 0.833333
vt 0.000000 0.666667
vt 0.100000 0.666667
vt 0.200000 0.666667
vt 0.300000 0.666667
vt 0.400000 0.666667
vt 0.500000 0.666667
vt 0.600000 0.666667
vt 0.700000 0.666667
vt 0.800000 0.666667
vt 0.900000 0.666667
vt 1.000000 0.666667
vt 0.000000 0.500000
vt 0.100000 0.500000
vt 0.200000 0.500000
vt 0.300000 0.500000
vt 0.400000 0.500000
vt 0.500000 0.500000
vt 0.600000 0.500000
vt 0.700000 0.500000
vt 0.800000 0.500000
vt 0.900000 0.500000
vt 1.000000 0.500000
vt 0.000000 0.333333
vt 0.100000 0.333333
vt 0.200000 0.333333
vt 0.300000 0.333333
vt 0.400000 0.333333
vt 0.500000 0.333333
vt 0.600000 0.333333
vt 0.700000 0.333333
vt 0.800000 0.333333
vt 0.900000 0.333333
vt 1.000000 0.333333
vt 0.000000 0.166667
vt 0.100000 0.166667
vt 0.200000 0.166667
vt 0.300000 0.166667
vt 0.400000 0.166667
vt 0.500000 0.166667
vt 0.600000 0.166667
vt 0.700000 0.166667
vt 0.800000 0.166667
vt 0.900000 0.166667
vt 1.000000 0.166667
vt 0.000000 0.000000
vt 0.100000 0.000000
vt 0.200000 0.000000
vt 0.300000 0.000000
vt 0.400000 0.000000
vt 0.500000 0.000000
vt 0.600000 0.000000
vt 0.700000 0.000000
vt 0.800000 0.000000
vt 0.900000 0.000000
vt 1.000000 0.000000
vt 0.000000 1.000000
vt 0.100000 1.000000
vt 0.200000 1.000000
vt 0.300000 1.000000
vt 0.400000 1.000000
vt 0.500000 1.000000
vt 0.600000 1.000000
vt 0.700000 1.000000
vt 0.800000 1.000000
vt 0.900000 1.000000
vt 1.000000 1.000000
vt 0.000000 0.833333
vt 0.100000 0.833333
vt 0.200000 0.833333
vt 0.300000 0.833333
vt 0.400000 0.833333
vt 0.500000 0.833333
vt 0.600000 0.833333
vt 0.700000 0.833333
vt 0.800000 0.833333
vt 0.900000 0.833333
vt 1.000000 0.833333
vt 0.000000 0.666667
vt 0.100000 0.666667
vt 0.200000 0.666667
vt 0.300000 0.666667
vt 0.400000 0.666667
vt 0.500000 0.666667
vt 0.600000 0.666667
vt 0.700000 0.666667
vt 0.800000 0.666667
vt 0.900000 0.666667
vt 1.000000 0.666667
vt 0.000000 0.500000
vt 0.100000 0.500000
vt 0.200000 0.500000
vt 0.300000 0.500000
vt 0.400000 0.500000
vt 0.500000 0.500000
vt 0.600000 0.500000
vt 0.700000 0.500000
vt 0.800000 0.500000
vt 0.900000 0.500000
vt 1.000000 0.500000
vt 0.000000 0.333333
vt 0.100000 0.333333
vt 0.200000 0.333333
vt 0.300000 0.333333
vt 0.400000 0.333333
vt 0.500000 0.333333
vt 0.600000 0.333333
vt 0.700000 0.333333
vt 0.800000 0.333333
vt 0.900000 0.333333
vt 1.000000 0.333333
vt 0.000000 0.166667
vt 0.100000 0.166667
vt 0.200000 0.166667
vt 0.300000 0.166667
vt 0.400000 0.166667
vt 0.500000 0.166667
vt 0.600000 0.166667
vt 0.700000 0.166667
vt 0.800000 0.166667
vt 0.900000 0.166667
vt 1.000000 0.166667
vt 0.000000 0.000000
vt 0.100000 0.000000
vt 0.200000 0.000000
vt 0.300000 0.000000
vt 0.400000 0.000000
vt 0.500000 0.000000
vt 0.600000 0.000000
vt 0.700000 0.000000
vt 0.800000 0.000000
vt 0.900000 0.000000
vt 1.000000 0.000000
vt 0.000000 1.000000
vt 0.100000 1.000000
vt 0.200000 1.000000
vt 0.300000 1.000000
vt 0.400000 1.000000
vt 0.500000 1.000000
vt 0.600000 1.000000
vt 0.700000 1.000000
vt 0.800000 1.000000
vt 0.900000 1.000000
vt 1.000000 1.000000
vt 0.000000 0.833333
vt 0.100000 0.833333
vt 0.200000 0.833333
vt 0.300000 0.833333
vt 0.400000 0.833333
vt 0.500000 0.833333
vt 0.600000 0.833333
vt 0.700000 0.833333
vt 0.800000 0.833333
vt 0.900000 0.833333
vt 1.000000 0.833333
vt 0.000000 0.666667
vt 0.100000 0.666667
vt 0.200000 0.666667
vt 0.300000 0.666667
vt 0.400000 0.666667
vt 0.500000 0.666667
vt 0.600000 0.666667
vt 0.700000 0.666667
vt 0.800000 0.666667
vt 0.900000 0.666667
vt 1.000000 0.666667
vt 0.000000 0.500000
vt 0.100000 0.500000
vt 0.200000 0.500000
vt 0.300000 0.500000
vt 0.400000 0.500000
vt 0.500000 0.500000
vt 0.600000 0.500000
vt 0.700000 0.500000
vt 0.800000 0.500000
vt 0.900000 0.500000
vt 1.000000 0.500000
vt 0.000000 0.333333
vt 0.100000 0.333333
vt 0.200000 0.333333
vt 0.300000 0.333333
vt 0.400000 0.333333
vt 0.500000 0.333333
vt 0.600000 0.333333
vt 0.700000 0.333333
vt 0.800000 0.333333
vt 0.900000 0.333333
vt 1.000000 0.333333
vt 0.000000 0.166667
vt 0.100000 0.166667
vt 0.200000 0.166667
vt 0.300000 0.166667
vt 0.400000 0.166667
vt 0.500000 0.166667
vt 0.600000 0.166667
vt 0.700000 0.166667
vt 0.800000 0.166667
vt 0.900000 0.166667
vt 1.000000 0.166667
vt 0.000000 0.000000
vt 0.100000 0.000000
vt 0.200000 0.000000
vt 0.300000 0.000000
vt 0.400000 0.000000
vt 0.500000 0.000000
vt 0.600000 0.000000
vt 0.700000 0.000000
vt 0.800000 0.000000
vt 0.900000 0.000000
vt 1.000000 0.000000
vt 0.000000 1.000000
vt 0.100000 1.000000
vt 0.200000 1.000000
vt 0.300000 1.000000
vt 0.400000 1.000000
vt 0.500000 1.000000
vt 0.600000 1.000000
vt 0.700000 1.000000
vt 0.800000 1.000000
vt 0.900000 1.000000
vt 1.000000 1.000000
vt 0.000000 0.833333
vt 0.100000 0.833333
vt 0.200000 0.833333
vt 0.300000 0.833333
vt 0.400000 0.833333
vt 0.500000 0.833333
vt 0.600000 0.833333
vt 0.700000 0.833333
vt 0.800000 0.833333
vt 0.900000 0.833333
vt 1.000000 0.833333
vt 0.000000 0.666667
vt 0.100000 0.666667
vt 0.200000 0.666667
vt 0.300000 0.666667
vt 0.400000 0.666667
vt 0.500000 0.666667
vt 0.600000 0.666667
vt 0.700000 0.666667
vt 0.800000 0.666667
vt 0.900000 0.666667
vt 1.000000 0.666667
vt 0.000000 0.500000
vt 0.100000 0.500000
vt 0.200000 0.500000
vt 0.300000 0.500000
vt 0.400000 0.500000
vt 0.500000 0.500000
vt 0.600000 0.500000
vt 0.700000 0.500000
vt 0.800000 0.500000
vt 0.900000 0.500000
vt 1.000000 0.500000
vt 0.000000 0.333333
vt 0.100000 0.333333
vt 0.200000 0.333333
vt 0.300000 0.333333
vt 0.400000 0.333333
vt 0.500000 0.333333
vt 0.600000 0.333333
vt 0.700000 0.333333
vt 0.800000 0.333333
vt 0.900000 0.333333
vt 1.000000 0.333333
vt 0.000000 0.166667
vt 0.100000 0.166667
vt 0.200000 0.166667
vt 0.300000 0.166667
vt 0.400000 0.166667
vt 0.500000 0.166667
vt 0.600000 0.166667
vt 0.700000 0.166667
vt 0.800000 0.166667
vt 0.900000 0.166667
vt 1.000000 0.166667
vt 0.000000 0.000000
vt 0.100000 0.000000
vt 0.200000 0.000000
vt 0.300000 0.000000
vt 0.400000 0.000000
vt 0.500000 0.000000
vt 0.600000 0.000000
vt 0.700000 0.000000
vt 0.800000 0.000000
vt 0.900000 0.000000
vt 1.000000 0.000000
vt 0.000000 1.000000
vt 0.100000 1.000000
vt 0.200000 1.000000
vt 0.300000 1.000000
vt 0.400000 1.000000
vt 0.500000 1.000000
vt 0.600000 1.000000
vt 0.700000 1.000000
vt 0.800000 1.000000
vt 0.900000 1.000000
vt 1.000000 1.000000
vt 0.000000 0.833333
vt 0.100000 0.833333
vt 0.200000 0.833333
vt 0.300000 0.833333
vt 0.400000 0.833333
vt 0.500000 0.833333
vt 0.600000 0.833333
vt 0.700000 0.833333
vt 0.800000 0.833333
vt 0.900000 0.833333
vt 1.000000 0.833333
vt 0.000000 0.666667
vt 0.100000 0.666667
vt 0.200000 0.666667
vt 0.300000 0.666667
vt 0.400000 0.666667
vt 0.500000 0.666667
vt 0.600000 0.666667
vt 0.700000 0.666667
vt 0.800000 0.666667
vt 0.900000 0.666667
vt 1.000000 0.666667
vt 0.000000 0.500000
vt 0.100000 0.500000
vt 0.200000 0.500000
vt 0.300000 0.500000
vt 0.400000 0.500000
vt 0.500000 0.500000
vt 0.600000 0.500000
vt 0.700000 0.500000
vt 0.800000 0.500000
vt 0.900000 0.500000
vt 1.000000 0.500000
vt 0.000000 0.333333
vt 0.100000 0.333333
vt 0.200000 0.333333
vt 0.300000 0.333333
vt 0.400000 0.333333
vt 0.500000 0.333333
vt 0.600000 0.333333
vt 0.700000 0.333333
vt 0.800000 0.333333
vt 0.900000 0.333333
vt 1.000000 0.333333
vt 0.000000 0.166667
vt 0.100000 0.166667
vt 0.200000 0.166667
vt 0.300000 0.166667
vt 0.400000 0.166667
vt 0.500000 0.166667
vt 0.600000 0.166667
vt 0.700000 0.166667
vt 0.800000 0.166667
vt 0.900000 0.166667
vt 1.000000 0.166667
vt 0.000000 0.000000
vt 0.100000 0.000000
vt 0.200000 0.000000
vt 0.300000 0.000000
vt 0.400000 0.000000
vt 0.500000 0.000000
vt 0.600000 0.000000
vt 0.700000 0.000000
vt 0.800000 0.000000
vt 0.900000 0.000000
vt 1.000000 0.000000
vt 0.000000 1.000000
vt 0.100000 1.000000
vt 0.200000 1.000000
vt 0.300000 1.000000
vt 0.400000 1.000000
vt 0.500000 1.000000
vt 0.600000 1.000000
vt 0.700000 1.000000
vt 0.800000 1.000000
vt 0.900000 1.000000
vt 1.000000 1.000000
vt 0.000000 0.833333
vt 0.100000 0.833333
vt 0.200000 0.833333
vt 0.300000 0.833333
vt 0.400000 0.833333
vt 0.500000 0.833333
vt 0.600000 0.833333
vt 0.700000 0.833333
vt 0.800000 0.833333
vt 0.900000 0.833333
vt 1.000000 0.833333
vt 0.000000 0.666667
vt 0.100000 0.666667
vt 0.200000 0.666667
vt 0.300000 0.666667
vt 0.400000 0.666667
vt 0.500000 0.666667
vt 0.600000 0.666667
vt 0.700000 0.666667
vt 0.800000 0.666667
vt 0.900000 0.666667
vt 1.000000 0.666667
vt 0.000000 0.500000
vt 0.100000 0.500000
vt 0.200000 0.500000
vt 0.300000 0.500000
vt 0.400000 0.500000
vt 0.500000 0.500000
vt 0.600000 0.500000
vt 0.700000 0.500000
vt 0.800000 0.500000
vt 0.900000 0.500000
vt 1.000000 0.500000
vt 0.000000 0.333333
vt 0.100000 0.333333
vt 0.200000 0.333333
vt 0.300000 0.333333
vt 0.400000 0.333333
vt 0.500000 0.333333
vt 0.600000 0.333333
vt 0.700000 0.333333
vt 0.800000 0.333333
vt 0.900000 0.333333
vt 1.000000 0.333333
vt 0.000000 0.166667
vt 0.100000 0.166667
vt 0.200000 0.166667
vt 0.300000 0.166667
vt 0.400000 0.166667
vt 0.500000 0.166667
vt 0.600000 0.166667
vt 0.700000 0.166667
vt 0.800000 0.166667
vt 0.900000 0.166667
vt 1.000000 0.166667
vt 0.000000 0.000000
vt 0.100000 0.000000
vt 0.200000 0.000000
vt 0.300000 0.000000
vt 0.400000 0.000000
vt 0.500000 0.000000
vt 0.600000 0.000000
vt 0.700000 0.000000
vt 0.800000 0.000000
vt 0.900000 0.000000
vt 1.000000 0.000000
vt 0.000000 1.000000
vt 0.100000 1.000000
vt 0.200000 1.000000
vt 0.300000 1.000000
vt 0.400000 1.000000
vt 0.500000 1.000000
vt 0.600000 1.000000
vt 0.700000 1.000000
vt 0.800000 1.000000
vt 0.900000 1.000000
vt 1.000000 1.000000
vt 0.000000 0.833333
vt 0.100000 0.833333
vt 0.200000 0.833333
vt 0.300000 0.833333
vt 0.400000 0.833333
vt 0.500000 0.833333
vt 0.600000 0.833333
vt 0.700000 0.833333
vt 0.800000 0.833333
vt 0.900000 0.833333
vt 1.000000 0.833333
vt 0.000000 0.666667
vt 0.100000 0.666667
vt 0.200000 0.666667
vt 0.300000 0.666667
vt 0.400000 0.666667
vt 0.500000 0.666667
vt 0.600000 0.666667
vt 0.700000 0.666667
vt 0.800000 0.666667
vt 0.900000 0.666667
vt 1.000000 0.666667
vt 0.000000 0.500000
vt 0.100000 0.500000
vt 0.200000 0.500000
vt 0.300000 0.500000
vt 0.400000 0.500000
vt 0.500000 0.500000
vt 0.600000 0.500000
vt 0.700000 0.500000
vt 0.800000 0.500000
vt 0.900000 0.500000
vt 1.000000 0.500000
vt 0.000000 0.333333
vt 0.100000 0.333333
vt 0.200000 0.333333
vt 0.300000 0.333333
vt 0.400000 0.333333
vt 0.500000 0.333333
vt 0.600000 0.333333
vt 0.700000 0.333333
vt 0.800000 0.333333
vt 0.900000 0.333333
vt 1.000000 0.333333
vt 0.000000 0.166667
vt 0.100000 0.166667
vt 0.200000 0.166667
vt 0.300000 0.166667
vt 0.400000 0.166667
vt 0.500000 0.166667
vt 0.600000 0.166667
vt 0.700000 0.166667
vt 0.800000 0.166667
vt 0.900000 0.166667
vt 1.000000 0.166667
vt 0.000000 0.000000
vt 0.100000 0.000000
vt 0.200000 0.000000
vt 0.300000 0.000000
vt 0.400000 0.000000
vt 0.500000 0.000000
vt 0.600000 0.000000
vt 0.700000 0.000000
vt 0.800000 0.000000
vt 0.900000 0.000000
vt 1.000000 0.000000
vt 0.000000 1.000000
vt 0.100000 1.000000
vt 0.200000 1.000000
vt 0.300000 1.000000
vt 0.400000 1.000000
vt 0.500000 1.000000
vt 0.600000 1.000000
vt 0.700000 1.000000
vt 0.800000 1.000000
vt 0.900000 1.000000
vt 1.000000 1.000000
vt 0.000000 0.833333
vt 0.100000 0.833333
vt 0.200000 0.833333
vt 0.300000 0.833333
vt 0.400000 0.833333
vt 0.500000 0.833333
vt 0.600000 0.833333
vt 0.700000 0.833333
vt 0.800000 0.833333
vt 0.900000 0.833333
vt 1.000000 0.833333
vt 0.000000 0.666667
vt 0.100000 0.666667
vt 0.200000 0.666667
vt 0.300000 0.666667
vt 0.400000 0.666667
vt 0.500000 0.666667
vt 0.600000 0.666667
vt 0.700000 0.666667
vt 0.800000 0.666667
vt 0.900000 0.666667
vt 1.000000 0.666667
vt 0.000000 0.500000
vt 0.100000 0.500000
vt 0.200000 0.500000
vt 0.300000 0.500000
vt 0.400000 0.500000
vt 0.500000 0.500000
vt 0.600000 0.500000
vt 0.700000 0.500000
vt 0.800000 0.500000
vt 0.900000 0.500000
vt 1.000000 0.500000
vt 0.000000 0.333333
vt 0.100000 0.333333
vt 0.200000 0.333333
vt 0.300000 0.333333
vt 0.400000 0.333333
vt 0.500000 0.333333
vt 0.600000 0.333333
vt 0.700000 0.333333
vt 0.800000 0.333333
vt 0.900000 0.333333
vt 1.000000 0.333333
vt 0.000000 0.166667
vt 0.100000 0.166667
vt 0.200000 0.166667
vt 0.300000 0.166667
vt 0.400000 0.166667
vt 0.500000 0.166667
vt 0.600000 0.166667
vt 0.700000 0.166667
vt 0.800000 0.166667
vt 0.900000 0.166667
vt 1.000000 0.166667
vt 0.000000 0.000000
vt 0.100000 0.000000
vt 0.200000 0.000000
vt 0.300000 0.000000
vt 0.400000 0.000000
vt 0.500000 0.000000
vt 0.600000 0.000000
vt 0.700000 0.000000
vt 0.800000 0.000000
vt 0.900000 0.000000
vt 1.000000 0.000000
vt 0.000000 1.000000
vt 0.100000 1.000000
vt 0.200000 1.000000
vt 0.300000 1.000000
vt 0.400000 1.000000
vt 0.500000 1.000000
vt 0.600000 1.000000
vt 0.700000 1.000000
vt 0.800000 1.000000
vt 0.900000 1.000000
vt 1.000000 1.000000
vt 0.000000 0.833333
vt 0.100000 0.833333
vt 0.200000 0.833333
vt 0.300000 0.833333
vt 0.400000 0.833333
vt 0.500000 0.833333
vt 0.600000 0.833333
vt 0.700000 0.833333
vt 0.800000 0.833333
vt 0.900000 0.833333
vt 1.000000 0.833333
vt 0.000000 0.666667
vt 0.100000 0.666667
vt 0.200000 0.666667
vt 0.300000 0.666667
vt 0.400000 0.666667
vt 0.500000 0.666667
vt 0.600000 0.666667
vt 0.700000 0.666667
vt 0.800000 0.666667
vt 0.900000 0.666667
vt 1.000000 0.666667
vt 0.000000 0.500000
vt 0.100000 0.500000
vt 0.200000 0.500000
vt 0.300000 0.500000
vt 0.400000 0.500000
vt 0.500000 0.500000
vt 0.600000 0.500000
vt 0.700000 0.500000
vt 0.800000 0.500000
vt 0.900000 0.500000
vt 1.000000 0.500000
vt 0.000000 0.333333
vt 0.100000 0.333333
vt 0.200000 0.333333
vt 0.300000 0.333333
vt 0.400000 0.333333
vt 0.500000 0.333333
vt 0.600000 0.333333
vt 0.700000 0.333333
vt 0.800000 0.333333
vt 0.900000 0.333333
vt 1.000000 0.333333
vt 0.000000 0.166667
vt 0.100000 0.166667
vt 0.200000 0.166667
vt 0.300000 0.166667
vt 0.400000 0.166667
vt 0.500000 0.166667
vt 0.600000 0.166667
vt 0.700000 0.166667
vt 0.800000 0.166667
vt 0.900000 0.166667
vt 1.000000 0.166667
vt 0.000000 0.000000
vt 0.100000 0.000000
vt 0.200000 0.000000
vt 0.300000 0.000000
vt 0.400000 0.000000
vt 0.500000 0.000000
vt 0.600000 0.000000
vt 0.700000 0.000000
vt 0.800000 0.000000
vt 0.900000 0.000000
vt 1.000000 0.000000
vt 0.000000 1.000000
vt 0.100000 1.000000
vt 0.200000 1.000000
vt 0.300000 1.000000
vt 0.400000 1.000000
vt 0.500000 1.000000
vt 0.600000 1.000000
vt 0.700000 1.000000
vt 0.800000 1.000000
vt 0.900000 1.000000
vt 1.000000 1.000000
vt 0.000000 0.833333
vt 0.100000 0.833333
vt 0.200000 0.833333
vt 0.300000 0.833333
vt 0.400000 0.833333
vt 0.500000 0.833333
vt 0.600000 0.833333
vt 0.700000 0.833333
vt 0.800000 0.833333
vt 0.900000 0.833333
vt 1.000000 0.833333
vt 0.000000 0.666667
vt 0.100000 0.666667
vt 0.200000 0.666667
vt 0.300000 0.666667
vt 0.400000 0.666667
vt 0.500000 0.666667
vt 0.600000 0.666667
vt 0.700000 0.666667
vt 0.800000 0.666667
vt 0.900000 0.666667
vt 1.000000 0.666667
vt 0.000000 0.500000
vt 0.100000 0.500000
vt 0.200000 0.500000
vt 0.300000 0.500000
vt 0.400000 0.500000
vt 0.500000 0.500000
vt 0.600000 0.500000
vt 0.700000 0.500000
vt 0.800000 0.500000
vt 0.900000 0.500000
vt 1.000000 0.500000
vt 0.000000 0.333333
vt 0.100000 0.333333
vt 0.200000 0.333333
vt 0.300000 0.333333
vt 0.400000 0.333333
vt 0.500000 0.333333
vt 0.600000 0.333333
vt 0.700000 0.333333
vt 0.800000 0.333333
vt 0.900000 0.333333
vt 1.000000 0.333333
vt 0.000000 0.166667
vt 0.100000 0.166667
vt 0.200000 0.166667
vt 0.300000 0.166667
vt 0.400000 0.166667
vt 0.500000 0.166667
vt 0.600000 0.166667
vt 0.700000 0.166667
vt 0.800000 0.166667
vt 0.900000 0.166667
vt 1.000000 0.166667
vt 0.000000 0.000000
vt 0.100000 0.000000
vt 0.200000 0.000000
vt 0.300000 0.000000
vt 0.400000 0.000000
vt 0.500000 0.000000
vt 0.600000 0.000000
vt 0.700000 0.000000
vt 0.800000 0.000000
vt 0.900000 0.000000
vt 1.000000 0.000000
vt 0.000000 1.000000
vt 0.100000 1.000000
vt 0.200000 1.000000
vt 0.300000 1.000000
vt 0.400000 1.000000
vt 0.500000 1.000000
vt 0.600000 1.000000
vt 0.700000 1.000000
vt 0.800000 1.000000
vt 0.900000 1.000000
vt 1.000000 1.000000
vt 0.000000 0.833333
vt 0.100000 0.833333
vt 0.200000 0.833333
vt 0.300000 0.833333
vt 0.400000 0.833333
vt 0.500000 0.833333
vt 0.600000 0.833333
vt 0.700000 0.833333
vt 0.800000 0.833333
vt 0.900000 0.833333
vt 1.000000 0.833333
vt 0.000000 0.666667
vt 0.100000 0.666667
vt 0.200000 0.666667
vt 0.300000 0.666667
vt 0.400000 0.666667
vt 0.500000 0.666667
vt 0.600000 0.666667
vt 0.700000 0.666667
vt 0.800000 0.666667
vt 0.900000 0.666667
vt 1.000000 0.666667
vt 0.000000 0.500000
vt 0.100000 0.500000
vt 0.200000 0.500000
vt 0.300000 0.500000
vt 0.400000 0.500000
vt 0.500000 0.500000
vt 0.600000 0.500000
vt 0.700000 0.500000
vt 0.800000 0.500000
vt 0.900000 0.500000
vt 1.000000 0.500000
vt 0.000000 0.333333
vt 0.100000 0.333333
vt 0.200000 0.333333
vt 0.300000 0.333333
vt 0.400000 0.333333
vt 0.500000 0.333333
vt 0.600000 0.333333
vt 0.700000 0.333333
vt 0.800000 0.333333
vt 0.900000 0.333333
vt 1.000000 0.333333
vt 0.000000 0.166667
vt 0.100000 0.166667
vt 0.200000 0.166667
vt 0.300000 0.166667
vt 0.400000 0.166667
vt 0.500000 0.166667
vt 0.600000 0.166667
vt 0.700000 0.166667
vt 0.800000 0.166667
vt 0.900000 0.166667
vt 1.000000 0.166667
vt 0.000000 0.000000
vt 0.100000 0.000000
vt 0.200000 0.000000
vt 0.300000 0.000000
vt 0.400000 0.000000
vt 0.500000 0.000000
vt 0.600000 0.000000
vt 0.700000 0.000000
vt 0.800000 0.000000
vt 0.900000 0.000000
vt 1.000000 0.000000
vt 0.000000 1.000000
vt 0.100000 1.000000
vt 0.200000 1.000000
vt 0.300000 1.000000
vt 0.400000 1.000000
vt 0.500000 1.000000
vt 0.600000 1.000000
vt 0.700000 1.000000
vt 0.800000 1.000000
vt 0.900000 1.000000
vt 1.000000 1.000000
vt 0.000000 0.833333
vt 0.100000 0.833333
vt 0.200000 0.833333
vt 0.300000 0.833333
vt 0.400000 0.833333
vt 0.500000 0.833333
vt 0.600000 0.833333
vt 0.700000 0.833333
vt 0.800000 0.833333
vt 0.900000 0.833333
vt 1.000000 0.833333
vt 0.000000 0.666667
vt 0.100000 0.666667
vt 0.200000 0.666667
vt 0.300000 0.666667
vt 0.400000 0.666667
vt 0.500000 0.666667
vt 0.600000 0.666667
vt 0.700000 0.666667
vt 0.800000 0.666667
vt 0.900000 0.666667
vt 1.000000 0.666667
vt 0.000000 0.500000
vt 0.100000 0.500000
vt 0.200000 0.500000
vt 0.300000 0.500000
vt 0.400000 0.500000
vt 0.500000 0.500000
vt 0.600000 0.500000
vt 0.700000 0.500000
vt 0.800000 0.500000
vt 0.900000 0.500000
vt 1.000000 0.500000
vt 0.000000 0.333333
vt 0.100000 0.333333
vt 0.200000 0.333333
vt 0.300000 0.333333
vt 0.400000 0.333333
vt 0.500000 0.333333
vt 0.600000 0.333333
vt 0.700000 0.333333
vt 0.800000 0.333333
vt 0.900000 0.333333
vt 1.000000 0.333333
vt 0.000000 0.166667
vt 0.100000 0.166667
vt 0.200000 0.166667
vt 0.300000 0.166667
vt 0.400000 0.166667
vt 0.500000 0.166667
vt 0.600000 0.166667
vt 0.700000 0.166667
vt 0.800000 0.166667
vt 0.900000 0.166667
vt 1.000000 0.166667
vt 0.000000 0.000000
vt 0.100000 0.000000
vt 0.200000 0.000000
vt 0.300000 0.000000
vt 0.400000 0.000000
vt 0.500000 0.000000
vt 0.600000 0.000000
vt 0.700000 0.000000
vt 0.800000 0.000000
vt 0.900000 0.000000
vt 1.000000 0.000000
vt 0.000000 1.000000
vt 0.100000 1.000000
vt 0.200000 1.000000
vt 0.300000 1.000000
vt 0.400000 1.000000
vt 0.500000 1.000000
vt 0.600000 1.000000
vt 0.700000 1.000000
vt 0.800000 1.000000
vt 0.900000 1.000000
vt 1.000000 1.000000
vt 0.000000 0.833333
vt 0.100000 0.833333
vt 0.200000 0.833333
vt 0.300000 0.833333
vt 0.400000 0.833333
vt 0.500000 0.833333
vt 0.600000 0.833333
vt 0.700000 0.833333
vt 0.800000 0.833333
vt 0.900000 0.833333
vt 1.000000 0.833333
vt 0.000000 0.666667
vt 0.100000 0.666667
vt 0.200000 0.666667
vt 0.300000 0.666667
vt 0.400000 0.666667
vt 0.500000 0.666667
vt 0.600000 0.666667
vt 0.700000 0.666667
vt 0.800000 0.666667
vt 0.900000 0.666667
vt 1.000000 0.666667
vt 0.000000 0.500000
vt 0.100000 0.500000
vt 0.200000 0.500000
vt 0.300000 0.500000
vt 0.400000 0.500000
vt 0.500000 0.500000
vt 0.600000 0.500000
vt 0.700000 0.500000
vt 0.800000 0.500000
vt 0.900000 0.500000
vt 1.000000 0.500000
vt 0.000000 0.333333
vt 0.100000 0.333333
vt 0.200000 0.333333
vt 0.300000 0.333333
vt 0.400000 0.333333
vt 0.500000 0.333333
vt 0.600000 0.333333
vt 0.700000 0.333333
vt 0.800000 0.333333
vt 0.900000 0.333333
vt 1.000000 0.333333
vt 0.000000 0.166667
vt 0.100000 0.166667
vt 0.200000 0.166667
vt 0.300000 0.166667
vt 0.400000 0.166667
vt 0.500000 0.166667
vt 0.600000 0.166667
vt 0.700000 0.166667
vt 0.800000 0.166667
vt 0.900000 0.166667
vt 1.000000 0.166667
vt 0.000000 0.000000
vt 0.100000 0.000000
vt 0.200000 0.000000
vt 0.300000 0.000000
vt 0.400000 0.000000
vt 0.500000 0.000000
vt 0.600000 0.000000
vt 0.700000 0.000000
vt 0.800000 0.000000
vt 0.900000 0.000000
vt 1.000000 0.000000
vt 0.000000 1.000000
vt 0.100000 1.000000
vt 0.200000 1.000000
vt 0.300000 1.000000
vt 0.400000 1.000000
vt 0.500000 1.000000
vt 0.600000 1.000000
vt 0.700000 1.000000
vt 0.800000 1.000000
vt 0.900000 1.000000
vt 1.000000 1.000000
vt 0.000000 0.833333
vt 0.100000 0.833333
vt 0.200000 0.833333
vt 0.300000 0.833333
vt 0.400000 0.833333
vt 0.500000 0.833333
vt 0.600000 0.833333
vt 0.700000 0.833333
vt 0.800000 0.833333
vt 0.900000 0.833333
vt 1.000000 0.833333
vt 0.000000 0.666667
vt 0.100000 0.666667
vt 0.200000 0.666667
vt 0.300000 0.666667
vt 0.400000 0.666667
vt 0.500000 0.666667
vt 0.600000 0.666667
vt 0.700000 0.666667
vt 0.800000 0.666667
vt 0.900000 0.666667
vt 1.000000 0.666667
vt 0.000000 0.500000
vt 0.100000 0.500000
vt 0.200000 0.500000
vt 0.300000 0.500000
vt 0.400000 0.500000
vt 0.500000 0.500000
vt 0.600000 0.500000
vt 0.700000 0.500000
vt 0.800000 0.500000
vt 0.900000 0.500000
vt 1.000000 0.500000
vt 0.000000 0.333333
vt 0.100000 0.333333
vt 0.200000 0.333333
vt 0.300000 0.333333
vt 0.400000 0.333333
vt 0.500000 0.333333
vt 0.600000 0.333333
vt 0.700000 0.333333
vt 0.800000 0.333333
vt 0.900000 0.333333
vt 1.000000 0.333333
vt 0.000000 0.166667
vt 0.100000 0.166667
vt 0.200000 0.166667
vt 0.300000 0.166667
vt 0.400000 0.166667
vt 0.500000 0.166667
vt 0.600000 0.166667
vt 0.700000 0.166667
vt 0.800000 0.166667
vt 0.900000 0.166667
vt 1.000000 0.166667
vt 0.000000 0.000000
vt 0.100000 0.000000
vt 0.200000 0.000000
vt 0.300000 0.000000
vt 0.400000 0.000000
vt 0.500000 0.000000
vt 0.600000 0.000000
vt 0.700000 0.000000
vt 0.800000 0.000000
vt 0.900000 0.000000
vt 1.000000 0.000000
vt 0.000000 1.000000
vt 0.100000 1.000000
vt 0.200000 1.000000
vt 0.300000 1.000000
vt 0.400000 1.000000
vt 0.500000 1.000000
vt 0.600000 1.000000
vt 0.700000 1.000000
vt 0.800000 1.000000
vt 0.900000 1.000000
vt 1.000000 1.000000
vt 0.000000 0.833333
vt 0.100000 0.833333
vt 0.200000 0.833333
vt 0.300000 0.833333
vt 0.400000 0.833333
vt 0.500000 0.833333
vt 0.600000 0.833333
vt 0.700000 0.833333
vt 0.800000 0.833333
vt 0.900000 0.833333
vt 1.000000 0.833333
vt 0.000000 0.666667
vt 0.100000 0.666667
vt 0.200000 0.666667
vt 0.300000 0.666667
vt 0.400000 0.666667
vt 0.500000 0.666667
vt 0.600000 0.666667
vt 0.700000 0.666667
vt 0.800000 0.666667
vt 0.900000 0.666667
vt 1.000000 0.666667
vt 0.000000 0.500000
vt 0.100000 0.500000
vt 0.200000 0.500000
vt 0.300000 0.500000
vt 0.400000 0.500000
vt 0.500000 0.500000
vt 0.600000 0.500000
vt 0.700000 0.500000
vt 0.800000 0.500000
vt 0.900000 0.500000
vt 1.000000 0.500000
vt 0.000000 0.333333
vt 0.100000 0.333333
vt 0.200000 0.333333
vt 0.300000 0.333333
vt 0.400000 0.333333
vt 0.500000 0.333333
vt 0.600000 0.333333
vt 0.700000 0.333333
vt 0.800000 0.333333
vt 0.900000 0.333333
vt 1.000000 0.333333
vt 0.000000 0.166667
vt 0.100000 0.166667
vt 0.200000 0.166667
vt 0.300000 0.166667
vt 0.400000 0.166667
vt 0.500000 0.166667
vt 0.600000 0.166667
vt 0.700000 0.166667
vt 0.800000 0.166667
vt 0.900000 0.166667
vt 1.000000 0.166667
vt 0.000000 0.000000
vt 0.100000 0.000000
vt 0.200000 0.000000
vt 0.300000 0.000000
vt 0.400000 0.000000
vt 0.500000 0.000000
vt 0.600000 0.000000
vt 0.700000 0.000000
vt 0.800000 0.000000
vt 0.900000 0.000000
vt 1.000000 0.000000
vt 0.000000 1.000000
vt 0.100000 1.000000
vt 0.200000 1.000000
vt 0.300000 1.000000
vt 0.400000 1.000000
vt 0.500000 1.000000
vt 0.600000 1.000000
vt 0.700000 1.000000
vt 0.800000 1.000000
vt 0.900000 1.000000
vt 1.000000 1.000000
vt 0.000000 0.833333
vt 0.100000 0.833333
vt 0.200000 0.833333
vt 0.300000 0.833333
vt 0.400000 0.833333
vt 0.500000 0.833333
vt 0.600000 0.833333
vt 0.700000 0.833333
vt 0.800000 0.833333
vt 0.900000 0.833333
vt 1.000000 0.833333
vt 0.000000 0.666667
vt 0.100000 0.666667
vt 0.200000 0.666667
vt 0.300000 0.666667
vt 0.400000 0.666667
vt 0.500000 0.666667
vt 0.600000 0.666667
vt 0.700000 0.666667
vt 0.800000 0.666667
vt 0.900000 0.666667
vt 1.000000 0.666667
vt 0.000000 0.500000
vt 0.100000 0.500000
vt 0.200000 0.500000
vt 0.300000 0.500000
vt 0.400000 0.500000
vt 0.500000 0.500000
vt 0.600000 0.500000
vt 0.700000 0.500000
vt 0.800000 0.500000
vt 0.900000 0.500000
vt 1.000000 0.500000
vt 0.000000 0.333333
vt 0.100000 0.333333
vt 0.200000 0.333333
vt 0.300000 0.333333
vt 0.400000 0.333333
vt 0.500000 0.333333
vt 0.600000 0.333333
vt 0.700000 0.333333
vt 0.800000 0.333333
vt 0.900000 0.333333
vt 1.000000 0.333333
vt 0.000000 0.166667
vt 0.100000 0.166667
vt 0.200000 0.166667
vt 0.300000 0.166667
vt 0.400000 0.166667
vt 0.500000 0.166667
vt 0.600000 0.166667
vt 0.700000 0.166667
vt 0.800000 0.166667
vt 0.900000 0.166667
vt 1.000000 0.166667
vt 0.000000 0.000000
vt 0.100000 0.000000
vt 0.200000 0.000000
vt 0.300000 0.000000
vt 0.400000 0.000000
vt 0.500000 0.000000
vt 0.600000 0.000000
vt 0.700000 0.000000
vt 0.800000 0.000000
vt 0.900000 0.000000
vt 1.000000 0.000000
vt 0.000000 1.000000
vt 0.100000 1.000000
vt 0.200000 1.000000
vt 0.300000 1.000000
vt 0.400000 1.000000
vt 0.500000 1.000000
vt 0.600000 1.000000
vt 0.700000 1.000000
vt 0.800000 1.000000
vt 0.900000 1.000000
vt 1.000000 1.000000
vt 0.000000 0.833333
vt 0.100000 0.833333
vt 0.200000 0.833333
vt 0.300000 0.833333
vt 0.400000 0.833333
vt 0.500000 0.833333
vt 0.600000 0.833333
vt 0.700000 0.833333
vt 0.800000 0.833333
vt 0.900000 0.833333
vt 1.000000 0.833333
vt 0.000000 0.666667
vt 0.100000 0.666667
vt 0.200000 0.666667
vt 0.300000 0.666667
vt 0.400000 0.666667
vt 0.500000 0.666667
vt 0.600000 0.666667
vt 0.700000 0.666667
vt 0.800000 0.666667
vt 0.900000 0.666667
vt 1.000000 0.666667
vt 0.000000 0.500000
vt 0.100000 0.500000
vt 0.200000 0.500000
vt 0.300000 0.500000
vt 0.400000 0.500000
vt 0.500000 0.500000
vt 0.600000 0.500000
vt 0.700000 0.500000
vt 0.800000 0.500000
vt 0.900000 0.500000
vt 1.000000 0.500000
vt 0.000000 0.333333
vt 0.100000 0.333333
vt 0.200000 0.333333
vt 0.300000 0.333333
vt 0.400000 0.333333
vt 0.500000 0.333333
vt 0.600000 0.333333
vt 0.700000 0.333333
vt 0.800000 0.333333
vt 0.900000 0.333333
vt 1.000000 0.333333
vt 0.000000 0.166667
vt 0.100000 0.166667
vt 0.200000 0.166667
vt 0.300000 0.166667
vt 0.400000 0.166667
vt 0.500000 0.166667
vt 0.600000 0.166667
vt 0.700000 0.166667
vt 0.800000 0.166667
vt 0.900000 0.166667
vt 1.000000 0.166667
vt 0.000000 0.000000
vt 0.100000 0.000000
vt 0.200000 0.000000
vt 0.300000 0.000000
vt 0.400000 0.000000
vt 0.500000 0.000000
vt 0.600000 0.000000
vt 0.700000 0.000000
vt 0.800000 0.000000
vt 0.900000 0.000000
vt 1.000000 0.000000
vt 0.000000 1.000000
vt 0.100000 1.000000
vt 0.200000 1.000000
vt 0.300000 1.000000
vt 0.400000 1.000000
vt 0.500000 1.000000
vt 0.600000 1.000000
vt 0.700000 1.000000
vt 0.800000 1.000000
vt 0.900000 1.000000
vt 1.000000 1.000000
vt 0.000000 0.833333
vt 0.100000 0.833333
vt 0.200000 0.833333
vt 0.300000 0.833333
vt 0.400000 0.833333
vt 0.500000 0.833333
vt 0.600000 0.833333
vt 0.700000 0.833333
vt 0.800000 0.833333
vt 0.900000 0.833333
vt 1.000000 0.833333
vt 0.000000 0.666667
vt 0.100000 0.666667
vt 0.200000 0.666667
vt 0.300000 0.666667
vt 0.400000 0.666667
vt 0.500000 0.666667
vt 0.600000 0.666667
vt 0.700000 0.666667
vt 0.800000 0.666667
vt 0.900000 0.666667
vt 1.000000 0.666667
vt 0.000000 0.500000
vt 0.100000 0.500000
vt 0.200000 0.500000
vt 0.300000 0.500000
vt 0.400000 0.500000
vt 0.500000 0.500000
vt 0.600000 0.500000
vt 0.700000 0.500000
vt 0.800000 0.500000
vt 0.900000 0.500000
vt 1.000000 0.500000
vt 0.000000 0.333333
vt 0.100000 0.333333
vt 0.200000 0.333333
vt 0.300000 0.333333
vt 0.400000 0.333333
vt 0.500000 0.333333
vt 0.600000 0.333333
vt 0.700000 0.333333
vt 0.800000 0.333333
vt 0.900000 0.333333
vt 1.000000 0.333333
vt 0.000000 0.166667
vt 0.100000 0.166667
vt 0.200000 0.166667
vt 0.300000 0.166667
vt 0.400000 0.166667
vt 0.500000 0.166667
vt 0.600000 0.166667
vt 0.700000 0.166667
vt 0.800000 0.166667
vt 0.900000 0.166667
vt 1.000000 0.166667
vt 0.000000 0.000000
vt 0.100000 0.000000
vt 0.200000 0.000000
vt 0.300000 0.000000
vt 0.400000 0.000000
vt 0.500000 0.000000
vt 0.600000 0.000000
vt 0.700000 0.000000
vt 0.800000 0.000000
vt 0.900000 0.000000
vt 1.000000 0.000000
vt 0.000000 1.000000
vt 0.100000 1.000000
vt 0.200000 1.000000
vt 0.300000 1.000000
vt 0.400000 1.000000
vt 0.500000 1.000000
vt 0.600000 1.000000
vt 0.700000 1.000000
vt 0.800000 1.000000
vt 0.900000 1.000000
vt 1.000000 1.000000
vt 0.000000 0.833333
vt 0.100000 0.833333
vt 0.200000 0.833333
vt 0.300000 0.833333
vt 0.400000 0.833333
vt 0.500000 0.833333
vt 0.600000 0.833333
vt 0.700000 0.833333
vt 0.800000 0.833333
vt 0.900000 0.833333
vt 1.000000 0.833333
vt 0.000000 0.666667
vt 0.100000 0.666667
vt 0.200000 0.666667
vt 0.300000 0.666667
vt 0.400000 0.666667
vt 0.500000 0.666667
vt 0.600000 0.666667
vt 0.700000 0.666667
vt 0.800000 0.666667
vt 0.900000 0.666667
vt 1.000000 0.666667
vt 0.000000 0.500000
vt 0.100000 0.500000
vt 0.200000 0.500000
vt 0.300000 0.500000
vt 0.400000 0.500000
vt 0.500000 0.500000
vt 0.600000 0.500000
vt 0.700000 0.500000
vt 0.800000 0.500000
vt 0.900000 0.500000
vt 1.000000 0.500000
vt 0.000000 0.333333
vt 0.100000 0.333333
vt 0.200000 0.333333
vt 0.300000 0.333333
vt 0.400000 0.333333
vt 0.500000 0.333333
vt 0.600000 0.333333
vt 0.700000 0.333333
vt 0.800000 0.333333
vt 0.900000 0.333333
vt 1.000000 0.333333
vt 0.000000 0.166667
vt 0.100000 0.166667
vt 0.200000 0.166667
vt 0.300000 0.166667
vt 0.400000 0.166667
vt 0.500000 0.166667
vt 0.600000 0.166667
vt 0.700000 0.166667
vt 0.800000 0.166667
vt 0.900000 0.166667
vt 1.000000 0.166667
vt 0.000000 0.000000
vt 0.100000 0.000000
vt 0.200000 0.000000
vt 0.300000 0.000000
vt 0.400000 0.000000
vt 0.500000 0.000000
vt 0.600000 0.000000
vt 0.700000 0.000000
vt 0.800000 0.000000
vt 0.900000 0.000000
vt 1.000000 0.000000
vt 0.000000 1.000000
vt 0.100000 1.000000
vt 0.200000 1.000000
vt 0.300000 1.000000
vt 0.400000 1.000000
vt 0.500000 1.000000
vt 0.600000 1.000000
vt 0.700000 1.000000
vt 0.800000 1.000000
vt 0.900000 1.000000
vt 1.000000 1.000000
vt 0.000000 0.833333
vt 0.100000 0.833333
vt 0.200000 0.833333
vt 0.300000 0.833333
vt 0.400000 0.833333
vt 0.500000 0.833333
vt 0.600000 0.833333
vt 0.700000 0.833333
vt 0.800000 0.833333
vt 0.900000 0.833333
vt 1.000000 0.833333
vt 0.000000 0.666667
vt 0.100000 0.666667
vt 0.200000 0.666667
vt 0.300000 0.666667
vt 0.400000 0.666667
vt 0.500000 0.666667
vt 0.600000 0.666667
vt 0.700000 0.666667
vt 0.800000 0.666667
vt 0.900000 0.666667
vt 1.000000 0.666667
vt 0.000000 0.500000
vt 0.100000 0.500000
vt 0.200000 0.500000
vt 0.300000 0.500000
vt 0.400000 0.500000
vt 0.500000 0.500000
vt 0.600000 0.500000
vt 0.700000 0.500000
vt 0.800000 0.500000
vt 0.900000 0.500000
vt 1.000000 0.500000
vt 0.000000 0.333333
vt 0.100000 0.333333
vt 0.200000 0.333333
vt 0.300000 0.333333
vt 0.400000 0.333333
vt 0.500000 0.333333
vt 0.600000 0.333333
vt 0.700000 0.333333
vt 0.800000 0.333333
vt 0.900000 0.333333
vt 1.000000 0.333333
vt 0.000000 0.166667
vt 0.100000 0.166667
vt 0.200000 0.166667
vt 0.300000 0.166667
vt 0.400000 0.166667
vt 0.500000 0.166667
vt 0.600000 0.166667
vt 0.700000 0.166667
vt 0.800000 0.166667
vt 0.900000 0.166667
vt 1.000000 0.166667
vt 0.000000 0.000000
vt 0.100000 0.000000
vt 0.200000 0.000000
vt 0.300000 0.000000
vt 0.400000 0.000000
vt 0.500000 0.000000
vt 0.600000 0.000000
vt 0.700000 0.000000
vt 0.800000 0.000000
vt 0.900000 0.000000
vt 1.000000 0.000000
vt 0.000000 1.000000
vt 0.100000 1.000000
vt 0.200000 1.000000
vt 0.300000 1.000000
vt 0.400000 1.000000
vt 0.500000 1.000000
vt 0.600000 1.000000
vt 0.700000 1.000000
vt 0.800000 1.000000
vt 0.900000 1.000000
vt 1.000000 1.000000
vt 0.000000 0.833333
vt 0.100000 0.833333
vt 0.200000 0.833333
vt 0.300000 0.833333
vt 0.400000 0.833333
vt 0.500000 0.833333
vt 0.600000 0.833333
vt 0.700000 0.833333
vt 0.800000 0.833333
vt 0.900000 0.833333
vt 1.000000 0.833333
vt 0.000000 0.666667
vt 0.100000 0.666667
vt 0.200000 0.666667
vt 0.300000 0.666667
vt 0.400000 0.666667
vt 0.500000 0.666667
vt 0.600000 0.666667
vt 0.700000 0.666667
vt 0.800000 0.666667
vt 0.900000 0.666667
vt 1.000000 0.666667
vt 0.000000 0.500000
vt 0.100000 0.500000
vt 0.200000 0.500000
vt 0.300000 0.500000
vt 0.400000 0.500000
vt 0.500000 0.500000
vt 0.600000 0.500000
vt 0.700000 0.500000
vt 0.800000 0.500000
vt 0.900000 0.500000
vt 1.000000 0.500000
vt 0.000000 0.333333
vt 0.100000 0.333333
vt 0.200000 0.333333
vt 0.300000 0.333333
vt 0.400000 0.333333
vt 0.500000 0.333333
vt 0.600000 0.333333
vt 0.700000 0.333333
vt 0.800000 0.333333
vt 0.900000 0.333333
vt 1.000000 0.333333
vt 0.000000 0.166667
vt 0.100000 0.166667
vt 0.200000 0.166667
vt 0.300000 0.166667
vt 0.400000 0.166667
vt 0.500000 0.166667
vt 0.600000 0.166667
vt 0.700000 0.166667
vt 0.800000 0.166667
vt 0.900000 0.166667
vt 1.000000 0.166667
vt 0.000000 0.000000
vt 0.100000 0.000000
vt 0.200000 0.000000
vt 0.300000 0.000000
vt 0.400000 0.000000
vt 0.500000 0.000000
vt 0.600000 0.000000
vt 0.700000 0.000000
vt 0.800000 0.000000
vt 0.900000 0.000000
vt 1.000000 0.000000
vt 0.000000 1.000000
vt 0.100000 1.000000
vt 0.200000 1.000000
vt 0.300000 1.000000
vt 0.400000 1.000000
vt 0.500000 1.000000
vt 0.600000 1.000000
vt 0.700000 1.000000
vt 0.800000 1.000000
vt 0.900000 1.000000
vt 1.000000 1.000000
vt 0.000000 0.833333
vt 0.100000 0.833333
vt 0.200000 0.833333
vt 0.300000 0.833333
vt 0.400000 0.833333
vt 0.500000 0.833333
vt 0.600000 0.833333
vt 0.700000 0.833333
vt 0.800000 0.833333
vt 0.900000 0.833333
vt 1.000000 0.833333
vt 0.000000 0.666667
vt 0.100000 0.666667
vt 0.200000 0.666667
vt 0.300000 0.666667
vt 0.400000 0.666667
vt 0.500000 0.666667
vt 0.600000 0.666667
vt 0.700000 0.666667
vt 0.800000 0.666667
vt 0.900000 0.666667
vt 1.000000 0.666667
vt 0.000000 0.500000
vt 0.100000 0.500000
vt 0.200000 0.500000
vt 0.300000 0.500000
vt 0.400000 0.500000
vt 0.500000 0.500000
vt 0.600000 0.500000
vt 0.700000 0.500000
vt 0.800000 0.500000
vt 0.900000 0.500000
vt 1.000000 0.500000
vt 0.000000 0.333333
vt 0.100000 0.333333
vt 0.200000 0.333333
vt 0.300000 0.333333
vt 0.400000 0.333333
vt 0.500000 0.333333
vt 0.600000 0.333333
vt 0.700000 0.333333
vt 0.800000 0.333333
vt 0.900000 0.333333
vt 1.000000 0.333333
vt 0.000000 0.166667
vt 0.100000 0.166667
vt 0.200000 0.166667
vt 0.300000 0.166667
vt 0.400000 0.166667
vt 0.500000 0.166667
vt 0.600000 0.166667
vt 0.700000 0.166667
vt 0.800000 0.166667
vt 0.900000 0.166667
vt 1.000000 0.166667
vt 0.000000 0.000000
vt 0.100000 0.000000
vt 0.200000 0.000000
vt 0.300000 0.000000
vt 0.400000 0.000000
vt 0.500000 0.000000
vt 0.600000 0.000000
vt 0.700000 0.000000
vt 0.800000 0.000000
vt 0.900000 0.000000
vt 1.000000 0.000000
vt 0.000000 1.000000
vt 0.071429 1.000000
vt 0.142857 1.000000
vt 0.214286 1.000000
vt 0.285714 1.000000
vt 0.357143 1.000000
vt 0.428571 1.000000
vt 0.500000 1.000000
vt 0.571429 1.000000
vt 0.642857 1.000000
vt 0.714286 1.000000
vt 0.785714 1.000000
vt 0.857143 1.000000
vt 0.928571 1.000000
vt 1.000000 1.000000
vt 0.000000 0.875000
vt 0.071429 0.875000
vt 0.142857 0.875000
vt 0.214286 0.875000
vt 0.285714 0.875000
vt 0.357143 0.875000
vt 0.428571 0.875000
vt 0.500000 0.875000
vt 0.571429 0.875000
vt 0.642857 0.875000
vt 0.714286 0.875000
vt 0.785714 0.875000
vt 0.857143 0.875000
vt 0.928571 0.875000
vt 1.000000 0.875000
vt 0.000000 0.750000
vt 0.071429 0.750000
vt 0.142857 0.750000
vt 0.214286 0.750000
vt 0.285714 0.750000
vt 0.357143 0.750000
vt 0.428571 0.750000
vt 0.500000 0.750000
vt 0.571429 0.750000
vt 0.642857 0.750000
vt 0.714286 0.750000
vt 0.785714 0.750000
vt 0.857143 0.750000
vt 0.928571 0.750000
vt 1.000000 0.750000
vt 0.000000 0.625000
vt 0.071429 0.625000
vt 0.142857 0.625000
vt 0.214286 0.625000
vt 0.285714 0.625000
vt 0.357143 0.625000
vt 0.428571 0.625000
vt 0.500000 0.625000
vt 0.571429 0.625000
vt 0.642857 0.625000
vt 0.714286 0.625000
vt 0.785714 0.625000
vt 0.857143 0.625000
vt 0.928571 0.625000
vt 1.000000 0.625000
vt 0.000000 0.500000
vt 0.071429 0.500000
vt 0.142857 0.500000
vt 0.214286 0.500000
vt 0.285714 0.500000
vt 0.357143 0.500000
vt 0.428571 0.500000
vt 0.500000 0.500000
vt 0.571429 0.500000
vt 0.642857 0.500000
vt 0.714286 0.500000
vt 0.785714 0.500000
vt 0.857143 0.500000
vt 0.928571 0.500000
vt 1.000000 0.500000
vt 0.000000 0.375000
vt 0.071429 0.375000
vt 0.142857 0.375000
vt 0.214286 0.375000
vt 0.285714 0.375000
vt 0.357143 0.375000
vt 0.428571 0.375000
vt 0.500000 0.375000
vt 0.571429 0.375000
vt 0.642857 0.375000
vt 0.714286 0.375000
vt 0.785714 0.375000
vt 0.857143 0.375000
vt 0.928571 0.375000
vt 1.000000 0.375000
vt 0.000000 0.250000
vt 0.071429 0.250000
vt 0.142857 0.250000
vt 0.214286 0.250000
vt 0.285714 0.250000
vt 0.357143 0.250000
vt 0.428571 0.250000
vt 0.500000 0.250000
vt 0.571429 0.250000
vt 0.642857 0.250000
vt 0.714286 0.250000
vt 0.785714 0.250000
vt 0.857143 0.250000
vt 0.928571 0.250000
vt 1.000000 0.250000
vt 0.000000 0.125000
vt 0.071429 0.125000
vt 0.142857 0.125000
vt 0.214286 0.125000
vt 0.285714 0.125000
vt 0.357143 0.125000
vt 0.428571 0.125000
vt 0.500000 0.125000
vt 0.571429 0.125000
vt 0.642857 0.125000
vt 0.714286 0.125000
vt 0.785714 0.125000
vt 0.857143 0.125000
vt 0.928571 0.125000
vt 1.000000 0.125000
vt 0.000000 0.000000
vt 0.071429 0.000000
vt 0.142857 0.000000
vt 0.214286 0.000000
vt 0.285714 0.000000
vt 0.357143 0.000000
vt 0.428571 0.000000
vt 0.500000 0.000000
vt 0.571429 0.000000
vt 0.642857 0.000000
vt 0.714286 0.000000
vt 0.785714 0.000000
vt 0.857143 0.000000
vt 0.928571 0.000000
vt 1.000000 0.000000
vn 1.000000 0.000000 0.000000
vn 0.809017 0.000000 -0.587785
vn 0.309017 0.000000 -0.951057
vn -0.309017 0.000000 -0.951057
vn -0.809017 0.000000 -0.587785
vn -1.000000 0.000000 -0.000000
vn -0.809017 -0.000000 0.587785
vn -0.309017 -0.000000 0.951057
vn 0.309017 0.000000 0.951057
vn 0.809017 0.000000 0.587785
vn 1.000000 0.000000 0.000000
vn 1.000000 0.000000 0.000000
vn 0.809017 0.000000 -0.587785
vn 0.309017 0.000000 -0.951057
vn -0.309017 0.000000 -0.951057
vn -0.809017 0.000000 -0.587785
vn -1.000000 0.000000 -0.000000
vn -0.809017 -0.000000 0.587785
vn -0.309017 -0.000000 0.951057
vn 0.309017 0.000000 0.951057
vn 0.809017 0.000000 0.587785
vn 1.000000 0.000000 0.000000
vn 0.999056 -0.043437 0.000000
vn 0.808253 -0.035141 -0.587785
vn 0.308725 -0.013423 -0.951057
vn -0.308725 0.013423 -0.951057
vn -0.808253 0.035141 -0.587785
vn -0.999056 0.043437 -0.000000
vn -0.808253 0.035141 0.587785
vn -0.308725 0.013423 0.951057
vn 0.308725 -0.013423 0.951057
vn 0.808253 -0.035141 0.587785
vn 0.999056 -0.043437 0.000000
vn 0.999056 -0.043437 0.000000
vn 0.808253 -0.035141 -0.587785
vn 0.308725 -0.013423 -0.951057
vn -0.308725 0.013423 -0.951057
vn -0.808253 0.035141 -0.587785
vn -0.999056 0.043437 -0.000000
vn -0.808253 0.035141 0.587785
vn -0.308725 0.013423 0.951057
vn 0.308725 -0.013423 0.951057
vn 0.808253 -0.035141 0.587785
vn 0.999056 -0.043437 0.000000
vn 0.661373 -0.750057 0.000000
vn 0.496754 -0.504717 -0.706042
vn 0.041144 0.036279 -0.998494
vn -0.438568 0.556024 -0.706042
vn -0.661373 0.750057 -0.000000
vn -0.496754 0.504717 0.706042
vn -0.041144 -0.036279 0.998494
vn 0.438568 -0.556024 0.706042
vn 0.661373 -0.750057 0.000000
vn 0.661373 -0.750057 0.000000
vn 0.496754 -0.504717 -0.706042
vn 0.041144 0.036279 -0.998494
vn -0.438568 0.556024 -0.706042
vn -0.661373 0.750057 -0.000000
vn -0.496754 0.504717 0.706042
vn -0.041144 -0.036279 0.998494
vn 0.438568 -0.556024 0.706042
vn 0.661373 -0.750057 0.000000
vn 0.000000 1.000000 0.000000
vn 0.000000 1.000000 0.000000
vn 0.000000 1.000000 0.000000
vn 0.000000 1.000000 0.000000
vn -0.000000 1.000000 0.000000
vn -0.000000 1.000000 0.000000
vn -0.000000 1.000000 0.000000
vn -0.000000 1.000000 -0.000000
vn -0.000000 1.000000 -0.000000
vn -0.000000 1.000000 -0.000000
vn 0.000000 1.000000 -0.000000
vn 0.000000 1.000000 -0.000000
vn 0.000000 1.000000 -0.000000
vn 0.364379 0.931251 0.000000
vn 0.314640 0.928532 0.197052
vn 0.180608 0.923165 0.339332
vn 0.000000 0.920517 0.390703
vn -0.180608 0.923165 0.339332
vn -0.314640 0.928532 0.197052
vn -0.364379 0.931251 0.000000
vn -0.314640 0.928532 -0.197052
vn -0.180608 0.923165 -0.339332
vn -0.000000 0.920517 -0.390703
vn 0.180608 0.923165 -0.339332
vn 0.314640 0.928532 -0.197052
vn 0.364379 0.931251 -0.000000
vn 0.713675 0.700477 0.000000
vn 0.611224 0.692728 0.382796
vn 0.345374 0.677972 0.648900
vn 0.000000 0.670939 0.741512
vn -0.345374 0.677972 0.648900
vn -0.611224 0.692728 0.382796
vn -0.713675 0.700477 0.000000
vn -0.611224 0.692728 -0.382796
vn -0.345374 0.677972 -0.648900
vn -0.000000 0.670939 -0.741512
vn 0.345374 0.677972 -0.648900
vn 0.611224 0.692728 -0.382796
vn 0.713675 0.700477 -0.000000
vn 0.962735 0.270447 0.000000
vn 0.817194 0.265075 0.511791
vn 0.454279 0.255228 0.853516
vn 0.000000 0.250698 0.968065
vn -0.454279 0.255228 0.853516
vn -0.817194 0.265075 0.511791
vn -0.962735 0.270447 0.000000
vn -0.817194 0.265075 -0.511791
vn -0.454279 0.255228 -0.853516
vn -0.000000 0.250698 -0.968065
vn 0.454279 0.255228 -0.853516
vn 0.817194 0.265075 -0.511791
vn 0.962735 0.270447 -0.000000
vn 0.962735 -0.270447 0.000000
vn 0.817194 -0.265075 0.511791
vn 0.454279 -0.255228 0.853516
vn 0.000000 -0.250698 0.968065
vn -0.454279 -0.255228 0.853516
vn -0.817194 -0.265075 0.511791
vn -0.962735 -0.270447 0.000000
vn -0.817194 -0.265075 -0.511791
vn -0.454279 -0.255228 -0.853516
vn -0.000000 -0.250698 -0.968065
vn 0.454279 -0.255228 -0.853516
vn 0.817194 -0.265075 -0.511791
vn 0.962735 -0.270447 -0.000000
vn 0.713675 -0.700477 0.000000
vn 0.611224 -0.692728 0.382796
vn 0.345374 -0.677972 0.648900
vn 0.000000 -0.670939 0.741512
vn -0.345374 -0.677972 0.648900
vn -0.611224 -0.692728 0.382796
vn -0.713675 -0.700477 0.000000
vn -0.611224 -0.692728 -0.382796
vn -0.345374 -0.677972 -0.648900
vn -0.000000 -0.670939 -0.741512
vn 0.345374 -0.677972 -0.648900
vn 0.611224 -0.692728 -0.382796
vn 0.713675 -0.700477 -0.000000
vn 0.364379 -0.931251 0.000000
vn 0.314640 -0.928532 0.197052
vn 0.180608 -0.923165 0.339332
vn 0.000000 -0.920517 0.390703
vn -0.180608 -0.923165 0.339332
vn -0.314640 -0.928532 0.197052
vn -0.364379 -0.931251 0.000000
vn -0.314640 -0.928532 -0.197052
vn -0.180608 -0.923165 -0.339332
vn -0.000000 -0.920517 -0.390703
vn 0.180608 -0.923165 -0.339332
vn 0.314640 -0.928532 -0.197052
vn 0.364379 -0.931251 -0.000000
vn 0.000000 -1.000000 0.000000
vn 0.000000 -1.000000 0.000000
vn 0.000000 -1.000000 0.000000
vn 0.000000 -1.000000 0.000000
vn -0.000000 -1.000000 0.000000
vn -0.000000 -1.000000 0.000000
vn -0.000000 -1.000000 0.000000
vn -0.000000 -1.000000 -0.000000
vn -0.000000 -1.000000 -0.000000
vn -0.000000 -1.000000 -0.000000
vn 0.000000 -1.000000 -0.000000
vn 0.000000 -1.000000 -0.000000
vn 0.000000 -1.000000 -0.000000
vn 0.765925 -0.642930 0.000000
vn 0.687016 -0.281375 -0.669953
vn 0.205662 0.245006 -0.947457
vn -0.396165 0.627866 -0.669953
vn -0.765925 0.642930 -0.000000
vn -0.687016 0.281375 0.669953
vn -0.205662 -0.245006 0.947457
vn 0.396165 -0.627866 0.669953
vn 0.765925 -0.642930 0.000000
vn 0.765925 -0.642930 0.000000
vn 0.687016 -0.281375 -0.669953
vn 0.205662 0.245006 -0.947457
vn -0.396165 0.627866 -0.669953
vn -0.765925 0.642930 -0.000000
vn -0.687016 0.281375 0.669953
vn -0.205662 -0.245006 0.947457
vn 0.396165 -0.627866 0.669953
vn 0.765925 -0.642930 0.000000
vn 0.000000 1.000000 0.000000
vn 0.000000 1.000000 0.000000
vn 0.000000 1.000000 0.000000
vn 0.000000 1.000000 0.000000
vn -0.000000 1.000000 0.000000
vn -0.000000 1.000000 0.000000
vn -0.000000 1.000000 0.000000
vn -0.000000 1.000000 -0.000000
vn -0.000000 1.000000 -0.000000
vn -0.000000 1.000000 -0.000000
vn 0.000000 1.000000 -0.000000
vn 0.000000 1.000000 -0.000000
vn 0.000000 1.000000 -0.000000
vn 0.364379 0.931251 0.000000
vn 0.314640 0.928532 0.197052
vn 0.180608 0.923165 0.339332
vn 0.000000 0.920517 0.390703
vn -0.180608 0.923165 0.339332
vn -0.314640 0.928532 0.197052
vn -0.364379 0.931251 0.000000
vn -0.314640 0.928532 -0.197052
vn -0.180608 0.923165 -0.339332
vn -0.000000 0.920517 -0.390703
vn 0.180608 0.923165 -0.339332
vn 0.314640 0.928532 -0.197052
vn 0.364379 0.931251 -0.000000
vn 0.713675 0.700477 0.000000
vn 0.611224 0.692728 0.382796
vn 0.345374 0.677972 0.648900
vn 0.000000 0.670939 0.741512
vn -0.345374 0.677972 0.648900
vn -0.611224 0.692728 0.382796
vn -0.713675 0.700477 0.000000
vn -0.611224 0.692728 -0.382796
vn -0.345374 0.677972 -0.648900
vn -0.000000 0.670939 -0.741512
vn 0.345374 0.677972 -0.648900
vn 0.611224 0.692728 -0.382796
vn 0.713675 0.700477 -0.000000
vn 0.962735 0.270447 0.000000
vn 0.817194 0.265075 0.511791
vn 0.454279 0.255228 0.853516
vn 0.000000 0.250698 0.968065
vn -0.454279 0.255228 0.853516
vn -0.817194 0.265075 0.511791
vn -0.962735 0.270447 0.000000
vn -0.817194 0.265075 -0.511791
vn -0.454279 0.255228 -0.853516
vn -0.000000 0.250698 -0.968065
vn 0.454279 0.255228 -0.853516
vn 0.817194 0.265075 -0.511791
vn 0.962735 0.270447 -0.000000
vn 0.962735 -0.270447 0.000000
vn 0.817194 -0.265075 0.511791
vn 0.454279 -0.255228 0.853516
vn 0.000000 -0.250698 0.968065
vn -0.454279 -0.255228 0.853516
vn -0.817194 -0.265075 0.511791
vn -0.962735 -0.270447 0.000000
vn -0.817194 -0.265075 -0.511791
vn -0.454279 -0.255228 -0.853516
vn -0.000000 -0.250698 -0.968065
vn 0.454279 -0.255228 -0.853516
vn 0.817194 -0.265075 -0.511791
vn 0.962735 -0.270447 -0.000000
vn 0.713675 -0.700477 0.000000
vn 0.611224 -0.692728 0.382796
vn 0.345374 -0.677972 0.648900
vn 0.000000 -0.670939 0.741512
vn -0.345374 -0.677972 0.648900
vn -0.611224 -0.692728 0.382796
vn -0.713675 -0.700477 0.000000
vn -0.611224 -0.692728 -0.382796
vn -0.345374 -0.677972 -0.648900
vn -0.000000 -0.670939 -0.741512
vn 0.345374 -0.677972 -0.648900
vn 0.611224 -0.692728 -0.382796
vn 0.713675 -0.700477 -0.000000
vn 0.364379 -0.931251 0.000000
vn 0.314640 -0.928532 0.197052
vn 0.180608 -0.923165 0.339332
vn 0.000000 -0.920517 0.390703
vn -0.180608 -0.923165 0.339332
vn -0.314640 -0.928532 0.197052
vn -0.364379 -0.931251 0.000000
vn -0.314640 -0.928532 -0.197052
vn -0.180608 -0.923165 -0.339332
vn -0.000000 -0.920517 -0.390703
vn 0.180608 -0.923165 -0.339332
vn 0.314640 -0.928532 -0.197052
vn 0.364379 -0.931251 -0.000000
vn 0.000000 -1.000000 0.000000
vn 0.000000 -1.000000 0.000000
vn 0.000000 -1.000000 0.000000
vn 0.000000 -1.000000 0.000000
vn -0.000000 -1.000000 0.000000
vn -0.000000 -1.000000 0.000000
vn -0.000000 -1.000000 0.000000
vn -0.000000 -1.000000 -0.000000
vn -0.000000 -1.000000 -0.000000
vn -0.000000 -1.000000 -0.000000
vn 0.000000 -1.000000 -0.000000
vn 0.000000 -1.000000 -0.000000
vn 0.000000 -1.000000 -0.000000
vn 0.856838 -0.515585 0.000000
vn 0.839502 0.023683 -0.542841
vn 0.330396 0.549077 -0.767693
vn -0.372251 0.752830 -0.542841
vn -0.856838 0.515585 -0.000000
vn -0.839502 -0.023683 0.542841
vn -0.330396 -0.549077 0.767693
vn 0.372251 -0.752830 0.542841
vn 0.856838 -0.515585 0.000000
vn 0.856838 -0.515585 0.000000
vn 0.839502 0.023683 -0.542841
vn 0.330396 0.549077 -0.767693
vn -0.372251 0.752830 -0.542841
vn -0.856838 0.515585 -0.000000
vn -0.839502 -0.023683 0.542841
vn -0.330396 -0.549077 0.767693
vn 0.372251 -0.752830 0.542841
vn 0.856838 -0.515585 0.000000
vn 0.000000 1.000000 0.000000
vn 0.000000 1.000000 0.000000
vn 0.000000 1.000000 0.000000
vn 0.000000 1.000000 0.000000
vn -0.000000 1.000000 0.000000
vn -0.000000 1.000000 0.000000
vn -0.000000 1.000000 0.000000
vn -0.000000 1.000000 -0.000000
vn -0.000000 1.000000 -0.000000
vn -0.000000 1.000000 -0.000000
vn 0.000000 1.000000 -0.000000
vn 0.000000 1.000000 -0.000000
vn 0.000000 1.000000 -0.000000
vn 0.364379 0.931251 0.000000
vn 0.314640 0.928532 0.197052
vn 0.180608 0.923165 0.339332
vn 0.000000 0.920517 0.390703
vn -0.180608 0.923165 0.339332
vn -0.314640 0.928532 0.197052
vn -0.364379 0.931251 0.000000
vn -0.314640 0.928532 -0.197052
vn -0.180608 0.923165 -0.339332
vn -0.000000 0.920517 -0.390703
vn 0.180608 0.923165 -0.339332
vn 0.314640 0.928532 -0.197052
vn 0.364379 0.931251 -0.000000
vn 0.713675 0.700477 0.000000
vn 0.611224 0.692728 0.382796
vn 0.345374 0.677972 0.648900
vn 0.000000 0.670939 0.741512
vn -0.345374 0.677972 0.648900
vn -0.611224 0.692728 0.382796
vn -0.713675 0.700477 0.000000
vn -0.611224 0.692728 -0.382796
vn -0.345374 0.677972 -0.648900
vn -0.000000 0.670939 -0.741512
vn 0.345374 0.677972 -0.648900
vn 0.611224 0.692728 -0.382796
vn 0.713675 0.700477 -0.000000
vn 0.962735 0.270447 0.000000
vn 0.817194 0.265075 0.511791
vn 0.454279 0.255228 0.853516
vn 0.000000 0.250698 0.968065
vn -0.454279 0.255228 0.853516
vn -0.817194 0.265075 0.511791
vn -0.962735 0.270447 0.000000
vn -0.817194 0.265075 -0.511791
vn -0.454279 0.255228 -0.853516
vn -0.000000 0.250698 -0.968065
vn 0.454279 0.255228 -0.853516
vn 0.817194 0.265075 -0.511791
vn 0.962735 0.270447 -0.000000
vn 0.962735 -0.270447 0.000000
vn 0.817194 -0.265075 0.511791
vn 0.454279 -0.255228 0.853516
vn 0.000000 -0.250698 0.968065
vn -0.454279 -0.255228 0.853516
vn -0.817194 -0.265075 0.511791
vn -0.962735 -0.270447 0.000000
vn -0.817194 -0.265075 -0.511791
vn -0.454279 -0.255228 -0.853516
vn -0.000000 -0.250698 -0.968065
vn 0.454279 -0.255228 -0.853516
vn 0.817194 -0.265075 -0.511791
vn 0.962735 -0.270447 -0.000000
vn 0.713675 -0.700477 0.000000
vn 0.611224 -0.692728 0.382796
vn 0.345374 -0.677972 0.648900
vn 0.000000 -0.670939 0.741512
vn -0.345374 -0.677972 0.648900
vn -0.611224 -0.692728 0.382796
vn -0.713675 -0.700477 0.000000
vn -0.611224 -0.692728 -0.382796
vn -0.345374 -0.677972 -0.648900
vn -0.000000 -0.670939 -0.741512
vn 0.345374 -0.677972 -0.648900
vn 0.611224 -0.692728 -0.382796
vn 0.713675 -0.700477 -0.000000
vn 0.364379 -0.931251 0.000000
vn 0.314640 -0.928532 0.197052
vn 0.180608 -0.923165 0.339332
vn 0.000000 -0.920517 0.390703
vn -0.180608 -0.923165 0.339332
vn -0.314640 -0.928532 0.197052
vn -0.364379 -0.931251 0.000000
vn -0.314640 -0.928532 -0.197052
vn -0.180608 -0.923165 -0.339332
vn -0.000000 -0.920517 -0.390703
vn 0.180608 -0.923165 -0.339332
vn 0.314640 -0.928532 -0.197052
vn 0.364379 -0.931251 -0.000000
vn 0.000000 -1.000000 0.000000
vn 0.000000 -1.000000 0.000000
vn 0.000000 -1.000000 0.000000
vn 0.000000 -1.000000 0.000000
vn -0.000000 -1.000000 0.000000
vn -0.000000 -1.000000 0.000000
vn -0.000000 -1.000000 0.000000
vn -0.000000 -1.000000 -0.000000
vn -0.000000 -1.000000 -0.000000
vn -0.000000 -1.000000 -0.000000
vn 0.000000 -1.000000 -0.000000
vn 0.000000 -1.000000 -0.000000
vn 0.000000 -1.000000 -0.000000
vn 0.987476 0.157768 -0.000000
vn 0.614136 0.638041 -0.464479
vn -0.118957 0.744558 -0.656873
vn -0.782367 0.414923 -0.464479
vn -0.987476 -0.157768 -0.000000
vn -0.614136 -0.638041 0.464479
vn 0.118957 -0.744558 0.656873
vn 0.782367 -0.414923 0.464479
vn 0.987476 0.157768 0.000000
vn 0.987476 0.157768 -0.000000
vn 0.614136 0.638041 -0.464479
vn -0.118957 0.744558 -0.656873
vn -0.782367 0.414923 -0.464479
vn -0.987476 -0.157768 -0.000000
vn -0.614136 -0.638041 0.464479
vn 0.118957 -0.744558 0.656873
vn 0.782367 -0.414923 0.464479
vn 0.987476 0.157768 0.000000
vn 0.000000 1.000000 0.000000
vn 0.000000 1.000000 0.000000
vn 0.000000 1.000000 0.000000
vn 0.000000 1.000000 0.000000
vn -0.000000 1.000000 0.000000
vn -0.000000 1.000000 0.000000
vn -0.000000 1.000000 0.000000
vn -0.000000 1.000000 -0.000000
vn -0.000000 1.000000 -0.000000
vn -0.000000 1.000000 -0.000000
vn 0.000000 1.000000 -0.000000
vn 0.000000 1.000000 -0.000000
vn 0.000000 1.000000 -0.000000
vn 0.364379 0.931251 0.000000
vn 0.314640 0.928532 0.197052
vn 0.180608 0.923165 0.339332
vn 0.000000 0.920517 0.390703
vn -0.180608 0.923165 0.339332
vn -0.314640 0.928532 0.197052
vn -0.364379 0.931251 0.000000
vn -0.314640 0.928532 -0.197052
vn -0.180608 0.923165 -0.339332
vn -0.000000 0.920517 -0.390703
vn 0.180608 0.923165 -0.339332
vn 0.314640 0.928532 -0.197052
vn 0.364379 0.931251 -0.000000
vn 0.713675 0.700477 0.000000
vn 0.611224 0.692728 0.382796
vn 0.345374 0.677972 0.648900
vn 0.000000 0.670939 0.741512
vn -0.345374 0.677972 0.648900
vn -0.611224 0.692728 0.382796
vn -0.713675 0.700477 0.000000
vn -0.611224 0.692728 -0.382796
vn -0.345374 0.677972 -0.648900
vn -0.000000 0.670939 -0.741512
vn 0.345374 0.677972 -0.648900
vn 0.611224 0.692728 -0.382796
vn 0.713675 0.700477 -0.000000
vn 0.962735 0.270447 0.000000
vn 0.817194 0.265075 0.511791
vn 0.454279 0.255228 0.853516
vn 0.000000 0.250698 0.968065
vn -0.454279 0.255228 0.853516
vn -0.817194 0.265075 0.511791
vn -0.962735 0.270447 0.000000
vn -0.817194 0.265075 -0.511791
vn -0.454279 0.255228 -0.853516
vn -0.000000 0.250698 -0.968065
vn 0.454279 0.255228 -0.853516
vn 0.817194 0.265075 -0.511791
vn 0.962735 0.270447 -0.000000
vn 0.962735 -0.270447 0.000000
vn 0.817194 -0.265075 0.511791
vn 0.454279 -0.255228 0.853516
vn 0.000000 -0.250698 0.968065
vn -0.454279 -0.255228 0.853516
vn -0.817194 -0.265075 0.511791
vn -0.962735 -0.270447 0.000000
vn -0.817194 -0.265075 -0.511791
vn -0.454279 -0.255228 -0.853516
vn -0.000000 -0.250698 -0.968065
vn 0.454279 -0.255228 -0.853516
vn 0.817194 -0.265075 -0.511791
vn 0.962735 -0.270447 -0.000000
vn 0.713675 -0.700477 0.000000
vn 0.611224 -0.692728 0.382796
vn 0.345374 -0.677972 0.648900
vn 0.000000 -0.670939 0.741512
vn -0.345374 -0.677972 0.648900
vn -0.611224 -0.692728 0.382796
vn -0.713675 -0.700477 0.000000
vn -0.611224 -0.692728 -0.382796
vn -0.345374 -0.677972 -0.648900
vn -0.000000 -0.670939 -0.741512
vn 0.345374 -0.677972 -0.648900
vn 0.611224 -0.692728 -0.382796
vn 0.713675 -0.700477 -0.000000
vn 0.364379 -0.931251 0.000000
vn 0.314640 -0.928532 0.197052
vn 0.180608 -0.923165 0.339332
vn 0.000000 -0.920517 0.390703
vn -0.180608 -0.923165 0.339332
vn -0.314640 -0.928532 0.197052
vn -0.364379 -0.931251 0.000000
vn -0.314640 -0.928532 -0.197052
vn -0.180608 -0.923165 -0.339332
vn -0.000000 -0.920517 -0.390703
vn 0.180608 -0.923165 -0.339332
vn 0.314640 -0.928532 -0.197052
vn 0.364379 -0.931251 -0.000000
vn 0.000000 -1.000000 0.000000
vn 0.000000 -1.000000 0.000000
vn 0.000000 -1.000000 0.000000
vn 0.000000 -1.000000 0.000000
vn -0.000000 -1.000000 0.000000
vn -0.000000 -1.000000 0.000000
vn -0.000000 -1.000000 0.000000
vn -0.000000 -1.000000 -0.000000
vn -0.000000 -1.000000 -0.000000
vn -0.000000 -1.000000 -0.000000
vn 0.000000 -1.000000 -0.000000
vn 0.000000 -1.000000 -0.000000
vn 0.000000 -1.000000 -0.000000
vn 0.869677 0.493622 -0.000000
vn 0.458626 0.624466 -0.632221
vn -0.221081 0.389507 -0.894096
vn -0.771282 -0.073620 -0.632221
vn -0.869677 -0.493622 -0.000000
vn -0.458626 -0.624466 0.632221
vn 0.221081 -0.389507 0.894096
vn 0.771282 0.073620 0.632221
vn 0.869677 0.493622 0.000000
vn 0.869677 0.493622 -0.000000
vn 0.458626 0.624466 -0.632221
vn -0.221081 0.389507 -0.894096
vn -0.771282 -0.073620 -0.632221
vn -0.869677 -0.493622 -0.000000
vn -0.458626 -0.624466 0.632221
vn 0.221081 -0.389507 0.894096
vn 0.771282 0.073620 0.632221
vn 0.869677 0.493622 0.000000
vn 0.000000 1.000000 0.000000
vn 0.000000 1.000000 0.000000
vn 0.000000 1.000000 0.000000
vn 0.000000 1.000000 0.000000
vn -0.000000 1.000000 0.000000
vn -0.000000 1.000000 0.000000
vn -0.000000 1.000000 0.000000
vn -0.000000 1.000000 -0.000000
vn -0.000000 1.000000 -0.000000
vn -0.000000 1.000000 -0.000000
vn 0.000000 1.000000 -0.000000
vn 0.000000 1.000000 -0.000000
vn 0.000000 1.000000 -0.000000
vn 0.364379 0.931251 0.000000
vn 0.314640 0.928532 0.197052
vn 0.180608 0.923165 0.339332
vn 0.000000 0.920517 0.390703
vn -0.180608 0.923165 0.339332
vn -0.314640 0.928532 0.197052
vn -0.364379 0.931251 0.000000
vn -0.314640 0.928532 -0.197052
vn -0.180608 0.923165 -0.339332
vn -0.000000 0.920517 -0.390703
vn 0.180608 0.923165 -0.339332
vn 0.314640 0.928532 -0.197052
vn 0.364379 0.931251 -0.000000
vn 0.713675 0.700477 0.000000
vn 0.611224 0.692728 0.382796
vn 0.345374 0.677972 0.648900
vn 0.000000 0.670939 0.741512
vn -0.345374 0.677972 0.648900
vn -0.611224 0.692728 0.382796
vn -0.713675 0.700477 0.000000
vn -0.611224 0.692728 -0.382796
vn -0.345374 0.677972 -0.648900
vn -0.000000 0.670939 -0.741512
vn 0.345374 0.677972 -0.648900
vn 0.611224 0.692728 -0.382796
vn 0.713675 0.700477 -0.000000
vn 0.962735 0.270447 0.000000
vn 0.817194 0.265075 0.511791
vn 0.454279 0.255228 0.853516
vn 0.000000 0.250698 0.968065
vn -0.454279 0.255228 0.853516
vn -0.817194 0.265075 0.511791
vn -0.962735 0.270447 0.000000
vn -0.817194 0.265075 -0.511791
vn -0.454279 0.255228 -0.853516
vn -0.000000 0.250698 -0.968065
vn 0.454279 0.255228 -0.853516
vn 0.817194 0.265075 -0.511791
vn 0.962735 0.270447 -0.000000
vn 0.962735 -0.270447 0.000000
vn 0.817194 -0.265075 0.511791
vn 0.454279 -0.255228 0.853516
vn 0.000000 -0.250698 0.968065
vn -0.454279 -0.255228 0.853516
vn -0.817194 -0.265075 0.511791
vn -0.962735 -0.270447 0.000000
vn -0.817194 -0.265075 -0.511791
vn -0.454279 -0.255228 -0.853516
vn -0.000000 -0.250698 -0.968065
vn 0.454279 -0.255228 -0.853516
vn 0.817194 -0.265075 -0.511791
vn 0.962735 -0.270447 -0.000000
vn 0.713675 -0.700477 0.000000
vn 0.611224 -0.692728 0.382796
vn 0.345374 -0.677972 0.648900
vn 0.000000 -0.670939 0.741512
vn -0.345374 -0.677972 0.648900
vn -0.611224 -0.692728 0.382796
vn -0.713675 -0.700477 0.000000
vn -0.611224 -0.692728 -0.382796
vn -0.345374 -0.677972 -0.648900
vn -0.000000 -0.670939 -0.741512
vn 0.345374 -0.677972 -0.648900
vn 0.611224 -0.692728 -0.382796
vn 0.713675 -0.700477 -0.000000
vn 0.364379 -0.931251 0.000000
vn 0.314640 -0.928532 0.197052
vn 0.180608 -0.923165 0.339332
vn 0.000000 -0.920517 0.390703
vn -0.180608 -0.923165 0.339332
vn -0.314640 -0.928532 0.197052
vn -0.364379 -0.931251 0.000000
vn -0.314640 -0.928532 -0.197052
vn -0.180608 -0.923165 -0.339332
vn -0.000000 -0.920517 -0.390703
vn 0.180608 -0.923165 -0.339332
vn 0.314640 -0.928532 -0.197052
vn 0.364379 -0.931251 -0.000000
vn 0.000000 -1.000000 0.000000
vn 0.000000 -1.000000 0.000000
vn 0.000000 -1.000000 0.000000
vn 0.000000 -1.000000 0.000000
vn -0.000000 -1.000000 0.000000
vn -0.000000 -1.000000 0.000000
vn -0.000000 -1.000000 0.000000
vn -0.000000 -1.000000 -0.000000
vn -0.000000 -1.000000 -0.000000
vn -0.000000 -1.000000 -0.000000
vn 0.000000 -1.000000 -0.000000
vn 0.000000 -1.000000 -0.000000
vn 0.000000 -1.000000 -0.000000
vn 0.544669 0.838651 -0.000000
vn 0.227342 0.695499 -0.681614
vn -0.223159 0.144933 -0.963947
vn -0.542937 -0.490533 -0.681614
vn -0.544669 -0.838651 -0.000000
vn -0.227342 -0.695499 0.681614
vn 0.223159 -0.144933 0.963947
vn 0.542937 0.490533 0.681614
vn 0.544669 0.838651 0.000000
vn 0.544669 0.838651 -0.000000
vn 0.227342 0.695499 -0.681614
vn -0.223159 0.144933 -0.963947
vn -0.542937 -0.490533 -0.681614
vn -0.544669 -0.838651 -0.000000
vn -0.227342 -0.695499 0.681614
vn 0.223159 -0.144933 0.963947
vn 0.542937 0.490533 0.681614
vn 0.544669 0.838651 0.000000
vn 0.000000 1.000000 0.000000
vn 0.000000 1.000000 0.000000
vn 0.000000 1.000000 0.000000
vn 0.000000 1.000000 0.000000
vn -0.000000 1.000000 0.000000
vn -0.000000 1.000000 0.000000
vn -0.000000 1.000000 0.000000
vn -0.000000 1.000000 -0.000000
vn -0.000000 1.000000 -0.000000
vn -0.000000 1.000000 -0.000000
vn 0.000000 1.000000 -0.000000
vn 0.000000 1.000000 -0.000000
vn 0.000000 1.000000 -0.000000
vn 0.364379 0.931251 0.000000
vn 0.314640 0.928532 0.197052
vn 0.180608 0.923165 0.339332
vn 0.000000 0.920517 0.390703
vn -0.180608 0.923165 0.339332
vn -0.314640 0.928532 0.197052
vn -0.364379 0.931251 0.000000
vn -0.314640 0.928532 -0.197052
vn -0.180608 0.923165 -0.339332
vn -0.000000 0.920517 -0.390703
vn 0.180608 0.923165 -0.339332
vn 0.314640 0.928532 -0.197052
vn 0.364379 0.931251 -0.000000
vn 0.713675 0.700477 0.000000
vn 0.611224 0.692728 0.382796
vn 0.345374 0.677972 0.648900
vn 0.000000 0.670939 0.741512
vn -0.345374 0.677972 0.648900
vn -0.611224 0.692728 0.382796
vn -0.713675 0.700477 0.000000
vn -0.611224 0.692728 -0.382796
vn -0.345374 0.677972 -0.648900
vn -0.000000 0.670939 -0.741512
vn 0.345374 0.677972 -0.648900
vn 0.611224 0.692728 -0.382796
vn 0.713675 0.700477 -0.000000
vn 0.962735 0.270447 0.000000
vn 0.817194 0.265075 0.511791
vn 0.454279 0.255228 0.853516
vn 0.000000 0.250698 0.968065
vn -0.454279 0.255228 0.853516
vn -0.817194 0.265075 0.511791
vn -0.962735 0.270447 0.000000
vn -0.817194 0.265075 -0.511791
vn -0.454279 0.255228 -0.853516
vn -0.000000 0.250698 -0.968065
vn 0.454279 0.255228 -0.853516
vn 0.817194 0.265075 -0.511791
vn 0.962735 0.270447 -0.000000
vn 0.962735 -0.270447 0.000000
vn 0.817194 -0.265075 0.511791
vn 0.454279 -0.255228 0.853516
vn 0.000000 -0.250698 0.968065
vn -0.454279 -0.255228 0.853516
vn -0.817194 -0.265075 0.511791
vn -0.962735 -0.270447 0.000000
vn -0.817194 -0.265075 -0.511791
vn -0.454279 -0.255228 -0.853516
vn -0.000000 -0.250698 -0.968065
vn 0.454279 -0.255228 -0.853516
vn 0.817194 -0.265075 -0.511791
vn 0.962735 -0.270447 -0.000000
vn 0.713675 -0.700477 0.000000
vn 0.611224 -0.692728 0.382796
vn 0.345374 -0.677972 0.648900
vn 0.000000 -0.670939 0.741512
vn -0.345374 -0.677972 0.648900
vn -0.611224 -0.692728 0.382796
vn -0.713675 -0.700477 0.000000
vn -0.611224 -0.692728 -0.382796
vn -0.345374 -0.677972 -0.648900
vn -0.000000 -0.670939 -0.741512
vn 0.345374 -0.677972 -0.648900
vn 0.611224 -0.692728 -0.382796
vn 0.713675 -0.700477 -0.000000
vn 0.364379 -0.931251 0.000000
vn 0.314640 -0.928532 0.197052
vn 0.180608 -0.923165 0.339332
vn 0.000000 -0.920517 0.390703
vn -0.180608 -0.923165 0.339332
vn -0.314640 -0.928532 0.197052
vn -0.364379 -0.931251 0.000000
vn -0.314640 -0.928532 -0.197052
vn -0.180608 -0.923165 -0.339332
vn -0.000000 -0.920517 -0.390703
vn 0.180608 -0.923165 -0.339332
vn 0.314640 -0.928532 -0.197052
vn 0.364379 -0.931251 -0.000000
vn 0.000000 -1.000000 0.000000
vn 0.000000 -1.000000 0.000000
vn 0.000000 -1.000000 0.000000
vn 0.000000 -1.000000 0.000000
vn -0.000000 -1.000000 0.000000
vn -0.000000 -1.000000 0.000000
vn -0.000000 -1.000000 0.000000
vn -0.000000 -1.000000 -0.000000
vn -0.000000 -1.000000 -0.000000
vn -0.000000 -1.000000 -0.000000
vn 0.000000 -1.000000 -0.000000
vn 0.000000 -1.000000 -0.000000
vn 0.000000 -1.000000 -0.000000
vn 0.486527 0.873665 -0.000000
vn 0.383478 0.595805 -0.705663
vn 0.055793 -0.031070 -0.997959
vn -0.304575 -0.639744 -0.705663
vn -0.486527 -0.873665 -0.000000
vn -0.383478 -0.595805 0.705663
vn -0.055793 0.031070 0.997959
vn 0.304575 0.639744 0.705663
vn 0.486527 0.873665 0.000000
vn 0.486527 0.873665 -0.000000
vn 0.383478 0.595805 -0.705663
vn 0.055793 -0.031070 -0.997959
vn -0.304575 -0.639744 -0.705663
vn -0.486527 -0.873665 -0.000000
vn -0.383478 -0.595805 0.705663
vn -0.055793 0.031070 0.997959
vn 0.304575 0.639744 0.705663
vn 0.486527 0.873665 0.000000
vn 0.000000 1.000000 0.000000
vn 0.000000 1.000000 0.000000
vn 0.000000 1.000000 0.000000
vn 0.000000 1.000000 0.000000
vn -0.000000 1.000000 0.000000
vn -0.000000 1.000000 0.000000
vn -0.000000 1.000000 0.000000
vn -0.000000 1.000000 -0.000000
vn -0.000000 1.000000 -0.000000
vn -0.000000 1.000000 -0.000000
vn 0.000000 1.000000 -0.000000
vn 0.000000 1.000000 -0.000000
vn 0.000000 1.000000 -0.000000
vn 0.364379 0.931251 0.000000
vn 0.314640 0.928532 0.197052
vn 0.180608 0.923165 0.339332
vn 0.000000 0.920517 0.390703
vn -0.180608 0.923165 0.339332
vn -0.314640 0.928532 0.197052
vn -0.364379 0.931251 0.000000
vn -0.314640 0.928532 -0.197052
vn -0.180608 0.923165 -0.339332
vn -0.000000 0.920517 -0.390703
vn 0.180608 0.923165 -0.339332
vn 0.314640 0.928532 -0.197052
vn 0.364379 0.931251 -0.000000
vn 0.713675 0.700477 0.000000
vn 0.611224 0.692728 0.382796
vn 0.345374 0.677972 0.648900
vn 0.000000 0.670939 0.741512
vn -0.345374 0.677972 0.648900
vn -0.611224 0.692728 0.382796
vn -0.713675 0.700477 0.000000
vn -0.611224 0.692728 -0.382796
vn -0.345374 0.677972 -0.648900
vn -0.000000 0.670939 -0.741512
vn 0.345374 0.677972 -0.648900
vn 0.611224 0.692728 -0.382796
vn 0.713675 0.700477 -0.000000
vn 0.962735 0.270447 0.000000
vn 0.817194 0.265075 0.511791
vn 0.454279 0.255228 0.853516
vn 0.000000 0.250698 0.968065
vn -0.454279 0.255228 0.853516
vn -0.817194 0.265075 0.511791
vn -0.962735 0.270447 0.000000
vn -0.817194 0.265075 -0.511791
vn -0.454279 0.255228 -0.853516
vn -0.000000 0.250698 -0.968065
vn 0.454279 0.255228 -0.853516
vn 0.817194 0.265075 -0.511791
vn 0.962735 0.270447 -0.000000
vn 0.962735 -0.270447 0.000000
vn 0.817194 -0.265075 0.511791
vn 0.454279 -0.255228 0.853516
vn 0.000000 -0.250698 0.968065
vn -0.454279 -0.255228 0.853516
vn -0.817194 -0.265075 0.511791
vn -0.962735 -0.270447 0.000000
vn -0.817194 -0.265075 -0.511791
vn -0.454279 -0.255228 -0.853516
vn -0.000000 -0.250698 -0.968065
vn 0.454279 -0.255228 -0.853516
vn 0.817194 -0.265075 -0.511791
vn 0.962735 -0.270447 -0.000000
vn 0.713675 -0.700477 0.000000
vn 0.611224 -0.692728 0.382796
vn 0.345374 -0.677972 0.648900
vn 0.000000 -0.670939 0.741512
vn -0.345374 -0.677972 0.648900
vn -0.611224 -0.692728 0.382796
vn -0.713675 -0.700477 0.000000
vn -0.611224 -0.692728 -0.382796
vn -0.345374 -0.677972 -0.648900
vn -0.000000 -0.670939 -0.741512
vn 0.345374 -0.677972 -0.648900
vn 0.611224 -0.692728 -0.382796
vn 0.713675 -0.700477 -0.000000
vn 0.364379 -0.931251 0.000000
vn 0.314640 -0.928532 0.197052
vn 0.180608 -0.923165 0.339332
vn 0.000000 -0.920517 0.390703
vn -0.180608 -0.923165 0.339332
vn -0.314640 -0.928532 0.197052
vn -0.364379 -0.931251 0.000000
vn -0.314640 -0.928532 -0.197052
vn -0.180608 -0.923165 -0.339332
vn -0.000000 -0.920517 -0.390703
vn 0.180608 -0.923165 -0.339332
vn 0.314640 -0.928532 -0.197052
vn 0.364379 -0.931251 -0.000000
vn 0.000000 -1.000000 0.000000
vn 0.000000 -1.000000 0.000000
vn 0.000000 -1.000000 0.000000
vn 0.000000 -1.000000 0.000000
vn -0.000000 -1.000000 0.000000
vn -0.000000 -1.000000 0.000000
vn -0.000000 -1.000000 0.000000
vn -0.000000 -1.000000 -0.000000
vn -0.000000 -1.000000 -0.000000
vn -0.000000 -1.000000 -0.000000
vn 0.000000 -1.000000 -0.000000
vn 0.000000 -1.000000 -0.000000
vn 0.000000 -1.000000 -0.000000
vn 0.562990 0.826464 -0.000000
vn 0.630756 0.425908 -0.648652
vn 0.329034 -0.224139 -0.917332
vn -0.165432 -0.742888 -0.648652
vn -0.562990 -0.826464 -0.000000
vn -0.630756 -0.425908 0.648652
vn -0.329034 0.224139 0.917332
vn 0.165432 0.742888 0.648652
vn 0.562990 0.826464 0.000000
vn 0.562990 0.826464 -0.000000
vn 0.630756 0.425908 -0.648652
vn 0.329034 -0.224139 -0.917332
vn -0.165432 -0.742888 -0.648652
vn -0.562990 -0.826464 -0.000000
vn -0.630756 -0.425908 0.648652
vn -0.329034 0.224139 0.917332
vn 0.165432 0.742888 0.648652
vn 0.562990 0.826464 0.000000
vn 0.000000 1.000000 0.000000
vn 0.000000 1.000000 0.000000
vn 0.000000 1.000000 0.000000
vn 0.000000 1.000000 0.000000
vn -0.000000 1.000000 0.000000
vn -0.000000 1.000000 0.000000
vn -0.000000 1.000000 0.000000
vn -0.000000 1.000000 -0.000000
vn -0.000000 1.000000 -0.000000
vn -0.000000 1.000000 -0.000000
vn 0.000000 1.000000 -0.000000
vn 0.000000 1.000000 -0.000000
vn 0.000000 1.000000 -0.000000
vn 0.364379 0.931251 0.000000
vn 0.314640 0.928532 0.197052
vn 0.180608 0.923165 0.339332
vn 0.000000 0.920517 0.390703
vn -0.180608 0.923165 0.339332
vn -0.314640 0.928532 0.197052
vn -0.364379 0.931251 0.000000
vn -0.314640 0.928532 -0.197052
vn -0.180608 0.923165 -0.339332
vn -0.000000 0.920517 -0.390703
vn 0.180608 0.923165 -0.339332
vn 0.314640 0.928532 -0.197052
vn 0.364379 0.931251 -0.000000
vn 0.713675 0.700477 0.000000
vn 0.611224 0.692728 0.382796
vn 0.345374 0.677972 0.648900
vn 0.000000 0.670939 0.741512
vn -0.345374 0.677972 0.648900
vn -0.611224 0.692728 0.382796
vn -0.713675 0.700477 0.000000
vn -0.611224 0.692728 -0.382796
vn -0.345374 0.677972 -0.648900
vn -0.000000 0.670939 -0.741512
vn 0.345374 0.677972 -0.648900
vn 0.611224 0.692728 -0.382796
vn 0.713675 0.700477 -0.000000
vn 0.962735 0.270447 0.000000
vn 0.817194 0.265075 0.511791
vn 0.454279 0.255228 0.853516
vn 0.000000 0.250698 0.968065
vn -0.454279 0.255228 0.853516
vn -0.817194 0.265075 0.511791
vn -0.962735 0.270447 0.000000
vn -0.817194 0.265075 -0.511791
vn -0.454279 0.255228 -0.853516
vn -0.000000 0.250698 -0.968065
vn 0.454279 0.255228 -0.853516
vn 0.817194 0.265075 -0.511791
vn 0.962735 0.270447 -0.000000
vn 0.962735 -0.270447 0.000000
vn 0.817194 -0.265075 0.511791
vn 0.454279 -0.255228 0.853516
vn 0.000000 -0.250698 0.968065
vn -0.454279 -0.255228 0.853516
vn -0.817194 -0.265075 0.511791
vn -0.962735 -0.270447 0.000000
vn -0.817194 -0.265075 -0.511791
vn -0.454279 -0.255228 -0.853516
vn -0.000000 -0.250698 -0.968065
vn 0.454279 -0.255228 -0.853516
vn 0.817194 -0.265075 -0.511791
vn 0.962735 -0.270447 -0.000000
vn 0.713675 -0.700477 0.000000
vn 0.611224 -0.692728 0.382796
vn 0.345374 -0.677972 0.648900
vn 0.000000 -0.670939 0.741512
vn -0.345374 -0.677972 0.648900
vn -0.611224 -0.692728 0.382796
vn -0.713675 -0.700477 0.000000
vn -0.611224 -0.692728 -0.382796
vn -0.345374 -0.677972 -0.648900
vn -0.000000 -0.670939 -0.741512
vn 0.345374 -0.677972 -0.648900
vn 0.611224 -0.692728 -0.382796
vn 0.713675 -0.700477 -0.000000
vn 0.364379 -0.931251 0.000000
vn 0.314640 -0.928532 0.197052
vn 0.180608 -0.923165 0.339332
vn 0.000000 -0.920517 0.390703
vn -0.180608 -0.923165 0.339332
vn -0.314640 -0.928532 0.197052
vn -0.364379 -0.931251 0.000000
vn -0.314640 -0.928532 -0.197052
vn -0.180608 -0.923165 -0.339332
vn -0.000000 -0.920517 -0.390703
vn 0.180608 -0.923165 -0.339332
vn 0.314640 -0.928532 -0.197052
vn 0.364379 -0.931251 -0.000000
vn 0.000000 -1.000000 0.000000
vn 0.000000 -1.000000 0.000000
vn 0.000000 -1.000000 0.000000
vn 0.000000 -1.000000 0.000000
vn -0.000000 -1.000000 0.000000
vn -0.000000 -1.000000 0.000000
vn -0.000000 -1.000000 0.000000
vn -0.000000 -1.000000 -0.000000
vn -0.000000 -1.000000 -0.000000
vn -0.000000 -1.000000 -0.000000
vn 0.000000 -1.000000 -0.000000
vn 0.000000 -1.000000 -0.000000
vn 0.000000 -1.000000 -0.000000
vn 0.914554 0.404465 -0.000000
vn 0.803365 -0.068271 -0.591561
vn 0.221576 -0.501015 -0.836593
vn -0.490009 -0.640271 -0.591561
vn -0.914554 -0.404465 -0.000000
vn -0.803365 0.068271 0.591561
vn -0.221576 0.501015 0.836593
vn 0.490009 0.640271 0.591561
vn 0.914554 0.404465 0.000000
vn 0.914554 0.404465 -0.000000
vn 0.803365 -0.068271 -0.591561
vn 0.221576 -0.501015 -0.836593
vn -0.490009 -0.640271 -0.591561
vn -0.914554 -0.404465 -0.000000
vn -0.803365 0.068271 0.591561
vn -0.221576 0.501015 0.836593
vn 0.490009 0.640271 0.591561
vn 0.914554 0.404465 0.000000
vn 0.000000 1.000000 0.000000
vn 0.000000 1.000000 0.000000
vn 0.000000 1.000000 0.000000
vn 0.000000 1.000000 0.000000
vn -0.000000 1.000000 0.000000
vn -0.000000 1.000000 0.000000
vn -0.000000 1.000000 0.000000
vn -0.000000 1.000000 -0.000000
vn -0.000000 1.000000 -0.000000
vn -0.000000 1.000000 -0.000000
vn 0.000000 1.000000 -0.000000
vn 0.000000 1.000000 -0.000000
vn 0.000000 1.000000 -0.000000
vn 0.364379 0.931251 0.000000
vn 0.314640 0.928532 0.197052
vn 0.180608 0.923165 0.339332
vn 0.000000 0.920517 0.390703
vn -0.180608 0.923165 0.339332
vn -0.314640 0.928532 0.197052
vn -0.364379 0.931251 0.000000
vn -0.314640 0.928532 -0.197052
vn -0.180608 0.923165 -0.339332
vn -0.000000 0.920517 -0.390703
vn 0.180608 0.923165 -0.339332
vn 0.314640 0.928532 -0.197052
vn 0.364379 0.931251 -0.000000
vn 0.713675 0.700477 0.000000
vn 0.611224 0.692728 0.382796
vn 0.345374 0.677972 0.648900
vn 0.000000 0.670939 0.741512
vn -0.345374 0.677972 0.648900
vn -0.611224 0.692728 0.382796
vn -0.713675 0.700477 0.000000
vn -0.611224 0.692728 -0.382796
vn -0.345374 0.677972 -0.648900
vn -0.000000 0.670939 -0.741512
vn 0.345374 0.677972 -0.648900
vn 0.611224 0.692728 -0.382796
vn 0.713675 0.700477 -0.000000
vn 0.962735 0.270447 0.000000
vn 0.817194 0.265075 0.511791
vn 0.454279 0.255228 0.853516
vn 0.000000 0.250698 0.968065
vn -0.454279 0.255228 0.853516
vn -0.817194 0.265075 0.511791
vn -0.962735 0.270447 0.000000
vn -0.817194 0.265075 -0.511791
vn -0.454279 0.255228 -0.853516
vn -0.000000 0.250698 -0.968065
vn 0.454279 0.255228 -0.853516
vn 0.817194 0.265075 -0.511791
vn 0.962735 0.270447 -0.000000
vn 0.962735 -0.270447 0.000000
vn 0.817194 -0.265075 0.511791
vn 0.454279 -0.255228 0.853516
vn 0.000000 -0.250698 0.968065
vn -0.454279 -0.255228 0.853516
vn -0.817194 -0.265075 0.511791
vn -0.962735 -0.270447 0.000000
vn -0.817194 -0.265075 -0.511791
vn -0.454279 -0.255228 -0.853516
vn -0.000000 -0.250698 -0.968065
vn 0.454279 -0.255228 -0.853516
vn 0.817194 -0.265075 -0.511791
vn 0.962735 -0.270447 -0.000000
vn 0.713675 -0.700477 0.000000
vn 0.611224 -0.692728 0.382796
vn 0.345374 -0.677972 0.648900
vn 0.000000 -0.670939 0.741512
vn -0.345374 -0.677972 0.648900
vn -0.611224 -0.692728 0.382796
vn -0.713675 -0.700477 0.000000
vn -0.611224 -0.692728 -0.382796
vn -0.345374 -0.677972 -0.648900
vn -0.000000 -0.670939 -0.741512
vn 0.345374 -0.677972 -0.648900
vn 0.611224 -0.692728 -0.382796
vn 0.713675 -0.700477 -0.000000
vn 0.364379 -0.931251 0.000000
vn 0.314640 -0.928532 0.197052
vn 0.180608 -0.923165 0.339332
vn 0.000000 -0.920517 0.390703
vn -0.180608 -0.923165 0.339332
vn -0.314640 -0.928532 0.197052
vn -0.364379 -0.931251 0.000000
vn -0.314640 -0.928532 -0.197052
vn -0.180608 -0.923165 -0.339332
vn -0.000000 -0.920517 -0.390703
vn 0.180608 -0.923165 -0.339332
vn 0.314640 -0.928532 -0.197052
vn 0.364379 -0.931251 -0.000000
vn 0.000000 -1.000000 0.000000
vn 0.000000 -1.000000 0.000000
vn 0.000000 -1.000000 0.000000
vn 0.000000 -1.000000 0.000000
vn -0.000000 -1.000000 0.000000
vn -0.000000 -1.000000 0.000000
vn -0.000000 -1.000000 0.000000
vn -0.000000 -1.000000 -0.000000
vn -0.000000 -1.000000 -0.000000
vn -0.000000 -1.000000 -0.000000
vn 0.000000 -1.000000 -0.000000
vn 0.000000 -1.000000 -0.000000
vn 0.000000 -1.000000 -0.000000
vn 0.989234 -0.146340 0.000000
vn 0.624068 -0.613348 -0.484090
vn -0.106669 -0.721066 -0.684607
vn -0.774921 -0.406392 -0.484090
vn -0.989234 0.146340 -0.000000
vn -0.624068 0.613348 0.484090
vn 0.106669 0.721066 0.684607
vn 0.774921 0.406392 0.484090
vn 0.989234 -0.146340 0.000000
vn 0.989234 -0.146340 0.000000
vn 0.624068 -0.613348 -0.484090
vn -0.106669 -0.721066 -0.684607
vn -0.774921 -0.406392 -0.484090
vn -0.989234 0.146340 -0.000000
vn -0.624068 0.613348 0.484090
vn 0.106669 0.721066 0.684607
vn 0.774921 0.406392 0.484090
vn 0.989234 -0.146340 0.000000
vn 0.000000 1.000000 0.000000
vn 0.000000 1.000000 0.000000
vn 0.000000 1.000000 0.000000
vn 0.000000 1.000000 0.000000
vn -0.000000 1.000000 0.000000
vn -0.000000 1.000000 0.000000
vn -0.000000 1.000000 0.000000
vn -0.000000 1.000000 -0.000000
vn -0.000000 1.000000 -0.000000
vn -0.000000 1.000000 -0.000000
vn 0.000000 1.000000 -0.000000
vn 0.000000 1.000000 -0.000000
vn 0.000000 1.000000 -0.000000
vn 0.364379 0.931251 0.000000
vn 0.314640 0.928532 0.197052
vn 0.180608 0.923165 0.339332
vn 0.000000 0.920517 0.390703
vn -0.180608 0.923165 0.339332
vn -0.314640 0.928532 0.197052
vn -0.364379 0.931251 0.000000
vn -0.314640 0.928532 -0.197052
vn -0.180608 0.923165 -0.339332
vn -0.000000 0.920517 -0.390703
vn 0.180608 0.923165 -0.339332
vn 0.314640 0.928532 -0.197052
vn 0.364379 0.931251 -0.000000
vn 0.713675 0.700477 0.000000
vn 0.611224 0.692728 0.382796
vn 0.345374 0.677972 0.648900
vn 0.000000 0.670939 0.741512
vn -0.345374 0.677972 0.648900
vn -0.611224 0.692728 0.382796
vn -0.713675 0.700477 0.000000
vn -0.611224 0.692728 -0.382796
vn -0.345374 0.677972 -0.648900
vn -0.000000 0.670939 -0.741512
vn 0.345374 0.677972 -0.648900
vn 0.611224 0.692728 -0.382796
vn 0.713675 0.700477 -0.000000
vn 0.962735 0.270447 0.000000
vn 0.817194 0.265075 0.511791
vn 0.454279 0.255228 0.853516
vn 0.000000 0.250698 0.968065
vn -0.454279 0.255228 0.853516
vn -0.817194 0.265075 0.511791
vn -0.962735 0.270447 0.000000
vn -0.817194 0.265075 -0.511791
vn -0.454279 0.255228 -0.853516
vn -0.000000 0.250698 -0.968065
vn 0.454279 0.255228 -0.853516
vn 0.817194 0.265075 -0.511791
vn 0.962735 0.270447 -0.000000
vn 0.962735 -0.270447 0.000000
vn 0.817194 -0.265075 0.511791
vn 0.454279 -0.255228 0.853516
vn 0.000000 -0.250698 0.968065
vn -0.454279 -0.255228 0.853516
vn -0.817194 -0.265075 0.511791
vn -0.962735 -0.270447 0.000000
vn -0.817194 -0.265075 -0.511791
vn -0.454279 -0.255228 -0.853516
vn -0.000000 -0.250698 -0.968065
vn 0.454279 -0.255228 -0.853516
vn 0.817194 -0.265075 -0.511791
vn 0.962735 -0.270447 -0.000000
vn 0.713675 -0.700477 0.000000
vn 0.611224 -0.692728 0.382796
vn 0.345374 -0.677972 0.648900
vn 0.000000 -0.670939 0.741512
vn -0.345374 -0.677972 0.648900
vn -0.611224 -0.692728 0.382796
vn -0.713675 -0.700477 0.000000
vn -0.611224 -0.692728 -0.382796
vn -0.345374 -0.677972 -0.648900
vn -0.000000 -0.670939 -0.741512
vn 0.345374 -0.677972 -0.648900
vn 0.611224 -0.692728 -0.382796
vn 0.713675 -0.700477 -0.000000
vn 0.364379 -0.931251 0.000000
vn 0.314640 -0.928532 0.197052
vn 0.180608 -0.923165 0.339332
vn 0.000000 -0.920517 0.390703
vn -0.180608 -0.923165 0.339332
vn -0.314640 -0.928532 0.197052
vn -0.364379 -0.931251 0.000000
vn -0.314640 -0.928532 -0.197052
vn -0.180608 -0.923165 -0.339332
vn -0.000000 -0.920517 -0.390703
vn 0.180608 -0.923165 -0.339332
vn 0.314640 -0.928532 -0.197052
vn 0.364379 -0.931251 -0.000000
vn 0.000000 -1.000000 0.000000
vn 0.000000 -1.000000 0.000000
vn 0.000000 -1.000000 0.000000
vn 0.000000 -1.000000 0.000000
vn -0.000000 -1.000000 0.000000
vn -0.000000 -1.000000 0.000000
vn -0.000000 -1.000000 0.000000
vn -0.000000 -1.000000 -0.000000
vn -0.000000 -1.000000 -0.000000
vn -0.000000 -1.000000 -0.000000
vn 0.000000 -1.000000 -0.000000
vn 0.000000 -1.000000 -0.000000
vn 0.000000 -1.000000 -0.000000
vn 0.666765 -0.745268 0.000000
vn 0.153593 -0.811381 -0.563977
vn -0.449552 -0.402199 -0.797584
vn -0.789355 0.242586 -0.563977
vn -0.666765 0.745268 -0.000000
vn -0.153593 0.811381 0.563977
vn 0.449552 0.402199 0.797584
vn 0.789355 -0.242586 0.563977
vn 0.666765 -0.745268 0.000000
vn 0.666765 -0.745268 0.000000
vn 0.153593 -0.811381 -0.563977
vn -0.449552 -0.402199 -0.797584
vn -0.789355 0.242586 -0.563977
vn -0.666765 0.745268 -0.000000
vn -0.153593 0.811381 0.563977
vn 0.449552 0.402199 0.797584
vn 0.789355 -0.242586 0.563977
vn 0.666765 -0.745268 0.000000
vn 0.000000 1.000000 0.000000
vn 0.000000 1.000000 0.000000
vn 0.000000 1.000000 0.000000
vn 0.000000 1.000000 0.000000
vn -0.000000 1.000000 0.000000
vn -0.000000 1.000000 0.000000
vn -0.000000 1.000000 0.000000
vn -0.000000 1.000000 -0.000000
vn -0.000000 1.000000 -0.000000
vn -0.000000 1.000000 -0.000000
vn 0.000000 1.000000 -0.000000
vn 0.000000 1.000000 -0.000000
vn 0.000000 1.000000 -0.000000
vn 0.364379 0.931251 0.000000
vn 0.314640 0.928532 0.197052
vn 0.180608 0.923165 0.339332
vn 0.000000 0.920517 0.390703
vn -0.180608 0.923165 0.339332
vn -0.314640 0.928532 0.197052
vn -0.364379 0.931251 0.000000
vn -0.314640 0.928532 -0.197052
vn -0.180608 0.923165 -0.339332
vn -0.000000 0.920517 -0.390703
vn 0.180608 0.923165 -0.339332
vn 0.314640 0.928532 -0.197052
vn 0.364379 0.931251 -0.000000
vn 0.713675 0.700477 0.000000
vn 0.611224 0.692728 0.382796
vn 0.345374 0.677972 0.648900
vn 0.000000 0.670939 0.741512
vn -0.345374 0.677972 0.648900
vn -0.611224 0.692728 0.382796
vn -0.713675 0.700477 0.000000
vn -0.611224 0.692728 -0.382796
vn -0.345374 0.677972 -0.648900
vn -0.000000 0.670939 -0.741512
vn 0.345374 0.677972 -0.648900
vn 0.611224 0.692728 -0.382796
vn 0.713675 0.700477 -0.000000
vn 0.962735 0.270447 0.000000
vn 0.817194 0.265075 0.511791
vn 0.454279 0.255228 0.853516
vn 0.000000 0.250698 0.968065
vn -0.454279 0.255228 0.853516
vn -0.817194 0.265075 0.511791
vn -0.962735 0.270447 0.000000
vn -0.817194 0.265075 -0.511791
vn -0.454279 0.255228 -0.853516
vn -0.000000 0.250698 -0.968065
vn 0.454279 0.255228 -0.853516
vn 0.817194 0.265075 -0.511791
vn 0.962735 0.270447 -0.000000
vn 0.962735 -0.270447 0.000000
vn 0.817194 -0.265075 0.511791
vn 0.454279 -0.255228 0.853516
vn 0.000000 -0.250698 0.968065
vn -0.454279 -0.255228 0.853516
vn -0.817194 -0.265075 0.511791
vn -0.962735 -0.270447 0.000000
vn -0.817194 -0.265075 -0.511791
vn -0.454279 -0.255228 -0.853516
vn -0.000000 -0.250698 -0.968065
vn 0.454279 -0.255228 -0.853516
vn 0.817194 -0.265075 -0.511791
vn 0.962735 -0.270447 -0.000000
vn 0.713675 -0.700477 0.000000
vn 0.611224 -0.692728 0.382796
vn 0.345374 -0.677972 0.648900
vn 0.000000 -0.670939 0.741512
vn -0.345374 -0.677972 0.648900
vn -0.611224 -0.692728 0.382796
vn -0.713675 -0.700477 0.000000
vn -0.611224 -0.692728 -0.382796
vn -0.345374 -0.677972 -0.648900
vn -0.000000 -0.670939 -0.741512
vn 0.345374 -0.677972 -0.648900
vn 0.611224 -0.692728 -0.382796
vn 0.713675 -0.700477 -0.000000
vn 0.364379 -0.931251 0.000000
vn 0.314640 -0.928532 0.197052
vn 0.180608 -0.923165 0.339332
vn 0.000000 -0.920517 0.390703
vn -0.180608 -0.923165 0.339332
vn -0.314640 -0.928532 0.197052
vn -0.364379 -0.931251 0.000000
vn -0.314640 -0.928532 -0.197052
vn -0.180608 -0.923165 -0.339332
vn -0.000000 -0.920517 -0.390703
vn 0.180608 -0.923165 -0.339332
vn 0.314640 -0.928532 -0.197052
vn 0.364379 -0.931251 -0.000000
vn 0.000000 -1.000000 0.000000
vn 0.000000 -1.000000 0.000000
vn 0.000000 -1.000000 0.000000
vn 0.000000 -1.000000 0.000000
vn -0.000000 -1.000000 0.000000
vn -0.000000 -1.000000 0.000000
vn -0.000000 -1.000000 0.000000
vn -0.000000 -1.000000 -0.000000
vn -0.000000 -1.000000 -0.000000
vn -0.000000 -1.000000 -0.000000
vn 0.000000 -1.000000 -0.000000
vn 0.000000 -1.000000 -0.000000
vn 0.000000 -1.000000 -0.000000
vn 0.493560 -0.869712 0.000000
vn 0.179749 -0.711029 -0.679800
vn -0.239357 -0.135835 -0.961383
vn -0.518251 0.518929 -0.679800
vn -0.493560 0.869712 -0.000000
vn -0.179749 0.711029 0.679800
vn 0.239357 0.135835 0.961383
vn 0.518251 -0.518929 0.679800
vn 0.493560 -0.869712 0.000000
vn 0.493560 -0.869712 0.000000
vn 0.179749 -0.711029 -0.679800
vn -0.239357 -0.135835 -0.961383
vn -0.518251 0.518929 -0.679800
vn -0.493560 0.869712 -0.000000
vn -0.179749 0.711029 0.679800
vn 0.239357 0.135835 0.961383
vn 0.518251 -0.518929 0.679800
vn 0.493560 -0.869712 0.000000
vn 0.000000 1.000000 0.000000
vn 0.000000 1.000000 0.000000
vn 0.000000 1.000000 0.000000
vn 0.000000 1.000000 0.000000
vn -0.000000 1.000000 0.000000
vn -0.000000 1.000000 0.000000
vn -0.000000 1.000000 0.000000
vn -0.000000 1.000000 -0.000000
vn -0.000000 1.000000 -0.000000
vn -0.000000 1.000000 -0.000000
vn 0.000000 1.000000 -0.000000
vn 0.000000 1.000000 -0.000000
vn 0.000000 1.000000 -0.000000
vn 0.364379 0.931251 0.000000
vn 0.314640 0.928532 0.197052
vn 0.180608 0.923165 0.339332
vn 0.000000 0.920517 0.390703
vn -0.180608 0.923165 0.339332
vn -0.314640 0.928532 0.197052
vn -0.364379 0.931251 0.000000
vn -0.314640 0.928532 -0.197052
vn -0.180608 0.923165 -0.339332
vn -0.000000 0.920517 -0.390703
vn 0.180608 0.923165 -0.339332
vn 0.314640 0.928532 -0.197052
vn 0.364379 0.931251 -0.000000
vn 0.713675 0.700477 0.000000
vn 0.611224 0.692728 0.382796
vn 0.345374 0.677972 0.648900
vn 0.000000 0.670939 0.741512
vn -0.345374 0.677972 0.648900
vn -0.611224 0.692728 0.382796
vn -0.713675 0.700477 0.000000
vn -0.611224 0.692728 -0.382796
vn -0.345374 0.677972 -0.648900
vn -0.000000 0.670939 -0.741512
vn 0.345374 0.677972 -0.648900
vn 0.611224 0.692728 -0.382796
vn 0.713675 0.700477 -0.000000
vn 0.962735 0.270447 0.000000
vn 0.817194 0.265075 0.511791
vn 0.454279 0.255228 0.853516
vn 0.000000 0.250698 0.968065
vn -0.454279 0.255228 0.853516
vn -0.817194 0.265075 0.511791
vn -0.962735 0.270447 0.000000
vn -0.817194 0.265075 -0.511791
vn -0.454279 0.255228 -0.853516
vn -0.000000 0.250698 -0.968065
vn 0.454279 0.255228 -0.853516
vn 0.817194 0.265075 -0.511791
vn 0.962735 0.270447 -0.000000
vn 0.962735 -0.270447 0.000000
vn 0.817194 -0.265075 0.511791
vn 0.454279 -0.255228 0.853516
vn 0.000000 -0.250698 0.968065
vn -0.454279 -0.255228 0.853516
vn -0.817194 -0.265075 0.511791
vn -0.962735 -0.270447 0.000000
vn -0.817194 -0.265075 -0.511791
vn -0.454279 -0.255228 -0.853516
vn -0.000000 -0.250698 -0.968065
vn 0.454279 -0.255228 -0.853516
vn 0.817194 -0.265075 -0.511791
vn 0.962735 -0.270447 -0.000000
vn 0.713675 -0.700477 0.000000
vn 0.611224 -0.692728 0.382796
vn 0.345374 -0.677972 0.648900
vn 0.000000 -0.670939 0.741512
vn -0.345374 -0.677972 0.648900
vn -0.611224 -0.692728 0.382796
vn -0.713675 -0.700477 0.000000
vn -0.611224 -0.692728 -0.382796
vn -0.345374 -0.677972 -0.648900
vn -0.000000 -0.670939 -0.741512
vn 0.345374 -0.677972 -0.648900
vn 0.611224 -0.692728 -0.382796
vn 0.713675 -0.700477 -0.000000
vn 0.364379 -0.931251 0.000000
vn 0.314640 -0.928532 0.197052
vn 0.180608 -0.923165 0.339332
vn 0.000000 -0.920517 0.390703
vn -0.180608 -0.923165 0.339332
vn -0.314640 -0.928532 0.197052
vn -0.364379 -0.931251 0.000000
vn -0.314640 -0.928532 -0.197052
vn -0.180608 -0.923165 -0.339332
vn -0.000000 -0.920517 -0.390703
vn 0.180608 -0.923165 -0.339332
vn 0.314640 -0.928532 -0.197052
vn 0.364379 -0.931251 -0.000000
vn 0.000000 -1.000000 0.000000
vn 0.000000 -1.000000 0.000000
vn 0.000000 -1.000000 0.000000
vn 0.000000 -1.000000 0.000000
vn -0.000000 -1.000000 0.000000
vn -0.000000 -1.000000 0.000000
vn -0.000000 -1.000000 0.000000
vn -0.000000 -1.000000 -0.000000
vn -0.000000 -1.000000 -0.000000
vn -0.000000 -1.000000 -0.000000
vn 0.000000 -1.000000 -0.000000
vn 0.000000 -1.000000 -0.000000
vn 0.000000 -1.000000 -0.000000
vn 0.000000 1.000000 0.000000
vn 0.000000 1.000000 0.000000
vn 0.000000 1.000000 0.000000
vn -0.000000 1.000000 0.000000
vn -0.000000 1.000000 0.000000
vn -0.000000 1.000000 0.000000
vn -0.000000 1.000000 -0.000000
vn -0.000000 1.000000 -0.000000
vn 0.000000 1.000000 -0.000000
vn 0.000000 1.000000 -0.000000
vn 0.000000 1.000000 -0.000000
vn 0.330237 0.943898 0.000000
vn 0.263946 0.932517 0.246464
vn 0.098918 0.914943 0.391272
vn -0.098918 0.914943 0.391272
vn -0.263946 0.932517 0.246464
vn -0.330237 0.943898 0.000000
vn -0.263946 0.932517 -0.246464
vn -0.098918 0.914943 -0.391272
vn 0.098918 0.914943 -0.391272
vn 0.263946 0.932517 -0.246464
vn 0.330237 0.943898 -0.000000
vn 0.724005 0.689795 0.000000
vn 0.553950 0.652365 0.517261
vn 0.195546 0.602898 0.773483
vn -0.195546 0.602898 0.773483
vn -0.553950 0.652365 0.517261
vn -0.724005 0.689795 0.000000
vn -0.553950 0.652365 -0.517261
vn -0.195546 0.602898 -0.773483
vn 0.195546 0.602898 -0.773483
vn 0.553950 0.652365 -0.517261
vn 0.724005 0.689795 -0.000000
vn 1.000000 0.000000 0.000000
vn 0.730897 0.000000 0.682488
vn 0.245101 0.000000 0.969498
vn -0.245101 0.000000 0.969498
vn -0.730897 0.000000 0.682488
vn -1.000000 0.000000 0.000000
vn -0.730897 0.000000 -0.682488
vn -0.245101 0.000000 -0.969498
vn 0.245101 0.000000 -0.969498
vn 0.730897 0.000000 -0.682488
vn 1.000000 0.000000 -0.000000
vn 0.724005 -0.689795 0.000000
vn 0.553950 -0.652365 0.517261
vn 0.195546 -0.602898 0.773483
vn -0.195546 -0.602898 0.773483
vn -0.553950 -0.652365 0.517261
vn -0.724005 -0.689795 0.000000
vn -0.553950 -0.652365 -0.517261
vn -0.195546 -0.602898 -0.773483
vn 0.195546 -0.602898 -0.773483
vn 0.553950 -0.652365 -0.517261
vn 0.724005 -0.689795 -0.000000
vn 0.330237 -0.943898 0.000000
vn 0.263946 -0.932517 0.246464
vn 0.098918 -0.914943 0.391272
vn -0.098918 -0.914943 0.391272
vn -0.263946 -0.932517 0.246464
vn -0.330237 -0.943898 0.000000
vn -0.263946 -0.932517 -0.246464
vn -0.098918 -0.914943 -0.391272
vn 0.098918 -0.914943 -0.391272
vn 0.263946 -0.932517 -0.246464
vn 0.330237 -0.943898 -0.000000
vn 0.000000 -1.000000 0.000000
vn 0.000000 -1.000000 0.000000
vn 0.000000 -1.000000 0.000000
vn -0.000000 -1.000000 0.000000
vn -0.000000 -1.000000 0.000000
vn -0.000000 -1.000000 0.000000
vn -0.000000 -1.000000 -0.000000
vn -0.000000 -1.000000 -0.000000
vn 0.000000 -1.000000 -0.000000
vn 0.000000 -1.000000 -0.000000
vn 0.000000 -1.000000 -0.000000
vn 0.000000 1.000000 0.000000
vn 0.000000 1.000000 0.000000
vn 0.000000 1.000000 0.000000
vn -0.000000 1.000000 0.000000
vn -0.000000 1.000000 0.000000
vn -0.000000 1.000000 0.000000
vn -0.000000 1.000000 -0.000000
vn -0.000000 1.000000 -0.000000
vn 0.000000 1.000000 -0.000000
vn 0.000000 1.000000 -0.000000
vn 0.000000 1.000000 -0.000000
vn 0.417521 0.908667 0.000000
vn 0.335336 0.902088 0.271637
vn 0.126617 0.891739 0.434476
vn -0.126617 0.891739 0.434476
vn -0.335336 0.902088 0.271637
vn -0.417521 0.908667 0.000000
vn -0.335336 0.902088 -0.271637
vn -0.126617 0.891739 -0.434476
vn 0.126617 0.891739 -0.434476
vn 0.335336 0.902088 -0.271637
vn 0.417521 0.908667 -0.000000
vn 0.809439 0.587204 0.000000
vn 0.637545 0.571687 0.516440
vn 0.233853 0.548993 0.802446
vn -0.233853 0.548993 0.802446
vn -0.637545 0.571687 0.516440
vn -0.809439 0.587204 0.000000
vn -0.637545 0.571687 -0.516440
vn -0.233853 0.548993 -0.802446
vn 0.233853 0.548993 -0.802446
vn 0.637545 0.571687 -0.516440
vn 0.809439 0.587204 -0.000000
vn 1.000000 0.000000 0.000000
vn 0.777047 0.000000 0.629443
vn 0.279787 0.000000 0.960062
vn -0.279787 0.000000 0.960062
vn -0.777047 0.000000 0.629443
vn -1.000000 0.000000 0.000000
vn -0.777047 0.000000 -0.629443
vn -0.279787 0.000000 -0.960062
vn 0.279787 0.000000 -0.960062
vn 0.777047 0.000000 -0.629443
vn 1.000000 0.000000 -0.000000
vn 0.809439 -0.587204 0.000000
vn 0.637545 -0.571687 0.516440
vn 0.233853 -0.548993 0.802446
vn -0.233853 -0.548993 0.802446
vn -0.637545 -0.571687 0.516440
vn -0.809439 -0.587204 0.000000
vn -0.637545 -0.571687 -0.516440
vn -0.233853 -0.548993 -0.802446
vn 0.233853 -0.548993 -0.802446
vn 0.637545 -0.571687 -0.516440
vn 0.809439 -0.587204 -0.000000
vn 0.417521 -0.908667 0.000000
vn 0.335336 -0.902088 0.271637
vn 0.126617 -0.891739 0.434476
vn -0.126617 -0.891739 0.434476
vn -0.335336 -0.902088 0.271637
vn -0.417521 -0.908667 0.000000
vn -0.335336 -0.902088 -0.271637
vn -0.126617 -0.891739 -0.434476
vn 0.126617 -0.891739 -0.434476
vn 0.335336 -0.902088 -0.271637
vn 0.417521 -0.908667 -0.000000
vn 0.000000 -1.000000 0.000000
vn 0.000000 -1.000000 0.000000
vn 0.000000 -1.000000 0.000000
vn -0.000000 -1.000000 0.000000
vn -0.000000 -1.000000 0.000000
vn -0.000000 -1.000000 0.000000
vn -0.000000 -1.000000 -0.000000
vn -0.000000 -1.000000 -0.000000
vn 0.000000 -1.000000 -0.000000
vn 0.000000 -1.000000 -0.000000
vn 0.000000 -1.000000 -0.000000
vn 0.000000 1.000000 0.000000
vn 0.000000 1.000000 0.000000
vn 0.000000 1.000000 0.000000
vn -0.000000 1.000000 0.000000
vn -0.000000 1.000000 0.000000
vn -0.000000 1.000000 0.000000
vn -0.000000 1.000000 -0.000000
vn -0.000000 1.000000 -0.000000
vn 0.000000 1.000000 -0.000000
vn 0.000000 1.000000 -0.000000
vn 0.000000 1.000000 -0.000000
vn 0.428852 0.903375 0.000000
vn 0.329387 0.857648 0.394897
vn 0.116833 0.796424 0.593345
vn -0.116833 0.796424 0.593345
vn -0.329387 0.857648 0.394897
vn -0.428852 0.903375 0.000000
vn -0.329387 0.857648 -0.394897
vn -0.116833 0.796424 -0.593345
vn 0.116833 0.796424 -0.593345
vn 0.329387 0.857648 -0.394897
vn 0.428852 0.903375 -0.000000
vn 0.818399 0.574651 0.000000
vn 0.559838 0.485897 0.671182
vn 0.176901 0.401965 0.898404
vn -0.176901 0.401965 0.898404
vn -0.559838 0.485897 0.671182
vn -0.818399 0.574651 0.000000
vn -0.559838 0.485897 -0.671182
vn -0.176901 0.401965 -0.898404
vn 0.176901 0.401965 -0.898404
vn 0.559838 0.485897 -0.671182
vn 0.818399 0.574651 -0.000000
vn 1.000000 0.000000 0.000000
vn 0.640535 0.000000 0.767929
vn 0.193196 0.000000 0.981160
vn -0.193196 0.000000 0.981160
vn -0.640535 0.000000 0.767929
vn -1.000000 0.000000 0.000000
vn -0.640535 0.000000 -0.767929
vn -0.193196 0.000000 -0.981160
vn 0.193196 0.000000 -0.981160
vn 0.640535 0.000000 -0.767929
vn 1.000000 0.000000 -0.000000
vn 0.818399 -0.574651 0.000000
vn 0.559838 -0.485897 0.671182
vn 0.176901 -0.401965 0.898404
vn -0.176901 -0.401965 0.898404
vn -0.559838 -0.485897 0.671182
vn -0.818399 -0.574651 0.000000
vn -0.559838 -0.485897 -0.671182
vn -0.176901 -0.401965 -0.898404
vn 0.176901 -0.401965 -0.898404
vn 0.559838 -0.485897 -0.671182
vn 0.818399 -0.574651 -0.000000
vn 0.428852 -0.903375 0.000000
vn 0.329387 -0.857648 0.394897
vn 0.116833 -0.796424 0.593345
vn -0.116833 -0.796424 0.593345
vn -0.329387 -0.857648 0.394897
vn -0.428852 -0.903375 0.000000
vn -0.329387 -0.857648 -0.394897
vn -0.116833 -0.796424 -0.593345
vn 0.116833 -0.796424 -0.593345
vn 0.329387 -0.857648 -0.394897
vn 0.428852 -0.903375 -0.000000
vn 0.000000 -1.000000 0.000000
vn 0.000000 -1.000000 0.000000
vn 0.000000 -1.000000 0.000000
vn -0.000000 -1.000000 0.000000
vn -0.000000 -1.000000 0.000000
vn -0.000000 -1.000000 0.000000
vn -0.000000 -1.000000 -0.000000
vn -0.000000 -1.000000 -0.000000
vn 0.000000 -1.000000 -0.000000
vn 0.000000 -1.000000 -0.000000
vn 0.000000 -1.000000 -0.000000
vn 0.000000 1.000000 0.000000
vn 0.000000 1.000000 0.000000
vn 0.000000 1.000000 0.000000
vn -0.000000 1.000000 0.000000
vn -0.000000 1.000000 0.000000
vn -0.000000 1.000000 0.000000
vn -0.000000 1.000000 -0.000000
vn -0.000000 1.000000 -0.000000
vn 0.000000 1.000000 -0.000000
vn 0.000000 1.000000 -0.000000
vn 0.000000 1.000000 -0.000000
vn 0.382899 0.923790 0.000000
vn 0.309510 0.923009 0.228599
vn 0.118061 0.921750 0.369376
vn -0.118061 0.921750 0.369376
vn -0.309510 0.923009 0.228599
vn -0.382899 0.923790 0.000000
vn -0.309510 0.923009 -0.228599
vn -0.118061 0.921750 -0.369376
vn 0.118061 0.921750 -0.369376
vn 0.309510 0.923009 -0.228599
vn 0.382899 0.923790 -0.000000
vn 0.779267 0.626692 0.000000
vn 0.628242 0.624506 0.464009
vn 0.238627 0.621018 0.746588
vn -0.238627 0.621018 0.746588
vn -0.628242 0.624506 0.464009
vn -0.779267 0.626692 0.000000
vn -0.628242 0.624506 -0.464009
vn -0.238627 0.621018 -0.746588
vn 0.238627 0.621018 -0.746588
vn 0.628242 0.624506 -0.464009
vn 0.779267 0.626692 -0.000000
vn 1.000000 0.000000 0.000000
vn 0.804387 0.000000 0.594106
vn 0.304450 0.000000 0.952528
vn -0.304450 0.000000 0.952528
vn -0.804387 0.000000 0.594106
vn -1.000000 0.000000 0.000000
vn -0.804387 0.000000 -0.594106
vn -0.304450 0.000000 -0.952528
vn 0.304450 0.000000 -0.952528
vn 0.804387 0.000000 -0.594106
vn 1.000000 0.000000 -0.000000
vn 0.779267 -0.626692 0.000000
vn 0.628242 -0.624506 0.464009
vn 0.238627 -0.621018 0.746588
vn -0.238627 -0.621018 0.746588
vn -0.628242 -0.624506 0.464009
vn -0.779267 -0.626692 0.000000
vn -0.628242 -0.624506 -0.464009
vn -0.238627 -0.621018 -0.746588
vn 0.238627 -0.621018 -0.746588
vn 0.628242 -0.624506 -0.464009
vn 0.779267 -0.626692 -0.000000
vn 0.382899 -0.923790 0.000000
vn 0.309510 -0.923009 0.228599
vn 0.118061 -0.921750 0.369376
vn -0.118061 -0.921750 0.369376
vn -0.309510 -0.923009 0.228599
vn -0.382899 -0.923790 0.000000
vn -0.309510 -0.923009 -0.228599
vn -0.118061 -0.921750 -0.369376
vn 0.118061 -0.921750 -0.369376
vn 0.309510 -0.923009 -0.228599
vn 0.382899 -0.923790 -0.000000
vn 0.000000 -1.000000 0.000000
vn 0.000000 -1.000000 0.000000
vn 0.000000 -1.000000 0.000000
vn -0.000000 -1.000000 0.000000
vn -0.000000 -1.000000 0.000000
vn -0.000000 -1.000000 0.000000
vn -0.000000 -1.000000 -0.000000
vn -0.000000 -1.000000 -0.000000
vn 0.000000 -1.000000 -0.000000
vn 0.000000 -1.000000 -0.000000
vn 0.000000 -1.000000 -0.000000
vn 0.000000 1.000000 0.000000
vn 0.000000 1.000000 0.000000
vn 0.000000 1.000000 0.000000
vn -0.000000 1.000000 0.000000
vn -0.000000 1.000000 0.000000
vn -0.000000 1.000000 0.000000
vn -0.000000 1.000000 -0.000000
vn -0.000000 1.000000 -0.000000
vn 0.000000 1.000000 -0.000000
vn 0.000000 1.000000 -0.000000
vn 0.000000 1.000000 -0.000000
vn 0.496108 0.868261 0.000000
vn 0.396627 0.858024 0.326317
vn 0.148704 0.842199 0.518254
vn -0.148704 0.842199 0.518254
vn -0.396627 0.858024 0.326317
vn -0.496108 0.868261 0.000000
vn -0.396627 0.858024 -0.326317
vn -0.148704 0.842199 -0.518254
vn 0.148704 0.842199 -0.518254
vn 0.396627 0.858024 -0.326317
vn 0.496108 0.868261 -0.000000
vn 0.863760 0.503903 0.000000
vn 0.674680 0.486512 0.555079
vn 0.244630 0.461828 0.852568
vn -0.244630 0.461828 0.852568
vn -0.674680 0.486512 0.555079
vn -0.863760 0.503903 0.000000
vn -0.674680 0.486512 -0.555079
vn -0.244630 0.461828 -0.852568
vn 0.244630 0.461828 -0.852568
vn 0.674680 0.486512 -0.555079
vn 0.863760 0.503903 -0.000000
vn 1.000000 0.000000 0.000000
vn 0.772233 0.000000 0.635339
vn 0.275804 0.000000 0.961214
vn -0.275804 0.000000 0.961214
vn -0.772233 0.000000 0.635339
vn -1.000000 0.000000 0.000000
vn -0.772233 0.000000 -0.635339
vn -0.275804 0.000000 -0.961214
vn 0.275804 0.000000 -0.961214
vn 0.772233 0.000000 -0.635339
vn 1.000000 0.000000 -0.000000
vn 0.863760 -0.503903 0.000000
vn 0.674680 -0.486512 0.555079
vn 0.244630 -0.461828 0.852568
vn -0.244630 -0.461828 0.852568
vn -0.674680 -0.486512 0.555079
vn -0.863760 -0.503903 0.000000
vn -0.674680 -0.486512 -0.555079
vn -0.244630 -0.461828 -0.852568
vn 0.244630 -0.461828 -0.852568
vn 0.674680 -0.486512 -0.555079
vn 0.863760 -0.503903 -0.000000
vn 0.496108 -0.868261 0.000000
vn 0.396627 -0.858024 0.326317
vn 0.148704 -0.842199 0.518254
vn -0.148704 -0.842199 0.518254
vn -0.396627 -0.858024 0.326317
vn -0.496108 -0.868261 0.000000
vn -0.396627 -0.858024 -0.326317
vn -0.148704 -0.842199 -0.518254
vn 0.148704 -0.842199 -0.518254
vn 0.396627 -0.858024 -0.326317
vn 0.496108 -0.868261 -0.000000
vn 0.000000 -1.000000 0.000000
vn 0.000000 -1.000000 0.000000
vn 0.000000 -1.000000 0.000000
vn -0.000000 -1.000000 0.000000
vn -0.000000 -1.000000 0.000000
vn -0.000000 -1.000000 0.000000
vn -0.000000 -1.000000 -0.000000
vn -0.000000 -1.000000 -0.000000
vn 0.000000 -1.000000 -0.000000
vn 0.000000 -1.000000 -0.000000
vn 0.000000 -1.000000 -0.000000
vn 0.000000 1.000000 0.000000
vn 0.000000 1.000000 0.000000
vn 0.000000 1.000000 0.000000
vn -0.000000 1.000000 0.000000
vn -0.000000 1.000000 0.000000
vn -0.000000 1.000000 0.000000
vn -0.000000 1.000000 -0.000000
vn -0.000000 1.000000 -0.000000
vn 0.000000 1.000000 -0.000000
vn 0.000000 1.000000 -0.000000
vn 0.000000 1.000000 -0.000000
vn 0.521047 0.853528 0.000000
vn 0.427563 0.865732 0.260190
vn 0.167258 0.886636 0.431162
vn -0.167258 0.886636 0.431162
vn -0.427563 0.865732 0.260190
vn -0.521047 0.853528 0.000000
vn -0.427563 0.865732 -0.260190
vn -0.167258 0.886636 -0.431162
vn 0.167258 0.886636 -0.431162
vn 0.427563 0.865732 -0.260190
vn 0.521047 0.853528 -0.000000
vn 0.877682 0.479244 0.000000
vn 0.740059 0.499492 0.450357
vn 0.304749 0.538493 0.785591
vn -0.304749 0.538493 0.785591
vn -0.740059 0.499492 0.450357
vn -0.877682 0.479244 0.000000
vn -0.740059 0.499492 -0.450357
vn -0.304749 0.538493 -0.785591
vn 0.304749 0.538493 -0.785591
vn 0.740059 0.499492 -0.450357
vn 0.877682 0.479244 -0.000000
vn 1.000000 0.000000 0.000000
vn 0.854257 0.000000 0.519852
vn 0.361664 0.000000 0.932308
vn -0.361664 0.000000 0.932308
vn -0.854257 0.000000 0.519852
vn -1.000000 0.000000 0.000000
vn -0.854257 0.000000 -0.519852
vn -0.361664 0.000000 -0.932308
vn 0.361664 0.000000 -0.932308
vn 0.854257 0.000000 -0.519852
vn 1.000000 0.000000 -0.000000
vn 0.877682 -0.479244 0.000000
vn 0.740059 -0.499492 0.450357
vn 0.304749 -0.538493 0.785591
vn -0.304749 -0.538493 0.785591
vn -0.740059 -0.499492 0.450357
vn -0.877682 -0.479244 0.000000
vn -0.740059 -0.499492 -0.450357
vn -0.304749 -0.538493 -0.785591
vn 0.304749 -0.538493 -0.785591
vn 0.740059 -0.499492 -0.450357
vn 0.877682 -0.479244 -0.000000
vn 0.521047 -0.853528 0.000000
vn 0.427563 -0.865732 0.260190
vn 0.167258 -0.886636 0.431162
vn -0.167258 -0.886636 0.431162
vn -0.427563 -0.865732 0.260190
vn -0.521047 -0.853528 0.000000
vn -0.427563 -0.865732 -0.260190
vn -0.167258 -0.886636 -0.431162
vn 0.167258 -0.886636 -0.431162
vn 0.427563 -0.865732 -0.260190
vn 0.521047 -0.853528 -0.000000
vn 0.000000 -1.000000 0.000000
vn 0.000000 -1.000000 0.000000
vn 0.000000 -1.000000 0.000000
vn -0.000000 -1.000000 0.000000
vn -0.000000 -1.000000 0.000000
vn -0.000000 -1.000000 0.000000
vn -0.000000 -1.000000 -0.000000
vn -0.000000 -1.000000 -0.000000
vn 0.000000 -1.000000 -0.000000
vn 0.000000 -1.000000 -0.000000
vn 0.000000 -1.000000 -0.000000
vn 0.000000 1.000000 0.000000
vn 0.000000 1.000000 0.000000
vn 0.000000 1.000000 0.000000
vn -0.000000 1.000000 0.000000
vn -0.000000 1.000000 0.000000
vn -0.000000 1.000000 0.000000
vn -0.000000 1.000000 -0.000000
vn -0.000000 1.000000 -0.000000
vn 0.000000 1.000000 -0.000000
vn 0.000000 1.000000 -0.000000
vn 0.000000 1.000000 -0.000000
vn 0.447784 0.894142 0.000000
vn 0.365228 0.901456 0.232347
vn 0.141397 0.913681 0.381043
vn -0.141397 0.913681 0.381043
vn -0.365228 0.901456 0.232347
vn -0.447784 0.894142 0.000000
vn -0.365228 0.901456 -0.232347
vn -0.141397 0.913681 -0.381043
vn 0.141397 0.913681 -0.381043
vn 0.365228 0.901456 -0.232347
vn 0.447784 0.894142 -0.000000
vn 0.832458 0.554088 0.000000
vn 0.693109 0.570244 0.440934
vn 0.278405 0.599668 0.750259
vn -0.278405 0.599668 0.750259
vn -0.693109 0.570244 0.440934
vn -0.832458 0.554088 0.000000
vn -0.693109 0.570244 -0.440934
vn -0.278405 0.599668 -0.750259
vn 0.278405 0.599668 -0.750259
vn 0.693109 0.570244 -0.440934
vn 0.832458 0.554088 -0.000000
vn 1.000000 0.000000 0.000000
vn 0.843736 0.000000 0.536758
vn 0.347898 0.000000 0.937533
vn -0.347898 0.000000 0.937533
vn -0.843736 0.000000 0.536758
vn -1.000000 0.000000 0.000000
vn -0.843736 0.000000 -0.536758
vn -0.347898 0.000000 -0.937533
vn 0.347898 0.000000 -0.937533
vn 0.843736 0.000000 -0.536758
vn 1.000000 0.000000 -0.000000
vn 0.832458 -0.554088 0.000000
vn 0.693109 -0.570244 0.440934
vn 0.278405 -0.599668 0.750259
vn -0.278405 -0.599668 0.750259
vn -0.693109 -0.570244 0.440934
vn -0.832458 -0.554088 0.000000
vn -0.693109 -0.570244 -0.440934
vn -0.278405 -0.599668 -0.750259
vn 0.278405 -0.599668 -0.750259
vn 0.693109 -0.570244 -0.440934
vn 0.832458 -0.554088 -0.000000
vn 0.447784 -0.894142 0.000000
vn 0.365228 -0.901456 0.232347
vn 0.141397 -0.913681 0.381043
vn -0.141397 -0.913681 0.381043
vn -0.365228 -0.901456 0.232347
vn -0.447784 -0.894142 0.000000
vn -0.365228 -0.901456 -0.232347
vn -0.141397 -0.913681 -0.381043
vn 0.141397 -0.913681 -0.381043
vn 0.365228 -0.901456 -0.232347
vn 0.447784 -0.894142 -0.000000
vn 0.000000 -1.000000 0.000000
vn 0.000000 -1.000000 0.000000
vn 0.000000 -1.000000 0.000000
vn -0.000000 -1.000000 0.000000
vn -0.000000 -1.000000 0.000000
vn -0.000000 -1.000000 0.000000
vn -0.000000 -1.000000 -0.000000
vn -0.000000 -1.000000 -0.000000
vn 0.000000 -1.000000 -0.000000
vn 0.000000 -1.000000 -0.000000
vn 0.000000 -1.000000 -0.000000
vn 0.000000 1.000000 0.000000
vn 0.000000 1.000000 0.000000
vn 0.000000 1.000000 0.000000
vn -0.000000 1.000000 0.000000
vn -0.000000 1.000000 0.000000
vn -0.000000 1.000000 0.000000
vn -0.000000 1.000000 -0.000000
vn -0.000000 1.000000 -0.000000
vn 0.000000 1.000000 -0.000000
vn 0.000000 1.000000 -0.000000
vn 0.000000 1.000000 -0.000000
vn 0.492585 0.870264 0.000000
vn 0.401854 0.877569 0.261506
vn 0.155632 0.889788 0.429017
vn -0.155632 0.889788 0.429017
vn -0.401854 0.877569 0.261506
vn -0.492585 0.870264 0.000000
vn -0.401854 0.877569 -0.261506
vn -0.155632 0.889788 -0.429017
vn 0.155632 0.889788 -0.429017
vn 0.401854 0.877569 -0.261506
vn 0.492585 0.870264 -0.000000
vn 0.861680 0.507452 0.000000
vn 0.715499 0.520835 0.465609
vn 0.285938 0.544928 0.788221
vn -0.285938 0.544928 0.788221
vn -0.715499 0.520835 0.465609
vn -0.861680 0.507452 0.000000
vn -0.715499 0.520835 -0.465609
vn -0.285938 0.544928 -0.788221
vn 0.285938 0.544928 -0.788221
vn 0.715499 0.520835 -0.465609
vn 0.861680 0.507452 -0.000000
vn 1.000000 0.000000 0.000000
vn 0.838157 0.000000 0.545429
vn 0.341019 0.000000 0.940056
vn -0.341019 0.000000 0.940056
vn -0.838157 0.000000 0.545429
vn -1.000000 0.000000 0.000000
vn -0.838157 0.000000 -0.545429
vn -0.341019 0.000000 -0.940056
vn 0.341019 0.000000 -0.940056
vn 0.838157 0.000000 -0.545429
vn 1.000000 0.000000 -0.000000
vn 0.861680 -0.507452 0.000000
vn 0.715499 -0.520835 0.465609
vn 0.285938 -0.544928 0.788221
vn -0.285938 -0.544928 0.788221
vn -0.715499 -0.520835 0.465609
vn -0.861680 -0.507452 0.000000
vn -0.715499 -0.520835 -0.465609
vn -0.285938 -0.544928 -0.788221
vn 0.285938 -0.544928 -0.788221
vn 0.715499 -0.520835 -0.465609
vn 0.861680 -0.507452 -0.000000
vn 0.492585 -0.870264 0.000000
vn 0.401854 -0.877569 0.261506
vn 0.155632 -0.889788 0.429017
vn -0.155632 -0.889788 0.429017
vn -0.401854 -0.877569 0.261506
vn -0.492585 -0.870264 0.000000
vn -0.401854 -0.877569 -0.261506
vn -0.155632 -0.889788 -0.429017
vn 0.155632 -0.889788 -0.429017
vn 0.401854 -0.877569 -0.261506
vn 0.492585 -0.870264 -0.000000
vn 0.000000 -1.000000 0.000000
vn 0.000000 -1.000000 0.000000
vn 0.000000 -1.000000 0.000000
vn -0.000000 -1.000000 0.000000
vn -0.000000 -1.000000 0.000000
vn -0.000000 -1.000000 0.000000
vn -0.000000 -1.000000 -0.000000
vn -0.000000 -1.000000 -0.000000
vn 0.000000 -1.000000 -0.000000
vn 0.000000 -1.000000 -0.000000
vn 0.000000 -1.000000 -0.000000
vn 0.000000 1.000000 0.000000
vn 0.000000 1.000000 0.000000
vn 0.000000 1.000000 0.000000
vn -0.000000 1.000000 0.000000
vn -0.000000 1.000000 0.000000
vn -0.000000 1.000000 0.000000
vn -0.000000 1.000000 -0.000000
vn -0.000000 1.000000 -0.000000
vn 0.000000 1.000000 -0.000000
vn 0.000000 1.000000 -0.000000
vn 0.000000 1.000000 -0.000000
vn 0.488963 0.872305 0.000000
vn 0.383053 0.844683 0.373873
vn 0.139450 0.805063 0.576565
vn -0.139450 0.805063 0.576565
vn -0.383053 0.844683 0.373873
vn -0.488963 0.872305 0.000000
vn -0.383053 0.844683 -0.373873
vn -0.139450 0.805063 -0.576565
vn 0.139450 0.805063 -0.576565
vn 0.383053 0.844683 -0.373873
vn 0.488963 0.872305 -0.000000
vn 0.859510 0.511119 0.000000
vn 0.633351 0.465541 0.618173
vn 0.214188 0.412177 0.885570
vn -0.214188 0.412177 0.885570
vn -0.633351 0.465541 0.618173
vn -0.859510 0.511119 0.000000
vn -0.633351 0.465541 -0.618173
vn -0.214188 0.412177 -0.885570
vn 0.214188 0.412177 -0.885570
vn 0.633351 0.465541 -0.618173
vn 0.859510 0.511119 -0.000000
vn 1.000000 0.000000 0.000000
vn 0.715630 0.000000 0.698480
vn 0.235086 0.000000 0.971975
vn -0.235086 0.000000 0.971975
vn -0.715630 0.000000 0.698480
vn -1.000000 0.000000 0.000000
vn -0.715630 0.000000 -0.698480
vn -0.235086 0.000000 -0.971975
vn 0.235086 0.000000 -0.971975
vn 0.715630 0.000000 -0.698480
vn 1.000000 0.000000 -0.000000
vn 0.859510 -0.511119 0.000000
vn 0.633351 -0.465541 0.618173
vn 0.214188 -0.412177 0.885570
vn -0.214188 -0.412177 0.885570
vn -0.633351 -0.465541 0.618173
vn -0.859510 -0.511119 0.000000
vn -0.633351 -0.465541 -0.618173
vn -0.214188 -0.412177 -0.885570
vn 0.214188 -0.412177 -0.885570
vn 0.633351 -0.465541 -0.618173
vn 0.859510 -0.511119 -0.000000
vn 0.488963 -0.872305 0.000000
vn 0.383053 -0.844683 0.373873
vn 0.139450 -0.805063 0.576565
vn -0.139450 -0.805063 0.576565
vn -0.383053 -0.844683 0.373873
vn -0.488963 -0.872305 0.000000
vn -0.383053 -0.844683 -0.373873
vn -0.139450 -0.805063 -0.576565
vn 0.139450 -0.805063 -0.576565
vn 0.383053 -0.844683 -0.373873
vn 0.488963 -0.872305 -0.000000
vn 0.000000 -1.000000 0.000000
vn 0.000000 -1.000000 0.000000
vn 0.000000 -1.000000 0.000000
vn -0.000000 -1.000000 0.000000
vn -0.000000 -1.000000 0.000000
vn -0.000000 -1.000000 0.000000
vn -0.000000 -1.000000 -0.000000
vn -0.000000 -1.000000 -0.000000
vn 0.000000 -1.000000 -0.000000
vn 0.000000 -1.000000 -0.000000
vn 0.000000 -1.000000 -0.000000
vn 0.000000 1.000000 0.000000
vn 0.000000 1.000000 0.000000
vn 0.000000 1.000000 0.000000
vn -0.000000 1.000000 0.000000
vn -0.000000 1.000000 0.000000
vn -0.000000 1.000000 0.000000
vn -0.000000 1.000000 -0.000000
vn -0.000000 1.000000 -0.000000
vn 0.000000 1.000000 -0.000000
vn 0.000000 1.000000 -0.000000
vn 0.000000 1.000000 -0.000000
vn 0.555648 0.831418 0.000000
vn 0.440763 0.815206 0.375723
vn 0.163331 0.790871 0.589785
vn -0.163331 0.790871 0.589785
vn -0.440763 0.815206 0.375723
vn -0.555648 0.831418 0.000000
vn -0.440763 0.815206 -0.375723
vn -0.163331 0.790871 -0.589785
vn 0.163331 0.790871 -0.589785
vn 0.440763 0.815206 -0.375723
vn 0.555648 0.831418 -0.000000
vn 0.894868 0.446331 0.000000
vn 0.688962 0.424752 0.587297
vn 0.245113 0.395624 0.885100
vn -0.245113 0.395624 0.885100
vn -0.688962 0.424752 0.587297
vn -0.894868 0.446331 0.000000
vn -0.688962 0.424752 -0.587297
vn -0.245113 0.395624 -0.885100
vn 0.245113 0.395624 -0.885100
vn 0.688962 0.424752 -0.587297
vn 0.894868 0.446331 -0.000000
vn 1.000000 0.000000 0.000000
vn 0.761023 0.000000 0.648725
vn 0.266888 0.000000 0.963728
vn -0.266888 0.000000 0.963728
vn -0.761023 0.000000 0.648725
vn -1.000000 0.000000 0.000000
vn -0.761023 0.000000 -0.648725
vn -0.266888 0.000000 -0.963728
vn 0.266888 0.000000 -0.963728
vn 0.761023 0.000000 -0.648725
vn 1.000000 0.000000 -0.000000
vn 0.894868 -0.446331 0.000000
vn 0.688962 -0.424752 0.587297
vn 0.245113 -0.395624 0.885100
vn -0.245113 -0.395624 0.885100
vn -0.688962 -0.424752 0.587297
vn -0.894868 -0.446331 0.000000
vn -0.688962 -0.424752 -0.587297
vn -0.245113 -0.395624 -0.885100
vn 0.245113 -0.395624 -0.885100
vn 0.688962 -0.424752 -0.587297
vn 0.894868 -0.446331 -0.000000
vn 0.555648 -0.831418 0.000000
vn 0.440763 -0.815206 0.375723
vn 0.163331 -0.790871 0.589785
vn -0.163331 -0.790871 0.589785
vn -0.440763 -0.815206 0.375723
vn -0.555648 -0.831418 0.000000
vn -0.440763 -0.815206 -0.375723
vn -0.163331 -0.790871 -0.589785
vn 0.163331 -0.790871 -0.589785
vn 0.440763 -0.815206 -0.375723
vn 0.555648 -0.831418 -0.000000
vn 0.000000 -1.000000 0.000000
vn 0.000000 -1.000000 0.000000
vn 0.000000 -1.000000 0.000000
vn -0.000000 -1.000000 0.000000
vn -0.000000 -1.000000 0.000000
vn -0.000000 -1.000000 0.000000
vn -0.000000 -1.000000 -0.000000
vn -0.000000 -1.000000 -0.000000
vn 0.000000 -1.000000 -0.000000
vn 0.000000 -1.000000 -0.000000
vn 0.000000 -1.000000 -0.000000
vn 0.000000 1.000000 0.000000
vn 0.000000 1.000000 0.000000
vn 0.000000 1.000000 0.000000
vn -0.000000 1.000000 0.000000
vn -0.000000 1.000000 0.000000
vn -0.000000 1.000000 0.000000
vn -0.000000 1.000000 -0.000000
vn -0.000000 1.000000 -0.000000
vn 0.000000 1.000000 -0.000000
vn 0.000000 1.000000 -0.000000
vn 0.000000 1.000000 -0.000000
vn 0.508044 0.861331 0.000000
vn 0.415661 0.871064 0.261675
vn 0.161771 0.887536 0.431405
vn -0.161771 0.887536 0.431405
vn -0.415661 0.871064 0.261675
vn -0.508044 0.861331 0.000000
vn -0.415661 0.871064 -0.261675
vn -0.161771 0.887536 -0.431405
vn 0.161771 0.887536 -0.431405
vn 0.415661 0.871064 -0.261675
vn 0.508044 0.861331 -0.000000
vn 0.870596 0.491999 0.000000
vn 0.728497 0.508883 0.458618
vn 0.295448 0.540313 0.787891
vn -0.295448 0.540313 0.787891
vn -0.728497 0.508883 0.458618
vn -0.870596 0.491999 0.000000
vn -0.728497 0.508883 -0.458618
vn -0.295448 0.540313 -0.787891
vn 0.295448 0.540313 -0.787891
vn 0.728497 0.508883 -0.458618
vn 0.870596 0.491999 -0.000000
vn 1.000000 0.000000 0.000000
vn 0.846267 0.000000 0.532759
vn 0.351111 0.000000 0.936334
vn -0.351111 0.000000 0.936334
vn -0.846267 0.000000 0.532759
vn -1.000000 0.000000 0.000000
vn -0.846267 0.000000 -0.532759
vn -0.351111 0.000000 -0.936334
vn 0.351111 0.000000 -0.936334
vn 0.846267 0.000000 -0.532759
vn 1.000000 0.000000 -0.000000
vn 0.870596 -0.491999 0.000000
vn 0.728497 -0.508883 0.458618
vn 0.295448 -0.540313 0.787891
vn -0.295448 -0.540313 0.787891
vn -0.728497 -0.508883 0.458618
vn -0.870596 -0.491999 0.000000
vn -0.728497 -0.508883 -0.458618
vn -0.295448 -0.540313 -0.787891
vn 0.295448 -0.540313 -0.787891
vn 0.728497 -0.508883 -0.458618
vn 0.870596 -0.491999 -0.000000
vn 0.508044 -0.861331 0.000000
vn 0.415661 -0.871064 0.261675
vn 0.161771 -0.887536 0.431405
vn -0.161771 -0.887536 0.431405
vn -0.415661 -0.871064 0.261675
vn -0.508044 -0.861331 0.000000
vn -0.415661 -0.871064 -0.261675
vn -0.161771 -0.887536 -0.431405
vn 0.161771 -0.887536 -0.431405
vn 0.415661 -0.871064 -0.261675
vn 0.508044 -0.861331 -0.000000
vn 0.000000 -1.000000 0.000000
vn 0.000000 -1.000000 0.000000
vn 0.000000 -1.000000 0.000000
vn -0.000000 -1.000000 0.000000
vn -0.000000 -1.000000 0.000000
vn -0.000000 -1.000000 0.000000
vn -0.000000 -1.000000 -0.000000
vn -0.000000 -1.000000 -0.000000
vn 0.000000 -1.000000 -0.000000
vn 0.000000 -1.000000 -0.000000
vn 0.000000 -1.000000 -0.000000
vn 0.000000 1.000000 0.000000
vn 0.000000 1.000000 0.000000
vn 0.000000 1.000000 0.000000
vn -0.000000 1.000000 0.000000
vn -0.000000 1.000000 0.000000
vn -0.000000 1.000000 0.000000
vn -0.000000 1.000000 -0.000000
vn -0.000000 1.000000 -0.000000
vn 0.000000 1.000000 -0.000000
vn 0.000000 1.000000 -0.000000
vn 0.000000 1.000000 -0.000000
vn 0.509904 0.860232 0.000000
vn 0.404349 0.843191 0.354304
vn 0.149768 0.817642 0.555906
vn -0.149768 0.817642 0.555906
vn -0.404349 0.843191 0.354304
vn -0.509904 0.860232 0.000000
vn -0.404349 0.843191 -0.354304
vn -0.149768 0.817642 -0.555906
vn 0.149768 0.817642 -0.555906
vn 0.404349 0.843191 -0.354304
vn 0.509904 0.860232 -0.000000
vn 0.871632 0.490161 0.000000
vn 0.666526 0.463303 0.584032
vn 0.235122 0.427874 0.872721
vn -0.235122 0.427874 0.872721
vn -0.666526 0.463303 0.584032
vn -0.871632 0.490161 0.000000
vn -0.666526 0.463303 -0.584032
vn -0.235122 0.427874 -0.872721
vn 0.235122 0.427874 -0.872721
vn 0.666526 0.463303 -0.584032
vn 0.871632 0.490161 -0.000000
vn 1.000000 0.000000 0.000000
vn 0.752117 0.000000 0.659030
vn 0.260137 0.000000 0.965572
vn -0.260137 0.000000 0.965572
vn -0.752117 0.000000 0.659030
vn -1.000000 0.000000 0.000000
vn -0.752117 0.000000 -0.659030
vn -0.260137 0.000000 -0.965572
vn 0.260137 0.000000 -0.965572
vn 0.752117 0.000000 -0.659030
vn 1.000000 0.000000 -0.000000
vn 0.871632 -0.490161 0.000000
vn 0.666526 -0.463303 0.584032
vn 0.235122 -0.427874 0.872721
vn -0.235122 -0.427874 0.872721
vn -0.666526 -0.463303 0.584032
vn -0.871632 -0.490161 0.000000
vn -0.666526 -0.463303 -0.584032
vn -0.235122 -0.427874 -0.872721
vn 0.235122 -0.427874 -0.872721
vn 0.666526 -0.463303 -0.584032
vn 0.871632 -0.490161 -0.000000
vn 0.509904 -0.860232 0.000000
vn 0.404349 -0.843191 0.354304
vn 0.149768 -0.817642 0.555906
vn -0.149768 -0.817642 0.555906
vn -0.404349 -0.843191 0.354304
vn -0.509904 -0.860232 0.000000
vn -0.404349 -0.843191 -0.354304
vn -0.149768 -0.817642 -0.555906
vn 0.149768 -0.817642 -0.555906
vn 0.404349 -0.843191 -0.354304
vn 0.509904 -0.860232 -0.000000
vn 0.000000 -1.000000 0.000000
vn 0.000000 -1.000000 0.000000
vn 0.000000 -1.000000 0.000000
vn -0.000000 -1.000000 0.000000
vn -0.000000 -1.000000 0.000000
vn -0.000000 -1.000000 0.000000
vn -0.000000 -1.000000 -0.000000
vn -0.000000 -1.000000 -0.000000
vn 0.000000 -1.000000 -0.000000
vn 0.000000 -1.000000 -0.000000
vn 0.000000 -1.000000 -0.000000
vn 0.000000 1.000000 0.000000
vn 0.000000 1.000000 0.000000
vn 0.000000 1.000000 0.000000
vn -0.000000 1.000000 0.000000
vn -0.000000 1.000000 0.000000
vn -0.000000 1.000000 0.000000
vn -0.000000 1.000000 -0.000000
vn -0.000000 1.000000 -0.000000
vn 0.000000 1.000000 -0.000000
vn 0.000000 1.000000 -0.000000
vn 0.000000 1.000000 -0.000000
vn 0.528246 0.849091 0.000000
vn 0.428157 0.850673 0.305021
vn 0.164037 0.853251 0.495030
vn -0.164037 0.853251 0.495030
vn -0.428157 0.850673 0.305021
vn -0.528246 0.849091 0.000000
vn -0.428157 0.850673 -0.305021
vn -0.164037 0.853251 -0.495030
vn 0.164037 0.853251 -0.495030
vn 0.428157 0.850673 -0.305021
vn 0.528246 0.849091 -0.000000
vn 0.881451 0.472275 0.000000
vn 0.716827 0.474737 0.510671
vn 0.276149 0.478803 0.833360
vn -0.276149 0.478803 0.833360
vn -0.716827 0.474737 0.510671
vn -0.881451 0.472275 0.000000
vn -0.716827 0.474737 -0.510671
vn -0.276149 0.478803 -0.833360
vn 0.276149 0.478803 -0.833360
vn 0.716827 0.474737 -0.510671
vn 0.881451 0.472275 -0.000000
vn 1.000000 0.000000 0.000000
vn 0.814458 0.000000 0.580223
vn 0.314548 0.000000 0.949242
vn -0.314548 0.000000 0.949242
vn -0.814458 0.000000 0.580223
vn -1.000000 0.000000 0.000000
vn -0.814458 0.000000 -0.580223
vn -0.314548 0.000000 -0.949242
vn 0.314548 0.000000 -0.949242
vn 0.814458 0.000000 -0.580223
vn 1.000000 0.000000 -0.000000
vn 0.881451 -0.472275 0.000000
vn 0.716827 -0.474737 0.510671
vn 0.276149 -0.478803 0.833360
vn -0.276149 -0.478803 0.833360
vn -0.716827 -0.474737 0.510671
vn -0.881451 -0.472275 0.000000
vn -0.716827 -0.474737 -0.510671
vn -0.276149 -0.478803 -0.833360
vn 0.276149 -0.478803 -0.833360
vn 0.716827 -0.474737 -0.510671
vn 0.881451 -0.472275 -0.000000
vn 0.528246 -0.849091 0.000000
vn 0.428157 -0.850673 0.305021
vn 0.164037 -0.853251 0.495030
vn -0.164037 -0.853251 0.495030
vn -0.428157 -0.850673 0.305021
vn -0.528246 -0.849091 0.000000
vn -0.428157 -0.850673 -0.305021
vn -0.164037 -0.853251 -0.495030
vn 0.164037 -0.853251 -0.495030
vn 0.428157 -0.850673 -0.305021
vn 0.528246 -0.849091 -0.000000
vn 0.000000 -1.000000 0.000000
vn 0.000000 -1.000000 0.000000
vn 0.000000 -1.000000 0.000000
vn -0.000000 -1.000000 0.000000
vn -0.000000 -1.000000 0.000000
vn -0.000000 -1.000000 0.000000
vn -0.000000 -1.000000 -0.000000
vn -0.000000 -1.000000 -0.000000
vn 0.000000 -1.000000 -0.000000
vn 0.000000 -1.000000 -0.000000
vn 0.000000 -1.000000 -0.000000
vn 0.000000 1.000000 0.000000
vn 0.000000 1.000000 0.000000
vn 0.000000 1.000000 0.000000
vn -0.000000 1.000000 0.000000
vn -0.000000 1.000000 0.000000
vn -0.000000 1.000000 0.000000
vn -0.000000 1.000000 -0.000000
vn -0.000000 1.000000 -0.000000
vn 0.000000 1.000000 -0.000000
vn 0.000000 1.000000 -0.000000
vn 0.000000 1.000000 -0.000000
vn 0.569872 0.821734 0.000000
vn 0.457919 0.816178 0.352370
vn 0.173033 0.807422 0.564029
vn -0.173033 0.807422 0.564029
vn -0.457919 0.816178 0.352370
vn -0.569872 0.821734 0.000000
vn -0.457919 0.816178 -0.352370
vn -0.173033 0.807422 -0.564029
vn 0.173033 0.807422 -0.564029
vn 0.457919 0.816178 -0.352370
vn 0.569872 0.821734 -0.000000
vn 0.901293 0.433210 0.000000
vn 0.717014 0.425993 0.551744
vn 0.266835 0.415043 0.869792
vn -0.266835 0.415043 0.869792
vn -0.717014 0.425993 0.551744
vn -0.901293 0.433210 0.000000
vn -0.717014 0.425993 -0.551744
vn -0.266835 0.415043 -0.869792
vn 0.266835 0.415043 -0.869792
vn 0.717014 0.425993 -0.551744
vn 0.901293 0.433210 -0.000000
vn 1.000000 0.000000 0.000000
vn 0.792520 0.000000 0.609846
vn 0.293289 0.000000 0.956024
vn -0.293289 0.000000 0.956024
vn -0.792520 0.000000 0.609846
vn -1.000000 0.000000 0.000000
vn -0.792520 0.000000 -0.609846
vn -0.293289 0.000000 -0.956024
vn 0.293289 0.000000 -0.956024
vn 0.792520 0.000000 -0.609846
vn 1.000000 0.000000 -0.000000
vn 0.901293 -0.433210 0.000000
vn 0.717014 -0.425993 0.551744
vn 0.266835 -0.415043 0.869792
vn -0.266835 -0.415043 0.869792
vn -0.717014 -0.425993 0.551744
vn -0.901293 -0.433210 0.000000
vn -0.717014 -0.425993 -0.551744
vn -0.266835 -0.415043 -0.869792
vn 0.266835 -0.415043 -0.869792
vn 0.717014 -0.425993 -0.551744
vn 0.901293 -0.433210 -0.000000
vn 0.569872 -0.821734 0.000000
vn 0.457919 -0.816178 0.352370
vn 0.173033 -0.807422 0.564029
vn -0.173033 -0.807422 0.564029
vn -0.457919 -0.816178 0.352370
vn -0.569872 -0.821734 0.000000
vn -0.457919 -0.816178 -0.352370
vn -0.173033 -0.807422 -0.564029
vn 0.173033 -0.807422 -0.564029
vn 0.457919 -0.816178 -0.352370
vn 0.569872 -0.821734 -0.000000
vn 0.000000 -1.000000 0.000000
vn 0.000000 -1.000000 0.000000
vn 0.000000 -1.000000 0.000000
vn -0.000000 -1.000000 0.000000
vn -0.000000 -1.000000 0.000000
vn -0.000000 -1.000000 0.000000
vn -0.000000 -1.000000 -0.000000
vn -0.000000 -1.000000 -0.000000
vn 0.000000 -1.000000 -0.000000
vn 0.000000 -1.000000 -0.000000
vn 0.000000 -1.000000 -0.000000
vn 0.000000 1.000000 0.000000
vn 0.000000 1.000000 0.000000
vn 0.000000 1.000000 0.000000
vn -0.000000 1.000000 0.000000
vn -0.000000 1.000000 0.000000
vn -0.000000 1.000000 0.000000
vn -0.000000 1.000000 -0.000000
vn -0.000000 1.000000 -0.000000
vn 0.000000 1.000000 -0.000000
vn 0.000000 1.000000 -0.000000
vn 0.000000 1.000000 -0.000000
vn 0.446288 0.894889 0.000000
vn 0.353882 0.877111 0.324720
vn 0.131064 0.850463 0.509446
vn -0.131064 0.850463 0.509446
vn -0.353882 0.877111 0.324720
vn -0.446288 0.894889 0.000000
vn -0.353882 0.877111 -0.324720
vn -0.131064 0.850463 -0.509446
vn 0.131064 0.850463 -0.509446
vn 0.353882 0.877111 -0.324720
vn 0.446288 0.894889 -0.000000
vn 0.831387 0.555694 0.000000
vn 0.629373 0.519975 0.577509
vn 0.219332 0.474409 0.852543
vn -0.219332 0.474409 0.852543
vn -0.629373 0.519975 0.577509
vn -0.831387 0.555694 0.000000
vn -0.629373 0.519975 -0.577509
vn -0.219332 0.474409 -0.852543
vn 0.219332 0.474409 -0.852543
vn 0.629373 0.519975 -0.577509
vn 0.831387 0.555694 -0.000000
vn 1.000000 0.000000 0.000000
vn 0.736814 0.000000 0.676096
vn 0.249155 0.000000 0.968464
vn -0.249155 0.000000 0.968464
vn -0.736814 0.000000 0.676096
vn -1.000000 0.000000 0.000000
vn -0.736814 0.000000 -0.676096
vn -0.249155 0.000000 -0.968464
vn 0.249155 0.000000 -0.968464
vn 0.736814 0.000000 -0.676096
vn 1.000000 0.000000 -0.000000
vn 0.831387 -0.555694 0.000000
vn 0.629373 -0.519975 0.577509
vn 0.219332 -0.474409 0.852543
vn -0.219332 -0.474409 0.852543
vn -0.629373 -0.519975 0.577509
vn -0.831387 -0.555694 0.000000
vn -0.629373 -0.519975 -0.577509
vn -0.219332 -0.474409 -0.852543
vn 0.219332 -0.474409 -0.852543
vn 0.629373 -0.519975 -0.577509
vn 0.831387 -0.555694 -0.000000
vn 0.446288 -0.894889 0.000000
vn 0.353882 -0.877111 0.324720
vn 0.131064 -0.850463 0.509446
vn -0.131064 -0.850463 0.509446
vn -0.353882 -0.877111 0.324720
vn -0.446288 -0.894889 0.000000
vn -0.353882 -0.877111 -0.324720
vn -0.131064 -0.850463 -0.509446
vn 0.131064 -0.850463 -0.509446
vn 0.353882 -0.877111 -0.324720
vn 0.446288 -0.894889 -0.000000
vn 0.000000 -1.000000 0.000000
vn 0.000000 -1.000000 0.000000
vn 0.000000 -1.000000 0.000000
vn -0.000000 -1.000000 0.000000
vn -0.000000 -1.000000 0.000000
vn -0.000000 -1.000000 0.000000
vn -0.000000 -1.000000 -0.000000
vn -0.000000 -1.000000 -0.000000
vn 0.000000 -1.000000 -0.000000
vn 0.000000 -1.000000 -0.000000
vn 0.000000 -1.000000 -0.000000
vn 0.000000 1.000000 0.000000
vn 0.000000 1.000000 0.000000
vn 0.000000 1.000000 0.000000
vn -0.000000 1.000000 0.000000
vn -0.000000 1.000000 0.000000
vn -0.000000 1.000000 0.000000
vn -0.000000 1.000000 -0.000000
vn -0.000000 1.000000 -0.000000
vn 0.000000 1.000000 -0.000000
vn 0.000000 1.000000 -0.000000
vn 0.000000 1.000000 -0.000000
vn 0.485259 0.874370 0.000000
vn 0.379075 0.844285 0.378796
vn 0.137467 0.801564 0.581891
vn -0.137467 0.801564 0.581891
vn -0.379075 0.844285 0.378796
vn -0.485259 0.874370 0.000000
vn -0.379075 0.844285 -0.378796
vn -0.137467 0.801564 -0.581891
vn 0.137467 0.801564 -0.581891
vn 0.379075 0.844285 -0.378796
vn 0.485259 0.874370 -0.000000
vn 0.857258 0.514887 0.000000
vn 0.626261 0.464942 0.625800
vn 0.209908 0.407988 0.888530
vn -0.209908 0.407988 0.888530
vn -0.626261 0.464942 0.625800
vn -0.857258 0.514887 0.000000
vn -0.626261 0.464942 -0.625800
vn -0.209908 0.407988 -0.888530
vn 0.209908 0.407988 -0.888530
vn 0.626261 0.464942 -0.625800
vn 0.857258 0.514887 -0.000000
vn 1.000000 0.000000 0.000000
vn 0.707367 0.000000 0.706846
vn 0.229913 0.000000 0.973211
vn -0.229913 0.000000 0.973211
vn -0.707367 0.000000 0.706846
vn -1.000000 0.000000 0.000000
vn -0.707367 0.000000 -0.706846
vn -0.229913 0.000000 -0.973211
vn 0.229913 0.000000 -0.973211
vn 0.707367 0.000000 -0.706846
vn 1.000000 0.000000 -0.000000
vn 0.857258 -0.514887 0.000000
vn 0.626261 -0.464942 0.625800
vn 0.209908 -0.407988 0.888530
vn -0.209908 -0.407988 0.888530
vn -0.626261 -0.464942 0.625800
vn -0.857258 -0.514887 0.000000
vn -0.626261 -0.464942 -0.625800
vn -0.209908 -0.407988 -0.888530
vn 0.209908 -0.407988 -0.888530
vn 0.626261 -0.464942 -0.625800
vn 0.857258 -0.514887 -0.000000
vn 0.485259 -0.874370 0.000000
vn 0.379075 -0.844285 0.378796
vn 0.137467 -0.801564 0.581891
vn -0.137467 -0.801564 0.581891
vn -0.379075 -0.844285 0.378796
vn -0.485259 -0.874370 0.000000
vn -0.379075 -0.844285 -0.378796
vn -0.137467 -0.801564 -0.581891
vn 0.137467 -0.801564 -0.581891
vn 0.379075 -0.844285 -0.378796
vn 0.485259 -0.874370 -0.000000
vn 0.000000 -1.000000 0.000000
vn 0.000000 -1.000000 0.000000
vn 0.000000 -1.000000 0.000000
vn -0.000000 -1.000000 0.000000
vn -0.000000 -1.000000 0.000000
vn -0.000000 -1.000000 0.000000
vn -0.000000 -1.000000 -0.000000
vn -0.000000 -1.000000 -0.000000
vn 0.000000 -1.000000 -0.000000
vn 0.000000 -1.000000 -0.000000
vn 0.000000 -1.000000 -0.000000
vn 0.000000 1.000000 0.000000
vn 0.000000 1.000000 0.000000
vn 0.000000 1.000000 0.000000
vn -0.000000 1.000000 0.000000
vn -0.000000 1.000000 0.000000
vn -0.000000 1.000000 0.000000
vn -0.000000 1.000000 -0.000000
vn -0.000000 1.000000 -0.000000
vn 0.000000 1.000000 -0.000000
vn 0.000000 1.000000 -0.000000
vn 0.000000 1.000000 -0.000000
vn 0.472113 0.881538 0.000000
vn 0.386656 0.892406 0.232614
vn 0.150746 0.910874 0.384166
vn -0.150746 0.910874 0.384166
vn -0.386656 0.892406 0.232614
vn -0.472113 0.881538 0.000000
vn -0.386656 0.892406 -0.232614
vn -0.150746 0.910874 -0.384166
vn 0.150746 0.910874 -0.384166
vn 0.386656 0.892406 -0.232614
vn 0.472113 0.881538 -0.000000
vn 0.848987 0.528414 0.000000
vn 0.715417 0.550396 0.430398
vn 0.294228 0.592619 0.749821
vn -0.294228 0.592619 0.749821
vn -0.715417 0.550396 0.430398
vn -0.848987 0.528414 0.000000
vn -0.715417 0.550396 -0.430398
vn -0.294228 0.592619 -0.749821
vn 0.294228 0.592619 -0.749821
vn 0.715417 0.550396 -0.430398
vn 0.848987 0.528414 -0.000000
vn 1.000000 0.000000 0.000000
vn 0.856886 0.000000 0.515506
vn 0.365282 0.000000 0.930897
vn -0.365282 0.000000 0.930897
vn -0.856886 0.000000 0.515506
vn -1.000000 0.000000 0.000000
vn -0.856886 0.000000 -0.515506
vn -0.365282 0.000000 -0.930897
vn 0.365282 0.000000 -0.930897
vn 0.856886 0.000000 -0.515506
vn 1.000000 0.000000 -0.000000
vn 0.848987 -0.528414 0.000000
vn 0.715417 -0.550396 0.430398
vn 0.294228 -0.592619 0.749821
vn -0.294228 -0.592619 0.749821
vn -0.715417 -0.550396 0.430398
vn -0.848987 -0.528414 0.000000
vn -0.715417 -0.550396 -0.430398
vn -0.294228 -0.592619 -0.749821
vn 0.294228 -0.592619 -0.749821
vn 0.715417 -0.550396 -0.430398
vn 0.848987 -0.528414 -0.000000
vn 0.472113 -0.881538 0.000000
vn 0.386656 -0.892406 0.232614
vn 0.150746 -0.910874 0.384166
vn -0.150746 -0.910874 0.384166
vn -0.386656 -0.892406 0.232614
vn -0.472113 -0.881538 0.000000
vn -0.386656 -0.892406 -0.232614
vn -0.150746 -0.910874 -0.384166
vn 0.150746 -0.910874 -0.384166
vn 0.386656 -0.892406 -0.232614
vn 0.472113 -0.881538 -0.000000
vn 0.000000 -1.000000 0.000000
vn 0.000000 -1.000000 0.000000
vn 0.000000 -1.000000 0.000000
vn -0.000000 -1.000000 0.000000
vn -0.000000 -1.000000 0.000000
vn -0.000000 -1.000000 0.000000
vn -0.000000 -1.000000 -0.000000
vn -0.000000 -1.000000 -0.000000
vn 0.000000 -1.000000 -0.000000
vn 0.000000 -1.000000 -0.000000
vn 0.000000 -1.000000 -0.000000
vn 0.000000 1.000000 0.000000
vn 0.000000 1.000000 0.000000
vn 0.000000 1.000000 0.000000
vn -0.000000 1.000000 0.000000
vn -0.000000 1.000000 0.000000
vn -0.000000 1.000000 0.000000
vn -0.000000 1.000000 -0.000000
vn -0.000000 1.000000 -0.000000
vn 0.000000 1.000000 -0.000000
vn 0.000000 1.000000 -0.000000
vn 0.000000 1.000000 -0.000000
vn 0.406480 0.913659 0.000000
vn 0.328106 0.911593 0.247681
vn 0.124869 0.908278 0.399299
vn -0.124869 0.908278 0.399299
vn -0.328106 0.911593 0.247681
vn -0.406480 0.913659 0.000000
vn -0.328106 0.911593 -0.247681
vn -0.124869 0.908278 -0.399299
vn 0.124869 0.908278 -0.399299
vn 0.328106 0.911593 -0.247681
vn 0.406480 0.913659 -0.000000
vn 0.800290 0.599613 0.000000
vn 0.641826 0.594405 0.484502
vn 0.241796 0.586260 0.773197
vn -0.241796 0.586260 0.773197
vn -0.641826 0.594405 0.484502
vn -0.800290 0.599613 0.000000
vn -0.641826 0.594405 -0.484502
vn -0.241796 0.586260 -0.773197
vn 0.241796 0.586260 -0.773197
vn 0.641826 0.594405 -0.484502
vn 0.800290 0.599613 -0.000000
vn 1.000000 0.000000 0.000000
vn 0.798126 0.000000 0.602490
vn 0.298468 0.000000 0.954420
vn -0.298468 0.000000 0.954420
vn -0.798126 0.000000 0.602490
vn -1.000000 0.000000 0.000000
vn -0.798126 0.000000 -0.602490
vn -0.298468 0.000000 -0.954420
vn 0.298468 0.000000 -0.954420
vn 0.798126 0.000000 -0.602490
vn 1.000000 0.000000 -0.000000
vn 0.800290 -0.599613 0.000000
vn 0.641826 -0.594405 0.484502
vn 0.241796 -0.586260 0.773197
vn -0.241796 -0.586260 0.773197
vn -0.641826 -0.594405 0.484502
vn -0.800290 -0.599613 0.000000
vn -0.641826 -0.594405 -0.484502
vn -0.241796 -0.586260 -0.773197
vn 0.241796 -0.586260 -0.773197
vn 0.641826 -0.594405 -0.484502
vn 0.800290 -0.599613 -0.000000
vn 0.406480 -0.913659 0.000000
vn 0.328106 -0.911593 0.247681
vn 0.124869 -0.908278 0.399299
vn -0.124869 -0.908278 0.399299
vn -0.328106 -0.911593 0.247681
vn -0.406480 -0.913659 0.000000
vn -0.328106 -0.911593 -0.247681
vn -0.124869 -0.908278 -0.399299
vn 0.124869 -0.908278 -0.399299
vn 0.328106 -0.911593 -0.247681
vn 0.406480 -0.913659 -0.000000
vn 0.000000 -1.000000 0.000000
vn 0.000000 -1.000000 0.000000
vn 0.000000 -1.000000 0.000000
vn -0.000000 -1.000000 0.000000
vn -0.000000 -1.000000 0.000000
vn -0.000000 -1.000000 0.000000
vn -0.000000 -1.000000 -0.000000
vn -0.000000 -1.000000 -0.000000
vn 0.000000 -1.000000 -0.000000
vn 0.000000 -1.000000 -0.000000
vn 0.000000 -1.000000 -0.000000
vn 0.000000 1.000000 0.000000
vn 0.000000 1.000000 0.000000
vn 0.000000 1.000000 0.000000
vn -0.000000 1.000000 0.000000
vn -0.000000 1.000000 0.000000
vn -0.000000 1.000000 0.000000
vn -0.000000 1.000000 -0.000000
vn -0.000000 1.000000 -0.000000
vn 0.000000 1.000000 -0.000000
vn 0.000000 1.000000 -0.000000
vn 0.000000 1.000000 -0.000000
vn 0.456253 0.889850 0.000000
vn 0.368074 0.887337 0.277767
vn 0.139955 0.883315 0.447400
vn -0.139955 0.883315 0.447400
vn -0.368074 0.887337 0.277767
vn -0.456253 0.889850 0.000000
vn -0.368074 0.887337 -0.277767
vn -0.139955 0.883315 -0.447400
vn 0.139955 0.883315 -0.447400
vn 0.368074 0.887337 -0.277767
vn 0.456253 0.889850 -0.000000
vn 0.838400 0.545056 0.000000
vn 0.671876 0.539910 0.507031
vn 0.252818 0.531883 0.808197
vn -0.252818 0.531883 0.808197
vn -0.671876 0.539910 0.507031
vn -0.838400 0.545056 0.000000
vn -0.671876 0.539910 -0.507031
vn -0.252818 0.531883 -0.808197
vn 0.252818 0.531883 -0.808197
vn 0.671876 0.539910 -0.507031
vn 0.838400 0.545056 -0.000000
vn 1.000000 0.000000 0.000000
vn 0.798215 0.000000 0.602373
vn 0.298551 0.000000 0.954394
vn -0.298551 0.000000 0.954394
vn -0.798215 0.000000 0.602373
vn -1.000000 0.000000 0.000000
vn -0.798215 0.000000 -0.602373
vn -0.298551 0.000000 -0.954394
vn 0.298551 0.000000 -0.954394
vn 0.798215 0.000000 -0.602373
vn 1.000000 0.000000 -0.000000
vn 0.838400 -0.545056 0.000000
vn 0.671876 -0.539910 0.507031
vn 0.252818 -0.531883 0.808197
vn -0.252818 -0.531883 0.808197
vn -0.671876 -0.539910 0.507031
vn -0.838400 -0.545056 0.000000
vn -0.671876 -0.539910 -0.507031
vn -0.252818 -0.531883 -0.808197
vn 0.252818 -0.531883 -0.808197
vn 0.671876 -0.539910 -0.507031
vn 0.838400 -0.545056 -0.000000
vn 0.456253 -0.889850 0.000000
vn 0.368074 -0.887337 0.277767
vn 0.139955 -0.883315 0.447400
vn -0.139955 -0.883315 0.447400
vn -0.368074 -0.887337 0.277767
vn -0.456253 -0.889850 0.000000
vn -0.368074 -0.887337 -0.277767
vn -0.139955 -0.883315 -0.447400
vn 0.139955 -0.883315 -0.447400
vn 0.368074 -0.887337 -0.277767
vn 0.456253 -0.889850 -0.000000
vn 0.000000 -1.000000 0.000000
vn 0.000000 -1.000000 0.000000
vn 0.000000 -1.000000 0.000000
vn -0.000000 -1.000000 0.000000
vn -0.000000 -1.000000 0.000000
vn -0.000000 -1.000000 0.000000
vn -0.000000 -1.000000 -0.000000
vn -0.000000 -1.000000 -0.000000
vn 0.000000 -1.000000 -0.000000
vn 0.000000 -1.000000 -0.000000
vn 0.000000 -1.000000 -0.000000
vn 0.000000 1.000000 0.000000
vn 0.000000 1.000000 0.000000
vn 0.000000 1.000000 0.000000
vn -0.000000 1.000000 0.000000
vn -0.000000 1.000000 0.000000
vn -0.000000 1.000000 0.000000
vn -0.000000 1.000000 -0.000000
vn -0.000000 1.000000 -0.000000
vn 0.000000 1.000000 -0.000000
vn 0.000000 1.000000 -0.000000
vn 0.000000 1.000000 -0.000000
vn 0.420225 0.907420 0.000000
vn 0.326532 0.871556 0.365740
vn 0.117572 0.821576 0.557844
vn -0.117572 0.821576 0.557844
vn -0.326532 0.871556 0.365740
vn -0.420225 0.907420 0.000000
vn -0.326532 0.871556 -0.365740
vn -0.117572 0.821576 -0.557844
vn 0.117572 0.821576 -0.557844
vn 0.326532 0.871556 -0.365740
vn 0.420225 0.907420 -0.000000
vn 0.811615 0.584192 0.000000
vn 0.572960 0.509768 0.641758
vn 0.185895 0.433002 0.882016
vn -0.185895 0.433002 0.882016
vn -0.572960 0.509768 0.641758
vn -0.811615 0.584192 0.000000
vn -0.572960 0.509768 -0.641758
vn -0.185895 0.433002 -0.882016
vn 0.185895 0.433002 -0.882016
vn 0.572960 0.509768 -0.641758
vn 0.811615 0.584192 -0.000000
vn 1.000000 0.000000 0.000000
vn 0.665991 0.000000 0.745959
vn 0.206230 0.000000 0.978503
vn -0.206230 0.000000 0.978503
vn -0.665991 0.000000 0.745959
vn -1.000000 0.000000 0.000000
vn -0.665991 0.000000 -0.745959
vn -0.206230 0.000000 -0.978503
vn 0.206230 0.000000 -0.978503
vn 0.665991 0.000000 -0.745959
vn 1.000000 0.000000 -0.000000
vn 0.811615 -0.584192 0.000000
vn 0.572960 -0.509768 0.641758
vn 0.185895 -0.433002 0.882016
vn -0.185895 -0.433002 0.882016
vn -0.572960 -0.509768 0.641758
vn -0.811615 -0.584192 0.000000
vn -0.572960 -0.509768 -0.641758
vn -0.185895 -0.433002 -0.882016
vn 0.185895 -0.433002 -0.882016
vn 0.572960 -0.509768 -0.641758
vn 0.811615 -0.584192 -0.000000
vn 0.420225 -0.907420 0.000000
vn 0.326532 -0.871556 0.365740
vn 0.117572 -0.821576 0.557844
vn -0.117572 -0.821576 0.557844
vn -0.326532 -0.871556 0.365740
vn -0.420225 -0.907420 0.000000
vn -0.326532 -0.871556 -0.365740
vn -0.117572 -0.821576 -0.557844
vn 0.117572 -0.821576 -0.557844
vn 0.326532 -0.871556 -0.365740
vn 0.420225 -0.907420 -0.000000
vn 0.000000 -1.000000 0.000000
vn 0.000000 -1.000000 0.000000
vn 0.000000 -1.000000 0.000000
vn -0.000000 -1.000000 0.000000
vn -0.000000 -1.000000 0.000000
vn -0.000000 -1.000000 0.000000
vn -0.000000 -1.000000 -0.000000
vn -0.000000 -1.000000 -0.000000
vn 0.000000 -1.000000 -0.000000
vn 0.000000 -1.000000 -0.000000
vn 0.000000 -1.000000 -0.000000
vn 0.000000 1.000000 0.000000
vn 0.000000 1.000000 0.000000
vn 0.000000 1.000000 0.000000
vn -0.000000 1.000000 0.000000
vn -0.000000 1.000000 0.000000
vn -0.000000 1.000000 0.000000
vn -0.000000 1.000000 -0.000000
vn -0.000000 1.000000 -0.000000
vn 0.000000 1.000000 -0.000000
vn 0.000000 1.000000 -0.000000
vn 0.000000 1.000000 -0.000000
vn 0.392762 0.919640 0.000000
vn 0.316866 0.917078 0.241999
vn 0.120491 0.912978 0.389812
vn -0.120491 0.912978 0.389812
vn -0.316866 0.917078 0.241999
vn -0.392762 0.919640 0.000000
vn -0.316866 0.917078 -0.241999
vn -0.120491 0.912978 -0.389812
vn 0.120491 0.912978 -0.389812
vn 0.316866 0.917078 -0.241999
vn 0.392762 0.919640 -0.000000
vn 0.788315 0.615271 0.000000
vn 0.630693 0.608453 0.481677
vn 0.236719 0.597884 0.765832
vn -0.236719 0.597884 0.765832
vn -0.630693 0.608453 0.481677
vn -0.788315 0.615271 0.000000
vn -0.630693 0.608453 -0.481677
vn -0.236719 0.597884 -0.765832
vn 0.236719 0.597884 -0.765832
vn 0.630693 0.608453 -0.481677
vn 0.788315 0.615271 -0.000000
vn 1.000000 0.000000 0.000000
vn 0.794733 0.000000 0.606959
vn 0.295314 0.000000 0.955400
vn -0.295314 0.000000 0.955400
vn -0.794733 0.000000 0.606959
vn -1.000000 0.000000 0.000000
vn -0.794733 0.000000 -0.606959
vn -0.295314 0.000000 -0.955400
vn 0.295314 0.000000 -0.955400
vn 0.794733 0.000000 -0.606959
vn 1.000000 0.000000 -0.000000
vn 0.788315 -0.615271 0.000000
vn 0.630693 -0.608453 0.481677
vn 0.236719 -0.597884 0.765832
vn -0.236719 -0.597884 0.765832
vn -0.630693 -0.608453 0.481677
vn -0.788315 -0.615271 0.000000
vn -0.630693 -0.608453 -0.481677
vn -0.236719 -0.597884 -0.765832
vn 0.236719 -0.597884 -0.765832
vn 0.630693 -0.608453 -0.481677
vn 0.788315 -0.615271 -0.000000
vn 0.392762 -0.919640 0.000000
vn 0.316866 -0.917078 0.241999
vn 0.120491 -0.912978 0.389812
vn -0.120491 -0.912978 0.389812
vn -0.316866 -0.917078 0.241999
vn -0.392762 -0.919640 0.000000
vn -0.316866 -0.917078 -0.241999
vn -0.120491 -0.912978 -0.389812
vn 0.120491 -0.912978 -0.389812
vn 0.316866 -0.917078 -0.241999
vn 0.392762 -0.919640 -0.000000
vn 0.000000 -1.000000 0.000000
vn 0.000000 -1.000000 0.000000
vn 0.000000 -1.000000 0.000000
vn -0.000000 -1.000000 0.000000
vn -0.000000 -1.000000 0.000000
vn -0.000000 -1.000000 0.000000
vn -0.000000 -1.000000 -0.000000
vn -0.000000 -1.000000 -0.000000
vn 0.000000 -1.000000 -0.000000
vn 0.000000 -1.000000 -0.000000
vn 0.000000 -1.000000 -0.000000
vn 0.000000 1.000000 0.000000
vn 0.000000 1.000000 0.000000
vn 0.000000 1.000000 0.000000
vn -0.000000 1.000000 0.000000
vn -0.000000 1.000000 0.000000
vn -0.000000 1.000000 0.000000
vn -0.000000 1.000000 -0.000000
vn -0.000000 1.000000 -0.000000
vn 0.000000 1.000000 -0.000000
vn 0.000000 1.000000 -0.000000
vn 0.000000 1.000000 -0.000000
vn 0.428998 0.903306 0.000000
vn 0.347632 0.904779 0.246023
vn 0.133136 0.907177 0.399130
vn -0.133136 0.907177 0.399130
vn -0.347632 0.904779 0.246023
vn -0.428998 0.903306 0.000000
vn -0.347632 0.904779 -0.246023
vn -0.133136 0.907177 -0.399130
vn 0.133136 0.907177 -0.399130
vn 0.347632 0.904779 -0.246023
vn 0.428998 0.903306 -0.000000
vn 0.818511 0.574491 0.000000
vn 0.666146 0.577923 0.471439
vn 0.256949 0.583610 0.770310
vn -0.256949 0.583610 0.770310
vn -0.666146 0.577923 0.471439
vn -0.818511 0.574491 0.000000
vn -0.666146 0.577923 -0.471439
vn -0.256949 0.583610 -0.770310
vn 0.256949 0.583610 -0.770310
vn 0.666146 0.577923 -0.471439
vn 0.818511 0.574491 -0.000000
vn 1.000000 0.000000 0.000000
vn 0.816264 0.000000 0.577679
vn 0.316426 0.000000 0.948617
vn -0.316426 0.000000 0.948617
vn -0.816264 0.000000 0.577679
vn -1.000000 0.000000 0.000000
vn -0.816264 0.000000 -0.577679
vn -0.316426 0.000000 -0.948617
vn 0.316426 0.000000 -0.948617
vn 0.816264 0.000000 -0.577679
vn 1.000000 0.000000 -0.000000
vn 0.818511 -0.574491 0.000000
vn 0.666146 -0.577923 0.471439
vn 0.256949 -0.583610 0.770310
vn -0.256949 -0.583610 0.770310
vn -0.666146 -0.577923 0.471439
vn -0.818511 -0.574491 0.000000
vn -0.666146 -0.577923 -0.471439
vn -0.256949 -0.583610 -0.770310
vn 0.256949 -0.583610 -0.770310
vn 0.666146 -0.577923 -0.471439
vn 0.818511 -0.574491 -0.000000
vn 0.428998 -0.903306 0.000000
vn 0.347632 -0.904779 0.246023
vn 0.133136 -0.907177 0.399130
vn -0.133136 -0.907177 0.399130
vn -0.347632 -0.904779 0.246023
vn -0.428998 -0.903306 0.000000
vn -0.347632 -0.904779 -0.246023
vn -0.133136 -0.907177 -0.399130
vn 0.133136 -0.907177 -0.399130
vn 0.347632 -0.904779 -0.246023
vn 0.428998 -0.903306 -0.000000
vn 0.000000 -1.000000 0.000000
vn 0.000000 -1.000000 0.000000
vn 0.000000 -1.000000 0.000000
vn -0.000000 -1.000000 0.000000
vn -0.000000 -1.000000 0.000000
vn -0.000000 -1.000000 0.000000
vn -0.000000 -1.000000 -0.000000
vn -0.000000 -1.000000 -0.000000
vn 0.000000 -1.000000 -0.000000
vn 0.000000 -1.000000 -0.000000
vn 0.000000 -1.000000 -0.000000
vn 0.000000 1.000000 0.000000
vn 0.000000 1.000000 0.000000
vn 0.000000 1.000000 0.000000
vn -0.000000 1.000000 0.000000
vn -0.000000 1.000000 0.000000
vn -0.000000 1.000000 0.000000
vn -0.000000 1.000000 -0.000000
vn -0.000000 1.000000 -0.000000
vn 0.000000 1.000000 -0.000000
vn 0.000000 1.000000 -0.000000
vn 0.000000 1.000000 -0.000000
vn 0.413878 0.910333 0.000000
vn 0.334616 0.909741 0.245770
vn 0.127678 0.908786 0.397247
vn -0.127678 0.908786 0.397247
vn -0.334616 0.909741 0.245770
vn -0.413878 0.910333 0.000000
vn -0.334616 0.909741 -0.245770
vn -0.127678 0.908786 -0.397247
vn 0.127678 0.908786 -0.397247
vn 0.334616 0.909741 -0.245770
vn 0.413878 0.910333 -0.000000
vn 0.806466 0.591280 0.000000
vn 0.650840 0.589825 0.478031
vn 0.247616 0.587494 0.770414
vn -0.247616 0.587494 0.770414
vn -0.650840 0.589825 0.478031
vn -0.806466 0.591280 0.000000
vn -0.650840 0.589825 -0.478031
vn -0.247616 0.587494 -0.770414
vn 0.247616 0.587494 -0.770414
vn 0.650840 0.589825 -0.478031
vn 0.806466 0.591280 -0.000000
vn 1.000000 0.000000 0.000000
vn 0.805963 0.000000 0.591966
vn 0.305990 0.000000 0.952035
vn -0.305990 0.000000 0.952035
vn -0.805963 0.000000 0.591966
vn -1.000000 0.000000 0.000000
vn -0.805963 0.000000 -0.591966
vn -0.305990 0.000000 -0.952035
vn 0.305990 0.000000 -0.952035
vn 0.805963 0.000000 -0.591966
vn 1.000000 0.000000 -0.000000
vn 0.806466 -0.591280 0.000000
vn 0.650840 -0.589825 0.478031
vn 0.247616 -0.587494 0.770414
vn -0.247616 -0.587494 0.770414
vn -0.650840 -0.589825 0.478031
vn -0.806466 -0.591280 0.000000
vn -0.650840 -0.589825 -0.478031
vn -0.247616 -0.587494 -0.770414
vn 0.247616 -0.587494 -0.770414
vn 0.650840 -0.589825 -0.478031
vn 0.806466 -0.591280 -0.000000
vn 0.413878 -0.910333 0.000000
vn 0.334616 -0.909741 0.245770
vn 0.127678 -0.908786 0.397247
vn -0.127678 -0.908786 0.397247
vn -0.334616 -0.909741 0.245770
vn -0.413878 -0.910333 0.000000
vn -0.334616 -0.909741 -0.245770
vn -0.127678 -0.908786 -0.397247
vn 0.127678 -0.908786 -0.397247
vn 0.334616 -0.909741 -0.245770
vn 0.413878 -0.910333 -0.000000
vn 0.000000 -1.000000 0.000000
vn 0.000000 -1.000000 0.000000
vn 0.000000 -1.000000 0.000000
vn -0.000000 -1.000000 0.000000
vn -0.000000 -1.000000 0.000000
vn -0.000000 -1.000000 0.000000
vn -0.000000 -1.000000 -0.000000
vn -0.000000 -1.000000 -0.000000
vn 0.000000 -1.000000 -0.000000
vn 0.000000 -1.000000 -0.000000
vn 0.000000 -1.000000 -0.000000
vn 0.000000 1.000000 0.000000
vn 0.000000 1.000000 0.000000
vn 0.000000 1.000000 0.000000
vn -0.000000 1.000000 0.000000
vn -0.000000 1.000000 0.000000
vn -0.000000 1.000000 0.000000
vn -0.000000 1.000000 -0.000000
vn -0.000000 1.000000 -0.000000
vn 0.000000 1.000000 -0.000000
vn 0.000000 1.000000 -0.000000
vn 0.000000 1.000000 -0.000000
vn 0.409149 0.912468 0.000000
vn 0.316197 0.871636 0.374526
vn 0.113040 0.815801 0.567177
vn -0.113040 0.815801 0.567177
vn -0.316197 0.871636 0.374526
vn -0.409149 0.912468 0.000000
vn -0.316197 0.871636 -0.374526
vn -0.113040 0.815801 -0.567177
vn 0.113040 0.815801 -0.567177
vn 0.316197 0.871636 -0.374526
vn 0.409149 0.912468 -0.000000
vn 0.802541 0.596598 0.000000
vn 0.554930 0.509912 0.657299
vn 0.176880 0.425512 0.887498
vn -0.176880 0.425512 0.887498
vn -0.554930 0.509912 0.657299
vn -0.802541 0.596598 0.000000
vn -0.554930 0.509912 -0.657299
vn -0.176880 0.425512 -0.887498
vn 0.176880 0.425512 -0.887498
vn 0.554930 0.509912 -0.657299
vn 0.802541 0.596598 -0.000000
vn 1.000000 0.000000 0.000000
vn 0.645098 0.000000 0.764100
vn 0.195458 0.000000 0.980712
vn -0.195458 0.000000 0.980712
vn -0.645098 0.000000 0.764100
vn -1.000000 0.000000 0.000000
vn -0.645098 0.000000 -0.764100
vn -0.195458 0.000000 -0.980712
vn 0.195458 0.000000 -0.980712
vn 0.645098 0.000000 -0.764100
vn 1.000000 0.000000 -0.000000
vn 0.802541 -0.596598 0.000000
vn 0.554930 -0.509912 0.657299
vn 0.176880 -0.425512 0.887498
vn -0.176880 -0.425512 0.887498
vn -0.554930 -0.509912 0.657299
vn -0.802541 -0.596598 0.000000
vn -0.554930 -0.509912 -0.657299
vn -0.176880 -0.425512 -0.887498
vn 0.176880 -0.425512 -0.887498
vn 0.554930 -0.509912 -0.657299
vn 0.802541 -0.596598 -0.000000
vn 0.409149 -0.912468 0.000000
vn 0.316197 -0.871636 0.374526
vn 0.113040 -0.815801 0.567177
vn -0.113040 -0.815801 0.567177
vn -0.316197 -0.871636 0.374526
vn -0.409149 -0.912468 0.000000
vn -0.316197 -0.871636 -0.374526
vn -0.113040 -0.815801 -0.567177
vn 0.113040 -0.815801 -0.567177
vn 0.316197 -0.871636 -0.374526
vn 0.409149 -0.912468 -0.000000
vn 0.000000 -1.000000 0.000000
vn 0.000000 -1.000000 0.000000
vn 0.000000 -1.000000 0.000000
vn -0.000000 -1.000000 0.000000
vn -0.000000 -1.000000 0.000000
vn -0.000000 -1.000000 0.000000
vn -0.000000 -1.000000 -0.000000
vn -0.000000 -1.000000 -0.000000
vn 0.000000 -1.000000 -0.000000
vn 0.000000 -1.000000 -0.000000
vn 0.000000 -1.000000 -0.000000
vn 0.000000 1.000000 0.000000
vn 0.000000 1.000000 0.000000
vn 0.000000 1.000000 0.000000
vn -0.000000 1.000000 0.000000
vn -0.000000 1.000000 0.000000
vn -0.000000 1.000000 0.000000
vn -0.000000 1.000000 -0.000000
vn -0.000000 1.000000 -0.000000
vn 0.000000 1.000000 -0.000000
vn 0.000000 1.000000 -0.000000
vn 0.000000 1.000000 -0.000000
vn 0.430211 0.902728 0.000000
vn 0.341085 0.884667 0.317844
vn 0.126298 0.857609 0.498553
vn -0.126298 0.857609 0.498553
vn -0.341085 0.884667 0.317844
vn -0.430211 0.902728 0.000000
vn -0.341085 0.884667 -0.317844
vn -0.126298 0.857609 -0.498553
vn 0.126298 0.857609 -0.498553
vn 0.341085 0.884667 -0.317844
vn 0.430211 0.902728 -0.000000
vn 0.819445 0.573158 0.000000
vn 0.618293 0.534553 0.576165
vn 0.214642 0.485833 0.847287
vn -0.214642 0.485833 0.847287
vn -0.618293 0.534553 0.576165
vn -0.819445 0.573158 0.000000
vn -0.618293 0.534553 -0.576165
vn -0.214642 0.485833 -0.847287
vn 0.214642 0.485833 -0.847287
vn 0.618293 0.534553 -0.576165
vn 0.819445 0.573158 -0.000000
vn 1.000000 0.000000 0.000000
vn 0.731591 0.000000 0.681743
vn 0.245572 0.000000 0.969378
vn -0.245572 0.000000 0.969378
vn -0.731591 0.000000 0.681743
vn -1.000000 0.000000 0.000000
vn -0.731591 0.000000 -0.681743
vn -0.245572 0.000000 -0.969378
vn 0.245572 0.000000 -0.969378
vn 0.731591 0.000000 -0.681743
vn 1.000000 0.000000 -0.000000
vn 0.819445 -0.573158 0.000000
vn 0.618293 -0.534553 0.576165
vn 0.214642 -0.485833 0.847287
vn -0.214642 -0.485833 0.847287
vn -0.618293 -0.534553 0.576165
vn -0.819445 -0.573158 0.000000
vn -0.618293 -0.534553 -0.576165
vn -0.214642 -0.485833 -0.847287
vn 0.214642 -0.485833 -0.847287
vn 0.618293 -0.534553 -0.576165
vn 0.819445 -0.573158 -0.000000
vn 0.430211 -0.902728 0.000000
vn 0.341085 -0.884667 0.317844
vn 0.126298 -0.857609 0.498553
vn -0.126298 -0.857609 0.498553
vn -0.341085 -0.884667 0.317844
vn -0.430211 -0.902728 0.000000
vn -0.341085 -0.884667 -0.317844
vn -0.126298 -0.857609 -0.498553
vn 0.126298 -0.857609 -0.498553
vn 0.341085 -0.884667 -0.317844
vn 0.430211 -0.902728 -0.000000
vn 0.000000 -1.000000 0.000000
vn 0.000000 -1.000000 0.000000
vn 0.000000 -1.000000 0.000000
vn -0.000000 -1.000000 0.000000
vn -0.000000 -1.000000 0.000000
vn -0.000000 -1.000000 0.000000
vn -0.000000 -1.000000 -0.000000
vn -0.000000 -1.000000 -0.000000
vn 0.000000 -1.000000 -0.000000
vn 0.000000 -1.000000 -0.000000
vn 0.000000 -1.000000 -0.000000
vn 0.000000 1.000000 0.000000
vn 0.000000 1.000000 0.000000
vn 0.000000 1.000000 0.000000
vn -0.000000 1.000000 0.000000
vn -0.000000 1.000000 0.000000
vn -0.000000 1.000000 0.000000
vn -0.000000 1.000000 -0.000000
vn -0.000000 1.000000 -0.000000
vn 0.000000 1.000000 -0.000000
vn 0.000000 1.000000 -0.000000
vn 0.000000 1.000000 -0.000000
vn 0.516368 0.856367 0.000000
vn 0.422937 0.867000 0.263506
vn 0.164916 0.885076 0.435251
vn -0.164916 0.885076 0.435251
vn -0.422937 0.867000 0.263506
vn -0.516368 0.856367 0.000000
vn -0.422937 0.867000 -0.263506
vn -0.164916 0.885076 -0.435251
vn 0.164916 0.885076 -0.435251
vn 0.422937 0.867000 -0.263506
vn 0.516368 0.856367 -0.000000
vn 0.875174 0.483809 0.000000
vn 0.734204 0.501693 0.457437
vn 0.299263 0.535366 0.789826
vn -0.299263 0.535366 0.789826
vn -0.734204 0.501693 0.457437
vn -0.875174 0.483809 0.000000
vn -0.734204 0.501693 -0.457437
vn -0.299263 0.535366 -0.789826
vn 0.299263 0.535366 -0.789826
vn 0.734204 0.501693 -0.457437
vn 0.875174 0.483809 -0.000000
vn 1.000000 0.000000 0.000000
vn 0.848746 0.000000 0.528801
vn 0.354317 0.000000 0.935125
vn -0.354317 0.000000 0.935125
vn -0.848746 0.000000 0.528801
vn -1.000000 0.000000 0.000000
vn -0.848746 0.000000 -0.528801
vn -0.354317 0.000000 -0.935125
vn 0.354317 0.000000 -0.935125
vn 0.848746 0.000000 -0.528801
vn 1.000000 0.000000 -0.000000
vn 0.875174 -0.483809 0.000000
vn 0.734204 -0.501693 0.457437
vn 0.299263 -0.535366 0.789826
vn -0.299263 -0.535366 0.789826
vn -0.734204 -0.501693 0.457437
vn -0.875174 -0.483809 0.000000
vn -0.734204 -0.501693 -0.457437
vn -0.299263 -0.535366 -0.789826
vn 0.299263 -0.535366 -0.789826
vn 0.734204 -0.501693 -0.457437
vn 0.875174 -0.483809 -0.000000
vn 0.516368 -0.856367 0.000000
vn 0.422937 -0.867000 0.263506
vn 0.164916 -0.885076 0.435251
vn -0.164916 -0.885076 0.435251
vn -0.422937 -0.867000 0.263506
vn -0.516368 -0.856367 0.000000
vn -0.422937 -0.867000 -0.263506
vn -0.164916 -0.885076 -0.435251
vn 0.164916 -0.885076 -0.435251
vn 0.422937 -0.867000 -0.263506
vn 0.516368 -0.856367 -0.000000
vn 0.000000 -1.000000 0.000000
vn 0.000000 -1.000000 0.000000
vn 0.000000 -1.000000 0.000000
vn -0.000000 -1.000000 0.000000
vn -0.000000 -1.000000 0.000000
vn -0.000000 -1.000000 0.000000
vn -0.000000 -1.000000 -0.000000
vn -0.000000 -1.000000 -0.000000
vn 0.000000 -1.000000 -0.000000
vn 0.000000 -1.000000 -0.000000
vn 0.000000 -1.000000 -0.000000
vn 0.000000 1.000000 0.000000
vn 0.000000 1.000000 0.000000
vn 0.000000 1.000000 0.000000
vn 0.000000 1.000000 0.000000
vn -0.000000 1.000000 0.000000
vn -0.000000 1.000000 0.000000
vn -0.000000 1.000000 0.000000
vn -0.000000 1.000000 0.000000
vn -0.000000 1.000000 -0.000000
vn -0.000000 1.000000 -0.000000
vn -0.000000 1.000000 -0.000000
vn 0.000000 1.000000 -0.000000
vn 0.000000 1.000000 -0.000000
vn 0.000000 1.000000 -0.000000
vn 0.000000 1.000000 -0.000000
vn 0.372406 0.928070 0.000000
vn 0.334924 0.926405 0.172044
vn 0.230847 0.922697 0.308771
vn 0.082126 0.919755 0.383804
vn -0.082126 0.919755 0.383804
vn -0.230847 0.922697 0.308771
vn -0.334924 0.926405 0.172044
vn -0.372406 0.928070 0.000000
vn -0.334924 0.926405 -0.172044
vn -0.230847 0.922697 -0.308771
vn -0.082126 0.919755 -0.383804
vn 0.082126 0.919755 -0.383804
vn 0.230847 0.922697 -0.308771
vn 0.334924 0.926405 -0.172044
vn 0.372406 0.928070 -0.000000
vn 0.695795 0.718240 0.000000
vn 0.622991 0.713773 0.320018
vn 0.425239 0.704031 0.568781
vn 0.150143 0.696501 0.701672
vn -0.150143 0.696501 0.701672
vn -0.425239 0.704031 0.568781
vn -0.622991 0.713773 0.320018
vn -0.695795 0.718240 0.000000
vn -0.622991 0.713773 -0.320018
vn -0.425239 0.704031 -0.568781
vn -0.150143 0.696501 -0.701672
vn 0.150143 0.696501 -0.701672
vn 0.425239 0.704031 -0.568781
vn 0.622991 0.713773 -0.320018
vn 0.695795 0.718240 -0.000000
vn 0.919476 0.393145 0.000000
vn 0.819483 0.388904 0.420952
vn 0.553904 0.379855 0.740878
vn 0.194138 0.373037 0.907278
vn -0.194138 0.373037 0.907278
vn -0.553904 0.379855 0.740878
vn -0.819483 0.388904 0.420952
vn -0.919476 0.393145 0.000000
vn -0.819483 0.388904 -0.420952
vn -0.553904 0.379855 -0.740878
vn -0.194138 0.373037 -0.907278
vn 0.194138 0.373037 -0.907278
vn 0.553904 0.379855 -0.740878
vn 0.819483 0.388904 -0.420952
vn 0.919476 0.393145 -0.000000
vn 1.000000 0.000000 0.000000
vn 0.889507 0.000000 0.456922
vn 0.598785 0.000000 0.800910
vn 0.209242 0.000000 0.977864
vn -0.209242 0.000000 0.977864
vn -0.598785 0.000000 0.800910
vn -0.889507 0.000000 0.456922
vn -1.000000 0.000000 0.000000
vn -0.889507 0.000000 -0.456922
vn -0.598785 0.000000 -0.800910
vn -0.209242 0.000000 -0.977864
vn 0.209242 0.000000 -0.977864
vn 0.598785 0.000000 -0.800910
vn 0.889507 0.000000 -0.456922
vn 1.000000 0.000000 -0.000000
vn 0.919476 -0.393145 0.000000
vn 0.819483 -0.388904 0.420952
vn 0.553904 -0.379855 0.740878
vn 0.194138 -0.373037 0.907278
vn -0.194138 -0.373037 0.907278
vn -0.553904 -0.379855 0.740878
vn -0.819483 -0.388904 0.420952
vn -0.919476 -0.393145 0.000000
vn -0.819483 -0.388904 -0.420952
vn -0.553904 -0.379855 -0.740878
vn -0.194138 -0.373037 -0.907278
vn 0.194138 -0.373037 -0.907278
vn 0.553904 -0.379855 -0.740878
vn 0.819483 -0.388904 -0.420952
vn 0.919476 -0.393145 -0.000000
vn 0.695795 -0.718240 0.000000
vn 0.622991 -0.713773 0.320018
vn 0.425239 -0.704031 0.568781
vn 0.150143 -0.696501 0.701672
vn -0.150143 -0.696501 0.701672
vn -0.425239 -0.704031 0.568781
vn -0.622991 -0.713773 0.320018
vn -0.695795 -0.718240 0.000000
vn -0.622991 -0.713773 -0.320018
vn -0.425239 -0.704031 -0.568781
vn -0.150143 -0.696501 -0.701672
vn 0.150143 -0.696501 -0.701672
vn 0.425239 -0.704031 -0.568781
vn 0.622991 -0.713773 -0.320018
vn 0.695795 -0.718240 -0.000000
vn 0.372406 -0.928070 0.000000
vn 0.334924 -0.926405 0.172044
vn 0.230847 -0.922697 0.308771
vn 0.082126 -0.919755 0.383804
vn -0.082126 -0.919755 0.383804
vn -0.230847 -0.922697 0.308771
vn -0.334924 -0.926405 0.172044
vn -0.372406 -0.928070 0.000000
vn -0.334924 -0.926405 -0.172044
vn -0.230847 -0.922697 -0.308771
vn -0.082126 -0.919755 -0.383804
vn 0.082126 -0.919755 -0.383804
vn 0.230847 -0.922697 -0.308771
vn 0.334924 -0.926405 -0.172044
vn 0.372406 -0.928070 -0.000000
vn 0.000000 -1.000000 0.000000
vn 0.000000 -1.000000 0.000000
vn 0.000000 -1.000000 0.000000
vn 0.000000 -1.000000 0.000000
vn -0.000000 -1.000000 0.000000
vn -0.000000 -1.000000 0.000000
vn -0.000000 -1.000000 0.000000
vn -0.000000 -1.000000 0.000000
vn -0.000000 -1.000000 -0.000000
vn -0.000000 -1.000000 -0.000000
vn -0.000000 -1.000000 -0.000000
vn 0.000000 -1.000000 -0.000000
vn 0.000000 -1.000000 -0.000000
vn 0.000000 -1.000000 -0.000000
vn 0.000000 -1.000000 -0.000000
usemtl Tronco
f 1/1/1 2/2/2 13/13/13
f 1/1/1 13/13/13 12/12/12
f 2/2/2 3/3/3 14/14/14
f 2/2/2 14/14/14 13/13/13
f 3/3/3 4/4/4 15/15/15
f 3/3/3 15/15/15 14/14/14
f 4/4/4 5/5/5 16/16/16
f 4/4/4 16/16/16 15/15/15
f 5/5/5 6/6/6 17/17/17
f 5/5/5 17/17/17 16/16/16
f 6/6/6 7/7/7 18/18/18
f 6/6/6 18/18/18 17/17/17
f 7/7/7 8/8/8 19/19/19
f 7/7/7 19/19/19 18/18/18
f 8/8/8 9/9/9 20/20/20
f 8/8/8 20/20/20 19/19/19
f 9/9/9 10/10/10 21/21/21
f 9/9/9 21/21/21 20/20/20
f 10/10/10 11/11/11 22/22/22
f 10/10/10 22/22/22 21/21/21
f 23/23/23 24/24/24 35/35/35
f 23/23/23 35/35/35 34/34/34
f 24/24/24 25/25/25 36/36/36
f 24/24/24 36/36/36 35/35/35
f 25/25/25 26/26/26 37/37/37
f 25/25/25 37/37/37 36/36/36
f 26/26/26 27/27/27 38/38/38
f 26/26/26 38/38/38 37/37/37
f 27/27/27 28/28/28 39/39/39
f 27/27/27 39/39/39 38/38/38
f 28/28/28 29/29/29 40/40/40
f 28/28/28 40/40/40 39/39/39
f 29/29/29 30/30/30 41/41/41
f 29/29/29 41/41/41 40/40/40
f 30/30/30 31/31/31 42/42/42
f 30/30/30 42/42/42 41/41/41
f 31/31/31 32/32/32 43/43/43
f 31/31/31 43/43/43 42/42/42
f 32/32/32 33/33/33 44/44/44
f 32/32/32 44/44/44 43/43/43
f 45/45/45 46/46/46 55/55/55
f 45/45/45 55/55/55 54/54/54
f 46/46/46 47/47/47 56/56/56
f 46/46/46 56/56/56 55/55/55
f 47/47/47 48/48/48 57/57/57
f 47/47/47 57/57/57 56/56/56
f 48/48/48 49/49/49 58/58/58
f 48/48/48 58/58/58 57/57/57
f 49/49/49 50/50/50 59/59/59
f 49/49/49 59/59/59 58/58/58
f 50/50/50 51/51/51 60/60/60
f 50/50/50 60/60/60 59/59/59
f 51/51/51 52/52/52 61/61/61
f 51/51/51 61/61/61 60/60/60
f 52/52/52 53/53/53 62/62/62
f 52/52/52 62/62/62 61/61/61
usemtl Hojas
f 63/63/63 64/64/64 77/77/77
f 63/63/63 77/77/77 76/76/76
f 64/64/64 65/65/65 78/78/78
f 64/64/64 78/78/78 77/77/77
f 65/65/65 66/66/66 79/79/79
f 65/65/65 79/79/79 78/78/78
f 66/66/66 67/67/67 80/80/80
f 66/66/66 80/80/80 79/79/79
f 67/67/67 68/68/68 81/81/81
f 67/67/67 81/81/81 80/80/80
f 68/68/68 69/69/69 82/82/82
f 68/68/68 82/82/82 81/81/81
f 69/69/69 70/70/70 83/83/83
f 69/69/69 83/83/83 82/82/82
f 70/70/70 71/71/71 84/84/84
f 70/70/70 84/84/84 83/83/83
f 71/71/71 72/72/72 85/85/85
f 71/71/71 85/85/85 84/84/84
f 72/72/72 73/73/73 86/86/86
f 72/72/72 86/86/86 85/85/85
f 73/73/73 74/74/74 87/87/87
f 73/73/73 87/87/87 86/86/86
f 74/74/74 75/75/75 88/88/88
f 74/74/74 88/88/88 87/87/87
f 76/76/76 77/77/77 90/90/90
f 76/76/76 90/90/90 89/89/89
f 77/77/77 78/78/78 91/91/91
f 77/77/77 91/91/91 90/90/90
f 78/78/78 79/79/79 92/92/92
f 78/78/78 92/92/92 91/91/91
f 79/79/79 80/80/80 93/93/93
f 79/79/79 93/93/93 92/92/92
f 80/80/80 81/81/81 94/94/94
f 80/80/80 94/94/94 93/93/93
f 81/81/81 82/82/82 95/95/95
f 81/81/81 95/95/95 94/94/94
f 82/82/82 83/83/83 96/96/96
f 82/82/82 96/96/96 95/95/95
f 83/83/83 84/84/84 97/97/97
f 83/83/83 97/97/97 96/96/96
f 84/84/84 85/85/85 98/98/98
f 84/84/84 98/98/98 97/97/97
f 85/85/85 86/86/86 99/99/99
f 85/85/85 99/99/99 98/98/98
f 86/86/86 87/87/87 100/100/100
f 86/86/86 100/100/100 99/99/99
f 87/87/87 88/88/88 101/101/101
f 87/87/87 101/101/101 100/100/100
f 89/89/89 90/90/90 103/103/103
f 89/89/89 103/103/103 102/102/102
f 90/90/90 91/91/91 104/104/104
f 90/90/90 104/104/104 103/103/103
f 91/91/91 92/92/92 105/105/105
f 91/91/91 105/105/105 104/104/104
f 92/92/92 93/93/93 106/106/106
f 92/92/92 106/106/106 105/105/105
f 93/93/93 94/94/94 107/107/107
f 93/93/93 107/107/107 106/106/106
f 94/94/94 95/95/95 108/108/108
f 94/94/94 108/108/108 107/107/107
f 95/95/95 96/96/96 109/109/109
f 95/95/95 109/109/109 108/108/108
f 96/96/96 97/97/97 110/110/110
f 96/96/96 110/110/110 109/109/109
f 97/97/97 98/98/98 111/111/111
f 97/97/97 111/111/111 110/110/110
f 98/98/98 99/99/99 112/112/112
f 98/98/98 112/112/112 111/111/111
f 99/99/99 100/100/100 113/113/113
f 99/99/99 113/113/113 112/112/112
f 100/100/100 101/101/101 114/114/114
f 100/100/100 114/114/114 113/113/113
f 102/102/102 103/103/103 116/116/116
f 102/102/102 116/116/116 115/115/115
f 103/103/103 104/104/104 117/117/117
f 103/103/103 117/117/117 116/116/116
f 104/104/104 105/105/105 118/118/118
f 104/104/104 118/118/118 117/117/117
f 105/105/105 106/106/106 119/119/119
f 105/105/105 119/119/119 118/118/118
f 106/106/106 107/107/107 120/120/120
f 106/106/106 120/120/120 119/119/119
f 107/107/107 108/108/108 121/121/121
f 107/107/107 121/121/121 120/120/120
f 108/108/108 109/109/109 122/122/122
f 108/108/108 122/122/122 121/121/121
f 109/109/109 110/110/110 123/123/123
f 109/109/109 123/123/123 122/122/122
f 110/110/110 111/111/111 124/124/124
f 110/110/110 124/124/124 123/123/123
f 111/111/111 112/112/112 125/125/125
f 111/111/111 125/125/125 124/124/124
f 112/112/112 113/113/113 126/126/126
f 112/112/112 126/126/126 125/125/125
f 113/113/113 114/114/114 127/127/127
f 113/113/113 127/127/127 126/126/126
f 115/115/115 116/116/116 129/129/129
f 115/115/115 129/129/129 128/128/128
f 116/116/116 117/117/117 130/130/130
f 116/116/116 130/130/130 129/129/129
f 117/117/117 118/118/118 131/131/131
f 117/117/117 131/131/131 130/130/130
f 118/118/118 119/119/119 132/132/132
f 118/118/118 132/132/132 131/131/131
f 119/119/119 120/120/120 133/133/133
f 119/119/119 133/133/133 132/132/132
f 120/120/120 121/121/121 134/134/134
f 120/120/120 134/134/134 133/133/133
f 121/121/121 122/122/122 135/135/135
f 121/121/121 135/135/135 134/134/134
f 122/122/122 123/123/123 136/136/136
f 122/122/122 136/136/136 135/135/135
f 123/123/123 124/124/124 137/137/137
f 123/123/123 137/137/137 136/136/136
f 124/124/124 125/125/125 138/138/138
f 124/124/124 138/138/138 137/137/137
f 125/125/125 126/126/126 139/139/139
f 125/125/125 139/139/139 138/138/138
f 126/126/126 127/127/127 140/140/140
f 126/126/126 140/140/140 139/139/139
f 128/128/128 129/129/129 142/142/142
f 128/128/128 142/142/142 141/141/141
f 129/129/129 130/130/130 143/143/143
f 129/129/129 143/143/143 142/142/142
f 130/130/130 131/131/131 144/144/144
f 130/130/130 144/144/144 143/143/143
f 131/131/131 132/132/132 145/145/145
f 131/131/131 145/145/145 144/144/144
f 132/132/132 133/133/133 146/146/146
f 132/132/132 146/146/146 145/145/145
f 133/133/133 134/134/134 147/147/147
f 133/133/133 147/147/147 146/146/146
f 134/134/134 135/135/135 148/148/148
f 134/134/134 148/148/148 147/147/147
f 135/135/135 136/136/136 149/149/149
f 135/135/135 149/149/149 148/148/148
f 136/136/136 137/137/137 150/150/150
f 136/136/136 150/150/150 149/149/149
f 137/137/137 138/138/138 151/151/151
f 137/137/137 151/151/151 150/150/150
f 138/138/138 139/139/139 152/152/152
f 138/138/138 152/152/152 151/151/151
f 139/139/139 140/140/140 153/153/153
f 139/139/139 153/153/153 152/152/152
f 141/141/141 142/142/142 155/155/155
f 141/141/141 155/155/155 154/154/154
f 142/142/142 143/143/143 156/156/156
f 142/142/142 156/156/156 155/155/155
f 143/143/143 144/144/144 157/157/157
f 143/143/143 157/157/157 156/156/156
f 144/144/144 145/145/145 158/158/158
f 144/144/144 158/158/158 157/157/157
f 145/145/145 146/146/146 159/159/159
f 145/145/145 159/159/159 158/158/158
f 146/146/146 147/147/147 160/160/160
f 146/146/146 160/160/160 159/159/159
f 147/147/147 148/148/148 161/161/161
f 147/147/147 161/161/161 160/160/160
f 148/148/148 149/149/149 162/162/162
f 148/148/148 162/162/162 161/161/161
f 149/149/149 150/150/150 163/163/163
f 149/149/149 163/163/163 162/162/162
f 150/150/150 151/151/151 164/164/164
f 150/150/150 164/164/164 163/163/163
f 151/151/151 152/152/152 165/165/165
f 151/151/151 165/165/165 164/164/164
f 152/152/152 153/153/153 166/166/166
f 152/152/152 166/166/166 165/165/165
usemtl Tronco
f 167/167/167 168/168/168 177/177/177
f 167/167/167 177/177/177 176/176/176
f 168/168/168 169/169/169 178/178/178
f 168/168/168 178/178/178 177/177/177
f 169/169/169 170/170/170 179/179/179
f 169/169/169 179/179/179 178/178/178
f 170/170/170 171/171/171 180/180/180
f 170/170/170 180/180/180 179/179/179
f 171/171/171 172/172/172 181/181/181
f 171/171/171 181/181/181 180/180/180
f 172/172/172 173/173/173 182/182/182
f 172/172/172 182/182/182 181/181/181
f 173/173/173 174/174/174 183/183/183
f 173/173/173 183/183/183 182/182/182
f 174/174/174 175/175/175 184/184/184
f 174/174/174 184/184/184 183/183/183
usemtl Hojas
f 185/185/185 186/186/186 199/199/199
f 185/185/185 199/199/199 198/198/198
f 186/186/186 187/187/187 200/200/200
f 186/186/186 200/200/200 199/199/199
f 187/187/187 188/188/188 201/201/201
f 187/187/187 201/201/201 200/200/200
f 188/188/188 189/189/189 202/202/202
f 188/188/188 202/202/202 201/201/201
f 189/189/189 190/190/190 203/203/203
f 189/189/189 203/203/203 202/202/202
f 190/190/190 191/191/191 204/204/204
f 190/190/190 204/204/204 203/203/203
f 191/191/191 192/192/192 205/205/205
f 191/191/191 205/205/205 204/204/204
f 192/192/192 193/193/193 206/206/206
f 192/192/192 206/206/206 205/205/205
f 193/193/193 194/194/194 207/207/207
f 193/193/193 207/207/207 206/206/206
f 194/194/194 195/195/195 208/208/208
f 194/194/194 208/208/208 207/207/207
f 195/195/195 196/196/196 209/209/209
f 195/195/195 209/209/209 208/208/208
f 196/196/196 197/197/197 210/210/210
f 196/196/196 210/210/210 209/209/209
f 198/198/198 199/199/199 212/212/212
f 198/198/198 212/212/212 211/211/211
f 199/199/199 200/200/200 213/213/213
f 199/199/199 213/213/213 212/212/212
f 200/200/200 201/201/201 214/214/214
f 200/200/200 214/214/214 213/213/213
f 201/201/201 202/202/202 215/215/215
f 201/201/201 215/215/215 214/214/214
f 202/202/202 203/203/203 216/216/216
f 202/202/202 216/216/216 215/215/215
f 203/203/203 204/204/204 217/217/217
f 203/203/203 217/217/217 216/216/216
f 204/204/204 205/205/205 218/218/218
f 204/204/204 218/218/218 217/217/217
f 205/205/205 206/206/206 219/219/219
f 205/205/205 219/219/219 218/218/218
f 206/206/206 207/207/207 220/220/220
f 206/206/206 220/220/220 219/219/219
f 207/207/207 208/208/208 221/221/221
f 207/207/207 221/221/221 220/220/220
f 208/208/208 209/209/209 222/222/222
f 208/208/208 222/222/222 221/221/221
f 209/209/209 210/210/210 223/223/223
f 209/209/209 223/223/223 222/222/222
f 211/211/211 212/212/212 225/225/225
f 211/211/211 225/225/225 224/224/224
f 212/212/212 213/213/213 226/226/226
f 212/212/212 226/226/226 225/225/225
f 213/213/213 214/214/214 227/227/227
f 213/213/213 227/227/227 226/226/226
f 214/214/214 215/215/215 228/228/228
f 214/214/214 228/228/228 227/227/227
f 215/215/215 216/216/216 229/229/229
f 215/215/215 229/229/229 228/228/228
f 216/216/216 217/217/217 230/230/230
f 216/216/216 230/230/230 229/229/229
f 217/217/217 218/218/218 231/231/231
f 217/217/217 231/231/231 230/230/230
f 218/218/218 219/219/219 232/232/232
f 218/218/218 232/232/232 231/231/231
f 219/219/219 220/220/220 233/233/233
f 219/219/219 233/233/233 232/232/232
f 220/220/220 221/221/221 234/234/234
f 220/220/220 234/234/234 233/233/233
f 221/221/221 222/222/222 235/235/235
f 221/221/221 235/235/235 234/234/234
f 222/222/222 223/223/223 236/236/236
f 222/222/222 236/236/236 235/235/235
f 224/224/224 225/225/225 238/238/238
f 224/224/224 238/238/238 237/237/237
f 225/225/225 226/226/226 239/239/239
f 225/225/225 239/239/239 238/238/238
f 226/226/226 227/227/227 240/240/240
f 226/226/226 240/240/240 239/239/239
f 227/227/227 228/228/228 241/241/241
f 227/227/227 241/241/241 240/240/240
f 228/228/228 229/229/229 242/242/242
f 228/228/228 242/242/242 241/241/241
f 229/229/229 230/230/230 243/243/243
f 229/229/229 243/243/243 242/242/242
f 230/230/230 231/231/231 244/244/244
f 230/230/230 244/244/244 243/243/243
f 231/231/231 232/232/232 245/245/245
f 231/231/231 245/245/245 244/244/244
f 232/232/232 233/233/233 246/246/246
f 232/232/232 246/246/246 245/245/245
f 233/233/233 234/234/234 247/247/247
f 233/233/233 247/247/247 246/246/246
f 234/234/234 235/235/235 248/248/248
f 234/234/234 248/248/248 247/247/247
f 235/235/235 236/236/236 249/249/249
f 235/235/235 249/249/249 248/248/248
f 237/237/237 238/238/238 251/251/251
f 237/237/237 251/251/251 250/250/250
f 238/238/238 239/239/239 252/252/252
f 238/238/238 252/252/252 251/251/251
f 239/239/239 240/240/240 253/253/253
f 239/239/239 253/253/253 252/252/252
f 240/240/240 241/241/241 254/254/254
f 240/240/240 254/254/254 253/253/253
f 241/241/241 242/242/242 255/255/255
f 241/241/241 255/255/255 254/254/254
f 242/242/242 243/243/243 256/256/256
f 242/242/242 256/256/256 255/255/255
f 243/243/243 244/244/244 257/257/257
f 243/243/243 257/257/257 256/256/256
f 244/244/244 245/245/245 258/258/258
f 244/244/244 258/258/258 257/257/257
f 245/245/245 246/246/246 259/259/259
f 245/245/245 259/259/259 258/258/258
f 246/246/246 247/247/247 260/260/260
f 246/246/246 260/260/260 259/259/259
f 247/247/247 248/248/248 261/261/261
f 247/247/247 261/261/261 260/260/260
f 248/248/248 249/249/249 262/262/262
f 248/248/248 262/262/262 261/261/261
f 250/250/250 251/251/251 264/264/264
f 250/250/250 264/264/264 263/263/263
f 251/251/251 252/252/252 265/265/265
f 251/251/251 265/265/265 264/264/264
f 252/252/252 253/253/253 266/266/266
f 252/252/252 266/266/266 265/265/265
f 253/253/253 254/254/254 267/267/267
f 253/253/253 267/267/267 266/266/266
f 254/254/254 255/255/255 268/268/268
f 254/254/254 268/268/268 267/267/267
f 255/255/255 256/256/256 269/269/269
f 255/255/255 269/269/269 268/268/268
f 256/256/256 257/257/257 270/270/270
f 256/256/256 270/270/270 269/269/269
f 257/257/257 258/258/258 271/271/271
f 257/257/257 271/271/271 270/270/270
f 258/258/258 259/259/259 272/272/272
f 258/258/258 272/272/272 271/271/271
f 259/259/259 260/260/260 273/273/273
f 259/259/259 273/273/273 272/272/272
f 260/260/260 261/261/261 274/274/274
f 260/260/260 274/274/274 273/273/273
f 261/261/261 262/262/262 275/275/275
f 261/261/261 275/275/275 274/274/274
f 263/263/263 264/264/264 277/277/277
f 263/263/263 277/277/277 276/276/276
f 264/264/264 265/265/265 278/278/278
f 264/264/264 278/278/278 277/277/277
f 265/265/265 266/266/266 279/279/279
f 265/265/265 279/279/279 278/278/278
f 266/266/266 267/267/267 280/280/280
f 266/266/266 280/280/280 279/279/279
f 267/267/267 268/268/268 281/281/281
f 267/267/267 281/281/281 280/280/280
f 268/268/268 269/269/269 282/282/282
f 268/268/268 282/282/282 281/281/281
f 269/269/269 270/270/270 283/283/283
f 269/269/269 283/283/283 282/282/282
f 270/270/270 271/271/271 284/284/284
f 270/270/270 284/284/284 283/283/283
f 271/271/271 272/272/272 285/285/285
f 271/271/271 285/285/285 284/284/284
f 272/272/272 273/273/273 286/286/286
f 272/272/272 286/286/286 285/285/285
f 273/273/273 274/274/274 287/287/287
f 273/273/273 287/287/287 286/286/286
f 274/274/274 275/275/275 288/288/288
f 274/274/274 288/288/288 287/287/287
usemtl Tronco
f 289/289/289 290/290/290 299/299/299
f 289/289/289 299/299/299 298/298/298
f 290/290/290 291/291/291 300/300/300
f 290/290/290 300/300/300 299/299/299
f 291/291/291 292/292/292 301/301/301
f 291/291/291 301/301/301 300/300/300
f 292/292/292 293/293/293 302/302/302
f 292/292/292 302/302/302 301/301/301
f 293/293/293 294/294/294 303/303/303
f 293/293/293 303/303/303 302/302/302
f 294/294/294 295/295/295 304/304/304
f 294/294/294 304/304/304 303/303/303
f 295/295/295 296/296/296 305/305/305
f 295/295/295 305/305/305 304/304/304
f 296/296/296 297/297/297 306/306/306
f 296/296/296 306/306/306 305/305/305
usemtl Hojas
f 307/307/307 308/308/308 321/321/321
f 307/307/307 321/321/321 320/320/320
f 308/308/308 309/309/309 322/322/322
f 308/308/308 322/322/322 321/321/321
f 309/309/309 310/310/310 323/323/323
f 309/309/309 323/323/323 322/322/322
f 310/310/310 311/311/311 324/324/324
f 310/310/310 324/324/324 323/323/323
f 311/311/311 312/312/312 325/325/325
f 311/311/311 325/325/325 324/324/324
f 312/312/312 313/313/313 326/326/326
f 312/312/312 326/326/326 325/325/325
f 313/313/313 314/314/314 327/327/327
f 313/313/313 327/327/327 326/326/326
f 314/314/314 315/315/315 328/328/328
f 314/314/314 328/328/328 327/327/327
f 315/315/315 316/316/316 329/329/329
f 315/315/315 329/329/329 328/328/328
f 316/316/316 317/317/317 330/330/330
f 316/316/316 330/330/330 329/329/329
f 317/317/317 318/318/318 331/331/331
f 317/317/317 331/331/331 330/330/330
f 318/318/318 319/319/319 332/332/332
f 318/318/318 332/332/332 331/331/331
f 320/320/320 321/321/321 334/334/334
f 320/320/320 334/334/334 333/333/333
f 321/321/321 322/322/322 335/335/335
f 321/321/321 335/335/335 334/334/334
f 322/322/322 323/323/323 336/336/336
f 322/322/322 336/336/336 335/335/335
f 323/323/323 324/324/324 337/337/337
f 323/323/323 337/337/337 336/336/336
f 324/324/324 325/325/325 338/338/338
f 324/324/324 338/338/338 337/337/337
f 325/325/325 326/326/326 339/339/339
f 325/325/325 339/339/339 338/338/338
f 326/326/326 327/327/327 340/340/340
f 326/326/326 340/340/340 339/339/339
f 327/327/327 328/328/328 341/341/341
f 327/327/327 341/341/341 340/340/340
f 328/328/328 329/329/329 342/342/342
f 328/328/328 342/342/342 341/341/341
f 329/329/329 330/330/330 343/343/343
f 329/329/329 343/343/343 342/342/342
f 330/330/330 331/331/331 344/344/344
f 330/330/330 344/344/344 343/343/343
f 331/331/331 332/332/332 345/345/345
f 331/331/331 345/345/345 344/344/344
f 333/333/333 334/334/334 347/347/347
f 333/333/333 347/347/347 346/346/346
f 334/334/334 335/335/335 348/348/348
f 334/334/334 348/348/348 347/347/347
f 335/335/335 336/336/336 349/349/349
f 335/335/335 349/349/349 348/348/348
f 336/336/336 337/337/337 350/350/350
f 336/336/336 350/350/350 349/349/349
f 337/337/337 338/338/338 351/351/351
f 337/337/337 351/351/351 350/350/350
f 338/338/338 339/339/339 352/352/352
f 338/338/338 352/352/352 351/351/351
f 339/339/339 340/340/340 353/353/353
f 339/339/339 353/353/353 352/352/352
f 340/340/340 341/341/341 354/354/354
f 340/340/340 354/354/354 353/353/353
f 341/341/341 342/342/342 355/355/355
f 341/341/341 355/355/355 354/354/354
f 342/342/342 343/343/343 356/356/356
f 342/342/342 356/356/356 355/355/355
f 343/343/343 344/344/344 357/357/357
f 343/343/343 357/357/357 356/356/356
f 344/344/344 345/345/345 358/358/358
f 344/344/344 358/358/358 357/357/357
f 346/346/346 347/347/347 360/360/360
f 346/346/346 360/360/360 359/359/359
f 347/347/347 348/348/348 361/361/361
f 347/347/347 361/361/361 360/360/360
f 348/348/348 349/349/349 362/362/362
f 348/348/348 362/362/362 361/361/361
f 349/349/349 350/350/350 363/363/363
f 349/349/349 363/363/363 362/362/362
f 350/350/350 351/351/351 364/364/364
f 350/350/350 364/364/364 363/363/363
f 351/351/351 352/352/352 365/365/365
f 351/351/351 365/365/365 364/364/364
f 352/352/352 353/353/353 366/366/366
f 352/352/352 366/366/366 365/365/365
f 353/353/353 354/354/354 367/367/367
f 353/353/353 367/367/367 366/366/366
f 354/354/354 355/355/355 368/368/368
f 354/354/354 368/368/368 367/367/367
f 355/355/355 356/356/356 369/369/369
f 355/355/355 369/369/369 368/368/368
f 356/356/356 357/357/357 370/370/370
f 356/356/356 370/370/370 369/369/369
f 357/357/357 358/358/358 371/371/371
f 357/357/357 371/371/371 370/370/370
f 359/359/359 360/360/360 373/373/373
f 359/359/359 373/373/373 372/372/372
f 360/360/360 361/361/361 374/374/374
f 360/360/360 374/374/374 373/373/373
f 361/361/361 362/362/362 375/375/375
f 361/361/361 375/375/375 374/374/374
f 362/362/362 363/363/363 376/376/376
f 362/362/362 376/376/376 375/375/375
f 363/363/363 364/364/364 377/377/377
f 363/363/363 377/377/377 376/376/376
f 364/364/364 365/365/365 378/378/378
f 364/364/364 378/378/378 377/377/377
f 365/365/365 366/366/366 379/379/379
f 365/365/365 379/379/379 378/378/378
f 366/366/366 367/367/367 380/380/380
f 366/366/366 380/380/380 379/379/379
f 367/367/367 368/368/368 381/381/381
f 367/367/367 381/381/381 380/380/380
f 368/368/368 369/369/369 382/382/382
f 368/368/368 382/382/382 381/381/381
f 369/369/369 370/370/370 383/383/383
f 369/369/369 383/383/383 382/382/382
f 370/370/370 371/371/371 384/384/384
f 370/370/370 384/384/384 383/383/383
f 372/372/372 373/373/373 386/386/386
f 372/372/372 386/386/386 385/385/385
f 373/373/373 374/374/374 387/387/387
f 373/373/373 387/387/387 386/386/386
f 374/374/374 375/375/375 388/388/388
f 374/374/374 388/388/388 387/387/387
f 375/375/375 376/376/376 389/389/389
f 375/375/375 389/389/389 388/388/388
f 376/376/376 377/377/377 390/390/390
f 376/376/376 390/390/390 389/389/389
f 377/377/377 378/378/378 391/391/391
f 377/377/377 391/391/391 390/390/390
f 378/378/378 379/379/379 392/392/392
f 378/378/378 392/392/392 391/391/391
f 379/379/379 380/380/380 393/393/393
f 379/379/379 393/393/393 392/392/392
f 380/380/380 381/381/381 394/394/394
f 380/380/380 394/394/394 393/393/393
f 381/381/381 382/382/382 395/395/395
f 381/381/381 395/395/395 394/394/394
f 382/382/382 383/383/383 396/396/396
f 382/382/382 396/396/396 395/395/395
f 383/383/383 384/384/384 397/397/397
f 383/383/383 397/397/397 396/396/396
f 385/385/385 386/386/386 399/399/399
f 385/385/385 399/399/399 398/398/398
f 386/386/386 387/387/387 400/400/400
f 386/386/386 400/400/400 399/399/399
f 387/387/387 388/388/388 401/401/401
f 387/387/387 401/401/401 400/400/400
f 388/388/388 389/389/389 402/402/402
f 388/388/388 402/402/402 401/401/401
f 389/389/389 390/390/390 403/403/403
f 389/389/389 403/403/403 402/402/402
f 390/390/390 391/391/391 404/404/404
f 390/390/390 404/404/404 403/403/403
f 391/391/391 392/392/392 405/405/405
f 391/391/391 405/405/405 404/404/404
f 392/392/392 393/393/393 406/406/406
f 392/392/392 406/406/406 405/405/405
f 393/393/393 394/394/394 407/407/407
f 393/393/393 407/407/407 406/406/406
f 394/394/394 395/395/395 408/408/408
f 394/394/394 408/408/408 407/407/407
f 395/395/395 396/396/396 409/409/409
f 395/395/395 409/409/409 408/408/408
f 396/396/396 397/397/397 410/410/410
f 396/396/396 410/410/410 409/409/409
usemtl Tronco
f 411/411/411 412/412/412 421/421/421
f 411/411/411 421/421/421 420/420/420
f 412/412/412 413/413/413 422/422/422
f 412/412/412 422/422/422 421/421/421
f 413/413/413 414/414/414 423/423/423
f 413/413/413 423/423/423 422/422/422
f 414/414/414 415/415/415 424/424/424
f 414/414/414 424/424/424 423/423/423
f 415/415/415 416/416/416 425/425/425
f 415/415/415 425/425/425 424/424/424
f 416/416/416 417/417/417 426/426/426
f 416/416/416 426/426/426 425/425/425
f 417/417/417 418/418/418 427/427/427
f 417/417/417 427/427/427 426/426/426
f 418/418/418 419/419/419 428/428/428
f 418/418/418 428/428/428 427/427/427
usemtl Hojas
f 429/429/429 430/430/430 443/443/443
f 429/429/429 443/443/443 442/442/442
f 430/430/430 431/431/431 444/444/444
f 430/430/430 444/444/444 443/443/443
f 431/431/431 432/432/432 445/445/445
f 431/431/431 445/445/445 444/444/444
f 432/432/432 433/433/433 446/446/446
f 432/432/432 446/446/446 445/445/445
f 433/433/433 434/434/434 447/447/447
f 433/433/433 447/447/447 446/446/446
f 434/434/434 435/435/435 448/448/448
f 434/434/434 448/448/448 447/447/447
f 435/435/435 436/436/436 449/449/449
f 435/435/435 449/449/449 448/448/448
f 436/436/436 437/437/437 450/450/450
f 436/436/436 450/450/450 449/449/449
f 437/437/437 438/438/438 451/451/451
f 437/437/437 451/451/451 450/450/450
f 438/438/438 439/439/439 452/452/452
f 438/438/438 452/452/452 451/451/451
f 439/439/439 440/440/440 453/453/453
f 439/439/439 453/453/453 452/452/452
f 440/440/440 441/441/441 454/454/454
f 440/440/440 454/454/454 453/453/453
f 442/442/442 443/443/443 456/456/456
f 442/442/442 456/456/456 455/455/455
f 443/443/443 444/444/444 457/457/457
f 443/443/443 457/457/457 456/456/456
f 444/444/444 445/445/445 458/458/458
f 444/444/444 458/458/458 457/457/457
f 445/445/445 446/446/446 459/459/459
f 445/445/445 459/459/459 458/458/458
f 446/446/446 447/447/447 460/460/460
f 446/446/446 460/460/460 459/459/459
f 447/447/447 448/448/448 461/461/461
f 447/447/447 461/461/461 460/460/460
f 448/448/448 449/449/449 462/462/462
f 448/448/448 462/462/462 461/461/461
f 449/449/449 450/450/450 463/463/463
f 449/449/449 463/463/463 462/462/462
f 450/450/450 451/451/451 464/464/464
f 450/450/450 464/464/464 463/463/463
f 451/451/451 452/452/452 465/465/465
f 451/451/451 465/465/465 464/464/464
f 452/452/452 453/453/453 466/466/466
f 452/452/452 466/466/466 465/465/465
f 453/453/453 454/454/454 467/467/467
f 453/453/453 467/467/467 466/466/466
f 455/455/455 456/456/456 469/469/469
f 455/455/455 469/469/469 468/468/468
f 456/456/456 457/457/457 470/470/470
f 456/456/456 470/470/470 469/469/469
f 457/457/457 458/458/458 471/471/471
f 457/457/457 471/471/471 470/470/470
f 458/458/458 459/459/459 472/472/472
f 458/458/458 472/472/472 471/471/471
f 459/459/459 460/460/460 473/473/473
f 459/459/459 473/473/473 472/472/472
f 460/460/460 461/461/461 474/474/474
f 460/460/460 474/474/474 473/473/473
f 461/461/461 462/462/462 475/475/475
f 461/461/461 475/475/475 474/474/474
f 462/462/462 463/463/463 476/476/476
f 462/462/462 476/476/476 475/475/475
f 463/463/463 464/464/464 477/477/477
f 463/463/463 477/477/477 476/476/476
f 464/464/464 465/465/465 478/478/478
f 464/464/464 478/478/478 477/477/477
f 465/465/465 466/466/466 479/479/479
f 465/465/465 479/479/479 478/478/478
f 466/466/466 467/467/467 480/480/480
f 466/466/466 480/480/480 479/479/479
f 468/468/468 469/469/469 482/482/482
f 468/468/468 482/482/482 481/481/481
f 469/469/469 470/470/470 483/483/483
f 469/469/469 483/483/483 482/482/482
f 470/470/470 471/471/471 484/484/484
f 470/470/470 484/484/484 483/483/483
f 471/471/471 472/472/472 485/485/485
f 471/471/471 485/485/485 484/484/484
f 472/472/472 473/473/473 486/486/486
f 472/472/472 486/486/486 485/485/485
f 473/473/473 474/474/474 487/487/487
f 473/473/473 487/487/487 486/486/486
f 474/474/474 475/475/475 488/488/488
f 474/474/474 488/488/488 487/487/487
f 475/475/475 476/476/476 489/489/489
f 475/475/475 489/489/489 488/488/488
f 476/476/476 477/477/477 490/490/490
f 476/476/476 490/490/490 489/489/489
f 477/477/477 478/478/478 491/491/491
f 477/477/477 491/491/491 490/490/490
f 478/478/478 479/479/479 492/492/492
f 478/478/478 492/492/492 491/491/491
f 479/479/479 480/480/480 493/493/493
f 479/479/479 493/493/493 492/492/492
f 481/481/481 482/482/482 495/495/495
f 481/481/481 495/495/495 494/494/494
f 482/482/482 483/483/483 496/496/496
f 482/482/482 496/496/496 495/495/495
f 483/483/483 484/484/484 497/497/497
f 483/483/483 497/497/497 496/496/496
f 484/484/484 485/485/485 498/498/498
f 484/484/484 498/498/498 497/497/497
f 485/485/485 486/486/486 499/499/499
f 485/485/485 499/499/499 498/498/498
f 486/486/486 487/487/487 500/500/500
f 486/486/486 500/500/500 499/499/499
f 487/487/487 488/488/488 501/501/501
f 487/487/487 501/501/501 500/500/500
f 488/488/488 489/489/489 502/502/502
f 488/488/488 502/502/502 501/501/501
f 489/489/489 490/490/490 503/503/503
f 489/489/489 503/503/503 502/502/502
f 490/490/490 491/491/491 504/504/504
f 490/490/490 504/504/504 503/503/503
f 491/491/491 492/492/492 505/505/505
f 491/491/491 505/505/505 504/504/504
f 492/492/492 493/493/493 506/506/506
f 492/492/492 506/506/506 505/505/505
f 494/494/494 495/495/495 508/508/508
f 494/494/494 508/508/508 507/507/507
f 495/495/495 496/496/496 509/509/509
f 495/495/495 509/509/509 508/508/508
f 496/496/496 497/497/497 510/510/510
f 496/496/496 510/510/510 509/509/509
f 497/497/497 498/498/498 511/511/511
f 497/497/497 511/511/511 510/510/510
f 498/498/498 499/499/499 512/512/512
f 498/498/498 512/512/512 511/511/511
f 499/499/499 500/500/500 513/513/513
f 499/499/499 513/513/513 512/512/512
f 500/500/500 501/501/501 514/514/514
f 500/500/500 514/514/514 513/513/513
f 501/501/501 502/502/502 515/515/515
f 501/501/501 515/515/515 514/514/514
f 502/502/502 503/503/503 516/516/516
f 502/502/502 516/516/516 515/515/515
f 503/503/503 504/504/504 517/517/517
f 503/503/503 517/517/517 516/516/516
f 504/504/504 505/505/505 518/518/518
f 504/504/504 518/518/518 517/517/517
f 505/505/505 506/506/506 519/519/519
f 505/505/505 519/519/519 518/518/518
f 507/507/507 508/508/508 521/521/521
f 507/507/507 521/521/521 520/520/520
f 508/508/508 509/509/509 522/522/522
f 508/508/508 522/522/522 521/521/521
f 509/509/509 510/510/510 523/523/523
f 509/509/509 523/523/523 522/522/522
f 510/510/510 511/511/511 524/524/524
f 510/510/510 524/524/524 523/523/523
f 511/511/511 512/512/512 525/525/525
f 511/511/511 525/525/525 524/524/524
f 512/512/512 513/513/513 526/526/526
f 512/512/512 526/526/526 525/525/525
f 513/513/513 514/514/514 527/527/527
f 513/513/513 527/527/527 526/526/526
f 514/514/514 515/515/515 528/528/528
f 514/514/514 528/528/528 527/527/527
f 515/515/515 516/516/516 529/529/529
f 515/515/515 529/529/529 528/528/528
f 516/516/516 517/517/517 530/530/530
f 516/516/516 530/530/530 529/529/529
f 517/517/517 518/518/518 531/531/531
f 517/517/517 531/531/531 530/530/530
f 518/518/518 519/519/519 532/532/532
f 518/518/518 532/532/532 531/531/531
usemtl Tronco
f 533/533/533 534/534/534 543/543/543
f 533/533/533 543/543/543 542/542/542
f 534/534/534 535/535/535 544/544/544
f 534/534/534 544/544/544 543/543/543
f 535/535/535 536/536/536 545/545/545
f 535/535/535 545/545/545 544/544/544
f 536/536/536 537/537/537 546/546/546
f 536/536/536 546/546/546 545/545/545
f 537/537/537 538/538/538 547/547/547
f 537/537/537 547/547/547 546/546/546
f 538/538/538 539/539/539 548/548/548
f 538/538/538 548/548/548 547/547/547
f 539/539/539 540/540/540 549/549/549
f 539/539/539 549/549/549 548/548/548
f 540/540/540 541/541/541 550/550/550
f 540/540/540 550/550/550 549/549/549
usemtl Hojas
f 551/551/551 552/552/552 565/565/565
f 551/551/551 565/565/565 564/564/564
f 552/552/552 553/553/553 566/566/566
f 552/552/552 566/566/566 565/565/565
f 553/553/553 554/554/554 567/567/567
f 553/553/553 567/567/567 566/566/566
f 554/554/554 555/555/555 568/568/568
f 554/554/554 568/568/568 567/567/567
f 555/555/555 556/556/556 569/569/569
f 555/555/555 569/569/569 568/568/568
f 556/556/556 557/557/557 570/570/570
f 556/556/556 570/570/570 569/569/569
f 557/557/557 558/558/558 571/571/571
f 557/557/557 571/571/571 570/570/570
f 558/558/558 559/559/559 572/572/572
f 558/558/558 572/572/572 571/571/571
f 559/559/559 560/560/560 573/573/573
f 559/559/559 573/573/573 572/572/572
f 560/560/560 561/561/561 574/574/574
f 560/560/560 574/574/574 573/573/573
f 561/561/561 562/562/562 575/575/575
f 561/561/561 575/575/575 574/574/574
f 562/562/562 563/563/563 576/576/576
f 562/562/562 576/576/576 575/575/575
f 564/564/564 565/565/565 578/578/578
f 564/564/564 578/578/578 577/577/577
f 565/565/565 566/566/566 579/579/579
f 565/565/565 579/579/579 578/578/578
f 566/566/566 567/567/567 580/580/580
f 566/566/566 580/580/580 579/579/579
f 567/567/567 568/568/568 581/581/581
f 567/567/567 581/581/581 580/580/580
f 568/568/568 569/569/569 582/582/582
f 568/568/568 582/582/582 581/581/581
f 569/569/569 570/570/570 583/583/583
f 569/569/569 583/583/583 582/582/582
f 570/570/570 571/571/571 584/584/584
f 570/570/570 584/584/584 583/583/583
f 571/571/571 572/572/572 585/585/585
f 571/571/571 585/585/585 584/584/584
f 572/572/572 573/573/573 586/586/586
f 572/572/572 586/586/586 585/585/585
f 573/573/573 574/574/574 587/587/587
f 573/573/573 587/587/587 586/586/586
f 574/574/574 575/575/575 588/588/588
f 574/574/574 588/588/588 587/587/587
f 575/575/575 576/576/576 589/589/589
f 575/575/575 589/589/589 588/588/588
f 577/577/577 578/578/578 591/591/591
f 577/577/577 591/591/591 590/590/590
f 578/578/578 579/579/579 592/592/592
f 578/578/578 592/592/592 591/591/591
f 579/579/579 580/580/580 593/593/593
f 579/579/579 593/593/593 592/592/592
f 580/580/580 581/581/581 594/594/594
f 580/580/580 594/594/594 593/593/593
f 581/581/581 582/582/582 595/595/595
f 581/581/581 595/595/595 594/594/594
f 582/582/582 583/583/583 596/596/596
f 582/582/582 596/596/596 595/595/595
f 583/583/583 584/584/584 597/597/597
f 583/583/583 597/597/597 596/596/596
f 584/584/584 585/585/585 598/598/598
f 584/584/584 598/598/598 597/597/597
f 585/585/585 586/586/586 599/599/599
f 585/585/585 599/599/599 598/598/598
f 586/586/586 587/587/587 600/600/600
f 586/586/586 600/600/600 599/599/599
f 587/587/587 588/588/588 601/601/601
f 587/587/587 601/601/601 600/600/600
f 588/588/588 589/589/589 602/602/602
f 588/588/588 602/602/602 601/601/601
f 590/590/590 591/591/591 604/604/604
f 590/590/590 604/604/604 603/603/603
f 591/591/591 592/592/592 605/605/605
f 591/591/591 605/605/605 604/604/604
f 592/592/592 593/593/593 606/606/606
f 592/592/592 606/606/606 605/605/605
f 593/593/593 594/594/594 607/607/607
f 593/593/593 607/607/607 606/606/606
f 594/594/594 595/595/595 608/608/608
f 594/594/594 608/608/608 607/607/607
f 595/595/595 596/596/596 609/609/609
f 595/595/595 609/609/609 608/608/608
f 596/596/596 597/597/597 610/610/610
f 596/596/596 610/610/610 609/609/609
f 597/597/597 598/598/598 611/611/611
f 597/597/597 611/611/611 610/610/610
f 598/598/598 599/599/599 612/612/612
f 598/598/598 612/612/612 611/611/611
f 599/599/599 600/600/600 613/613/613
f 599/599/599 613/613/613 612/612/612
f 600/600/600 601/601/601 614/614/614
f 600/600/600 614/614/614 613/613/613
f 601/601/601 602/602/602 615/615/615
f 601/601/601 615/615/615 614/614/614
f 603/603/603 604/604/604 617/617/617
f 603/603/603 617/617/617 616/616/616
f 604/604/604 605/605/605 618/618/618
f 604/604/604 618/618/618 617/617/617
f 605/605/605 606/606/606 619/619/619
f 605/605/605 619/619/619 618/618/618
f 606/606/606 607/607/607 620/620/620
f 606/606/606 620/620/620 619/619/619
f 607/607/607 608/608/608 621/621/621
f 607/607/607 621/621/621 620/620/620
f 608/608/608 609/609/609 622/622/622
f 608/608/608 622/622/622 621/621/621
f 609/609/609 610/610/610 623/623/623
f 609/609/609 623/623/623 622/622/622
f 610/610/610 611/611/611 624/624/624
f 610/610/610 624/624/624 623/623/623
f 611/611/611 612/612/612 625/625/625
f 611/611/611 625/625/625 624/624/624
f 612/612/612 613/613/613 626/626/626
f 612/612/612 626/626/626 625/625/625
f 613/613/613 614/614/614 627/627/627
f 613/613/613 627/627/627 626/626/626
f 614/614/614 615/615/615 628/628/628
f 614/614/614 628/628/628 627/627/627
f 616/616/616 617/617/617 630/630/630
f 616/616/616 630/630/630 629/629/629
f 617/617/617 618/618/618 631/631/631
f 617/617/617 631/631/631 630/630/630
f 618/618/618 619/619/619 632/632/632
f 618/618/618 632/632/632 631/631/631
f 619/619/619 620/620/620 633/633/633
f 619/619/619 633/633/633 632/632/632
f 620/620/620 621/621/621 634/634/634
f 620/620/620 634/634/634 633/633/633
f 621/621/621 622/622/622 635/635/635
f 621/621/621 635/635/635 634/634/634
f 622/622/622 623/623/623 636/636/636
f 622/622/622 636/636/636 635/635/635
f 623/623/623 624/624/624 637/637/637
f 623/623/623 637/637/637 636/636/636
f 624/624/624 625/625/625 638/638/638
f 624/624/624 638/638/638 637/637/637
f 625/625/625 626/626/626 639/639/639
f 625/625/625 639/639/639 638/638/638
f 626/626/626 627/627/627 640/640/640
f 626/626/626 640/640/640 639/639/639
f 627/627/627 628/628/628 641/641/641
f 627/627/627 641/641/641 640/640/640
f 629/629/629 630/630/630 643/643/643
f 629/629/629 643/643/643 642/642/642
f 630/630/630 631/631/631 644/644/644
f 630/630/630 644/644/644 643/643/643
f 631/631/631 632/632/632 645/645/645
f 631/631/631 645/645/645 644/644/644
f 632/632/632 633/633/633 646/646/646
f 632/632/632 646/646/646 645/645/645
f 633/633/633 634/634/634 647/647/647
f 633/633/633 647/647/647 646/646/646
f 634/634/634 635/635/635 648/648/648
f 634/634/634 648/648/648 647/647/647
f 635/635/635 636/636/636 649/649/649
f 635/635/635 649/649/649 648/648/648
f 636/636/636 637/637/637 650/650/650
f 636/636/636 650/650/650 649/649/649
f 637/637/637 638/638/638 651/651/651
f 637/637/637 651/651/651 650/650/650
f 638/638/638 639/639/639 652/652/652
f 638/638/638 652/652/652 651/651/651
f 639/639/639 640/640/640 653/653/653
f 639/639/639 653/653/653 652/652/652
f 640/640/640 641/641/641 654/654/654
f 640/640/640 654/654/654 653/653/653
usemtl Tronco
f 655/655/655 656/656/656 665/665/665
f 655/655/655 665/665/665 664/664/664
f 656/656/656 657/657/657 666/666/666
f 656/656/656 666/666/666 665/665/665
f 657/657/657 658/658/658 667/667/667
f 657/657/657 667/667/667 666/666/666
f 658/658/658 659/659/659 668/668/668
f 658/658/658 668/668/668 667/667/667
f 659/659/659 660/660/660 669/669/669
f 659/659/659 669/669/669 668/668/668
f 660/660/660 661/661/661 670/670/670
f 660/660/660 670/670/670 669/669/669
f 661/661/661 662/662/662 671/671/671
f 661/661/661 671/671/671 670/670/670
f 662/662/662 663/663/663 672/672/672
f 662/662/662 672/672/672 671/671/671
usemtl Hojas
f 673/673/673 674/674/674 687/687/687
f 673/673/673 687/687/687 686/686/686
f 674/674/674 675/675/675 688/688/688
f 674/674/674 688/688/688 687/687/687
f 675/675/675 676/676/676 689/689/689
f 675/675/675 689/689/689 688/688/688
f 676/676/676 677/677/677 690/690/690
f 676/676/676 690/690/690 689/689/689
f 677/677/677 678/678/678 691/691/691
f 677/677/677 691/691/691 690/690/690
f 678/678/678 679/679/679 692/692/692
f 678/678/678 692/692/692 691/691/691
f 679/679/679 680/680/680 693/693/693
f 679/679/679 693/693/693 692/692/692
f 680/680/680 681/681/681 694/694/694
f 680/680/680 694/694/694 693/693/693
f 681/681/681 682/682/682 695/695/695
f 681/681/681 695/695/695 694/694/694
f 682/682/682 683/683/683 696/696/696
f 682/682/682 696/696/696 695/695/695
f 683/683/683 684/684/684 697/697/697
f 683/683/683 697/697/697 696/696/696
f 684/684/684 685/685/685 698/698/698
f 684/684/684 698/698/698 697/697/697
f 686/686/686 687/687/687 700/700/700
f 686/686/686 700/700/700 699/699/699
f 687/687/687 688/688/688 701/701/701
f 687/687/687 701/701/701 700/700/700
f 688/688/688 689/689/689 702/702/702
f 688/688/688 702/702/702 701/701/701
f 689/689/689 690/690/690 703/703/703
f 689/689/689 703/703/703 702/702/702
f 690/690/690 691/691/691 704/704/704
f 690/690/690 704/704/704 703/703/703
f 691/691/691 692/692/692 705/705/705
f 691/691/691 705/705/705 704/704/704
f 692/692/692 693/693/693 706/706/706
f 692/692/692 706/706/706 705/705/705
f 693/693/693 694/694/694 707/707/707
f 693/693/693 707/707/707 706/706/706
f 694/694/694 695/695/695 708/708/708
f 694/694/694 708/708/708 707/707/707
f 695/695/695 696/696/696 709/709/709
f 695/695/695 709/709/709 708/708/708
f 696/696/696 697/697/697 710/710/710
f 696/696/696 710/710/710 709/709/709
f 697/697/697 698/698/698 711/711/711
f 697/697/697 711/711/711 710/710/710
f 699/699/699 700/700/700 713/713/713
f 699/699/699 713/713/713 712/712/712
f 700/700/700 701/701/701 714/714/714
f 700/700/700 714/714/714 713/713/713
f 701/701/701 702/702/702 715/715/715
f 701/701/701 715/715/715 714/714/714
f 702/702/702 703/703/703 716/716/716
f 702/702/702 716/716/716 715/715/715
f 703/703/703 704/704/704 717/717/717
f 703/703/703 717/717/717 716/716/716
f 704/704/704 705/705/705 718/718/718
f 704/704/704 718/718/718 717/717/717
f 705/705/705 706/706/706 719/719/719
f 705/705/705 719/719/719 718/718/718
f 706/706/706 707/707/707 720/720/720
f 706/706/706 720/720/720 719/719/719
f 707/707/707 708/708/708 721/721/721
f 707/707/707 721/721/721 720/720/720
f 708/708/708 709/709/709 722/722/722
f 708/708/708 722/722/722 721/721/721
f 709/709/709 710/710/710 723/723/723
f 709/709/709 723/723/723 722/722/722
f 710/710/710 711/711/711 724/724/724
f 710/710/710 724/724/724 723/723/723
f 712/712/712 713/713/713 726/726/726
f 712/712/712 726/726/726 725/725/725
f 713/713/713 714/714/714 727/727/727
f 713/713/713 727/727/727 726/726/726
f 714/714/714 715/715/715 728/728/728
f 714/714/714 728/728/728 727/727/727
f 715/715/715 716/716/716 729/729/729
f 715/715/715 729/729/729 728/728/728
f 716/716/716 717/717/717 730/730/730
f 716/716/716 730/730/730 729/729/729
f 717/717/717 718/718/718 731/731/731
f 717/717/717 731/731/731 730/730/730
f 718/718/718 719/719/719 732/732/732
f 718/718/718 732/732/732 731/731/731
f 719/719/719 720/720/720 733/733/733
f 719/719/719 733/733/733 732/732/732
f 720/720/720 721/721/721 734/734/734
f 720/720/720 734/734/734 733/733/733
f 721/721/721 722/722/722 735/735/735
f 721/721/721 735/735/735 734/734/734
f 722/722/722 723/723/723 736/736/736
f 722/722/722 736/736/736 735/735/735
f 723/723/723 724/724/724 737/737/737
f 723/723/723 737/737/737 736/736/736
f 725/725/725 726/726/726 739/739/739
f 725/725/725 739/739/739 738/738/738
f 726/726/726 727/727/727 740/740/740
f 726/726/726 740/740/740 739/739/739
f 727/727/727 728/728/728 741/741/741
f 727/727/727 741/741/741 740/740/740
f 728/728/728 729/729/729 742/742/742
f 728/728/728 742/742/742 741/741/741
f 729/729/729 730/730/730 743/743/743
f 729/729/729 743/743/743 742/742/742
f 730/730/730 731/731/731 744/744/744
f 730/730/730 744/744/744 743/743/743
f 731/731/731 732/732/732 745/745/745
f 731/731/731 745/745/745 744/744/744
f 732/732/732 733/733/733 746/746/746
f 732/732/732 746/746/746 745/745/745
f 733/733/733 734/734/734 747/747/747
f 733/733/733 747/747/747 746/746/746
f 734/734/734 735/735/735 748/748/748
f 734/734/734 748/748/748 747/747/747
f 735/735/735 736/736/736 749/749/749
f 735/735/735 749/749/749 748/748/748
f 736/736/736 737/737/737 750/750/750
f 736/736/736 750/750/750 749/749/749
f 738/738/738 739/739/739 752/752/752
f 738/738/738 752/752/752 751/751/751
f 739/739/739 740/740/740 753/753/753
f 739/739/739 753/753/753 752/752/752
f 740/740/740 741/741/741 754/754/754
f 740/740/740 754/754/754 753/753/753
f 741/741/741 742/742/742 755/755/755
f 741/741/741 755/755/755 754/754/754
f 742/742/742 743/743/743 756/756/756
f 742/742/742 756/756/756 755/755/755
f 743/743/743 744/744/744 757/757/757
f 743/743/743 757/757/757 756/756/756
f 744/744/744 745/745/745 758/758/758
f 744/744/744 758/758/758 757/757/757
f 745/745/745 746/746/746 759/759/759
f 745/745/745 759/759/759 758/758/758
f 746/746/746 747/747/747 760/760/760
f 746/746/746 760/760/760 759/759/759
f 747/747/747 748/748/748 761/761/761
f 747/747/747 761/761/761 760/760/760
f 748/748/748 749/749/749 762/762/762
f 748/748/748 762/762/762 761/761/761
f 749/749/749 750/750/750 763/763/763
f 749/749/749 763/763/763 762/762/762
f 751/751/751 752/752/752 765/765/765
f 751/751/751 765/765/765 764/764/764
f 752/752/752 753/753/753 766/766/766
f 752/752/752 766/766/766 765/765/765
f 753/753/753 754/754/754 767/767/767
f 753/753/753 767/767/767 766/766/766
f 754/754/754 755/755/755 768/768/768
f 754/754/754 768/768/768 767/767/767
f 755/755/755 756/756/756 769/769/769
f 755/755/755 769/769/769 768/768/768
f 756/756/756 757/757/757 770/770/770
f 756/756/756 770/770/770 769/769/769
f 757/757/757 758/758/758 771/771/771
f 757/757/757 771/771/771 770/770/770
f 758/758/758 759/759/759 772/772/772
f 758/758/758 772/772/772 771/771/771
f 759/759/759 760/760/760 773/773/773
f 759/759/759 773/773/773 772/772/772
f 760/760/760 761/761/761 774/774/774
f 760/760/760 774/774/774 773/773/773
f 761/761/761 762/762/762 775/775/775
f 761/761/761 775/775/775 774/774/774
f 762/762/762 763/763/763 776/776/776
f 762/762/762 776/776/776 775/775/775
usemtl Tronco
f 777/777/777 778/778/778 787/787/787
f 777/777/777 787/787/787 786/786/786
f 778/778/778 779/779/779 788/788/788
f 778/778/778 788/788/788 787/787/787
f 779/779/779 780/780/780 789/789/789
f 779/779/779 789/789/789 788/788/788
f 780/780/780 781/781/781 790/790/790
f 780/780/780 790/790/790 789/789/789
f 781/781/781 782/782/782 791/791/791
f 781/781/781 791/791/791 790/790/790
f 782/782/782 783/783/783 792/792/792
f 782/782/782 792/792/792 791/791/791
f 783/783/783 784/784/784 793/793/793
f 783/783/783 793/793/793 792/792/792
f 784/784/784 785/785/785 794/794/794
f 784/784/784 794/794/794 793/793/793
usemtl Hojas
f 795/795/795 796/796/796 809/809/809
f 795/795/795 809/809/809 808/808/808
f 796/796/796 797/797/797 810/810/810
f 796/796/796 810/810/810 809/809/809
f 797/797/797 798/798/798 811/811/811
f 797/797/797 811/811/811 810/810/810
f 798/798/798 799/799/799 812/812/812
f 798/798/798 812/812/812 811/811/811
f 799/799/799 800/800/800 813/813/813
f 799/799/799 813/813/813 812/812/812
f 800/800/800 801/801/801 814/814/814
f 800/800/800 814/814/814 813/813/813
f 801/801/801 802/802/802 815/815/815
f 801/801/801 815/815/815 814/814/814
f 802/802/802 803/803/803 816/816/816
f 802/802/802 816/816/816 815/815/815
f 803/803/803 804/804/804 817/817/817
f 803/803/803 817/817/817 816/816/816
f 804/804/804 805/805/805 818/818/818
f 804/804/804 818/818/818 817/817/817
f 805/805/805 806/806/806 819/819/819
f 805/805/805 819/819/819 818/818/818
f 806/806/806 807/807/807 820/820/820
f 806/806/806 820/820/820 819/819/819
f 808/808/808 809/809/809 822/822/822
f 808/808/808 822/822/822 821/821/821
f 809/809/809 810/810/810 823/823/823
f 809/809/809 823/823/823 822/822/822
f 810/810/810 811/811/811 824/824/824
f 810/810/810 824/824/824 823/823/823
f 811/811/811 812/812/812 825/825/825
f 811/811/811 825/825/825 824/824/824
f 812/812/812 813/813/813 826/826/826
f 812/812/812 826/826/826 825/825/825
f 813/813/813 814/814/814 827/827/827
f 813/813/813 827/827/827 826/826/826
f 814/814/814 815/815/815 828/828/828
f 814/814/814 828/828/828 827/827/827
f 815/815/815 816/816/816 829/829/829
f 815/815/815 829/829/829 828/828/828
f 816/816/816 817/817/817 830/830/830
f 816/816/816 830/830/830 829/829/829
f 817/817/817 818/818/818 831/831/831
f 817/817/817 831/831/831 830/830/830
f 818/818/818 819/819/819 832/832/832
f 818/818/818 832/832/832 831/831/831
f 819/819/819 820/820/820 833/833/833
f 819/819/819 833/833/833 832/832/832
f 821/821/821 822/822/822 835/835/835
f 821/821/821 835/835/835 834/834/834
f 822/822/822 823/823/823 836/836/836
f 822/822/822 836/836/836 835/835/835
f 823/823/823 824/824/824 837/837/837
f 823/823/823 837/837/837 836/836/836
f 824/824/824 825/825/825 838/838/838
f 824/824/824 838/838/838 837/837/837
f 825/825/825 826/826/826 839/839/839
f 825/825/825 839/839/839 838/838/838
f 826/826/826 827/827/827 840/840/840
f 826/826/826 840/840/840 839/839/839
f 827/827/827 828/828/828 841/841/841
f 827/827/827 841/841/841 840/840/840
f 828/828/828 829/829/829 842/842/842
f 828/828/828 842/842/842 841/841/841
f 829/829/829 830/830/830 843/843/843
f 829/829/829 843/843/843 842/842/842
f 830/830/830 831/831/831 844/844/844
f 830/830/830 844/844/844 843/843/843
f 831/831/831 832/832/832 845/845/845
f 831/831/831 845/845/845 844/844/844
f 832/832/832 833/833/833 846/846/846
f 832/832/832 846/846/846 845/845/845
f 834/834/834 835/835/835 848/848/848
f 834/834/834 848/848/848 847/847/847
f 835/835/835 836/836/836 849/849/849
f 835/835/835 849/849/849 848/848/848
f 836/836/836 837/837/837 850/850/850
f 836/836/836 850/850/850 849/849/849
f 837/837/837 838/838/838 851/851/851
f 837/837/837 851/851/851 850/850/850
f 838/838/838 839/839/839 852/852/852
f 838/838/838 852/852/852 851/851/851
f 839/839/839 840/840/840 853/853/853
f 839/839/839 853/853/853 852/852/852
f 840/840/840 841/841/841 854/854/854
f 840/840/840 854/854/854 853/853/853
f 841/841/841 842/842/842 855/855/855
f 841/841/841 855/855/855 854/854/854
f 842/842/842 843/843/843 856/856/856
f 842/842/842 856/856/856 855/855/855
f 843/843/843 844/844/844 857/857/857
f 843/843/843 857/857/857 856/856/856
f 844/844/844 845/845/845 858/858/858
f 844/844/844 858/858/858 857/857/857
f 845/845/845 846/846/846 859/859/859
f 845/845/845 859/859/859 858/858/858
f 847/847/847 848/848/848 861/861/861
f 847/847/847 861/861/861 860/860/860
f 848/848/848 849/849/849 862/862/862
f 848/848/848 862/862/862 861/861/861
f 849/849/849 850/850/850 863/863/863
f 849/849/849 863/863/863 862/862/862
f 850/850/850 851/851/851 864/864/864
f 850/850/850 864/864/864 863/863/863
f 851/851/851 852/852/852 865/865/865
f 851/851/851 865/865/865 864/864/864
f 852/852/852 853/853/853 866/866/866
f 852/852/852 866/866/866 865/865/865
f 853/853/853 854/854/854 867/867/867
f 853/853/853 867/867/867 866/866/866
f 854/854/854 855/855/855 868/868/868
f 854/854/854 868/868/868 867/867/867
f 855/855/855 856/856/856 869/869/869
f 855/855/855 869/869/869 868/868/868
f 856/856/856 857/857/857 870/870/870
f 856/856/856 870/870/870 869/869/869
f 857/857/857 858/858/858 871/871/871
f 857/857/857 871/871/871 870/870/870
f 858/858/858 859/859/859 872/872/872
f 858/858/858 872/872/872 871/871/871
f 860/860/860 861/861/861 874/874/874
f 860/860/860 874/874/874 873/873/873
f 861/861/861 862/862/862 875/875/875
f 861/861/861 875/875/875 874/874/874
f 862/862/862 863/863/863 876/876/876
f 862/862/862 876/876/876 875/875/875
f 863/863/863 864/864/864 877/877/877
f 863/863/863 877/877/877 876/876/876
f 864/864/864 865/865/865 878/878/878
f 864/864/864 878/878/878 877/877/877
f 865/865/865 866/866/866 879/879/879
f 865/865/865 879/879/879 878/878/878
f 866/866/866 867/867/867 880/880/880
f 866/866/866 880/880/880 879/879/879
f 867/867/867 868/868/868 881/881/881
f 867/867/867 881/881/881 880/880/880
f 868/868/868 869/869/869 882/882/882
f 868/868/868 882/882/882 881/881/881
f 869/869/869 870/870/870 883/883/883
f 869/869/869 883/883/883 882/882/882
f 870/870/870 871/871/871 884/884/884
f 870/870/870 884/884/884 883/883/883
f 871/871/871 872/872/872 885/885/885
f 871/871/871 885/885/885 884/884/884
f 873/873/873 874/874/874 887/887/887
f 873/873/873 887/887/887 886/886/886
f 874/874/874 875/875/875 888/888/888
f 874/874/874 888/888/888 887/887/887
f 875/875/875 876/876/876 889/889/889
f 875/875/875 889/889/889 888/888/888
f 876/876/876 877/877/877 890/890/890
f 876/876/876 890/890/890 889/889/889
f 877/877/877 878/878/878 891/891/891
f 877/877/877 891/891/891 890/890/890
f 878/878/878 879/879/879 892/892/892
f 878/878/878 892/892/892 891/891/891
f 879/879/879 880/880/880 893/893/893
f 879/879/879 893/893/893 892/892/892
f 880/880/880 881/881/881 894/894/894
f 880/880/880 894/894/894 893/893/893
f 881/881/881 882/882/882 895/895/895
f 881/881/881 895/895/895 894/894/894
f 882/882/882 883/883/883 896/896/896
f 882/882/882 896/896/896 895/895/895
f 883/883/883 884/884/884 897/897/897
f 883/883/883 897/897/897 896/896/896
f 884/884/884 885/885/885 898/898/898
f 884/884/884 898/898/898 897/897/897
usemtl Tronco
f 899/899/899 900/900/900 909/909/909
f 899/899/899 909/909/909 908/908/908
f 900/900/900 901/901/901 910/910/910
f 900/900/900 910/910/910 909/909/909
f 901/901/901 902/902/902 911/911/911
f 901/901/901 911/911/911 910/910/910
f 902/902/902 903/903/903 912/912/912
f 902/902/902 912/912/912 911/911/911
f 903/903/903 904/904/904 913/913/913
f 903/903/903 913/913/913 912/912/912
f 904/904/904 905/905/905 914/914/914
f 904/904/904 914/914/914 913/913/913
f 905/905/905 906/906/906 915/915/915
f 905/905/905 915/915/915 914/914/914
f 906/906/906 907/907/907 916/916/916
f 906/906/906 916/916/916 915/915/915
usemtl Hojas
f 917/917/917 918/918/918 931/931/931
f 917/917/917 931/931/931 930/930/930
f 918/918/918 919/919/919 932/932/932
f 918/918/918 932/932/932 931/931/931
f 919/919/919 920/920/920 933/933/933
f 919/919/919 933/933/933 932/932/932
f 920/920/920 921/921/921 934/934/934
f 920/920/920 934/934/934 933/933/933
f 921/921/921 922/922/922 935/935/935
f 921/921/921 935/935/935 934/934/934
f 922/922/922 923/923/923 936/936/936
f 922/922/922 936/936/936 935/935/935
f 923/923/923 924/924/924 937/937/937
f 923/923/923 937/937/937 936/936/936
f 924/924/924 925/925/925 938/938/938
f 924/924/924 938/938/938 937/937/937
f 925/925/925 926/926/926 939/939/939
f 925/925/925 939/939/939 938/938/938
f 926/926/926 927/927/927 940/940/940
f 926/926/926 940/940/940 939/939/939
f 927/927/927 928/928/928 941/941/941
f 927/927/927 941/941/941 940/940/940
f 928/928/928 929/929/929 942/942/942
f 928/928/928 942/942/942 941/941/941
f 930/930/930 931/931/931 944/944/944
f 930/930/930 944/944/944 943/943/943
f 931/931/931 932/932/932 945/945/945
f 931/931/931 945/945/945 944/944/944
f 932/932/932 933/933/933 946/946/946
f 932/932/932 946/946/946 945/945/945
f 933/933/933 934/934/934 947/947/947
f 933/933/933 947/947/947 946/946/946
f 934/934/934 935/935/935 948/948/948
f 934/934/934 948/948/948 947/947/947
f 935/935/935 936/936/936 949/949/949
f 935/935/935 949/949/949 948/948/948
f 936/936/936 937/937/937 950/950/950
f 936/936/936 950/950/950 949/949/949
f 937/937/937 938/938/938 951/951/951
f 937/937/937 951/951/951 950/950/950
f 938/938/938 939/939/939 952/952/952
f 938/938/938 952/952/952 951/951/951
f 939/939/939 940/940/940 953/953/953
f 939/939/939 953/953/953 952/952/952
f 940/940/940 941/941/941 954/954/954
f 940/940/940 954/954/954 953/953/953
f 941/941/941 942/942/942 955/955/955
f 941/941/941 955/955/955 954/954/954
f 943/943/943 944/944/944 957/957/957
f 943/943/943 957/957/957 956/956/956
f 944/944/944 945/945/945 958/958/958
f 944/944/944 958/958/958 957/957/957
f 945/945/945 946/946/946 959/959/959
f 945/945/945 959/959/959 958/958/958
f 946/946/946 947/947/947 960/960/960
f 946/946/946 960/960/960 959/959/959
f 947/947/947 948/948/948 961/961/961
f 947/947/947 961/961/961 960/960/960
f 948/948/948 949/949/949 962/962/962
f 948/948/948 962/962/962 961/961/961
f 949/949/949 950/950/950 963/963/963
f 949/949/949 963/963/963 962/962/962
f 950/950/950 951/951/951 964/964/964
f 950/950/950 964/964/964 963/963/963
f 951/951/951 952/952/952 965/965/965
f 951/951/951 965/965/965 964/964/964
f 952/952/952 953/953/953 966/966/966
f 952/952/952 966/966/966 965/965/965
f 953/953/953 954/954/954 967/967/967
f 953/953/953 967/967/967 966/966/966
f 954/954/954 955/955/955 968/968/968
f 954/954/954 968/968/968 967/967/967
f 956/956/956 957/957/957 970/970/970
f 956/956/956 970/970/970 969/969/969
f 957/957/957 958/958/958 971/971/971
f 957/957/957 971/971/971 970/970/970
f 958/958/958 959/959/959 972/972/972
f 958/958/958 972/972/972 971/971/971
f 959/959/959 960/960/960 973/973/973
f 959/959/959 973/973/973 972/972/972
f 960/960/960 961/961/961 974/974/974
f 960/960/960 974/974/974 973/973/973
f 961/961/961 962/962/962 975/975/975
f 961/961/961 975/975/975 974/974/974
f 962/962/962 963/963/963 976/976/976
f 962/962/962 976/976/976 975/975/975
f 963/963/963 964/964/964 977/977/977
f 963/963/963 977/977/977 976/976/976
f 964/964/964 965/965/965 978/978/978
f 964/964/964 978/978/978 977/977/977
f 965/965/965 966/966/966 979/979/979
f 965/965/965 979/979/979 978/978/978
f 966/966/966 967/967/967 980/980/980
f 966/966/966 980/980/980 979/979/979
f 967/967/967 968/968/968 981/981/981
f 967/967/967 981/981/981 980/980/980
f 969/969/969 970/970/970 983/983/983
f 969/969/969 983/983/983 982/982/982
f 970/970/970 971/971/971 984/984/984
f 970/970/970 984/984/984 983/983/983
f 971/971/971 972/972/972 985/985/985
f 971/971/971 985/985/985 984/984/984
f 972/972/972 973/973/973 986/986/986
f 972/972/972 986/986/986 985/985/985
f 973/973/973 974/974/974 987/987/987
f 973/973/973 987/987/987 986/986/986
f 974/974/974 975/975/975 988/988/988
f 974/974/974 988/988/988 987/987/987
f 975/975/975 976/976/976 989/989/989
f 975/975/975 989/989/989 988/988/988
f 976/976/976 977/977/977 990/990/990
f 976/976/976 990/990/990 989/989/989
f 977/977/977 978/978/978 991/991/991
f 977/977/977 991/991/991 990/990/990
f 978/978/978 979/979/979 992/992/992
f 978/978/978 992/992/992 991/991/991
f 979/979/979 980/980/980 993/993/993
f 979/979/979 993/993/993 992/992/992
f 980/980/980 981/981/981 994/994/994
f 980/980/980 994/994/994 993/993/993
f 982/982/982 983/983/983 996/996/996
f 982/982/982 996/996/996 995/995/995
f 983/983/983 984/984/984 997/997/997
f 983/983/983 997/997/997 996/996/996
f 984/984/984 985/985/985 998/998/998
f 984/984/984 998/998/998 997/997/997
f 985/985/985 986/986/986 999/999/999
f 985/985/985 999/999/999 998/998/998
f 986/986/986 987/987/987 1000/1000/1000
f 986/986/986 1000/1000/1000 999/999/999
f 987/987/987 988/988/988 1001/1001/1001
f 987/987/987 1001/1001/1001 1000/1000/1000
f 988/988/988 989/989/989 1002/1002/1002
f 988/988/988 1002/1002/1002 1001/1001/1001
f 989/989/989 990/990/990 1003/1003/1003
f 989/989/989 1003/1003/1003 1002/1002/1002
f 990/990/990 991/991/991 1004/1004/1004
f 990/990/990 1004/1004/1004 1003/1003/1003
f 991/991/991 992/992/992 1005/1005/1005
f 991/991/991 1005/1005/1005 1004/1004/1004
f 992/992/992 993/993/993 1006/1006/1006
f 992/992/992 1006/1006/1006 1005/1005/1005
f 993/993/993 994/994/994 1007/1007/1007
f 993/993/993 1007/1007/1007 1006/1006/1006
f 995/995/995 996/996/996 1009/1009/1009
f 995/995/995 1009/1009/1009 1008/1008/1008
f 996/996/996 997/997/997 1010/1010/1010
f 996/996/996 1010/1010/1010 1009/1009/1009
f 997/997/997 998/998/998 1011/1011/1011
f 997/997/997 1011/1011/1011 1010/1010/1010
f 998/998/998 999/999/999 1012/1012/1012
f 998/998/998 1012/1012/1012 1011/1011/1011
f 999/999/999 1000/1000/1000 1013/1013/1013
f 999/999/999 1013/1013/1013 1012/1012/1012
f 1000/1000/1000 1001/1001/1001 1014/1014/1014
f 1000/1000/1000 1014/1014/1014 1013/1013/1013
f 1001/1001/1001 1002/1002/1002 1015/1015/1015
f 1001/1001/1001 1015/1015/1015 1014/1014/1014
f 1002/1002/1002 1003/1003/1003 1016/1016/1016
f 1002/1002/1002 1016/1016/1016 1015/1015/1015
f 1003/1003/1003 1004/1004/1004 1017/1017/1017
f 1003/1003/1003 1017/1017/1017 1016/1016/1016
f 1004/1004/1004 1005/1005/1005 1018/1018/1018
f 1004/1004/1004 1018/1018/1018 1017/1017/1017
f 1005/1005/1005 1006/1006/1006 1019/1019/1019
f 1005/1005/1005 1019/1019/1019 1018/1018/1018
f 1006/1006/1006 1007/1007/1007 1020/1020/1020
f 1006/1006/1006 1020/1020/1020 1019/1019/1019
usemtl Tronco
f 1021/1021/1021 1022/1022/1022 1031/1031/1031
f 1021/1021/1021 1031/1031/1031 1030/1030/1030
f 1022/1022/1022 1023/1023/1023 1032/1032/1032
f 1022/1022/1022 1032/1032/1032 1031/1031/1031
f 1023/1023/1023 1024/1024/1024 1033/1033/1033
f 1023/1023/1023 1033/1033/1033 1032/1032/1032
f 1024/1024/1024 1025/1025/1025 1034/1034/1034
f 1024/1024/1024 1034/1034/1034 1033/1033/1033
f 1025/1025/1025 1026/1026/1026 1035/1035/1035
f 1025/1025/1025 1035/1035/1035 1034/1034/1034
f 1026/1026/1026 1027/1027/1027 1036/1036/1036
f 1026/1026/1026 1036/1036/1036 1035/1035/1035
f 1027/1027/1027 1028/1028/1028 1037/1037/1037
f 1027/1027/1027 1037/1037/1037 1036/1036/1036
f 1028/1028/1028 1029/1029/1029 1038/1038/1038
f 1028/1028/1028 1038/1038/1038 1037/1037/1037
usemtl Hojas
f 1039/1039/1039 1040/1040/1040 1053/1053/1053
f 1039/1039/1039 1053/1053/1053 1052/1052/1052
f 1040/1040/1040 1041/1041/1041 1054/1054/1054
f 1040/1040/1040 1054/1054/1054 1053/1053/1053
f 1041/1041/1041 1042/1042/1042 1055/1055/1055
f 1041/1041/1041 1055/1055/1055 1054/1054/1054
f 1042/1042/1042 1043/1043/1043 1056/1056/1056
f 1042/1042/1042 1056/1056/1056 1055/1055/1055
f 1043/1043/1043 1044/1044/1044 1057/1057/1057
f 1043/1043/1043 1057/1057/1057 1056/1056/1056
f 1044/1044/1044 1045/1045/1045 1058/1058/1058
f 1044/1044/1044 1058/1058/1058 1057/1057/1057
f 1045/1045/1045 1046/1046/1046 1059/1059/1059
f 1045/1045/1045 1059/1059/1059 1058/1058/1058
f 1046/1046/1046 1047/1047/1047 1060/1060/1060
f 1046/1046/1046 1060/1060/1060 1059/1059/1059
f 1047/1047/1047 1048/1048/1048 1061/1061/1061
f 1047/1047/1047 1061/1061/1061 1060/1060/1060
f 1048/1048/1048 1049/1049/1049 1062/1062/1062
f 1048/1048/1048 1062/1062/1062 1061/1061/1061
f 1049/1049/1049 1050/1050/1050 1063/1063/1063
f 1049/1049/1049 1063/1063/1063 1062/1062/1062
f 1050/1050/1050 1051/1051/1051 1064/1064/1064
f 1050/1050/1050 1064/1064/1064 1063/1063/1063
f 1052/1052/1052 1053/1053/1053 1066/1066/1066
f 1052/1052/1052 1066/1066/1066 1065/1065/1065
f 1053/1053/1053 1054/1054/1054 1067/1067/1067
f 1053/1053/1053 1067/1067/1067 1066/1066/1066
f 1054/1054/1054 1055/1055/1055 1068/1068/1068
f 1054/1054/1054 1068/1068/1068 1067/1067/1067
f 1055/1055/1055 1056/1056/1056 1069/1069/1069
f 1055/1055/1055 1069/1069/1069 1068/1068/1068
f 1056/1056/1056 1057/1057/1057 1070/1070/1070
f 1056/1056/1056 1070/1070/1070 1069/1069/1069
f 1057/1057/1057 1058/1058/1058 1071/1071/1071
f 1057/1057/1057 1071/1071/1071 1070/1070/1070
f 1058/1058/1058 1059/1059/1059 1072/1072/1072
f 1058/1058/1058 1072/1072/1072 1071/1071/1071
f 1059/1059/1059 1060/1060/1060 1073/1073/1073
f 1059/1059/1059 1073/1073/1073 1072/1072/1072
f 1060/1060/1060 1061/1061/1061 1074/1074/1074
f 1060/1060/1060 1074/1074/1074 1073/1073/1073
f 1061/1061/1061 1062/1062/1062 1075/1075/1075
f 1061/1061/1061 1075/1075/1075 1074/1074/1074
f 1062/1062/1062 1063/1063/1063 1076/1076/1076
f 1062/1062/1062 1076/1076/1076 1075/1075/1075
f 1063/1063/1063 1064/1064/1064 1077/1077/1077
f 1063/1063/1063 1077/1077/1077 1076/1076/1076
f 1065/1065/1065 1066/1066/1066 1079/1079/1079
f 1065/1065/1065 1079/1079/1079 1078/1078/1078
f 1066/1066/1066 1067/1067/1067 1080/1080/1080
f 1066/1066/1066 1080/1080/1080 1079/1079/1079
f 1067/1067/1067 1068/1068/1068 1081/1081/1081
f 1067/1067/1067 1081/1081/1081 1080/1080/1080
f 1068/1068/1068 1069/1069/1069 1082/1082/1082
f 1068/1068/1068 1082/1082/1082 1081/1081/1081
f 1069/1069/1069 1070/1070/1070 1083/1083/1083
f 1069/1069/1069 1083/1083/1083 1082/1082/1082
f 1070/1070/1070 1071/1071/1071 1084/1084/1084
f 1070/1070/1070 1084/1084/1084 1083/1083/1083
f 1071/1071/1071 1072/1072/1072 1085/1085/1085
f 1071/1071/1071 1085/1085/1085 1084/1084/1084
f 1072/1072/1072 1073/1073/1073 1086/1086/1086
f 1072/1072/1072 1086/1086/1086 1085/1085/1085
f 1073/1073/1073 1074/1074/1074 1087/1087/1087
f 1073/1073/1073 1087/1087/1087 1086/1086/1086
f 1074/1074/1074 1075/1075/1075 1088/1088/1088
f 1074/1074/1074 1088/1088/1088 1087/1087/1087
f 1075/1075/1075 1076/1076/1076 1089/1089/1089
f 1075/1075/1075 1089/1089/1089 1088/1088/1088
f 1076/1076/1076 1077/1077/1077 1090/1090/1090
f 1076/1076/1076 1090/1090/1090 1089/1089/1089
f 1078/1078/1078 1079/1079/1079 1092/1092/1092
f 1078/1078/1078 1092/1092/1092 1091/1091/1091
f 1079/1079/1079 1080/1080/1080 1093/1093/1093
f 1079/1079/1079 1093/1093/1093 1092/1092/1092
f 1080/1080/1080 1081/1081/1081 1094/1094/1094
f 1080/1080/1080 1094/1094/1094 1093/1093/1093
f 1081/1081/1081 1082/1082/1082 1095/1095/1095
f 1081/1081/1081 1095/1095/1095 1094/1094/1094
f 1082/1082/1082 1083/1083/1083 1096/1096/1096
f 1082/1082/1082 1096/1096/1096 1095/1095/1095
f 1083/1083/1083 1084/1084/1084 1097/1097/1097
f 1083/1083/1083 1097/1097/1097 1096/1096/1096
f 1084/1084/1084 1085/1085/1085 1098/1098/1098
f 1084/1084/1084 1098/1098/1098 1097/1097/1097
f 1085/1085/1085 1086/1086/1086 1099/1099/1099
f 1085/1085/1085 1099/1099/1099 1098/1098/1098
f 1086/1086/1086 1087/1087/1087 1100/1100/1100
f 1086/1086/1086 1100/1100/1100 1099/1099/1099
f 1087/1087/1087 1088/1088/1088 1101/1101/1101
f 1087/1087/1087 1101/1101/1101 1100/1100/1100
f 1088/1088/1088 1089/1089/1089 1102/1102/1102
f 1088/1088/1088 1102/1102/1102 1101/1101/1101
f 1089/1089/1089 1090/1090/1090 1103/1103/1103
f 1089/1089/1089 1103/1103/1103 1102/1102/1102
f 1091/1091/1091 1092/1092/1092 1105/1105/1105
f 1091/1091/1091 1105/1105/1105 1104/1104/1104
f 1092/1092/1092 1093/1093/1093 1106/1106/1106
f 1092/1092/1092 1106/1106/1106 1105/1105/1105
f 1093/1093/1093 1094/1094/1094 1107/1107/1107
f 1093/1093/1093 1107/1107/1107 1106/1106/1106
f 1094/1094/1094 1095/1095/1095 1108/1108/1108
f 1094/1094/1094 1108/1108/1108 1107/1107/1107
f 1095/1095/1095 1096/1096/1096 1109/1109/1109
f 1095/1095/1095 1109/1109/1109 1108/1108/1108
f 1096/1096/1096 1097/1097/1097 1110/1110/1110
f 1096/1096/1096 1110/1110/1110 1109/1109/1109
f 1097/1097/1097 1098/1098/1098 1111/1111/1111
f 1097/1097/1097 1111/1111/1111 1110/1110/1110
f 1098/1098/1098 1099/1099/1099 1112/1112/1112
f 1098/1098/1098 1112/1112/1112 1111/1111/1111
f 1099/1099/1099 1100/1100/1100 1113/1113/1113
f 1099/1099/1099 1113/1113/1113 1112/1112/1112
f 1100/1100/1100 1101/1101/1101 1114/1114/1114
f 1100/1100/1100 1114/1114/1114 1113/1113/1113
f 1101/1101/1101 1102/1102/1102 1115/1115/1115
f 1101/1101/1101 1115/1115/1115 1114/1114/1114
f 1102/1102/1102 1103/1103/1103 1116/1116/1116
f 1102/1102/1102 1116/1116/1116 1115/1115/1115
f 1104/1104/1104 1105/1105/1105 1118/1118/1118
f 1104/1104/1104 1118/1118/1118 1117/1117/1117
f 1105/1105/1105 1106/1106/1106 1119/1119/1119
f 1105/1105/1105 1119/1119/1119 1118/1118/1118
f 1106/1106/1106 1107/1107/1107 1120/1120/1120
f 1106/1106/1106 1120/1120/1120 1119/1119/1119
f 1107/1107/1107 1108/1108/1108 1121/1121/1121
f 1107/1107/1107 1121/1121/1121 1120/1120/1120
f 1108/1108/1108 1109/1109/1109 1122/1122/1122
f 1108/1108/1108 1122/1122/1122 1121/1121/1121
f 1109/1109/1109 1110/1110/1110 1123/1123/1123
f 1109/1109/1109 1123/1123/1123 1122/1122/1122
f 1110/1110/1110 1111/1111/1111 1124/1124/1124
f 1110/1110/1110 1124/1124/1124 1123/1123/1123
f 1111/1111/1111 1112/1112/1112 1125/1125/1125
f 1111/1111/1111 1125/1125/1125 1124/1124/1124
f 1112/1112/1112 1113/1113/1113 1126/1126/1126
f 1112/1112/1112 1126/1126/1126 1125/1125/1125
f 1113/1113/1113 1114/1114/1114 1127/1127/1127
f 1113/1113/1113 1127/1127/1127 1126/1126/1126
f 1114/1114/1114 1115/1115/1115 1128/1128/1128
f 1114/1114/1114 1128/1128/1128 1127/1127/1127
f 1115/1115/1115 1116/1116/1116 1129/1129/1129
f 1115/1115/1115 1129/1129/1129 1128/1128/1128
f 1117/1117/1117 1118/1118/1118 1131/1131/1131
f 1117/1117/1117 1131/1131/1131 1130/1130/1130
f 1118/1118/1118 1119/1119/1119 1132/1132/1132
f 1118/1118/1118 1132/1132/1132 1131/1131/1131
f 1119/1119/1119 1120/1120/1120 1133/1133/1133
f 1119/1119/1119 1133/1133/1133 1132/1132/1132
f 1120/1120/1120 1121/1121/1121 1134/1134/1134
f 1120/1120/1120 1134/1134/1134 1133/1133/1133
f 1121/1121/1121 1122/1122/1122 1135/1135/1135
f 1121/1121/1121 1135/1135/1135 1134/1134/1134
f 1122/1122/1122 1123/1123/1123 1136/1136/1136
f 1122/1122/1122 1136/1136/1136 1135/1135/1135
f 1123/1123/1123 1124/1124/1124 1137/1137/1137
f 1123/1123/1123 1137/1137/1137 1136/1136/1136
f 1124/1124/1124 1125/1125/1125 1138/1138/1138
f 1124/1124/1124 1138/1138/1138 1137/1137/1137
f 1125/1125/1125 1126/1126/1126 1139/1139/1139
f 1125/1125/1125 1139/1139/1139 1138/1138/1138
f 1126/1126/1126 1127/1127/1127 1140/1140/1140
f 1126/1126/1126 1140/1140/1140 1139/1139/1139
f 1127/1127/1127 1128/1128/1128 1141/1141/1141
f 1127/1127/1127 1141/1141/1141 1140/1140/1140
f 1128/1128/1128 1129/1129/1129 1142/1142/1142
f 1128/1128/1128 1142/1142/1142 1141/1141/1141
usemtl Tronco
f 1143/1143/1143 1144/1144/1144 1153/1153/1153
f 1143/1143/1143 1153/1153/1153 1152/1152/1152
f 1144/1144/1144 1145/1145/1145 1154/1154/1154
f 1144/1144/1144 1154/1154/1154 1153/1153/1153
f 1145/1145/1145 1146/1146/1146 1155/1155/1155
f 1145/1145/1145 1155/1155/1155 1154/1154/1154
f 1146/1146/1146 1147/1147/1147 1156/1156/1156
f 1146/1146/1146 1156/1156/1156 1155/1155/1155
f 1147/1147/1147 1148/1148/1148 1157/1157/1157
f 1147/1147/1147 1157/1157/1157 1156/1156/1156
f 1148/1148/1148 1149/1149/1149 1158/1158/1158
f 1148/1148/1148 1158/1158/1158 1157/1157/1157
f 1149/1149/1149 1150/1150/1150 1159/1159/1159
f 1149/1149/1149 1159/1159/1159 1158/1158/1158
f 1150/1150/1150 1151/1151/1151 1160/1160/1160
f 1150/1150/1150 1160/1160/1160 1159/1159/1159
usemtl Hojas
f 1161/1161/1161 1162/1162/1162 1175/1175/1175
f 1161/1161/1161 1175/1175/1175 1174/1174/1174
f 1162/1162/1162 1163/1163/1163 1176/1176/1176
f 1162/1162/1162 1176/1176/1176 1175/1175/1175
f 1163/1163/1163 1164/1164/1164 1177/1177/1177
f 1163/1163/1163 1177/1177/1177 1176/1176/1176
f 1164/1164/1164 1165/1165/1165 1178/1178/1178
f 1164/1164/1164 1178/1178/1178 1177/1177/1177
f 1165/1165/1165 1166/1166/1166 1179/1179/1179
f 1165/1165/1165 1179/1179/1179 1178/1178/1178
f 1166/1166/1166 1167/1167/1167 1180/1180/1180
f 1166/1166/1166 1180/1180/1180 1179/1179/1179
f 1167/1167/1167 1168/1168/1168 1181/1181/1181
f 1167/1167/1167 1181/1181/1181 1180/1180/1180
f 1168/1168/1168 1169/1169/1169 1182/1182/1182
f 1168/1168/1168 1182/1182/1182 1181/1181/1181
f 1169/1169/1169 1170/1170/1170 1183/1183/1183
f 1169/1169/1169 1183/1183/1183 1182/1182/1182
f 1170/1170/1170 1171/1171/1171 1184/1184/1184
f 1170/1170/1170 1184/1184/1184 1183/1183/1183
f 1171/1171/1171 1172/1172/1172 1185/1185/1185
f 1171/1171/1171 1185/1185/1185 1184/1184/1184
f 1172/1172/1172 1173/1173/1173 1186/1186/1186
f 1172/1172/1172 1186/1186/1186 1185/1185/1185
f 1174/1174/1174 1175/1175/1175 1188/1188/1188
f 1174/1174/1174 1188/1188/1188 1187/1187/1187
f 1175/1175/1175 1176/1176/1176 1189/1189/1189
f 1175/1175/1175 1189/1189/1189 1188/1188/1188
f 1176/1176/1176 1177/1177/1177 1190/1190/1190
f 1176/1176/1176 1190/1190/1190 1189/1189/1189
f 1177/1177/1177 1178/1178/1178 1191/1191/1191
f 1177/1177/1177 1191/1191/1191 1190/1190/1190
f 1178/1178/1178 1179/1179/1179 1192/1192/1192
f 1178/1178/1178 1192/1192/1192 1191/1191/1191
f 1179/1179/1179 1180/1180/1180 1193/1193/1193
f 1179/1179/1179 1193/1193/1193 1192/1192/1192
f 1180/1180/1180 1181/1181/1181 1194/1194/1194
f 1180/1180/1180 1194/1194/1194 1193/1193/1193
f 1181/1181/1181 1182/1182/1182 1195/1195/1195
f 1181/1181/1181 1195/1195/1195 1194/1194/1194
f 1182/1182/1182 1183/1183/1183 1196/1196/1196
f 1182/1182/1182 1196/1196/1196 1195/1195/1195
f 1183/1183/1183 1184/1184/1184 1197/1197/1197
f 1183/1183/1183 1197/1197/1197 1196/1196/1196
f 1184/1184/1184 1185/1185/1185 1198/1198/1198
f 1184/1184/1184 1198/1198/1198 1197/1197/1197
f 1185/1185/1185 1186/1186/1186 1199/1199/1199
f 1185/1185/1185 1199/1199/1199 1198/1198/1198
f 1187/1187/1187 1188/1188/1188 1201/1201/1201
f 1187/1187/1187 1201/1201/1201 1200/1200/1200
f 1188/1188/1188 1189/1189/1189 1202/1202/1202
f 1188/1188/1188 1202/1202/1202 1201/1201/1201
f 1189/1189/1189 1190/1190/1190 1203/1203/1203
f 1189/1189/1189 1203/1203/1203 1202/1202/1202
f 1190/1190/1190 1191/1191/1191 1204/1204/1204
f 1190/1190/1190 1204/1204/1204 1203/1203/1203
f 1191/1191/1191 1192/1192/1192 1205/1205/1205
f 1191/1191/1191 1205/1205/1205 1204/1204/1204
f 1192/1192/1192 1193/1193/1193 1206/1206/1206
f 1192/1192/1192 1206/1206/1206 1205/1205/1205
f 1193/1193/1193 1194/1194/1194 1207/1207/1207
f 1193/1193/1193 1207/1207/1207 1206/1206/1206
f 1194/1194/1194 1195/1195/1195 1208/1208/1208
f 1194/1194/1194 1208/1208/1208 1207/1207/1207
f 1195/1195/1195 1196/1196/1196 1209/1209/1209
f 1195/1195/1195 1209/1209/1209 1208/1208/1208
f 1196/1196/1196 1197/1197/1197 1210/1210/1210
f 1196/1196/1196 1210/1210/1210 1209/1209/1209
f 1197/1197/1197 1198/1198/1198 1211/1211/1211
f 1197/1197/1197 1211/1211/1211 1210/1210/1210
f 1198/1198/1198 1199/1199/1199 1212/1212/1212
f 1198/1198/1198 1212/1212/1212 1211/1211/1211
f 1200/1200/1200 1201/1201/1201 1214/1214/1214
f 1200/1200/1200 1214/1214/1214 1213/1213/1213
f 1201/1201/1201 1202/1202/1202 1215/1215/1215
f 1201/1201/1201 1215/1215/1215 1214/1214/1214
f 1202/1202/1202 1203/1203/1203 1216/1216/1216
f 1202/1202/1202 1216/1216/1216 1215/1215/1215
f 1203/1203/1203 1204/1204/1204 1217/1217/1217
f 1203/1203/1203 1217/1217/1217 1216/1216/1216
f 1204/1204/1204 1205/1205/1205 1218/1218/1218
f 1204/1204/1204 1218/1218/1218 1217/1217/1217
f 1205/1205/1205 1206/1206/1206 1219/1219/1219
f 1205/1205/1205 1219/1219/1219 1218/1218/1218
f 1206/1206/1206 1207/1207/1207 1220/1220/1220
f 1206/1206/1206 1220/1220/1220 1219/1219/1219
f 1207/1207/1207 1208/1208/1208 1221/1221/1221
f 1207/1207/1207 1221/1221/1221 1220/1220/1220
f 1208/1208/1208 1209/1209/1209 1222/1222/1222
f 1208/1208/1208 1222/1222/1222 1221/1221/1221
f 1209/1209/1209 1210/1210/1210 1223/1223/1223
f 1209/1209/1209 1223/1223/1223 1222/1222/1222
f 1210/1210/1210 1211/1211/1211 1224/1224/1224
f 1210/1210/1210 1224/1224/1224 1223/1223/1223
f 1211/1211/1211 1212/1212/1212 1225/1225/1225
f 1211/1211/1211 1225/1225/1225 1224/1224/1224
f 1213/1213/1213 1214/1214/1214 1227/1227/1227
f 1213/1213/1213 1227/1227/1227 1226/1226/1226
f 1214/1214/1214 1215/1215/1215 1228/1228/1228
f 1214/1214/1214 1228/1228/1228 1227/1227/1227
f 1215/1215/1215 1216/1216/1216 1229/1229/1229
f 1215/1215/1215 1229/1229/1229 1228/1228/1228
f 1216/1216/1216 1217/1217/1217 1230/1230/1230
f 1216/1216/1216 1230/1230/1230 1229/1229/1229
f 1217/1217/1217 1218/1218/1218 1231/1231/1231
f 1217/1217/1217 1231/1231/1231 1230/1230/1230
f 1218/1218/1218 1219/1219/1219 1232/1232/1232
f 1218/1218/1218 1232/1232/1232 1231/1231/1231
f 1219/1219/1219 1220/1220/1220 1233/1233/1233
f 1219/1219/1219 1233/1233/1233 1232/1232/1232
f 1220/1220/1220 1221/1221/1221 1234/1234/1234
f 1220/1220/1220 1234/1234/1234 1233/1233/1233
f 1221/1221/1221 1222/1222/1222 1235/1235/1235
f 1221/1221/1221 1235/1235/1235 1234/1234/1234
f 1222/1222/1222 1223/1223/1223 1236/1236/1236
f 1222/1222/1222 1236/1236/1236 1235/1235/1235
f 1223/1223/1223 1224/1224/1224 1237/1237/1237
f 1223/1223/1223 1237/1237/1237 1236/1236/1236
f 1224/1224/1224 1225/1225/1225 1238/1238/1238
f 1224/1224/1224 1238/1238/1238 1237/1237/1237
f 1226/1226/1226 1227/1227/1227 1240/1240/1240
f 1226/1226/1226 1240/1240/1240 1239/1239/1239
f 1227/1227/1227 1228/1228/1228 1241/1241/1241
f 1227/1227/1227 1241/1241/1241 1240/1240/1240
f 1228/1228/1228 1229/1229/1229 1242/1242/1242
f 1228/1228/1228 1242/1242/1242 1241/1241/1241
f 1229/1229/1229 1230/1230/1230 1243/1243/1243
f 1229/1229/1229 1243/1243/1243 1242/1242/1242
f 1230/1230/1230 1231/1231/1231 1244/1244/1244
f 1230/1230/1230 1244/1244/1244 1243/1243/1243
f 1231/1231/1231 1232/1232/1232 1245/1245/1245
f 1231/1231/1231 1245/1245/1245 1244/1244/1244
f 1232/1232/1232 1233/1233/1233 1246/1246/1246
f 1232/1232/1232 1246/1246/1246 1245/1245/1245
f 1233/1233/1233 1234/1234/1234 1247/1247/1247
f 1233/1233/1233 1247/1247/1247 1246/1246/1246
f 1234/1234/1234 1235/1235/1235 1248/1248/1248
f 1234/1234/1234 1248/1248/1248 1247/1247/1247
f 1235/1235/1235 1236/1236/1236 1249/1249/1249
f 1235/1235/1235 1249/1249/1249 1248/1248/1248
f 1236/1236/1236 1237/1237/1237 1250/1250/1250
f 1236/1236/1236 1250/1250/1250 1249/1249/1249
f 1237/1237/1237 1238/1238/1238 1251/1251/1251
f 1237/1237/1237 1251/1251/1251 1250/1250/1250
f 1239/1239/1239 1240/1240/1240 1253/1253/1253
f 1239/1239/1239 1253/1253/1253 1252/1252/1252
f 1240/1240/1240 1241/1241/1241 1254/1254/1254
f 1240/1240/1240 1254/1254/1254 1253/1253/1253
f 1241/1241/1241 1242/1242/1242 1255/1255/1255
f 1241/1241/1241 1255/1255/1255 1254/1254/1254
f 1242/1242/1242 1243/1243/1243 1256/1256/1256
f 1242/1242/1242 1256/1256/1256 1255/1255/1255
f 1243/1243/1243 1244/1244/1244 1257/1257/1257
f 1243/1243/1243 1257/1257/1257 1256/1256/1256
f 1244/1244/1244 1245/1245/1245 1258/1258/1258
f 1244/1244/1244 1258/1258/1258 1257/1257/1257
f 1245/1245/1245 1246/1246/1246 1259/1259/1259
f 1245/1245/1245 1259/1259/1259 1258/1258/1258
f 1246/1246/1246 1247/1247/1247 1260/1260/1260
f 1246/1246/1246 1260/1260/1260 1259/1259/1259
f 1247/1247/1247 1248/1248/1248 1261/1261/1261
f 1247/1247/1247 1261/1261/1261 1260/1260/1260
f 1248/1248/1248 1249/1249/1249 1262/1262/1262
f 1248/1248/1248 1262/1262/1262 1261/1261/1261
f 1249/1249/1249 1250/1250/1250 1263/1263/1263
f 1249/1249/1249 1263/1263/1263 1262/1262/1262
f 1250/1250/1250 1251/1251/1251 1264/1264/1264
f 1250/1250/1250 1264/1264/1264 1263/1263/1263
usemtl Tronco
f 1265/1265/1265 1266/1266/1266 1275/1275/1275
f 1265/1265/1265 1275/1275/1275 1274/1274/1274
f 1266/1266/1266 1267/1267/1267 1276/1276/1276
f 1266/1266/1266 1276/1276/1276 1275/1275/1275
f 1267/1267/1267 1268/1268/1268 1277/1277/1277
f 1267/1267/1267 1277/1277/1277 1276/1276/1276
f 1268/1268/1268 1269/1269/1269 1278/1278/1278
f 1268/1268/1268 1278/1278/1278 1277/1277/1277
f 1269/1269/1269 1270/1270/1270 1279/1279/1279
f 1269/1269/1269 1279/1279/1279 1278/1278/1278
f 1270/1270/1270 1271/1271/1271 1280/1280/1280
f 1270/1270/1270 1280/1280/1280 1279/1279/1279
f 1271/1271/1271 1272/1272/1272 1281/1281/1281
f 1271/1271/1271 1281/1281/1281 1280/1280/1280
f 1272/1272/1272 1273/1273/1273 1282/1282/1282
f 1272/1272/1272 1282/1282/1282 1281/1281/1281
usemtl Hojas
f 1283/1283/1283 1284/1284/1284 1297/1297/1297
f 1283/1283/1283 1297/1297/1297 1296/1296/1296
f 1284/1284/1284 1285/1285/1285 1298/1298/1298
f 1284/1284/1284 1298/1298/1298 1297/1297/1297
f 1285/1285/1285 1286/1286/1286 1299/1299/1299
f 1285/1285/1285 1299/1299/1299 1298/1298/1298
f 1286/1286/1286 1287/1287/1287 1300/1300/1300
f 1286/1286/1286 1300/1300/1300 1299/1299/1299
f 1287/1287/1287 1288/1288/1288 1301/1301/1301
f 1287/1287/1287 1301/1301/1301 1300/1300/1300
f 1288/1288/1288 1289/1289/1289 1302/1302/1302
f 1288/1288/1288 1302/1302/1302 1301/1301/1301
f 1289/1289/1289 1290/1290/1290 1303/1303/1303
f 1289/1289/1289 1303/1303/1303 1302/1302/1302
f 1290/1290/1290 1291/1291/1291 1304/1304/1304
f 1290/1290/1290 1304/1304/1304 1303/1303/1303
f 1291/1291/1291 1292/1292/1292 1305/1305/1305
f 1291/1291/1291 1305/1305/1305 1304/1304/1304
f 1292/1292/1292 1293/1293/1293 1306/1306/1306
f 1292/1292/1292 1306/1306/1306 1305/1305/1305
f 1293/1293/1293 1294/1294/1294 1307/1307/1307
f 1293/1293/1293 1307/1307/1307 1306/1306/1306
f 1294/1294/1294 1295/1295/1295 1308/1308/1308
f 1294/1294/1294 1308/1308/1308 1307/1307/1307
f 1296/1296/1296 1297/1297/1297 1310/1310/1310
f 1296/1296/1296 1310/1310/1310 1309/1309/1309
f 1297/1297/1297 1298/1298/1298 1311/1311/1311
f 1297/1297/1297 1311/1311/1311 1310/1310/1310
f 1298/1298/1298 1299/1299/1299 1312/1312/1312
f 1298/1298/1298 1312/1312/1312 1311/1311/1311
f 1299/1299/1299 1300/1300/1300 1313/1313/1313
f 1299/1299/1299 1313/1313/1313 1312/1312/1312
f 1300/1300/1300 1301/1301/1301 1314/1314/1314
f 1300/1300/1300 1314/1314/1314 1313/1313/1313
f 1301/1301/1301 1302/1302/1302 1315/1315/1315
f 1301/1301/1301 1315/1315/1315 1314/1314/1314
f 1302/1302/1302 1303/1303/1303 1316/1316/1316
f 1302/1302/1302 1316/1316/1316 1315/1315/1315
f 1303/1303/1303 1304/1304/1304 1317/1317/1317
f 1303/1303/1303 1317/1317/1317 1316/1316/1316
f 1304/1304/1304 1305/1305/1305 1318/1318/1318
f 1304/1304/1304 1318/1318/1318 1317/1317/1317
f 1305/1305/1305 1306/1306/1306 1319/1319/1319
f 1305/1305/1305 1319/1319/1319 1318/1318/1318
f 1306/1306/1306 1307/1307/1307 1320/1320/1320
f 1306/1306/1306 1320/1320/1320 1319/1319/1319
f 1307/1307/1307 1308/1308/1308 1321/1321/1321
f 1307/1307/1307 1321/1321/1321 1320/1320/1320
f 1309/1309/1309 1310/1310/1310 1323/1323/1323
f 1309/1309/1309 1323/1323/1323 1322/1322/1322
f 1310/1310/1310 1311/1311/1311 1324/1324/1324
f 1310/1310/1310 1324/1324/1324 1323/1323/1323
f 1311/1311/1311 1312/1312/1312 1325/1325/1325
f 1311/1311/1311 1325/1325/1325 1324/1324/1324
f 1312/1312/1312 1313/1313/1313 1326/1326/1326
f 1312/1312/1312 1326/1326/1326 1325/1325/1325
f 1313/1313/1313 1314/1314/1314 1327/1327/1327
f 1313/1313/1313 1327/1327/1327 1326/1326/1326
f 1314/1314/1314 1315/1315/1315 1328/1328/1328
f 1314/1314/1314 1328/1328/1328 1327/1327/1327
f 1315/1315/1315 1316/1316/1316 1329/1329/1329
f 1315/1315/1315 1329/1329/1329 1328/1328/1328
f 1316/1316/1316 1317/1317/1317 1330/1330/1330
f 1316/1316/1316 1330/1330/1330 1329/1329/1329
f 1317/1317/1317 1318/1318/1318 1331/1331/1331
f 1317/1317/1317 1331/1331/1331 1330/1330/1330
f 1318/1318/1318 1319/1319/1319 1332/1332/1332
f 1318/1318/1318 1332/1332/1332 1331/1331/1331
f 1319/1319/1319 1320/1320/1320 1333/1333/1333
f 1319/1319/1319 1333/1333/1333 1332/1332/1332
f 1320/1320/1320 1321/1321/1321 1334/1334/1334
f 1320/1320/1320 1334/1334/1334 1333/1333/1333
f 1322/1322/1322 1323/1323/1323 1336/1336/1336
f 1322/1322/1322 1336/1336/1336 1335/1335/1335
f 1323/1323/1323 1324/1324/1324 1337/1337/1337
f 1323/1323/1323 1337/1337/1337 1336/1336/1336
f 1324/1324/1324 1325/1325/1325 1338/1338/1338
f 1324/1324/1324 1338/1338/1338 1337/1337/1337
f 1325/1325/1325 1326/1326/1326 1339/1339/1339
f 1325/1325/1325 1339/1339/1339 1338/1338/1338
f 1326/1326/1326 1327/1327/1327 1340/1340/1340
f 1326/1326/1326 1340/1340/1340 1339/1339/1339
f 1327/1327/1327 1328/1328/1328 1341/1341/1341
f 1327/1327/1327 1341/1341/1341 1340/1340/1340
f 1328/1328/1328 1329/1329/1329 1342/1342/1342
f 1328/1328/1328 1342/1342/1342 1341/1341/1341
f 1329/1329/1329 1330/1330/1330 1343/1343/1343
f 1329/1329/1329 1343/1343/1343 1342/1342/1342
f 1330/1330/1330 1331/1331/1331 1344/1344/1344
f 1330/1330/1330 1344/1344/1344 1343/1343/1343
f 1331/1331/1331 1332/1332/1332 1345/1345/1345
f 1331/1331/1331 1345/1345/1345 1344/1344/1344
f 1332/1332/1332 1333/1333/1333 1346/1346/1346
f 1332/1332/1332 1346/1346/1346 1345/1345/1345
f 1333/1333/1333 1334/1334/1334 1347/1347/1347
f 1333/1333/1333 1347/1347/1347 1346/1346/1346
f 1335/1335/1335 1336/1336/1336 1349/1349/1349
f 1335/1335/1335 1349/1349/1349 1348/1348/1348
f 1336/1336/1336 1337/1337/1337 1350/1350/1350
f 1336/1336/1336 1350/1350/1350 1349/1349/1349
f 1337/1337/1337 1338/1338/1338 1351/1351/1351
f 1337/1337/1337 1351/1351/1351 1350/1350/1350
f 1338/1338/1338 1339/1339/1339 1352/1352/1352
f 1338/1338/1338 1352/1352/1352 1351/1351/1351
f 1339/1339/1339 1340/1340/1340 1353/1353/1353
f 1339/1339/1339 1353/1353/1353 1352/1352/1352
f 1340/1340/1340 1341/1341/1341 1354/1354/1354
f 1340/1340/1340 1354/1354/1354 1353/1353/1353
f 1341/1341/1341 1342/1342/1342 1355/1355/1355
f 1341/1341/1341 1355/1355/1355 1354/1354/1354
f 1342/1342/1342 1343/1343/1343 1356/1356/1356
f 1342/1342/1342 1356/1356/1356 1355/1355/1355
f 1343/1343/1343 1344/1344/1344 1357/1357/1357
f 1343/1343/1343 1357/1357/1357 1356/1356/1356
f 1344/1344/1344 1345/1345/1345 1358/1358/1358
f 1344/1344/1344 1358/1358/1358 1357/1357/1357
f 1345/1345/1345 1346/1346/1346 1359/1359/1359
f 1345/1345/1345 1359/1359/1359 1358/1358/1358
f 1346/1346/1346 1347/1347/1347 1360/1360/1360
f 1346/1346/1346 1360/1360/1360 1359/1359/1359
f 1348/1348/1348 1349/1349/1349 1362/1362/1362
f 1348/1348/1348 1362/1362/1362 1361/1361/1361
f 1349/1349/1349 1350/1350/1350 1363/1363/1363
f 1349/1349/1349 1363/1363/1363 1362/1362/1362
f 1350/1350/1350 1351/1351/1351 1364/1364/1364
f 1350/1350/1350 1364/1364/1364 1363/1363/1363
f 1351/1351/1351 1352/1352/1352 1365/1365/1365
f 1351/1351/1351 1365/1365/1365 1364/1364/1364
f 1352/1352/1352 1353/1353/1353 1366/1366/1366
f 1352/1352/1352 1366/1366/1366 1365/1365/1365
f 1353/1353/1353 1354/1354/1354 1367/1367/1367
f 1353/1353/1353 1367/1367/1367 1366/1366/1366
f 1354/1354/1354 1355/1355/1355 1368/1368/1368
f 1354/1354/1354 1368/1368/1368 1367/1367/1367
f 1355/1355/1355 1356/1356/1356 1369/1369/1369
f 1355/1355/1355 1369/1369/1369 1368/1368/1368
f 1356/1356/1356 1357/1357/1357 1370/1370/1370
f 1356/1356/1356 1370/1370/1370 1369/1369/1369
f 1357/1357/1357 1358/1358/1358 1371/1371/1371
f 1357/1357/1357 1371/1371/1371 1370/1370/1370
f 1358/1358/1358 1359/1359/1359 1372/1372/1372
f 1358/1358/1358 1372/1372/1372 1371/1371/1371
f 1359/1359/1359 1360/1360/1360 1373/1373/1373
f 1359/1359/1359 1373/1373/1373 1372/1372/1372
f 1361/1361/1361 1362/1362/1362 1375/1375/1375
f 1361/1361/1361 1375/1375/1375 1374/1374/1374
f 1362/1362/1362 1363/1363/1363 1376/1376/1376
f 1362/1362/1362 1376/1376/1376 1375/1375/1375
f 1363/1363/1363 1364/1364/1364 1377/1377/1377
f 1363/1363/1363 1377/1377/1377 1376/1376/1376
f 1364/1364/1364 1365/1365/1365 1378/1378/1378
f 1364/1364/1364 1378/1378/1378 1377/1377/1377
f 1365/1365/1365 1366/1366/1366 1379/1379/1379
f 1365/1365/1365 1379/1379/1379 1378/1378/1378
f 1366/1366/1366 1367/1367/1367 1380/1380/1380
f 1366/1366/1366 1380/1380/1380 1379/1379/1379
f 1367/1367/1367 1368/1368/1368 1381/1381/1381
f 1367/1367/1367 1381/1381/1381 1380/1380/1380
f 1368/1368/1368 1369/1369/1369 1382/1382/1382
f 1368/1368/1368 1382/1382/1382 1381/1381/1381
f 1369/1369/1369 1370/1370/1370 1383/1383/1383
f 1369/1369/1369 1383/1383/1383 1382/1382/1382
f 1370/1370/1370 1371/1371/1371 1384/1384/1384
f 1370/1370/1370 1384/1384/1384 1383/1383/1383
f 1371/1371/1371 1372/1372/1372 1385/1385/1385
f 1371/1371/1371 1385/1385/1385 1384/1384/1384
f 1372/1372/1372 1373/1373/1373 1386/1386/1386
f 1372/1372/1372 1386/1386/1386 1385/1385/1385
usemtl Tronco
f 1387/1387/1387 1388/1388/1388 1397/1397/1397
f 1387/1387/1387 1397/1397/1397 1396/1396/1396
f 1388/1388/1388 1389/1389/1389 1398/1398/1398
f 1388/1388/1388 1398/1398/1398 1397/1397/1397
f 1389/1389/1389 1390/1390/1390 1399/1399/1399
f 1389/1389/1389 1399/1399/1399 1398/1398/1398
f 1390/1390/1390 1391/1391/1391 1400/1400/1400
f 1390/1390/1390 1400/1400/1400 1399/1399/1399
f 1391/1391/1391 1392/1392/1392 1401/1401/1401
f 1391/1391/1391 1401/1401/1401 1400/1400/1400
f 1392/1392/1392 1393/1393/1393 1402/1402/1402
f 1392/1392/1392 1402/1402/1402 1401/1401/1401
f 1393/1393/1393 1394/1394/1394 1403/1403/1403
f 1393/1393/1393 1403/1403/1403 1402/1402/1402
f 1394/1394/1394 1395/1395/1395 1404/1404/1404
f 1394/1394/1394 1404/1404/1404 1403/1403/1403
usemtl Hojas
f 1405/1405/1405 1406/1406/1406 1419/1419/1419
f 1405/1405/1405 1419/1419/1419 1418/1418/1418
f 1406/1406/1406 1407/1407/1407 1420/1420/1420
f 1406/1406/1406 1420/1420/1420 1419/1419/1419
f 1407/1407/1407 1408/1408/1408 1421/1421/1421
f 1407/1407/1407 1421/1421/1421 1420/1420/1420
f 1408/1408/1408 1409/1409/1409 1422/1422/1422
f 1408/1408/1408 1422/1422/1422 1421/1421/1421
f 1409/1409/1409 1410/1410/1410 1423/1423/1423
f 1409/1409/1409 1423/1423/1423 1422/1422/1422
f 1410/1410/1410 1411/1411/1411 1424/1424/1424
f 1410/1410/1410 1424/1424/1424 1423/1423/1423
f 1411/1411/1411 1412/1412/1412 1425/1425/1425
f 1411/1411/1411 1425/1425/1425 1424/1424/1424
f 1412/1412/1412 1413/1413/1413 1426/1426/1426
f 1412/1412/1412 1426/1426/1426 1425/1425/1425
f 1413/1413/1413 1414/1414/1414 1427/1427/1427
f 1413/1413/1413 1427/1427/1427 1426/1426/1426
f 1414/1414/1414 1415/1415/1415 1428/1428/1428
f 1414/1414/1414 1428/1428/1428 1427/1427/1427
f 1415/1415/1415 1416/1416/1416 1429/1429/1429
f 1415/1415/1415 1429/1429/1429 1428/1428/1428
f 1416/1416/1416 1417/1417/1417 1430/1430/1430
f 1416/1416/1416 1430/1430/1430 1429/1429/1429
f 1418/1418/1418 1419/1419/1419 1432/1432/1432
f 1418/1418/1418 1432/1432/1432 1431/1431/1431
f 1419/1419/1419 1420/1420/1420 1433/1433/1433
f 1419/1419/1419 1433/1433/1433 1432/1432/1432
f 1420/1420/1420 1421/1421/1421 1434/1434/1434
f 1420/1420/1420 1434/1434/1434 1433/1433/1433
f 1421/1421/1421 1422/1422/1422 1435/1435/1435
f 1421/1421/1421 1435/1435/1435 1434/1434/1434
f 1422/1422/1422 1423/1423/1423 1436/1436/1436
f 1422/1422/1422 1436/1436/1436 1435/1435/1435
f 1423/1423/1423 1424/1424/1424 1437/1437/1437
f 1423/1423/1423 1437/1437/1437 1436/1436/1436
f 1424/1424/1424 1425/1425/1425 1438/1438/1438
f 1424/1424/1424 1438/1438/1438 1437/1437/1437
f 1425/1425/1425 1426/1426/1426 1439/1439/1439
f 1425/1425/1425 1439/1439/1439 1438/1438/1438
f 1426/1426/1426 1427/1427/1427 1440/1440/1440
f 1426/1426/1426 1440/1440/1440 1439/1439/1439
f 1427/1427/1427 1428/1428/1428 1441/1441/1441
f 1427/1427/1427 1441/1441/1441 1440/1440/1440
f 1428/1428/1428 1429/1429/1429 1442/1442/1442
f 1428/1428/1428 1442/1442/1442 1441/1441/1441
f 1429/1429/1429 1430/1430/1430 1443/1443/1443
f 1429/1429/1429 1443/1443/1443 1442/1442/1442
f 1431/1431/1431 1432/1432/1432 1445/1445/1445
f 1431/1431/1431 1445/1445/1445 1444/1444/1444
f 1432/1432/1432 1433/1433/1433 1446/1446/1446
f 1432/1432/1432 1446/1446/1446 1445/1445/1445
f 1433/1433/1433 1434/1434/1434 1447/1447/1447
f 1433/1433/1433 1447/1447/1447 1446/1446/1446
f 1434/1434/1434 1435/1435/1435 1448/1448/1448
f 1434/1434/1434 1448/1448/1448 1447/1447/1447
f 1435/1435/1435 1436/1436/1436 1449/1449/1449
f 1435/1435/1435 1449/1449/1449 1448/1448/1448
f 1436/1436/1436 1437/1437/1437 1450/1450/1450
f 1436/1436/1436 1450/1450/1450 1449/1449/1449
f 1437/1437/1437 1438/1438/1438 1451/1451/1451
f 1437/1437/1437 1451/1451/1451 1450/1450/1450
f 1438/1438/1438 1439/1439/1439 1452/1452/1452
f 1438/1438/1438 1452/1452/1452 1451/1451/1451
f 1439/1439/1439 1440/1440/1440 1453/1453/1453
f 1439/1439/1439 1453/1453/1453 1452/1452/1452
f 1440/1440/1440 1441/1441/1441 1454/1454/1454
f 1440/1440/1440 1454/1454/1454 1453/1453/1453
f 1441/1441/1441 1442/1442/1442 1455/1455/1455
f 1441/1441/1441 1455/1455/1455 1454/1454/1454
f 1442/1442/1442 1443/1443/1443 1456/1456/1456
f 1442/1442/1442 1456/1456/1456 1455/1455/1455
f 1444/1444/1444 1445/1445/1445 1458/1458/1458
f 1444/1444/1444 1458/1458/1458 1457/1457/1457
f 1445/1445/1445 1446/1446/1446 1459/1459/1459
f 1445/1445/1445 1459/1459/1459 1458/1458/1458
f 1446/1446/1446 1447/1447/1447 1460/1460/1460
f 1446/1446/1446 1460/1460/1460 1459/1459/1459
f 1447/1447/1447 1448/1448/1448 1461/1461/1461
f 1447/1447/1447 1461/1461/1461 1460/1460/1460
f 1448/1448/1448 1449/1449/1449 1462/1462/1462
f 1448/1448/1448 1462/1462/1462 1461/1461/1461
f 1449/1449/1449 1450/1450/1450 1463/1463/1463
f 1449/1449/1449 1463/1463/1463 1462/1462/1462
f 1450/1450/1450 1451/1451/1451 1464/1464/1464
f 1450/1450/1450 1464/1464/1464 1463/1463/1463
f 1451/1451/1451 1452/1452/1452 1465/1465/1465
f 1451/1451/1451 1465/1465/1465 1464/1464/1464
f 1452/1452/1452 1453/1453/1453 1466/1466/1466
f 1452/1452/1452 1466/1466/1466 1465/1465/1465
f 1453/1453/1453 1454/1454/1454 1467/1467/1467
f 1453/1453/1453 1467/1467/1467 1466/1466/1466
f 1454/1454/1454 1455/1455/1455 1468/1468/1468
f 1454/1454/1454 1468/1468/1468 1467/1467/1467
f 1455/1455/1455 1456/1456/1456 1469/1469/1469
f 1455/1455/1455 1469/1469/1469 1468/1468/1468
f 1457/1457/1457 1458/1458/1458 1471/1471/1471
f 1457/1457/1457 1471/1471/1471 1470/1470/1470
f 1458/1458/1458 1459/1459/1459 1472/1472/1472
f 1458/1458/1458 1472/1472/1472 1471/1471/1471
f 1459/1459/1459 1460/1460/1460 1473/1473/1473
f 1459/1459/1459 1473/1473/1473 1472/1472/1472
f 1460/1460/1460 1461/1461/1461 1474/1474/1474
f 1460/1460/1460 1474/1474/1474 1473/1473/1473
f 1461/1461/1461 1462/1462/1462 1475/1475/1475
f 1461/1461/1461 1475/1475/1475 1474/1474/1474
f 1462/1462/1462 1463/1463/1463 1476/1476/1476
f 1462/1462/1462 1476/1476/1476 1475/1475/1475
f 1463/1463/1463 1464/1464/1464 1477/1477/1477
f 1463/1463/1463 1477/1477/1477 1476/1476/1476
f 1464/1464/1464 1465/1465/1465 1478/1478/1478
f 1464/1464/1464 1478/1478/1478 1477/1477/1477
f 1465/1465/1465 1466/1466/1466 1479/1479/1479
f 1465/1465/1465 1479/1479/1479 1478/1478/1478
f 1466/1466/1466 1467/1467/1467 1480/1480/1480
f 1466/1466/1466 1480/1480/1480 1479/1479/1479
f 1467/1467/1467 1468/1468/1468 1481/1481/1481
f 1467/1467/1467 1481/1481/1481 1480/1480/1480
f 1468/1468/1468 1469/1469/1469 1482/1482/1482
f 1468/1468/1468 1482/1482/1482 1481/1481/1481
f 1470/1470/1470 1471/1471/1471 1484/1484/1484
f 1470/1470/1470 1484/1484/1484 1483/1483/1483
f 1471/1471/1471 1472/1472/1472 1485/1485/1485
f 1471/1471/1471 1485/1485/1485 1484/1484/1484
f 1472/1472/1472 1473/1473/1473 1486/1486/1486
f 1472/1472/1472 1486/1486/1486 1485/1485/1485
f 1473/1473/1473 1474/1474/1474 1487/1487/1487
f 1473/1473/1473 1487/1487/1487 1486/1486/1486
f 1474/1474/1474 1475/1475/1475 1488/1488/1488
f 1474/1474/1474 1488/1488/1488 1487/1487/1487
f 1475/1475/1475 1476/1476/1476 1489/1489/1489
f 1475/1475/1475 1489/1489/1489 1488/1488/1488
f 1476/1476/1476 1477/1477/1477 1490/1490/1490
f 1476/1476/1476 1490/1490/1490 1489/1489/1489
f 1477/1477/1477 1478/1478/1478 1491/1491/1491
f 1477/1477/1477 1491/1491/1491 1490/1490/1490
f 1478/1478/1478 1479/1479/1479 1492/1492/1492
f 1478/1478/1478 1492/1492/1492 1491/1491/1491
f 1479/1479/1479 1480/1480/1480 1493/1493/1493
f 1479/1479/1479 1493/1493/1493 1492/1492/1492
f 1480/1480/1480 1481/1481/1481 1494/1494/1494
f 1480/1480/1480 1494/1494/1494 1493/1493/1493
f 1481/1481/1481 1482/1482/1482 1495/1495/1495
f 1481/1481/1481 1495/1495/1495 1494/1494/1494
f 1483/1483/1483 1484/1484/1484 1497/1497/1497
f 1483/1483/1483 1497/1497/1497 1496/1496/1496
f 1484/1484/1484 1485/1485/1485 1498/1498/1498
f 1484/1484/1484 1498/1498/1498 1497/1497/1497
f 1485/1485/1485 1486/1486/1486 1499/1499/1499
f 1485/1485/1485 1499/1499/1499 1498/1498/1498
f 1486/1486/1486 1487/1487/1487 1500/1500/1500
f 1486/1486/1486 1500/1500/1500 1499/1499/1499
f 1487/1487/1487 1488/1488/1488 1501/1501/1501
f 1487/1487/1487 1501/1501/1501 1500/1500/1500
f 1488/1488/1488 1489/1489/1489 1502/1502/1502
f 1488/1488/1488 1502/1502/1502 1501/1501/1501
f 1489/1489/1489 1490/1490/1490 1503/1503/1503
f 1489/1489/1489 1503/1503/1503 1502/1502/1502
f 1490/1490/1490 1491/1491/1491 1504/1504/1504
f 1490/1490/1490 1504/1504/1504 1503/1503/1503
f 1491/1491/1491 1492/1492/1492 1505/1505/1505
f 1491/1491/1491 1505/1505/1505 1504/1504/1504
f 1492/1492/1492 1493/1493/1493 1506/1506/1506
f 1492/1492/1492 1506/1506/1506 1505/1505/1505
f 1493/1493/1493 1494/1494/1494 1507/1507/1507
f 1493/1493/1493 1507/1507/1507 1506/1506/1506
f 1494/1494/1494 1495/1495/1495 1508/1508/1508
f 1494/1494/1494 1508/1508/1508 1507/1507/1507
f 1509/1509/1509 1510/1510/1510 1521/1521/1521
f 1509/1509/1509 1521/1521/1521 1520/1520/1520
f 1510/1510/1510 1511/1511/1511 1522/1522/1522
f 1510/1510/1510 1522/1522/1522 1521/1521/1521
f 1511/1511/1511 1512/1512/1512 1523/1523/1523
f 1511/1511/1511 1523/1523/1523 1522/1522/1522
f 1512/1512/1512 1513/1513/1513 1524/1524/1524
f 1512/1512/1512 1524/1524/1524 1523/1523/1523
f 1513/1513/1513 1514/1514/1514 1525/1525/1525
f 1513/1513/1513 1525/1525/1525 1524/1524/1524
f 1514/1514/1514 1515/1515/1515 1526/1526/1526
f 1514/1514/1514 1526/1526/1526 1525/1525/1525
f 1515/1515/1515 1516/1516/1516 1527/1527/1527
f 1515/1515/1515 1527/1527/1527 1526/1526/1526
f 1516/1516/1516 1517/1517/1517 1528/1528/1528
f 1516/1516/1516 1528/1528/1528 1527/1527/1527
f 1517/1517/1517 1518/1518/1518 1529/1529/1529
f 1517/1517/1517 1529/1529/1529 1528/1528/1528
f 1518/1518/1518 1519/1519/1519 1530/1530/1530
f 1518/1518/1518 1530/1530/1530 1529/1529/1529
f 1520/1520/1520 1521/1521/1521 1532/1532/1532
f 1520/1520/1520 1532/1532/1532 1531/1531/1531
f 1521/1521/1521 1522/1522/1522 1533/1533/1533
f 1521/1521/1521 1533/1533/1533 1532/1532/1532
f 1522/1522/1522 1523/1523/1523 1534/1534/1534
f 1522/1522/1522 1534/1534/1534 1533/1533/1533
f 1523/1523/1523 1524/1524/1524 1535/1535/1535
f 1523/1523/1523 1535/1535/1535 1534/1534/1534
f 1524/1524/1524 1525/1525/1525 1536/1536/1536
f 1524/1524/1524 1536/1536/1536 1535/1535/1535
f 1525/1525/1525 1526/1526/1526 1537/1537/1537
f 1525/1525/1525 1537/1537/1537 1536/1536/1536
f 1526/1526/1526 1527/1527/1527 1538/1538/1538
f 1526/1526/1526 1538/1538/1538 1537/1537/1537
f 1527/1527/1527 1528/1528/1528 1539/1539/1539
f 1527/1527/1527 1539/1539/1539 1538/1538/1538
f 1528/1528/1528 1529/1529/1529 1540/1540/1540
f 1528/1528/1528 1540/1540/1540 1539/1539/1539
f 1529/1529/1529 1530/1530/1530 1541/1541/1541
f 1529/1529/1529 1541/1541/1541 1540/1540/1540
f 1531/1531/1531 1532/1532/1532 1543/1543/1543
f 1531/1531/1531 1543/1543/1543 1542/1542/1542
f 1532/1532/1532 1533/1533/1533 1544/1544/1544
f 1532/1532/1532 1544/1544/1544 1543/1543/1543
f 1533/1533/1533 1534/1534/1534 1545/1545/1545
f 1533/1533/1533 1545/1545/1545 1544/1544/1544
f 1534/1534/1534 1535/1535/1535 1546/1546/1546
f 1534/1534/1534 1546/1546/1546 1545/1545/1545
f 1535/1535/1535 1536/1536/1536 1547/1547/1547
f 1535/1535/1535 1547/1547/1547 1546/1546/1546
f 1536/1536/1536 1537/1537/1537 1548/1548/1548
f 1536/1536/1536 1548/1548/1548 1547/1547/1547
f 1537/1537/1537 1538/1538/1538 1549/1549/1549
f 1537/1537/1537 1549/1549/1549 1548/1548/1548
f 1538/1538/1538 1539/1539/1539 1550/1550/1550
f 1538/1538/1538 1550/1550/1550 1549/1549/1549
f 1539/1539/1539 1540/1540/1540 1551/1551/1551
f 1539/1539/1539 1551/1551/1551 1550/1550/1550
f 1540/1540/1540 1541/1541/1541 1552/1552/1552
f 1540/1540/1540 1552/1552/1552 1551/1551/1551
f 1542/1542/1542 1543/1543/1543 1554/1554/1554
f 1542/1542/1542 1554/1554/1554 1553/1553/1553
f 1543/1543/1543 1544/1544/1544 1555/1555/1555
f 1543/1543/1543 1555/1555/1555 1554/1554/1554
f 1544/1544/1544 1545/1545/1545 1556/1556/1556
f 1544/1544/1544 1556/1556/1556 1555/1555/1555
f 1545/1545/1545 1546/1546/1546 1557/1557/1557
f 1545/1545/1545 1557/1557/1557 1556/1556/1556
f 1546/1546/1546 1547/1547/1547 1558/1558/1558
f 1546/1546/1546 1558/1558/1558 1557/1557/1557
f 1547/1547/1547 1548/1548/1548 1559/1559/1559
f 1547/1547/1547 1559/1559/1559 1558/1558/1558
f 1548/1548/1548 1549/1549/1549 1560/1560/1560
f 1548/1548/1548 1560/1560/1560 1559/1559/1559
f 1549/1549/1549 1550/1550/1550 1561/1561/1561
f 1549/1549/1549 1561/1561/1561 1560/1560/1560
f 1550/1550/1550 1551/1551/1551 1562/1562/1562
f 1550/1550/1550 1562/1562/1562 1561/1561/1561
f 1551/1551/1551 1552/1552/1552 1563/1563/1563
f 1551/1551/1551 1563/1563/1563 1562/1562/1562
f 1553/1553/1553 1554/1554/1554 1565/1565/1565
f 1553/1553/1553 1565/1565/1565 1564/1564/1564
f 1554/1554/1554 1555/1555/1555 1566/1566/1566
f 1554/1554/1554 1566/1566/1566 1565/1565/1565
f 1555/1555/1555 1556/1556/1556 1567/1567/1567
f 1555/1555/1555 1567/1567/1567 1566/1566/1566
f 1556/1556/1556 1557/1557/1557 1568/1568/1568
f 1556/1556/1556 1568/1568/1568 1567/1567/1567
f 1557/1557/1557 1558/1558/1558 1569/1569/1569
f 1557/1557/1557 1569/1569/1569 1568/1568/1568
f 1558/1558/1558 1559/1559/1559 1570/1570/1570
f 1558/1558/1558 1570/1570/1570 1569/1569/1569
f 1559/1559/1559 1560/1560/1560 1571/1571/1571
f 1559/1559/1559 1571/1571/1571 1570/1570/1570
f 1560/1560/1560 1561/1561/1561 1572/1572/1572
f 1560/1560/1560 1572/1572/1572 1571/1571/1571
f 1561/1561/1561 1562/1562/1562 1573/1573/1573
f 1561/1561/1561 1573/1573/1573 1572/1572/1572
f 1562/1562/1562 1563/1563/1563 1574/1574/1574
f 1562/1562/1562 1574/1574/1574 1573/1573/1573
f 1564/1564/1564 1565/1565/1565 1576/1576/1576
f 1564/1564/1564 1576/1576/1576 1575/1575/1575
f 1565/1565/1565 1566/1566/1566 1577/1577/1577
f 1565/1565/1565 1577/1577/1577 1576/1576/1576
f 1566/1566/1566 1567/1567/1567 1578/1578/1578
f 1566/1566/1566 1578/1578/1578 1577/1577/1577
f 1567/1567/1567 1568/1568/1568 1579/1579/1579
f 1567/1567/1567 1579/1579/1579 1578/1578/1578
f 1568/1568/1568 1569/1569/1569 1580/1580/1580
f 1568/1568/1568 1580/1580/1580 1579/1579/1579
f 1569/1569/1569 1570/1570/1570 1581/1581/1581
f 1569/1569/1569 1581/1581/1581 1580/1580/1580
f 1570/1570/1570 1571/1571/1571 1582/1582/1582
f 1570/1570/1570 1582/1582/1582 1581/1581/1581
f 1571/1571/1571 1572/1572/1572 1583/1583/1583
f 1571/1571/1571 1583/1583/1583 1582/1582/1582
f 1572/1572/1572 1573/1573/1573 1584/1584/1584
f 1572/1572/1572 1584/1584/1584 1583/1583/1583
f 1573/1573/1573 1574/1574/1574 1585/1585/1585
f 1573/1573/1573 1585/1585/1585 1584/1584/1584
f 1586/1586/1586 1587/1587/1587 1598/1598/1598
f 1586/1586/1586 1598/1598/1598 1597/1597/1597
f 1587/1587/1587 1588/1588/1588 1599/1599/1599
f 1587/1587/1587 1599/1599/1599 1598/1598/1598
f 1588/1588/1588 1589/1589/1589 1600/1600/1600
f 1588/1588/1588 1600/1600/1600 1599/1599/1599
f 1589/1589/1589 1590/1590/1590 1601/1601/1601
f 1589/1589/1589 1601/1601/1601 1600/1600/1600
f 1590/1590/1590 1591/1591/1591 1602/1602/1602
f 1590/1590/1590 1602/1602/1602 1601/1601/1601
f 1591/1591/1591 1592/1592/1592 1603/1603/1603
f 1591/1591/1591 1603/1603/1603 1602/1602/1602
f 1592/1592/1592 1593/1593/1593 1604/1604/1604
f 1592/1592/1592 1604/1604/1604 1603/1603/1603
f 1593/1593/1593 1594/1594/1594 1605/1605/1605
f 1593/1593/1593 1605/1605/1605 1604/1604/1604
f 1594/1594/1594 1595/1595/1595 1606/1606/1606
f 1594/1594/1594 1606/1606/1606 1605/1605/1605
f 1595/1595/1595 1596/1596/1596 1607/1607/1607
f 1595/1595/1595 1607/1607/1607 1606/1606/1606
f 1597/1597/1597 1598/1598/1598 1609/1609/1609
f 1597/1597/1597 1609/1609/1609 1608/1608/1608
f 1598/1598/1598 1599/1599/1599 1610/1610/1610
f 1598/1598/1598 1610/1610/1610 1609/1609/1609
f 1599/1599/1599 1600/1600/1600 1611/1611/1611
f 1599/1599/1599 1611/1611/1611 1610/1610/1610
f 1600/1600/1600 1601/1601/1601 1612/1612/1612
f 1600/1600/1600 1612/1612/1612 1611/1611/1611
f 1601/1601/1601 1602/1602/1602 1613/1613/1613
f 1601/1601/1601 1613/1613/1613 1612/1612/1612
f 1602/1602/1602 1603/1603/1603 1614/1614/1614
f 1602/1602/1602 1614/1614/1614 1613/1613/1613
f 1603/1603/1603 1604/1604/1604 1615/1615/1615
f 1603/1603/1603 1615/1615/1615 1614/1614/1614
f 1604/1604/1604 1605/1605/1605 1616/1616/1616
f 1604/1604/1604 1616/1616/1616 1615/1615/1615
f 1605/1605/1605 1606/1606/1606 1617/1617/1617
f 1605/1605/1605 1617/1617/1617 1616/1616/1616
f 1606/1606/1606 1607/1607/1607 1618/1618/1618
f 1606/1606/1606 1618/1618/1618 1617/1617/1617
f 1608/1608/1608 1609/1609/1609 1620/1620/1620
f 1608/1608/1608 1620/1620/1620 1619/1619/1619
f 1609/1609/1609 1610/1610/1610 1621/1621/1621
f 1609/1609/1609 1621/1621/1621 1620/1620/1620
f 1610/1610/1610 1611/1611/1611 1622/1622/1622
f 1610/1610/1610 1622/1622/1622 1621/1621/1621
f 1611/1611/1611 1612/1612/1612 1623/1623/1623
f 1611/1611/1611 1623/1623/1623 1622/1622/1622
f 1612/1612/1612 1613/1613/1613 1624/1624/1624
f 1612/1612/1612 1624/1624/1624 1623/1623/1623
f 1613/1613/1613 1614/1614/1614 1625/1625/1625
f 1613/1613/1613 1625/1625/1625 1624/1624/1624
f 1614/1614/1614 1615/1615/1615 1626/1626/1626
f 1614/1614/1614 1626/1626/1626 1625/1625/1625
f 1615/1615/1615 1616/1616/1616 1627/1627/1627
f 1615/1615/1615 1627/1627/1627 1626/1626/1626
f 1616/1616/1616 1617/1617/1617 1628/1628/1628
f 1616/1616/1616 1628/1628/1628 1627/1627/1627
f 1617/1617/1617 1618/1618/1618 1629/1629/1629
f 1617/1617/1617 1629/1629/1629 1628/1628/1628
f 1619/1619/1619 1620/1620/1620 1631/1631/1631
f 1619/1619/1619 1631/1631/1631 1630/1630/1630
f 1620/1620/1620 1621/1621/1621 1632/1632/1632
f 1620/1620/1620 1632/1632/1632 1631/1631/1631
f 1621/1621/1621 1622/1622/1622 1633/1633/1633
f 1621/1621/1621 1633/1633/1633 1632/1632/1632
f 1622/1622/1622 1623/1623/1623 1634/1634/1634
f 1622/1622/1622 1634/1634/1634 1633/1633/1633
f 1623/1623/1623 1624/1624/1624 1635/1635/1635
f 1623/1623/1623 1635/1635/1635 1634/1634/1634
f 1624/1624/1624 1625/1625/1625 1636/1636/1636
f 1624/1624/1624 1636/1636/1636 1635/1635/1635
f 1625/1625/1625 1626/1626/1626 1637/1637/1637
f 1625/1625/1625 1637/1637/1637 1636/1636/1636
f 1626/1626/1626 1627/1627/1627 1638/1638/1638
f 1626/1626/1626 1638/1638/1638 1637/1637/1637
f 1627/1627/1627 1628/1628/1628 1639/1639/1639
f 1627/1627/1627 1639/1639/1639 1638/1638/1638
f 1628/1628/1628 1629/1629/1629 1640/1640/1640
f 1628/1628/1628 1640/1640/1640 1639/1639/1639
f 1630/1630/1630 1631/1631/1631 1642/1642/1642
f 1630/1630/1630 1642/1642/1642 1641/1641/1641
f 1631/1631/1631 1632/1632/1632 1643/1643/1643
f 1631/1631/1631 1643/1643/1643 1642/1642/1642
f 1632/1632/1632 1633/1633/1633 1644/1644/1644
f 1632/1632/1632 1644/1644/1644 1643/1643/1643
f 1633/1633/1633 1634/1634/1634 1645/1645/1645
f 1633/1633/1633 1645/1645/1645 1644/1644/1644
f 1634/1634/1634 1635/1635/1635 1646/1646/1646
f 1634/1634/1634 1646/1646/1646 1645/1645/1645
f 1635/1635/1635 1636/1636/1636 1647/1647/1647
f 1635/1635/1635 1647/1647/1647 1646/1646/1646
f 1636/1636/1636 1637/1637/1637 1648/1648/1648
f 1636/1636/1636 1648/1648/1648 1647/1647/1647
f 1637/1637/1637 1638/1638/1638 1649/1649/1649
f 1637/1637/1637 1649/1649/1649 1648/1648/1648
f 1638/1638/1638 1639/1639/1639 1650/1650/1650
f 1638/1638/1638 1650/1650/1650 1649/1649/1649
f 1639/1639/1639 1640/1640/1640 1651/1651/1651
f 1639/1639/1639 1651/1651/1651 1650/1650/1650
f 1641/1641/1641 1642/1642/1642 1653/1653/1653
f 1641/1641/1641 1653/1653/1653 1652/1652/1652
f 1642/1642/1642 1643/1643/1643 1654/1654/1654
f 1642/1642/1642 1654/1654/1654 1653/1653/1653
f 1643/1643/1643 1644/1644/1644 1655/1655/1655
f 1643/1643/1643 1655/1655/1655 1654/1654/1654
f 1644/1644/1644 1645/1645/1645 1656/1656/1656
f 1644/1644/1644 1656/1656/1656 1655/1655/1655
f 1645/1645/1645 1646/1646/1646 1657/1657/1657
f 1645/1645/1645 1657/1657/1657 1656/1656/1656
f 1646/1646/1646 1647/1647/1647 1658/1658/1658
f 1646/1646/1646 1658/1658/1658 1657/1657/1657
f 1647/1647/1647 1648/1648/1648 1659/1659/1659
f 1647/1647/1647 1659/1659/1659 1658/1658/1658
f 1648/1648/1648 1649/1649/1649 1660/1660/1660
f 1648/1648/1648 1660/1660/1660 1659/1659/1659
f 1649/1649/1649 1650/1650/1650 1661/1661/1661
f 1649/1649/1649 1661/1661/1661 1660/1660/1660
f 1650/1650/1650 1651/1651/1651 1662/1662/1662
f 1650/1650/1650 1662/1662/1662 1661/1661/1661
f 1663/1663/1663 1664/1664/1664 1675/1675/1675
f 1663/1663/1663 1675/1675/1675 1674/1674/1674
f 1664/1664/1664 1665/1665/1665 1676/1676/1676
f 1664/1664/1664 1676/1676/1676 1675/1675/1675
f 1665/1665/1665 1666/1666/1666 1677/1677/1677
f 1665/1665/1665 1677/1677/1677 1676/1676/1676
f 1666/1666/1666 1667/1667/1667 1678/1678/1678
f 1666/1666/1666 1678/1678/1678 1677/1677/1677
f 1667/1667/1667 1668/1668/1668 1679/1679/1679
f 1667/1667/1667 1679/1679/1679 1678/1678/1678
f 1668/1668/1668 1669/1669/1669 1680/1680/1680
f 1668/1668/1668 1680/1680/1680 1679/1679/1679
f 1669/1669/1669 1670/1670/1670 1681/1681/1681
f 1669/1669/1669 1681/1681/1681 1680/1680/1680
f 1670/1670/1670 1671/1671/1671 1682/1682/1682
f 1670/1670/1670 1682/1682/1682 1681/1681/1681
f 1671/1671/1671 1672/1672/1672 1683/1683/1683
f 1671/1671/1671 1683/1683/1683 1682/1682/1682
f 1672/1672/1672 1673/1673/1673 1684/1684/1684
f 1672/1672/1672 1684/1684/1684 1683/1683/1683
f 1674/1674/1674 1675/1675/1675 1686/1686/1686
f 1674/1674/1674 1686/1686/1686 1685/1685/1685
f 1675/1675/1675 1676/1676/1676 1687/1687/1687
f 1675/1675/1675 1687/1687/1687 1686/1686/1686
f 1676/1676/1676 1677/1677/1677 1688/1688/1688
f 1676/1676/1676 1688/1688/1688 1687/1687/1687
f 1677/1677/1677 1678/1678/1678 1689/1689/1689
f 1677/1677/1677 1689/1689/1689 1688/1688/1688
f 1678/1678/1678 1679/1679/1679 1690/1690/1690
f 1678/1678/1678 1690/1690/1690 1689/1689/1689
f 1679/1679/1679 1680/1680/1680 1691/1691/1691
f 1679/1679/1679 1691/1691/1691 1690/1690/1690
f 1680/1680/1680 1681/1681/1681 1692/1692/1692
f 1680/1680/1680 1692/1692/1692 1691/1691/1691
f 1681/1681/1681 1682/1682/1682 1693/1693/1693
f 1681/1681/1681 1693/1693/1693 1692/1692/1692
f 1682/1682/1682 1683/1683/1683 1694/1694/1694
f 1682/1682/1682 1694/1694/1694 1693/1693/1693
f 1683/1683/1683 1684/1684/1684 1695/1695/1695
f 1683/1683/1683 1695/1695/1695 1694/1694/1694
f 1685/1685/1685 1686/1686/1686 1697/1697/1697
f 1685/1685/1685 1697/1697/1697 1696/1696/1696
f 1686/1686/1686 1687/1687/1687 1698/1698/1698
f 1686/1686/1686 1698/1698/1698 1697/1697/1697
f 1687/1687/1687 1688/1688/1688 1699/1699/1699
f 1687/1687/1687 1699/1699/1699 1698/1698/1698
f 1688/1688/1688 1689/1689/1689 1700/1700/1700
f 1688/1688/1688 1700/1700/1700 1699/1699/1699
f 1689/1689/1689 1690/1690/1690 1701/1701/1701
f 1689/1689/1689 1701/1701/1701 1700/1700/1700
f 1690/1690/1690 1691/1691/1691 1702/1702/1702
f 1690/1690/1690 1702/1702/1702 1701/1701/1701
f 1691/1691/1691 1692/1692/1692 1703/1703/1703
f 1691/1691/1691 1703/1703/1703 1702/1702/1702
f 1692/1692/1692 1693/1693/1693 1704/1704/1704
f 1692/1692/1692 1704/1704/1704 1703/1703/1703
f 1693/1693/1693 1694/1694/1694 1705/1705/1705
f 1693/1693/1693 1705/1705/1705 1704/1704/1704
f 1694/1694/1694 1695/1695/1695 1706/1706/1706
f 1694/1694/1694 1706/1706/1706 1705/1705/1705
f 1696/1696/1696 1697/1697/1697 1708/1708/1708
f 1696/1696/1696 1708/1708/1708 1707/1707/1707
f 1697/1697/1697 1698/1698/1698 1709/1709/1709
f 1697/1697/1697 1709/1709/1709 1708/1708/1708
f 1698/1698/1698 1699/1699/1699 1710/1710/1710
f 1698/1698/1698 1710/1710/1710 1709/1709/1709
f 1699/1699/1699 1700/1700/1700 1711/1711/1711
f 1699/1699/1699 1711/1711/1711 1710/1710/1710
f 1700/1700/1700 1701/1701/1701 1712/1712/1712
f 1700/1700/1700 1712/1712/1712 1711/1711/1711
f 1701/1701/1701 1702/1702/1702 1713/1713/1713
f 1701/1701/1701 1713/1713/1713 1712/1712/1712
f 1702/1702/1702 1703/1703/1703 1714/1714/1714
f 1702/1702/1702 1714/1714/1714 1713/1713/1713
f 1703/1703/1703 1704/1704/1704 1715/1715/1715
f 1703/1703/1703 1715/1715/1715 1714/1714/1714
f 1704/1704/1704 1705/1705/1705 1716/1716/1716
f 1704/1704/1704 1716/1716/1716 1715/1715/1715
f 1705/1705/1705 1706/1706/1706 1717/1717/1717
f 1705/1705/1705 1717/1717/1717 1716/1716/1716
f 1707/1707/1707 1708/1708/1708 1719/1719/1719
f 1707/1707/1707 1719/1719/1719 1718/1718/1718
f 1708/1708/1708 1709/1709/1709 1720/1720/1720
f 1708/1708/1708 1720/1720/1720 1719/1719/1719
f 1709/1709/1709 1710/1710/1710 1721/1721/1721
f 1709/1709/1709 1721/1721/1721 1720/1720/1720
f 1710/1710/1710 1711/1711/1711 1722/1722/1722
f 1710/1710/1710 1722/1722/1722 1721/1721/1721
f 1711/1711/1711 1712/1712/1712 1723/1723/1723
f 1711/1711/1711 1723/1723/1723 1722/1722/1722
f 1712/1712/1712 1713/1713/1713 1724/1724/1724
f 1712/1712/1712 1724/1724/1724 1723/1723/1723
f 1713/1713/1713 1714/1714/1714 1725/1725/1725
f 1713/1713/1713 1725/1725/1725 1724/1724/1724
f 1714/1714/1714 1715/1715/1715 1726/1726/1726
f 1714/1714/1714 1726/1726/1726 1725/1725/1725
f 1715/1715/1715 1716/1716/1716 1727/1727/1727
f 1715/1715/1715 1727/1727/1727 1726/1726/1726
f 1716/1716/1716 1717/1717/1717 1728/1728/1728
f 1716/1716/1716 1728/1728/1728 1727/1727/1727
f 1718/1718/1718 1719/1719/1719 1730/1730/1730
f 1718/1718/1718 1730/1730/1730 1729/1729/1729
f 1719/1719/1719 1720/1720/1720 1731/1731/1731
f 1719/1719/1719 1731/1731/1731 1730/1730/1730
f 1720/1720/1720 1721/1721/1721 1732/1732/1732
f 1720/1720/1720 1732/1732/1732 1731/1731/1731
f 1721/1721/1721 1722/1722/1722 1733/1733/1733
f 1721/1721/1721 1733/1733/1733 1732/1732/1732
f 1722/1722/1722 1723/1723/1723 1734/1734/1734
f 1722/1722/1722 1734/1734/1734 1733/1733/1733
f 1723/1723/1723 1724/1724/1724 1735/1735/1735
f 1723/1723/1723 1735/1735/1735 1734/1734/1734
f 1724/1724/1724 1725/1725/1725 1736/1736/1736
f 1724/1724/1724 1736/1736/1736 1735/1735/1735
f 1725/1725/1725 1726/1726/1726 1737/1737/1737
f 1725/1725/1725 1737/1737/1737 1736/1736/1736
f 1726/1726/1726 1727/1727/1727 1738/1738/1738
f 1726/1726/1726 1738/1738/1738 1737/1737/1737
f 1727/1727/1727 1728/1728/1728 1739/1739/1739
f 1727/1727/1727 1739/1739/1739 1738/1738/1738
f 1740/1740/1740 1741/1741/1741 1752/1752/1752
f 1740/1740/1740 1752/1752/1752 1751/1751/1751
f 1741/1741/1741 1742/1742/1742 1753/1753/1753
f 1741/1741/1741 1753/1753/1753 1752/1752/1752
f 1742/1742/1742 1743/1743/1743 1754/1754/1754
f 1742/1742/1742 1754/1754/1754 1753/1753/1753
f 1743/1743/1743 1744/1744/1744 1755/1755/1755
f 1743/1743/1743 1755/1755/1755 1754/1754/1754
f 1744/1744/1744 1745/1745/1745 1756/1756/1756
f 1744/1744/1744 1756/1756/1756 1755/1755/1755
f 1745/1745/1745 1746/1746/1746 1757/1757/1757
f 1745/1745/1745 1757/1757/1757 1756/1756/1756
f 1746/1746/1746 1747/1747/1747 1758/1758/1758
f 1746/1746/1746 1758/1758/1758 1757/1757/1757
f 1747/1747/1747 1748/1748/1748 1759/1759/1759
f 1747/1747/1747 1759/1759/1759 1758/1758/1758
f 1748/1748/1748 1749/1749/1749 1760/1760/1760
f 1748/1748/1748 1760/1760/1760 1759/1759/1759
f 1749/1749/1749 1750/1750/1750 1761/1761/1761
f 1749/1749/1749 1761/1761/1761 1760/1760/1760
f 1751/1751/1751 1752/1752/1752 1763/1763/1763
f 1751/1751/1751 1763/1763/1763 1762/1762/1762
f 1752/1752/1752 1753/1753/1753 1764/1764/1764
f 1752/1752/1752 1764/1764/1764 1763/1763/1763
f 1753/1753/1753 1754/1754/1754 1765/1765/1765
f 1753/1753/1753 1765/1765/1765 1764/1764/1764
f 1754/1754/1754 1755/1755/1755 1766/1766/1766
f 1754/1754/1754 1766/1766/1766 1765/1765/1765
f 1755/1755/1755 1756/1756/1756 1767/1767/1767
f 1755/1755/1755 1767/1767/1767 1766/1766/1766
f 1756/1756/1756 1757/1757/1757 1768/1768/1768
f 1756/1756/1756 1768/1768/1768 1767/1767/1767
f 1757/1757/1757 1758/1758/1758 1769/1769/1769
f 1757/1757/1757 1769/1769/1769 1768/1768/1768
f 1758/1758/1758 1759/1759/1759 1770/1770/1770
f 1758/1758/1758 1770/1770/1770 1769/1769/1769
f 1759/1759/1759 1760/1760/1760 1771/1771/1771
f 1759/1759/1759 1771/1771/1771 1770/1770/1770
f 1760/1760/1760 1761/1761/1761 1772/1772/1772
f 1760/1760/1760 1772/1772/1772 1771/1771/1771
f 1762/1762/1762 1763/1763/1763 1774/1774/1774
f 1762/1762/1762 1774/1774/1774 1773/1773/1773
f 1763/1763/1763 1764/1764/1764 1775/1775/1775
f 1763/1763/1763 1775/1775/1775 1774/1774/1774
f 1764/1764/1764 1765/1765/1765 1776/1776/1776
f 1764/1764/1764 1776/1776/1776 1775/1775/1775
f 1765/1765/1765 1766/1766/1766 1777/1777/1777
f 1765/1765/1765 1777/1777/1777 1776/1776/1776
f 1766/1766/1766 1767/1767/1767 1778/1778/1778
f 1766/1766/1766 1778/1778/1778 1777/1777/1777
f 1767/1767/1767 1768/1768/1768 1779/1779/1779
f 1767/1767/1767 1779/1779/1779 1778/1778/1778
f 1768/1768/1768 1769/1769/1769 1780/1780/1780
f 1768/1768/1768 1780/1780/1780 1779/1779/1779
f 1769/1769/1769 1770/1770/1770 1781/1781/1781
f 1769/1769/1769 1781/1781/1781 1780/1780/1780
f 1770/1770/1770 1771/1771/1771 1782/1782/1782
f 1770/1770/1770 1782/1782/1782 1781/1781/1781
f 1771/1771/1771 1772/1772/1772 1783/1783/1783
f 1771/1771/1771 1783/1783/1783 1782/1782/1782
f 1773/1773/1773 1774/1774/1774 1785/1785/1785
f 1773/1773/1773 1785/1785/1785 1784/1784/1784
f 1774/1774/1774 1775/1775/1775 1786/1786/1786
f 1774/1774/1774 1786/1786/1786 1785/1785/1785
f 1775/1775/1775 1776/1776/1776 1787/1787/1787
f 1775/1775/1775 1787/1787/1787 1786/1786/1786
f 1776/1776/1776 1777/1777/1777 1788/1788/1788
f 1776/1776/1776 1788/1788/1788 1787/1787/1787
f 1777/1777/1777 1778/1778/1778 1789/1789/1789
f 1777/1777/1777 1789/1789/1789 1788/1788/1788
f 1778/1778/1778 1779/1779/1779 1790/1790/1790
f 1778/1778/1778 1790/1790/1790 1789/1789/1789
f 1779/1779/1779 1780/1780/1780 1791/1791/1791
f 1779/1779/1779 1791/1791/1791 1790/1790/1790
f 1780/1780/1780 1781/1781/1781 1792/1792/1792
f 1780/1780/1780 1792/1792/1792 1791/1791/1791
f 1781/1781/1781 1782/1782/1782 1793/1793/1793
f 1781/1781/1781 1793/1793/1793 1792/1792/1792
f 1782/1782/1782 1783/1783/1783 1794/1794/1794
f 1782/1782/1782 1794/1794/1794 1793/1793/1793
f 1784/1784/1784 1785/1785/1785 1796/1796/1796
f 1784/1784/1784 1796/1796/1796 1795/1795/1795
f 1785/1785/1785 1786/1786/1786 1797/1797/1797
f 1785/1785/1785 1797/1797/1797 1796/1796/1796
f 1786/1786/1786 1787/1787/1787 1798/1798/1798
f 1786/1786/1786 1798/1798/1798 1797/1797/1797
f 1787/1787/1787 1788/1788/1788 1799/1799/1799
f 1787/1787/1787 1799/1799/1799 1798/1798/1798
f 1788/1788/1788 1789/1789/1789 1800/1800/1800
f 1788/1788/1788 1800/1800/1800 1799/1799/1799
f 1789/1789/1789 1790/1790/1790 1801/1801/1801
f 1789/1789/1789 1801/1801/1801 1800/1800/1800
f 1790/1790/1790 1791/1791/1791 1802/1802/1802
f 1790/1790/1790 1802/1802/1802 1801/1801/1801
f 1791/1791/1791 1792/1792/1792 1803/1803/1803
f 1791/1791/1791 1803/1803/1803 1802/1802/1802
f 1792/1792/1792 1793/1793/1793 1804/1804/1804
f 1792/1792/1792 1804/1804/1804 1803/1803/1803
f 1793/1793/1793 1794/1794/1794 1805/1805/1805
f 1793/1793/1793 1805/1805/1805 1804/1804/1804
f 1795/1795/1795 1796/1796/1796 1807/1807/1807
f 1795/1795/1795 1807/1807/1807 1806/1806/1806
f 1796/1796/1796 1797/1797/1797 1808/1808/1808
f 1796/1796/1796 1808/1808/1808 1807/1807/1807
f 1797/1797/1797 1798/1798/1798 1809/1809/1809
f 1797/1797/1797 1809/1809/1809 1808/1808/1808
f 1798/1798/1798 1799/1799/1799 1810/1810/1810
f 1798/1798/1798 1810/1810/1810 1809/1809/1809
f 1799/1799/1799 1800/1800/1800 1811/1811/1811
f 1799/1799/1799 1811/1811/1811 1810/1810/1810
f 1800/1800/1800 1801/1801/1801 1812/1812/1812
f 1800/1800/1800 1812/1812/1812 1811/1811/1811
f 1801/1801/1801 1802/1802/1802 1813/1813/1813
f 1801/1801/1801 1813/1813/1813 1812/1812/1812
f 1802/1802/1802 1803/1803/1803 1814/1814/1814
f 1802/1802/1802 1814/1814/1814 1813/1813/1813
f 1803/1803/1803 1804/1804/1804 1815/1815/1815
f 1803/1803/1803 1815/1815/1815 1814/1814/1814
f 1804/1804/1804 1805/1805/1805 1816/1816/1816
f 1804/1804/1804 1816/1816/1816 1815/1815/1815
f 1817/1817/1817 1818/1818/1818 1829/1829/1829
f 1817/1817/1817 1829/1829/1829 1828/1828/1828
f 1818/1818/1818 1819/1819/1819 1830/1830/1830
f 1818/1818/1818 1830/1830/1830 1829/1829/1829
f 1819/1819/1819 1820/1820/1820 1831/1831/1831
f 1819/1819/1819 1831/1831/1831 1830/1830/1830
f 1820/1820/1820 1821/1821/1821 1832/1832/1832
f 1820/1820/1820 1832/1832/1832 1831/1831/1831
f 1821/1821/1821 1822/1822/1822 1833/1833/1833
f 1821/1821/1821 1833/1833/1833 1832/1832/1832
f 1822/1822/1822 1823/1823/1823 1834/1834/1834
f 1822/1822/1822 1834/1834/1834 1833/1833/1833
f 1823/1823/1823 1824/1824/1824 1835/1835/1835
f 1823/1823/1823 1835/1835/1835 1834/1834/1834
f 1824/1824/1824 1825/1825/1825 1836/1836/1836
f 1824/1824/1824 1836/1836/1836 1835/1835/1835
f 1825/1825/1825 1826/1826/1826 1837/1837/1837
f 1825/1825/1825 1837/1837/1837 1836/1836/1836
f 1826/1826/1826 1827/1827/1827 1838/1838/1838
f 1826/1826/1826 1838/1838/1838 1837/1837/1837
f 1828/1828/1828 1829/1829/1829 1840/1840/1840
f 1828/1828/1828 1840/1840/1840 1839/1839/1839
f 1829/1829/1829 1830/1830/1830 1841/1841/1841
f 1829/1829/1829 1841/1841/1841 1840/1840/1840
f 1830/1830/1830 1831/1831/1831 1842/1842/1842
f 1830/1830/1830 1842/1842/1842 1841/1841/1841
f 1831/1831/1831 1832/1832/1832 1843/1843/1843
f 1831/1831/1831 1843/1843/1843 1842/1842/1842
f 1832/1832/1832 1833/1833/1833 1844/1844/1844
f 1832/1832/1832 1844/1844/1844 1843/1843/1843
f 1833/1833/1833 1834/1834/1834 1845/1845/1845
f 1833/1833/1833 1845/1845/1845 1844/1844/1844
f 1834/1834/1834 1835/1835/1835 1846/1846/1846
f 1834/1834/1834 1846/1846/1846 1845/1845/1845
f 1835/1835/1835 1836/1836/1836 1847/1847/1847
f 1835/1835/1835 1847/1847/1847 1846/1846/1846
f 1836/1836/1836 1837/1837/1837 1848/1848/1848
f 1836/1836/1836 1848/1848/1848 1847/1847/1847
f 1837/1837/1837 1838/1838/1838 1849/1849/1849
f 1837/1837/1837 1849/1849/1849 1848/1848/1848
f 1839/1839/1839 1840/1840/1840 1851/1851/1851
f 1839/1839/1839 1851/1851/1851 1850/1850/1850
f 1840/1840/1840 1841/1841/1841 1852/1852/1852
f 1840/1840/1840 1852/1852/1852 1851/1851/1851
f 1841/1841/1841 1842/1842/1842 1853/1853/1853
f 1841/1841/1841 1853/1853/1853 1852/1852/1852
f 1842/1842/1842 1843/1843/1843 1854/1854/1854
f 1842/1842/1842 1854/1854/1854 1853/1853/1853
f 1843/1843/1843 1844/1844/1844 1855/1855/1855
f 1843/1843/1843 1855/1855/1855 1854/1854/1854
f 1844/1844/1844 1845/1845/1845 1856/1856/1856
f 1844/1844/1844 1856/1856/1856 1855/1855/1855
f 1845/1845/1845 1846/1846/1846 1857/1857/1857
f 1845/1845/1845 1857/1857/1857 1856/1856/1856
f 1846/1846/1846 1847/1847/1847 1858/1858/1858
f 1846/1846/1846 1858/1858/1858 1857/1857/1857
f 1847/1847/1847 1848/1848/1848 1859/1859/1859
f 1847/1847/1847 1859/1859/1859 1858/1858/1858
f 1848/1848/1848 1849/1849/1849 1860/1860/1860
f 1848/1848/1848 1860/1860/1860 1859/1859/1859
f 1850/1850/1850 1851/1851/1851 1862/1862/1862
f 1850/1850/1850 1862/1862/1862 1861/1861/1861
f 1851/1851/1851 1852/1852/1852 1863/1863/1863
f 1851/1851/1851 1863/1863/1863 1862/1862/1862
f 1852/1852/1852 1853/1853/1853 1864/1864/1864
f 1852/1852/1852 1864/1864/1864 1863/1863/1863
f 1853/1853/1853 1854/1854/1854 1865/1865/1865
f 1853/1853/1853 1865/1865/1865 1864/1864/1864
f 1854/1854/1854 1855/1855/1855 1866/1866/1866
f 1854/1854/1854 1866/1866/1866 1865/1865/1865
f 1855/1855/1855 1856/1856/1856 1867/1867/1867
f 1855/1855/1855 1867/1867/1867 1866/1866/1866
f 1856/1856/1856 1857/1857/1857 1868/1868/1868
f 1856/1856/1856 1868/1868/1868 1867/1867/1867
f 1857/1857/1857 1858/1858/1858 1869/1869/1869
f 1857/1857/1857 1869/1869/1869 1868/1868/1868
f 1858/1858/1858 1859/1859/1859 1870/1870/1870
f 1858/1858/1858 1870/1870/1870 1869/1869/1869
f 1859/1859/1859 1860/1860/1860 1871/1871/1871
f 1859/1859/1859 1871/1871/1871 1870/1870/1870
f 1861/1861/1861 1862/1862/1862 1873/1873/1873
f 1861/1861/1861 1873/1873/1873 1872/1872/1872
f 1862/1862/1862 1863/1863/1863 1874/1874/1874
f 1862/1862/1862 1874/1874/1874 1873/1873/1873
f 1863/1863/1863 1864/1864/1864 1875/1875/1875
f 1863/1863/1863 1875/1875/1875 1874/1874/1874
f 1864/1864/1864 1865/1865/1865 1876/1876/1876
f 1864/1864/1864 1876/1876/1876 1875/1875/1875
f 1865/1865/1865 1866/1866/1866 1877/1877/1877
f 1865/1865/1865 1877/1877/1877 1876/1876/1876
f 1866/1866/1866 1867/1867/1867 1878/1878/1878
f 1866/1866/1866 1878/1878/1878 1877/1877/1877
f 1867/1867/1867 1868/1868/1868 1879/1879/1879
f 1867/1867/1867 1879/1879/1879 1878/1878/1878
f 1868/1868/1868 1869/1869/1869 1880/1880/1880
f 1868/1868/1868 1880/1880/1880 1879/1879/1879
f 1869/1869/1869 1870/1870/1870 1881/1881/1881
f 1869/1869/1869 1881/1881/1881 1880/1880/1880
f 1870/1870/1870 1871/1871/1871 1882/1882/1882
f 1870/1870/1870 1882/1882/1882 1881/1881/1881
f 1872/1872/1872 1873/1873/1873 1884/1884/1884
f 1872/1872/1872 1884/1884/1884 1883/1883/1883
f 1873/1873/1873 1874/1874/1874 1885/1885/1885
f 1873/1873/1873 1885/1885/1885 1884/1884/1884
f 1874/1874/1874 1875/1875/1875 1886/1886/1886
f 1874/1874/1874 1886/1886/1886 1885/1885/1885
f 1875/1875/1875 1876/1876/1876 1887/1887/1887
f 1875/1875/1875 1887/1887/1887 1886/1886/1886
f 1876/1876/1876 1877/1877/1877 1888/1888/1888
f 1876/1876/1876 1888/1888/1888 1887/1887/1887
f 1877/1877/1877 1878/1878/1878 1889/1889/1889
f 1877/1877/1877 1889/1889/1889 1888/1888/1888
f 1878/1878/1878 1879/1879/1879 1890/1890/1890
f 1878/1878/1878 1890/1890/1890 1889/1889/1889
f 1879/1879/1879 1880/1880/1880 1891/1891/1891
f 1879/1879/1879 1891/1891/1891 1890/1890/1890
f 1880/1880/1880 1881/1881/1881 1892/1892/1892
f 1880/1880/1880 1892/1892/1892 1891/1891/1891
f 1881/1881/1881 1882/1882/1882 1893/1893/1893
f 1881/1881/1881 1893/1893/1893 1892/1892/1892
f 1894/1894/1894 1895/1895/1895 1906/1906/1906
f 1894/1894/1894 1906/1906/1906 1905/1905/1905
f 1895/1895/1895 1896/1896/1896 1907/1907/1907
f 1895/1895/1895 1907/1907/1907 1906/1906/1906
f 1896/1896/1896 1897/1897/1897 1908/1908/1908
f 1896/1896/1896 1908/1908/1908 1907/1907/1907
f 1897/1897/1897 1898/1898/1898 1909/1909/1909
f 1897/1897/1897 1909/1909/1909 1908/1908/1908
f 1898/1898/1898 1899/1899/1899 1910/1910/1910
f 1898/1898/1898 1910/1910/1910 1909/1909/1909
f 1899/1899/1899 1900/1900/1900 1911/1911/1911
f 1899/1899/1899 1911/1911/1911 1910/1910/1910
f 1900/1900/1900 1901/1901/1901 1912/1912/1912
f 1900/1900/1900 1912/1912/1912 1911/1911/1911
f 1901/1901/1901 1902/1902/1902 1913/1913/1913
f 1901/1901/1901 1913/1913/1913 1912/1912/1912
f 1902/1902/1902 1903/1903/1903 1914/1914/1914
f 1902/1902/1902 1914/1914/1914 1913/1913/1913
f 1903/1903/1903 1904/1904/1904 1915/1915/1915
f 1903/1903/1903 1915/1915/1915 1914/1914/1914
f 1905/1905/1905 1906/1906/1906 1917/1917/1917
f 1905/1905/1905 1917/1917/1917 1916/1916/1916
f 1906/1906/1906 1907/1907/1907 1918/1918/1918
f 1906/1906/1906 1918/1918/1918 1917/1917/1917
f 1907/1907/1907 1908/1908/1908 1919/1919/1919
f 1907/1907/1907 1919/1919/1919 1918/1918/1918
f 1908/1908/1908 1909/1909/1909 1920/1920/1920
f 1908/1908/1908 1920/1920/1920 1919/1919/1919
f 1909/1909/1909 1910/1910/1910 1921/1921/1921
f 1909/1909/1909 1921/1921/1921 1920/1920/1920
f 1910/1910/1910 1911/1911/1911 1922/1922/1922
f 1910/1910/1910 1922/1922/1922 1921/1921/1921
f 1911/1911/1911 1912/1912/1912 1923/1923/1923
f 1911/1911/1911 1923/1923/1923 1922/1922/1922
f 1912/1912/1912 1913/1913/1913 1924/1924/1924
f 1912/1912/1912 1924/1924/1924 1923/1923/1923
f 1913/1913/1913 1914/1914/1914 1925/1925/1925
f 1913/1913/1913 1925/1925/1925 1924/1924/1924
f 1914/1914/1914 1915/1915/1915 1926/1926/1926
f 1914/1914/1914 1926/1926/1926 1925/1925/1925
f 1916/1916/1916 1917/1917/1917 1928/1928/1928
f 1916/1916/1916 1928/1928/1928 1927/1927/1927
f 1917/1917/1917 1918/1918/1918 1929/1929/1929
f 1917/1917/1917 1929/1929/1929 1928/1928/1928
f 1918/1918/1918 1919/1919/1919 1930/1930/1930
f 1918/1918/1918 1930/1930/1930 1929/1929/1929
f 1919/1919/1919 1920/1920/1920 1931/1931/1931
f 1919/1919/1919 1931/1931/1931 1930/1930/1930
f 1920/1920/1920 1921/1921/1921 1932/1932/1932
f 1920/1920/1920 1932/1932/1932 1931/1931/1931
f 1921/1921/1921 1922/1922/1922 1933/1933/1933
f 1921/1921/1921 1933/1933/1933 1932/1932/1932
f 1922/1922/1922 1923/1923/1923 1934/1934/1934
f 1922/1922/1922 1934/1934/1934 1933/1933/1933
f 1923/1923/1923 1924/1924/1924 1935/1935/1935
f 1923/1923/1923 1935/1935/1935 1934/1934/1934
f 1924/1924/1924 1925/1925/1925 1936/1936/1936
f 1924/1924/1924 1936/1936/1936 1935/1935/1935
f 1925/1925/1925 1926/1926/1926 1937/1937/1937
f 1925/1925/1925 1937/1937/1937 1936/1936/1936
f 1927/1927/1927 1928/1928/1928 1939/1939/1939
f 1927/1927/1927 1939/1939/1939 1938/1938/1938
f 1928/1928/1928 1929/1929/1929 1940/1940/1940
f 1928/1928/1928 1940/1940/1940 1939/1939/1939
f 1929/1929/1929 1930/1930/1930 1941/1941/1941
f 1929/1929/1929 1941/1941/1941 1940/1940/1940
f 1930/1930/1930 1931/1931/1931 1942/1942/1942
f 1930/1930/1930 1942/1942/1942 1941/1941/1941
f 1931/1931/1931 1932/1932/1932 1943/1943/1943
f 1931/1931/1931 1943/1943/1943 1942/1942/1942
f 1932/1932/1932 1933/1933/1933 1944/1944/1944
f 1932/1932/1932 1944/1944/1944 1943/1943/1943
f 1933/1933/1933 1934/1934/1934 1945/1945/1945
f 1933/1933/1933 1945/1945/1945 1944/1944/1944
f 1934/1934/1934 1935/1935/1935 1946/1946/1946
f 1934/1934/1934 1946/1946/1946 1945/1945/1945
f 1935/1935/1935 1936/1936/1936 1947/1947/1947
f 1935/1935/1935 1947/1947/1947 1946/1946/1946
f 1936/1936/1936 1937/1937/1937 1948/1948/1948
f 1936/1936/1936 1948/1948/1948 1947/1947/1947
f 1938/1938/1938 1939/1939/1939 1950/1950/1950
f 1938/1938/1938 1950/1950/1950 1949/1949/1949
f 1939/1939/1939 1940/1940/1940 1951/1951/1951
f 1939/1939/1939 1951/1951/1951 1950/1950/1950
f 1940/1940/1940 1941/1941/1941 1952/1952/1952
f 1940/1940/1940 1952/1952/1952 1951/1951/1951
f 1941/1941/1941 1942/1942/1942 1953/1953/1953
f 1941/1941/1941 1953/1953/1953 1952/1952/1952
f 1942/1942/1942 1943/1943/1943 1954/1954/1954
f 1942/1942/1942 1954/1954/1954 1953/1953/1953
f 1943/1943/1943 1944/1944/1944 1955/1955/1955
f 1943/1943/1943 1955/1955/1955 1954/1954/1954
f 1944/1944/1944 1945/1945/1945 1956/1956/1956
f 1944/1944/1944 1956/1956/1956 1955/1955/1955
f 1945/1945/1945 1946/1946/1946 1957/1957/1957
f 1945/1945/1945 1957/1957/1957 1956/1956/1956
f 1946/1946/1946 1947/1947/1947 1958/1958/1958
f 1946/1946/1946 1958/1958/1958 1957/1957/1957
f 1947/1947/1947 1948/1948/1948 1959/1959/1959
f 1947/1947/1947 1959/1959/1959 1958/1958/1958
f 1949/1949/1949 1950/1950/1950 1961/1961/1961
f 1949/1949/1949 1961/1961/1961 1960/1960/1960
f 1950/1950/1950 1951/1951/1951 1962/1962/1962
f 1950/1950/1950 1962/1962/1962 1961/1961/1961
f 1951/1951/1951 1952/1952/1952 1963/1963/1963
f 1951/1951/1951 1963/1963/1963 1962/1962/1962
f 1952/1952/1952 1953/1953/1953 1964/1964/1964
f 1952/1952/1952 1964/1964/1964 1963/1963/1963
f 1953/1953/1953 1954/1954/1954 1965/1965/1965
f 1953/1953/1953 1965/1965/1965 1964/1964/1964
f 1954/1954/1954 1955/1955/1955 1966/1966/1966
f 1954/1954/1954 1966/1966/1966 1965/1965/1965
f 1955/1955/1955 1956/1956/1956 1967/1967/1967
f 1955/1955/1955 1967/1967/1967 1966/1966/1966
f 1956/1956/1956 1957/1957/1957 1968/1968/1968
f 1956/1956/1956 1968/1968/1968 1967/1967/1967
f 1957/1957/1957 1958/1958/1958 1969/1969/1969
f 1957/1957/1957 1969/1969/1969 1968/1968/1968
f 1958/1958/1958 1959/1959/1959 1970/1970/1970
f 1958/1958/1958 1970/1970/1970 1969/1969/1969
f 1971/1971/1971 1972/1972/1972 1983/1983/1983
f 1971/1971/1971 1983/1983/1983 1982/1982/1982
f 1972/1972/1972 1973/1973/1973 1984/1984/1984
f 1972/1972/1972 1984/1984/1984 1983/1983/1983
f 1973/1973/1973 1974/1974/1974 1985/1985/1985
f 1973/1973/1973 1985/1985/1985 1984/1984/1984
f 1974/1974/1974 1975/1975/1975 1986/1986/1986
f 1974/1974/1974 1986/1986/1986 1985/1985/1985
f 1975/1975/1975 1976/1976/1976 1987/1987/1987
f 1975/1975/1975 1987/1987/1987 1986/1986/1986
f 1976/1976/1976 1977/1977/1977 1988/1988/1988
f 1976/1976/1976 1988/1988/1988 1987/1987/1987
f 1977/1977/1977 1978/1978/1978 1989/1989/1989
f 1977/1977/1977 1989/1989/1989 1988/1988/1988
f 1978/1978/1978 1979/1979/1979 1990/1990/1990
f 1978/1978/1978 1990/1990/1990 1989/1989/1989
f 1979/1979/1979 1980/1980/1980 1991/1991/1991
f 1979/1979/1979 1991/1991/1991 1990/1990/1990
f 1980/1980/1980 1981/1981/1981 1992/1992/1992
f 1980/1980/1980 1992/1992/1992 1991/1991/1991
f 1982/1982/1982 1983/1983/1983 1994/1994/1994
f 1982/1982/1982 1994/1994/1994 1993/1993/1993
f 1983/1983/1983 1984/1984/1984 1995/1995/1995
f 1983/1983/1983 1995/1995/1995 1994/1994/1994
f 1984/1984/1984 1985/1985/1985 1996/1996/1996
f 1984/1984/1984 1996/1996/1996 1995/1995/1995
f 1985/1985/1985 1986/1986/1986 1997/1997/1997
f 1985/1985/1985 1997/1997/1997 1996/1996/1996
f 1986/1986/1986 1987/1987/1987 1998/1998/1998
f 1986/1986/1986 1998/1998/1998 1997/1997/1997
f 1987/1987/1987 1988/1988/1988 1999/1999/1999
f 1987/1987/1987 1999/1999/1999 1998/1998/1998
f 1988/1988/1988 1989/1989/1989 2000/2000/2000
f 1988/1988/1988 2000/2000/2000 1999/1999/1999
f 1989/1989/1989 1990/1990/1990 2001/2001/2001
f 1989/1989/1989 2001/2001/2001 2000/2000/2000
f 1990/1990/1990 1991/1991/1991 2002/2002/2002
f 1990/1990/1990 2002/2002/2002 2001/2001/2001
f 1991/1991/1991 1992/1992/1992 2003/2003/2003
f 1991/1991/1991 2003/2003/2003 2002/2002/2002
f 1993/1993/1993 1994/1994/1994 2005/2005/2005
f 1993/1993/1993 2005/2005/2005 2004/2004/2004
f 1994/1994/1994 1995/1995/1995 2006/2006/2006
f 1994/1994/1994 2006/2006/2006 2005/2005/2005
f 1995/1995/1995 1996/1996/1996 2007/2007/2007
f 1995/1995/1995 2007/2007/2007 2006/2006/2006
f 1996/1996/1996 1997/1997/1997 2008/2008/2008
f 1996/1996/1996 2008/2008/2008 2007/2007/2007
f 1997/1997/1997 1998/1998/1998 2009/2009/2009
f 1997/1997/1997 2009/2009/2009 2008/2008/2008
f 1998/1998/1998 1999/1999/1999 2010/2010/2010
f 1998/1998/1998 2010/2010/2010 2009/2009/2009
f 1999/1999/1999 2000/2000/2000 2011/2011/2011
f 1999/1999/1999 2011/2011/2011 2010/2010/2010
f 2000/2000/2000 2001/2001/2001 2012/2012/2012
f 2000/2000/2000 2012/2012/2012 2011/2011/2011
f 2001/2001/2001 2002/2002/2002 2013/2013/2013
f 2001/2001/2001 2013/2013/2013 2012/2012/2012
f 2002/2002/2002 2003/2003/2003 2014/2014/2014
f 2002/2002/2002 2014/2014/2014 2013/2013/2013
f 2004/2004/2004 2005/2005/2005 2016/2016/2016
f 2004/2004/2004 2016/2016/2016 2015/2015/2015
f 2005/2005/2005 2006/2006/2006 2017/2017/2017
f 2005/2005/2005 2017/2017/2017 2016/2016/2016
f 2006/2006/2006 2007/2007/2007 2018/2018/2018
f 2006/2006/2006 2018/2018/2018 2017/2017/2017
f 2007/2007/2007 2008/2008/2008 2019/2019/2019
f 2007/2007/2007 2019/2019/2019 2018/2018/2018
f 2008/2008/2008 2009/2009/2009 2020/2020/2020
f 2008/2008/2008 2020/2020/2020 2019/2019/2019
f 2009/2009/2009 2010/2010/2010 2021/2021/2021
f 2009/2009/2009 2021/2021/2021 2020/2020/2020
f 2010/2010/2010 2011/2011/2011 2022/2022/2022
f 2010/2010/2010 2022/2022/2022 2021/2021/2021
f 2011/2011/2011 2012/2012/2012 2023/2023/2023
f 2011/2011/2011 2023/2023/2023 2022/2022/2022
f 2012/2012/2012 2013/2013/2013 2024/2024/2024
f 2012/2012/2012 2024/2024/2024 2023/2023/2023
f 2013/2013/2013 2014/2014/2014 2025/2025/2025
f 2013/2013/2013 2025/2025/2025 2024/2024/2024
f 2015/2015/2015 2016/2016/2016 2027/2027/2027
f 2015/2015/2015 2027/2027/2027 2026/2026/2026
f 2016/2016/2016 2017/2017/2017 2028/2028/2028
f 2016/2016/2016 2028/2028/2028 2027/2027/2027
f 2017/2017/2017 2018/2018/2018 2029/2029/2029
f 2017/2017/2017 2029/2029/2029 2028/2028/2028
f 2018/2018/2018 2019/2019/2019 2030/2030/2030
f 2018/2018/2018 2030/2030/2030 2029/2029/2029
f 2019/2019/2019 2020/2020/2020 2031/2031/2031
f 2019/2019/2019 2031/2031/2031 2030/2030/2030
f 2020/2020/2020 2021/2021/2021 2032/2032/2032
f 2020/2020/2020 2032/2032/2032 2031/2031/2031
f 2021/2021/2021 2022/2022/2022 2033/2033/2033
f 2021/2021/2021 2033/2033/2033 2032/2032/2032
f 2022/2022/2022 2023/2023/2023 2034/2034/2034
f 2022/2022/2022 2034/2034/2034 2033/2033/2033
f 2023/2023/2023 2024/2024/2024 2035/2035/2035
f 2023/2023/2023 2035/2035/2035 2034/2034/2034
f 2024/2024/2024 2025/2025/2025 2036/2036/2036
f 2024/2024/2024 2036/2036/2036 2035/2035/2035
f 2026/2026/2026 2027/2027/2027 2038/2038/2038
f 2026/2026/2026 2038/2038/2038 2037/2037/2037
f 2027/2027/2027 2028/2028/2028 2039/2039/2039
f 2027/2027/2027 2039/2039/2039 2038/2038/2038
f 2028/2028/2028 2029/2029/2029 2040/2040/2040
f 2028/2028/2028 2040/2040/2040 2039/2039/2039
f 2029/2029/2029 2030/2030/2030 2041/2041/2041
f 2029/2029/2029 2041/2041/2041 2040/2040/2040
f 2030/2030/2030 2031/2031/2031 2042/2042/2042
f 2030/2030/2030 2042/2042/2042 2041/2041/2041
f 2031/2031/2031 2032/2032/2032 2043/2043/2043
f 2031/2031/2031 2043/2043/2043 2042/2042/2042
f 2032/2032/2032 2033/2033/2033 2044/2044/2044
f 2032/2032/2032 2044/2044/2044 2043/2043/2043
f 2033/2033/2033 2034/2034/2034 2045/2045/2045
f 2033/2033/2033 2045/2045/2045 2044/2044/2044
f 2034/2034/2034 2035/2035/2035 2046/2046/2046
f 2034/2034/2034 2046/2046/2046 2045/2045/2045
f 2035/2035/2035 2036/2036/2036 2047/2047/2047
f 2035/2035/2035 2047/2047/2047 2046/2046/2046
f 2048/2048/2048 2049/2049/2049 2060/2060/2060
f 2048/2048/2048 2060/2060/2060 2059/2059/2059
f 2049/2049/2049 2050/2050/2050 2061/2061/2061
f 2049/2049/2049 2061/2061/2061 2060/2060/2060
f 2050/2050/2050 2051/2051/2051 2062/2062/2062
f 2050/2050/2050 2062/2062/2062 2061/2061/2061
f 2051/2051/2051 2052/2052/2052 2063/2063/2063
f 2051/2051/2051 2063/2063/2063 2062/2062/2062
f 2052/2052/2052 2053/2053/2053 2064/2064/2064
f 2052/2052/2052 2064/2064/2064 2063/2063/2063
f 2053/2053/2053 2054/2054/2054 2065/2065/2065
f 2053/2053/2053 2065/2065/2065 2064/2064/2064
f 2054/2054/2054 2055/2055/2055 2066/2066/2066
f 2054/2054/2054 2066/2066/2066 2065/2065/2065
f 2055/2055/2055 2056/2056/2056 2067/2067/2067
f 2055/2055/2055 2067/2067/2067 2066/2066/2066
f 2056/2056/2056 2057/2057/2057 2068/2068/2068
f 2056/2056/2056 2068/2068/2068 2067/2067/2067
f 2057/2057/2057 2058/2058/2058 2069/2069/2069
f 2057/2057/2057 2069/2069/2069 2068/2068/2068
f 2059/2059/2059 2060/2060/2060 2071/2071/2071
f 2059/2059/2059 2071/2071/2071 2070/2070/2070
f 2060/2060/2060 2061/2061/2061 2072/2072/2072
f 2060/2060/2060 2072/2072/2072 2071/2071/2071
f 2061/2061/2061 2062/2062/2062 2073/2073/2073
f 2061/2061/2061 2073/2073/2073 2072/2072/2072
f 2062/2062/2062 2063/2063/2063 2074/2074/2074
f 2062/2062/2062 2074/2074/2074 2073/2073/2073
f 2063/2063/2063 2064/2064/2064 2075/2075/2075
f 2063/2063/2063 2075/2075/2075 2074/2074/2074
f 2064/2064/2064 2065/2065/2065 2076/2076/2076
f 2064/2064/2064 2076/2076/2076 2075/2075/2075
f 2065/2065/2065 2066/2066/2066 2077/2077/2077
f 2065/2065/2065 2077/2077/2077 2076/2076/2076
f 2066/2066/2066 2067/2067/2067 2078/2078/2078
f 2066/2066/2066 2078/2078/2078 2077/2077/2077
f 2067/2067/2067 2068/2068/2068 2079/2079/2079
f 2067/2067/2067 2079/2079/2079 2078/2078/2078
f 2068/2068/2068 2069/2069/2069 2080/2080/2080
f 2068/2068/2068 2080/2080/2080 2079/2079/2079
f 2070/2070/2070 2071/2071/2071 2082/2082/2082
f 2070/2070/2070 2082/2082/2082 2081/2081/2081
f 2071/2071/2071 2072/2072/2072 2083/2083/2083
f 2071/2071/2071 2083/2083/2083 2082/2082/2082
f 2072/2072/2072 2073/2073/2073 2084/2084/2084
f 2072/2072/2072 2084/2084/2084 2083/2083/2083
f 2073/2073/2073 2074/2074/2074 2085/2085/2085
f 2073/2073/2073 2085/2085/2085 2084/2084/2084
f 2074/2074/2074 2075/2075/2075 2086/2086/2086
f 2074/2074/2074 2086/2086/2086 2085/2085/2085
f 2075/2075/2075 2076/2076/2076 2087/2087/2087
f 2075/2075/2075 2087/2087/2087 2086/2086/2086
f 2076/2076/2076 2077/2077/2077 2088/2088/2088
f 2076/2076/2076 2088/2088/2088 2087/2087/2087
f 2077/2077/2077 2078/2078/2078 2089/2089/2089
f 2077/2077/2077 2089/2089/2089 2088/2088/2088
f 2078/2078/2078 2079/2079/2079 2090/2090/2090
f 2078/2078/2078 2090/2090/2090 2089/2089/2089
f 2079/2079/2079 2080/2080/2080 2091/2091/2091
f 2079/2079/2079 2091/2091/2091 2090/2090/2090
f 2081/2081/2081 2082/2082/2082 2093/2093/2093
f 2081/2081/2081 2093/2093/2093 2092/2092/2092
f 2082/2082/2082 2083/2083/2083 2094/2094/2094
f 2082/2082/2082 2094/2094/2094 2093/2093/2093
f 2083/2083/2083 2084/2084/2084 2095/2095/2095
f 2083/2083/2083 2095/2095/2095 2094/2094/2094
f 2084/2084/2084 2085/2085/2085 2096/2096/2096
f 2084/2084/2084 2096/2096/2096 2095/2095/2095
f 2085/2085/2085 2086/2086/2086 2097/2097/2097
f 2085/2085/2085 2097/2097/2097 2096/2096/2096
f 2086/2086/2086 2087/2087/2087 2098/2098/2098
f 2086/2086/2086 2098/2098/2098 2097/2097/2097
f 2087/2087/2087 2088/2088/2088 2099/2099/2099
f 2087/2087/2087 2099/2099/2099 2098/2098/2098
f 2088/2088/2088 2089/2089/2089 2100/2100/2100
f 2088/2088/2088 2100/2100/2100 2099/2099/2099
f 2089/2089/2089 2090/2090/2090 2101/2101/2101
f 2089/2089/2089 2101/2101/2101 2100/2100/2100
f 2090/2090/2090 2091/2091/2091 2102/2102/2102
f 2090/2090/2090 2102/2102/2102 2101/2101/2101
f 2092/2092/2092 2093/2093/2093 2104/2104/2104
f 2092/2092/2092 2104/2104/2104 2103/2103/2103
f 2093/2093/2093 2094/2094/2094 2105/2105/2105
f 2093/2093/2093 2105/2105/2105 2104/2104/2104
f 2094/2094/2094 2095/2095/2095 2106/2106/2106
f 2094/2094/2094 2106/2106/2106 2105/2105/2105
f 2095/2095/2095 2096/2096/2096 2107/2107/2107
f 2095/2095/2095 2107/2107/2107 2106/2106/2106
f 2096/2096/2096 2097/2097/2097 2108/2108/2108
f 2096/2096/2096 2108/2108/2108 2107/2107/2107
f 2097/2097/2097 2098/2098/2098 2109/2109/2109
f 2097/2097/2097 2109/2109/2109 2108/2108/2108
f 2098/2098/2098 2099/2099/2099 2110/2110/2110
f 2098/2098/2098 2110/2110/2110 2109/2109/2109
f 2099/2099/2099 2100/2100/2100 2111/2111/2111
f 2099/2099/2099 2111/2111/2111 2110/2110/2110
f 2100/2100/2100 2101/2101/2101 2112/2112/2112
f 2100/2100/2100 2112/2112/2112 2111/2111/2111
f 2101/2101/2101 2102/2102/2102 2113/2113/2113
f 2101/2101/2101 2113/2113/2113 2112/2112/2112
f 2103/2103/2103 2104/2104/2104 2115/2115/2115
f 2103/2103/2103 2115/2115/2115 2114/2114/2114
f 2104/2104/2104 2105/2105/2105 2116/2116/2116
f 2104/2104/2104 2116/2116/2116 2115/2115/2115
f 2105/2105/2105 2106/2106/2106 2117/2117/2117
f 2105/2105/2105 2117/2117/2117 2116/2116/2116
f 2106/2106/2106 2107/2107/2107 2118/2118/2118
f 2106/2106/2106 2118/2118/2118 2117/2117/2117
f 2107/2107/2107 2108/2108/2108 2119/2119/2119
f 2107/2107/2107 2119/2119/2119 2118/2118/2118
f 2108/2108/2108 2109/2109/2109 2120/2120/2120
f 2108/2108/2108 2120/2120/2120 2119/2119/2119
f 2109/2109/2109 2110/2110/2110 2121/2121/2121
f 2109/2109/2109 2121/2121/2121 2120/2120/2120
f 2110/2110/2110 2111/2111/2111 2122/2122/2122
f 2110/2110/2110 2122/2122/2122 2121/2121/2121
f 2111/2111/2111 2112/2112/2112 2123/2123/2123
f 2111/2111/2111 2123/2123/2123 2122/2122/2122
f 2112/2112/2112 2113/2113/2113 2124/2124/2124
f 2112/2112/2112 2124/2124/2124 2123/2123/2123
f 2125/2125/2125 2126/2126/2126 2137/2137/2137
f 2125/2125/2125 2137/2137/2137 2136/2136/2136
f 2126/2126/2126 2127/2127/2127 2138/2138/2138
f 2126/2126/2126 2138/2138/2138 2137/2137/2137
f 2127/2127/2127 2128/2128/2128 2139/2139/2139
f 2127/2127/2127 2139/2139/2139 2138/2138/2138
f 2128/2128/2128 2129/2129/2129 2140/2140/2140
f 2128/2128/2128 2140/2140/2140 2139/2139/2139
f 2129/2129/2129 2130/2130/2130 2141/2141/2141
f 2129/2129/2129 2141/2141/2141 2140/2140/2140
f 2130/2130/2130 2131/2131/2131 2142/2142/2142
f 2130/2130/2130 2142/2142/2142 2141/2141/2141
f 2131/2131/2131 2132/2132/2132 2143/2143/2143
f 2131/2131/2131 2143/2143/2143 2142/2142/2142
f 2132/2132/2132 2133/2133/2133 2144/2144/2144
f 2132/2132/2132 2144/2144/2144 2143/2143/2143
f 2133/2133/2133 2134/2134/2134 2145/2145/2145
f 2133/2133/2133 2145/2145/2145 2144/2144/2144
f 2134/2134/2134 2135/2135/2135 2146/2146/2146
f 2134/2134/2134 2146/2146/2146 2145/2145/2145
f 2136/2136/2136 2137/2137/2137 2148/2148/2148
f 2136/2136/2136 2148/2148/2148 2147/2147/2147
f 2137/2137/2137 2138/2138/2138 2149/2149/2149
f 2137/2137/2137 2149/2149/2149 2148/2148/2148
f 2138/2138/2138 2139/2139/2139 2150/2150/2150
f 2138/2138/2138 2150/2150/2150 2149/2149/2149
f 2139/2139/2139 2140/2140/2140 2151/2151/2151
f 2139/2139/2139 2151/2151/2151 2150/2150/2150
f 2140/2140/2140 2141/2141/2141 2152/2152/2152
f 2140/2140/2140 2152/2152/2152 2151/2151/2151
f 2141/2141/2141 2142/2142/2142 2153/2153/2153
f 2141/2141/2141 2153/2153/2153 2152/2152/2152
f 2142/2142/2142 2143/2143/2143 2154/2154/2154
f 2142/2142/2142 2154/2154/2154 2153/2153/2153
f 2143/2143/2143 2144/2144/2144 2155/2155/2155
f 2143/2143/2143 2155/2155/2155 2154/2154/2154
f 2144/2144/2144 2145/2145/2145 2156/2156/2156
f 2144/2144/2144 2156/2156/2156 2155/2155/2155
f 2145/2145/2145 2146/2146/2146 2157/2157/2157
f 2145/2145/2145 2157/2157/2157 2156/2156/2156
f 2147/2147/2147 2148/2148/2148 2159/2159/2159
f 2147/2147/2147 2159/2159/2159 2158/2158/2158
f 2148/2148/2148 2149/2149/2149 2160/2160/2160
f 2148/2148/2148 2160/2160/2160 2159/2159/2159
f 2149/2149/2149 2150/2150/2150 2161/2161/2161
f 2149/2149/2149 2161/2161/2161 2160/2160/2160
f 2150/2150/2150 2151/2151/2151 2162/2162/2162
f 2150/2150/2150 2162/2162/2162 2161/2161/2161
f 2151/2151/2151 2152/2152/2152 2163/2163/2163
f 2151/2151/2151 2163/2163/2163 2162/2162/2162
f 2152/2152/2152 2153/2153/2153 2164/2164/2164
f 2152/2152/2152 2164/2164/2164 2163/2163/2163
f 2153/2153/2153 2154/2154/2154 2165/2165/2165
f 2153/2153/2153 2165/2165/2165 2164/2164/2164
f 2154/2154/2154 2155/2155/2155 2166/2166/2166
f 2154/2154/2154 2166/2166/2166 2165/2165/2165
f 2155/2155/2155 2156/2156/2156 2167/2167/2167
f 2155/2155/2155 2167/2167/2167 2166/2166/2166
f 2156/2156/2156 2157/2157/2157 2168/2168/2168
f 2156/2156/2156 2168/2168/2168 2167/2167/2167
f 2158/2158/2158 2159/2159/2159 2170/2170/2170
f 2158/2158/2158 2170/2170/2170 2169/2169/2169
f 2159/2159/2159 2160/2160/2160 2171/2171/2171
f 2159/2159/2159 2171/2171/2171 2170/2170/2170
f 2160/2160/2160 2161/2161/2161 2172/2172/2172
f 2160/2160/2160 2172/2172/2172 2171/2171/2171
f 2161/2161/2161 2162/2162/2162 2173/2173/2173
f 2161/2161/2161 2173/2173/2173 2172/2172/2172
f 2162/2162/2162 2163/2163/2163 2174/2174/2174
f 2162/2162/2162 2174/2174/2174 2173/2173/2173
f 2163/2163/2163 2164/2164/2164 2175/2175/2175
f 2163/2163/2163 2175/2175/2175 2174/2174/2174
f 2164/2164/2164 2165/2165/2165 2176/2176/2176
f 2164/2164/2164 2176/2176/2176 2175/2175/2175
f 2165/2165/2165 2166/2166/2166 2177/2177/2177
f 2165/2165/2165 2177/2177/2177 2176/2176/2176
f 2166/2166/2166 2167/2167/2167 2178/2178/2178
f 2166/2166/2166 2178/2178/2178 2177/2177/2177
f 2167/2167/2167 2168/2168/2168 2179/2179/2179
f 2167/2167/2167 2179/2179/2179 2178/2178/2178
f 2169/2169/2169 2170/2170/2170 2181/2181/2181
f 2169/2169/2169 2181/2181/2181 2180/2180/2180
f 2170/2170/2170 2171/2171/2171 2182/2182/2182
f 2170/2170/2170 2182/2182/2182 2181/2181/2181
f 2171/2171/2171 2172/2172/2172 2183/2183/2183
f 2171/2171/2171 2183/2183/2183 2182/2182/2182
f 2172/2172/2172 2173/2173/2173 2184/2184/2184
f 2172/2172/2172 2184/2184/2184 2183/2183/2183
f 2173/2173/2173 2174/2174/2174 2185/2185/2185
f 2173/2173/2173 2185/2185/2185 2184/2184/2184
f 2174/2174/2174 2175/2175/2175 2186/2186/2186
f 2174/2174/2174 2186/2186/2186 2185/2185/2185
f 2175/2175/2175 2176/2176/2176 2187/2187/2187
f 2175/2175/2175 2187/2187/2187 2186/2186/2186
f 2176/2176/2176 2177/2177/2177 2188/2188/2188
f 2176/2176/2176 2188/2188/2188 2187/2187/2187
f 2177/2177/2177 2178/2178/2178 2189/2189/2189
f 2177/2177/2177 2189/2189/2189 2188/2188/2188
f 2178/2178/2178 2179/2179/2179 2190/2190/2190
f 2178/2178/2178 2190/2190/2190 2189/2189/2189
f 2180/2180/2180 2181/2181/2181 2192/2192/2192
f 2180/2180/2180 2192/2192/2192 2191/2191/2191
f 2181/2181/2181 2182/2182/2182 2193/2193/2193
f 2181/2181/2181 2193/2193/2193 2192/2192/2192
f 2182/2182/2182 2183/2183/2183 2194/2194/2194
f 2182/2182/2182 2194/2194/2194 2193/2193/2193
f 2183/2183/2183 2184/2184/2184 2195/2195/2195
f 2183/2183/2183 2195/2195/2195 2194/2194/2194
f 2184/2184/2184 2185/2185/2185 2196/2196/2196
f 2184/2184/2184 2196/2196/2196 2195/2195/2195
f 2185/2185/2185 2186/2186/2186 2197/2197/2197
f 2185/2185/2185 2197/2197/2197 2196/2196/2196
f 2186/2186/2186 2187/2187/2187 2198/2198/2198
f 2186/2186/2186 2198/2198/2198 2197/2197/2197
f 2187/2187/2187 2188/2188/2188 2199/2199/2199
f 2187/2187/2187 2199/2199/2199 2198/2198/2198
f 2188/2188/2188 2189/2189/2189 2200/2200/2200
f 2188/2188/2188 2200/2200/2200 2199/2199/2199
f 2189/2189/2189 2190/2190/2190 2201/2201/2201
f 2189/2189/2189 2201/2201/2201 2200/2200/2200
f 2202/2202/2202 2203/2203/2203 2214/2214/2214
f 2202/2202/2202 2214/2214/2214 2213/2213/2213
f 2203/2203/2203 2204/2204/2204 2215/2215/2215
f 2203/2203/2203 2215/2215/2215 2214/2214/2214
f 2204/2204/2204 2205/2205/2205 2216/2216/2216
f 2204/2204/2204 2216/2216/2216 2215/2215/2215
f 2205/2205/2205 2206/2206/2206 2217/2217/2217
f 2205/2205/2205 2217/2217/2217 2216/2216/2216
f 2206/2206/2206 2207/2207/2207 2218/2218/2218
f 2206/2206/2206 2218/2218/2218 2217/2217/2217
f 2207/2207/2207 2208/2208/2208 2219/2219/2219
f 2207/2207/2207 2219/2219/2219 2218/2218/2218
f 2208/2208/2208 2209/2209/2209 2220/2220/2220
f 2208/2208/2208 2220/2220/2220 2219/2219/2219
f 2209/2209/2209 2210/2210/2210 2221/2221/2221
f 2209/2209/2209 2221/2221/2221 2220/2220/2220
f 2210/2210/2210 2211/2211/2211 2222/2222/2222
f 2210/2210/2210 2222/2222/2222 2221/2221/2221
f 2211/2211/2211 2212/2212/2212 2223/2223/2223
f 2211/2211/2211 2223/2223/2223 2222/2222/2222
f 2213/2213/2213 2214/2214/2214 2225/2225/2225
f 2213/2213/2213 2225/2225/2225 2224/2224/2224
f 2214/2214/2214 2215/2215/2215 2226/2226/2226
f 2214/2214/2214 2226/2226/2226 2225/2225/2225
f 2215/2215/2215 2216/2216/2216 2227/2227/2227
f 2215/2215/2215 2227/2227/2227 2226/2226/2226
f 2216/2216/2216 2217/2217/2217 2228/2228/2228
f 2216/2216/2216 2228/2228/2228 2227/2227/2227
f 2217/2217/2217 2218/2218/2218 2229/2229/2229
f 2217/2217/2217 2229/2229/2229 2228/2228/2228
f 2218/2218/2218 2219/2219/2219 2230/2230/2230
f 2218/2218/2218 2230/2230/2230 2229/2229/2229
f 2219/2219/2219 2220/2220/2220 2231/2231/2231
f 2219/2219/2219 2231/2231/2231 2230/2230/2230
f 2220/2220/2220 2221/2221/2221 2232/2232/2232
f 2220/2220/2220 2232/2232/2232 2231/2231/2231
f 2221/2221/2221 2222/2222/2222 2233/2233/2233
f 2221/2221/2221 2233/2233/2233 2232/2232/2232
f 2222/2222/2222 2223/2223/2223 2234/2234/2234
f 2222/2222/2222 2234/2234/2234 2233/2233/2233
f 2224/2224/2224 2225/2225/2225 2236/2236/2236
f 2224/2224/2224 2236/2236/2236 2235/2235/2235
f 2225/2225/2225 2226/2226/2226 2237/2237/2237
f 2225/2225/2225 2237/2237/2237 2236/2236/2236
f 2226/2226/2226 2227/2227/2227 2238/2238/2238
f 2226/2226/2226 2238/2238/2238 2237/2237/2237
f 2227/2227/2227 2228/2228/2228 2239/2239/2239
f 2227/2227/2227 2239/2239/2239 2238/2238/2238
f 2228/2228/2228 2229/2229/2229 2240/2240/2240
f 2228/2228/2228 2240/2240/2240 2239/2239/2239
f 2229/2229/2229 2230/2230/2230 2241/2241/2241
f 2229/2229/2229 2241/2241/2241 2240/2240/2240
f 2230/2230/2230 2231/2231/2231 2242/2242/2242
f 2230/2230/2230 2242/2242/2242 2241/2241/2241
f 2231/2231/2231 2232/2232/2232 2243/2243/2243
f 2231/2231/2231 2243/2243/2243 2242/2242/2242
f 2232/2232/2232 2233/2233/2233 2244/2244/2244
f 2232/2232/2232 2244/2244/2244 2243/2243/2243
f 2233/2233/2233 2234/2234/2234 2245/2245/2245
f 2233/2233/2233 2245/2245/2245 2244/2244/2244
f 2235/2235/2235 2236/2236/2236 2247/2247/2247
f 2235/2235/2235 2247/2247/2247 2246/2246/2246
f 2236/2236/2236 2237/2237/2237 2248/2248/2248
f 2236/2236/2236 2248/2248/2248 2247/2247/2247
f 2237/2237/2237 2238/2238/2238 2249/2249/2249
f 2237/2237/2237 2249/2249/2249 2248/2248/2248
f 2238/2238/2238 2239/2239/2239 2250/2250/2250
f 2238/2238/2238 2250/2250/2250 2249/2249/2249
f 2239/2239/2239 2240/2240/2240 2251/2251/2251
f 2239/2239/2239 2251/2251/2251 2250/2250/2250
f 2240/2240/2240 2241/2241/2241 2252/2252/2252
f 2240/2240/2240 2252/2252/2252 2251/2251/2251
f 2241/2241/2241 2242/2242/2242 2253/2253/2253
f 2241/2241/2241 2253/2253/2253 2252/2252/2252
f 2242/2242/2242 2243/2243/2243 2254/2254/2254
f 2242/2242/2242 2254/2254/2254 2253/2253/2253
f 2243/2243/2243 2244/2244/2244 2255/2255/2255
f 2243/2243/2243 2255/2255/2255 2254/2254/2254
f 2244/2244/2244 2245/2245/2245 2256/2256/2256
f 2244/2244/2244 2256/2256/2256 2255/2255/2255
f 2246/2246/2246 2247/2247/2247 2258/2258/2258
f 2246/2246/2246 2258/2258/2258 2257/2257/2257
f 2247/2247/2247 2248/2248/2248 2259/2259/2259
f 2247/2247/2247 2259/2259/2259 2258/2258/2258
f 2248/2248/2248 2249/2249/2249 2260/2260/2260
f 2248/2248/2248 2260/2260/2260 2259/2259/2259
f 2249/2249/2249 2250/2250/2250 2261/2261/2261
f 2249/2249/2249 2261/2261/2261 2260/2260/2260
f 2250/2250/2250 2251/2251/2251 2262/2262/2262
f 2250/2250/2250 2262/2262/2262 2261/2261/2261
f 2251/2251/2251 2252/2252/2252 2263/2263/2263
f 2251/2251/2251 2263/2263/2263 2262/2262/2262
f 2252/2252/2252 2253/2253/2253 2264/2264/2264
f 2252/2252/2252 2264/2264/2264 2263/2263/2263
f 2253/2253/2253 2254/2254/2254 2265/2265/2265
f 2253/2253/2253 2265/2265/2265 2264/2264/2264
f 2254/2254/2254 2255/2255/2255 2266/2266/2266
f 2254/2254/2254 2266/2266/2266 2265/2265/2265
f 2255/2255/2255 2256/2256/2256 2267/2267/2267
f 2255/2255/2255 2267/2267/2267 2266/2266/2266
f 2257/2257/2257 2258/2258/2258 2269/2269/2269
f 2257/2257/2257 2269/2269/2269 2268/2268/2268
f 2258/2258/2258 2259/2259/2259 2270/2270/2270
f 2258/2258/2258 2270/2270/2270 2269/2269/2269
f 2259/2259/2259 2260/2260/2260 2271/2271/2271
f 2259/2259/2259 2271/2271/2271 2270/2270/2270
f 2260/2260/2260 2261/2261/2261 2272/2272/2272
f 2260/2260/2260 2272/2272/2272 2271/2271/2271
f 2261/2261/2261 2262/2262/2262 2273/2273/2273
f 2261/2261/2261 2273/2273/2273 2272/2272/2272
f 2262/2262/2262 2263/2263/2263 2274/2274/2274
f 2262/2262/2262 2274/2274/2274 2273/2273/2273
f 2263/2263/2263 2264/2264/2264 2275/2275/2275
f 2263/2263/2263 2275/2275/2275 2274/2274/2274
f 2264/2264/2264 2265/2265/2265 2276/2276/2276
f 2264/2264/2264 2276/2276/2276 2275/2275/2275
f 2265/2265/2265 2266/2266/2266 2277/2277/2277
f 2265/2265/2265 2277/2277/2277 2276/2276/2276
f 2266/2266/2266 2267/2267/2267 2278/2278/2278
f 2266/2266/2266 2278/2278/2278 2277/2277/2277
f 2279/2279/2279 2280/2280/2280 2291/2291/2291
f 2279/2279/2279 2291/2291/2291 2290/2290/2290
f 2280/2280/2280 2281/2281/2281 2292/2292/2292
f 2280/2280/2280 2292/2292/2292 2291/2291/2291
f 2281/2281/2281 2282/2282/2282 2293/2293/2293
f 2281/2281/2281 2293/2293/2293 2292/2292/2292
f 2282/2282/2282 2283/2283/2283 2294/2294/2294
f 2282/2282/2282 2294/2294/2294 2293/2293/2293
f 2283/2283/2283 2284/2284/2284 2295/2295/2295
f 2283/2283/2283 2295/2295/2295 2294/2294/2294
f 2284/2284/2284 2285/2285/2285 2296/2296/2296
f 2284/2284/2284 2296/2296/2296 2295/2295/2295
f 2285/2285/2285 2286/2286/2286 2297/2297/2297
f 2285/2285/2285 2297/2297/2297 2296/2296/2296
f 2286/2286/2286 2287/2287/2287 2298/2298/2298
f 2286/2286/2286 2298/2298/2298 2297/2297/2297
f 2287/2287/2287 2288/2288/2288 2299/2299/2299
f 2287/2287/2287 2299/2299/2299 2298/2298/2298
f 2288/2288/2288 2289/2289/2289 2300/2300/2300
f 2288/2288/2288 2300/2300/2300 2299/2299/2299
f 2290/2290/2290 2291/2291/2291 2302/2302/2302
f 2290/2290/2290 2302/2302/2302 2301/2301/2301
f 2291/2291/2291 2292/2292/2292 2303/2303/2303
f 2291/2291/2291 2303/2303/2303 2302/2302/2302
f 2292/2292/2292 2293/2293/2293 2304/2304/2304
f 2292/2292/2292 2304/2304/2304 2303/2303/2303
f 2293/2293/2293 2294/2294/2294 2305/2305/2305
f 2293/2293/2293 2305/2305/2305 2304/2304/2304
f 2294/2294/2294 2295/2295/2295 2306/2306/2306
f 2294/2294/2294 2306/2306/2306 2305/2305/2305
f 2295/2295/2295 2296/2296/2296 2307/2307/2307
f 2295/2295/2295 2307/2307/2307 2306/2306/2306
f 2296/2296/2296 2297/2297/2297 2308/2308/2308
f 2296/2296/2296 2308/2308/2308 2307/2307/2307
f 2297/2297/2297 2298/2298/2298 2309/2309/2309
f 2297/2297/2297 2309/2309/2309 2308/2308/2308
f 2298/2298/2298 2299/2299/2299 2310/2310/2310
f 2298/2298/2298 2310/2310/2310 2309/2309/2309
f 2299/2299/2299 2300/2300/2300 2311/2311/2311
f 2299/2299/2299 2311/2311/2311 2310/2310/2310
f 2301/2301/2301 2302/2302/2302 2313/2313/2313
f 2301/2301/2301 2313/2313/2313 2312/2312/2312
f 2302/2302/2302 2303/2303/2303 2314/2314/2314
f 2302/2302/2302 2314/2314/2314 2313/2313/2313
f 2303/2303/2303 2304/2304/2304 2315/2315/2315
f 2303/2303/2303 2315/2315/2315 2314/2314/2314
f 2304/2304/2304 2305/2305/2305 2316/2316/2316
f 2304/2304/2304 2316/2316/2316 2315/2315/2315
f 2305/2305/2305 2306/2306/2306 2317/2317/2317
f 2305/2305/2305 2317/2317/2317 2316/2316/2316
f 2306/2306/2306 2307/2307/2307 2318/2318/2318
f 2306/2306/2306 2318/2318/2318 2317/2317/2317
f 2307/2307/2307 2308/2308/2308 2319/2319/2319
f 2307/2307/2307 2319/2319/2319 2318/2318/2318
f 2308/2308/2308 2309/2309/2309 2320/2320/2320
f 2308/2308/2308 2320/2320/2320 2319/2319/2319
f 2309/2309/2309 2310/2310/2310 2321/2321/2321
f 2309/2309/2309 2321/2321/2321 2320/2320/2320
f 2310/2310/2310 2311/2311/2311 2322/2322/2322
f 2310/2310/2310 2322/2322/2322 2321/2321/2321
f 2312/2312/2312 2313/2313/2313 2324/2324/2324
f 2312/2312/2312 2324/2324/2324 2323/2323/2323
f 2313/2313/2313 2314/2314/2314 2325/2325/2325
f 2313/2313/2313 2325/2325/2325 2324/2324/2324
f 2314/2314/2314 2315/2315/2315 2326/2326/2326
f 2314/2314/2314 2326/2326/2326 2325/2325/2325
f 2315/2315/2315 2316/2316/2316 2327/2327/2327
f 2315/2315/2315 2327/2327/2327 2326/2326/2326
f 2316/2316/2316 2317/2317/2317 2328/2328/2328
f 2316/2316/2316 2328/2328/2328 2327/2327/2327
f 2317/2317/2317 2318/2318/2318 2329/2329/2329
f 2317/2317/2317 2329/2329/2329 2328/2328/2328
f 2318/2318/2318 2319/2319/2319 2330/2330/2330
f 2318/2318/2318 2330/2330/2330 2329/2329/2329
f 2319/2319/2319 2320/2320/2320 2331/2331/2331
f 2319/2319/2319 2331/2331/2331 2330/2330/2330
f 2320/2320/2320 2321/2321/2321 2332/2332/2332
f 2320/2320/2320 2332/2332/2332 2331/2331/2331
f 2321/2321/2321 2322/2322/2322 2333/2333/2333
f 2321/2321/2321 2333/2333/2333 2332/2332/2332
f 2323/2323/2323 2324/2324/2324 2335/2335/2335
f 2323/2323/2323 2335/2335/2335 2334/2334/2334
f 2324/2324/2324 2325/2325/2325 2336/2336/2336
f 2324/2324/2324 2336/2336/2336 2335/2335/2335
f 2325/2325/2325 2326/2326/2326 2337/2337/2337
f 2325/2325/2325 2337/2337/2337 2336/2336/2336
f 2326/2326/2326 2327/2327/2327 2338/2338/2338
f 2326/2326/2326 2338/2338/2338 2337/2337/2337
f 2327/2327/2327 2328/2328/2328 2339/2339/2339
f 2327/2327/2327 2339/2339/2339 2338/2338/2338
f 2328/2328/2328 2329/2329/2329 2340/2340/2340
f 2328/2328/2328 2340/2340/2340 2339/2339/2339
f 2329/2329/2329 2330/2330/2330 2341/2341/2341
f 2329/2329/2329 2341/2341/2341 2340/2340/2340
f 2330/2330/2330 2331/2331/2331 2342/2342/2342
f 2330/2330/2330 2342/2342/2342 2341/2341/2341
f 2331/2331/2331 2332/2332/2332 2343/2343/2343
f 2331/2331/2331 2343/2343/2343 2342/2342/2342
f 2332/2332/2332 2333/2333/2333 2344/2344/2344
f 2332/2332/2332 2344/2344/2344 2343/2343/2343
f 2334/2334/2334 2335/2335/2335 2346/2346/2346
f 2334/2334/2334 2346/2346/2346 2345/2345/2345
f 2335/2335/2335 2336/2336/2336 2347/2347/2347
f 2335/2335/2335 2347/2347/2347 2346/2346/2346
f 2336/2336/2336 2337/2337/2337 2348/2348/2348
f 2336/2336/2336 2348/2348/2348 2347/2347/2347
f 2337/2337/2337 2338/2338/2338 2349/2349/2349
f 2337/2337/2337 2349/2349/2349 2348/2348/2348
f 2338/2338/2338 2339/2339/2339 2350/2350/2350
f 2338/2338/2338 2350/2350/2350 2349/2349/2349
f 2339/2339/2339 2340/2340/2340 2351/2351/2351
f 2339/2339/2339 2351/2351/2351 2350/2350/2350
f 2340/2340/2340 2341/2341/2341 2352/2352/2352
f 2340/2340/2340 2352/2352/2352 2351/2351/2351
f 2341/2341/2341 2342/2342/2342 2353/2353/2353
f 2341/2341/2341 2353/2353/2353 2352/2352/2352
f 2342/2342/2342 2343/2343/2343 2354/2354/2354
f 2342/2342/2342 2354/2354/2354 2353/2353/2353
f 2343/2343/2343 2344/2344/2344 2355/2355/2355
f 2343/2343/2343 2355/2355/2355 2354/2354/2354
f 2356/2356/2356 2357/2357/2357 2368/2368/2368
f 2356/2356/2356 2368/2368/2368 2367/2367/2367
f 2357/2357/2357 2358/2358/2358 2369/2369/2369
f 2357/2357/2357 2369/2369/2369 2368/2368/2368
f 2358/2358/2358 2359/2359/2359 2370/2370/2370
f 2358/2358/2358 2370/2370/2370 2369/2369/2369
f 2359/2359/2359 2360/2360/2360 2371/2371/2371
f 2359/2359/2359 2371/2371/2371 2370/2370/2370
f 2360/2360/2360 2361/2361/2361 2372/2372/2372
f 2360/2360/2360 2372/2372/2372 2371/2371/2371
f 2361/2361/2361 2362/2362/2362 2373/2373/2373
f 2361/2361/2361 2373/2373/2373 2372/2372/2372
f 2362/2362/2362 2363/2363/2363 2374/2374/2374
f 2362/2362/2362 2374/2374/2374 2373/2373/2373
f 2363/2363/2363 2364/2364/2364 2375/2375/2375
f 2363/2363/2363 2375/2375/2375 2374/2374/2374
f 2364/2364/2364 2365/2365/2365 2376/2376/2376
f 2364/2364/2364 2376/2376/2376 2375/2375/2375
f 2365/2365/2365 2366/2366/2366 2377/2377/2377
f 2365/2365/2365 2377/2377/2377 2376/2376/2376
f 2367/2367/2367 2368/2368/2368 2379/2379/2379
f 2367/2367/2367 2379/2379/2379 2378/2378/2378
f 2368/2368/2368 2369/2369/2369 2380/2380/2380
f 2368/2368/2368 2380/2380/2380 2379/2379/2379
f 2369/2369/2369 2370/2370/2370 2381/2381/2381
f 2369/2369/2369 2381/2381/2381 2380/2380/2380
f 2370/2370/2370 2371/2371/2371 2382/2382/2382
f 2370/2370/2370 2382/2382/2382 2381/2381/2381
f 2371/2371/2371 2372/2372/2372 2383/2383/2383
f 2371/2371/2371 2383/2383/2383 2382/2382/2382
f 2372/2372/2372 2373/2373/2373 2384/2384/2384
f 2372/2372/2372 2384/2384/2384 2383/2383/2383
f 2373/2373/2373 2374/2374/2374 2385/2385/2385
f 2373/2373/2373 2385/2385/2385 2384/2384/2384
f 2374/2374/2374 2375/2375/2375 2386/2386/2386
f 2374/2374/2374 2386/2386/2386 2385/2385/2385
f 2375/2375/2375 2376/2376/2376 2387/2387/2387
f 2375/2375/2375 2387/2387/2387 2386/2386/2386
f 2376/2376/2376 2377/2377/2377 2388/2388/2388
f 2376/2376/2376 2388/2388/2388 2387/2387/2387
f 2378/2378/2378 2379/2379/2379 2390/2390/2390
f 2378/2378/2378 2390/2390/2390 2389/2389/2389
f 2379/2379/2379 2380/2380/2380 2391/2391/2391
f 2379/2379/2379 2391/2391/2391 2390/2390/2390
f 2380/2380/2380 2381/2381/2381 2392/2392/2392
f 2380/2380/2380 2392/2392/2392 2391/2391/2391
f 2381/2381/2381 2382/2382/2382 2393/2393/2393
f 2381/2381/2381 2393/2393/2393 2392/2392/2392
f 2382/2382/2382 2383/2383/2383 2394/2394/2394
f 2382/2382/2382 2394/2394/2394 2393/2393/2393
f 2383/2383/2383 2384/2384/2384 2395/2395/2395
f 2383/2383/2383 2395/2395/2395 2394/2394/2394
f 2384/2384/2384 2385/2385/2385 2396/2396/2396
f 2384/2384/2384 2396/2396/2396 2395/2395/2395
f 2385/2385/2385 2386/2386/2386 2397/2397/2397
f 2385/2385/2385 2397/2397/2397 2396/2396/2396
f 2386/2386/2386 2387/2387/2387 2398/2398/2398
f 2386/2386/2386 2398/2398/2398 2397/2397/2397
f 2387/2387/2387 2388/2388/2388 2399/2399/2399
f 2387/2387/2387 2399/2399/2399 2398/2398/2398
f 2389/2389/2389 2390/2390/2390 2401/2401/2401
f 2389/2389/2389 2401/2401/2401 2400/2400/2400
f 2390/2390/2390 2391/2391/2391 2402/2402/2402
f 2390/2390/2390 2402/2402/2402 2401/2401/2401
f 2391/2391/2391 2392/2392/2392 2403/2403/2403
f 2391/2391/2391 2403/2403/2403 2402/2402/2402
f 2392/2392/2392 2393/2393/2393 2404/2404/2404
f 2392/2392/2392 2404/2404/2404 2403/2403/2403
f 2393/2393/2393 2394/2394/2394 2405/2405/2405
f 2393/2393/2393 2405/2405/2405 2404/2404/2404
f 2394/2394/2394 2395/2395/2395 2406/2406/2406
f 2394/2394/2394 2406/2406/2406 2405/2405/2405
f 2395/2395/2395 2396/2396/2396 2407/2407/2407
f 2395/2395/2395 2407/2407/2407 2406/2406/2406
f 2396/2396/2396 2397/2397/2397 2408/2408/2408
f 2396/2396/2396 2408/2408/2408 2407/2407/2407
f 2397/2397/2397 2398/2398/2398 2409/2409/2409
f 2397/2397/2397 2409/2409/2409 2408/2408/2408
f 2398/2398/2398 2399/2399/2399 2410/2410/2410
f 2398/2398/2398 2410/2410/2410 2409/2409/2409
f 2400/2400/2400 2401/2401/2401 2412/2412/2412
f 2400/2400/2400 2412/2412/2412 2411/2411/2411
f 2401/2401/2401 2402/2402/2402 2413/2413/2413
f 2401/2401/2401 2413/2413/2413 2412/2412/2412
f 2402/2402/2402 2403/2403/2403 2414/2414/2414
f 2402/2402/2402 2414/2414/2414 2413/2413/2413
f 2403/2403/2403 2404/2404/2404 2415/2415/2415
f 2403/2403/2403 2415/2415/2415 2414/2414/2414
f 2404/2404/2404 2405/2405/2405 2416/2416/2416
f 2404/2404/2404 2416/2416/2416 2415/2415/2415
f 2405/2405/2405 2406/2406/2406 2417/2417/2417
f 2405/2405/2405 2417/2417/2417 2416/2416/2416
f 2406/2406/2406 2407/2407/2407 2418/2418/2418
f 2406/2406/2406 2418/2418/2418 2417/2417/2417
f 2407/2407/2407 2408/2408/2408 2419/2419/2419
f 2407/2407/2407 2419/2419/2419 2418/2418/2418
f 2408/2408/2408 2409/2409/2409 2420/2420/2420
f 2408/2408/2408 2420/2420/2420 2419/2419/2419
f 2409/2409/2409 2410/2410/2410 2421/2421/2421
f 2409/2409/2409 2421/2421/2421 2420/2420/2420
f 2411/2411/2411 2412/2412/2412 2423/2423/2423
f 2411/2411/2411 2423/2423/2423 2422/2422/2422
f 2412/2412/2412 2413/2413/2413 2424/2424/2424
f 2412/2412/2412 2424/2424/2424 2423/2423/2423
f 2413/2413/2413 2414/2414/2414 2425/2425/2425
f 2413/2413/2413 2425/2425/2425 2424/2424/2424
f 2414/2414/2414 2415/2415/2415 2426/2426/2426
f 2414/2414/2414 2426/2426/2426 2425/2425/2425
f 2415/2415/2415 2416/2416/2416 2427/2427/2427
f 2415/2415/2415 2427/2427/2427 2426/2426/2426
f 2416/2416/2416 2417/2417/2417 2428/2428/2428
f 2416/2416/2416 2428/2428/2428 2427/2427/2427
f 2417/2417/2417 2418/2418/2418 2429/2429/2429
f 2417/2417/2417 2429/2429/2429 2428/2428/2428
f 2418/2418/2418 2419/2419/2419 2430/2430/2430
f 2418/2418/2418 2430/2430/2430 2429/2429/2429
f 2419/2419/2419 2420/2420/2420 2431/2431/2431
f 2419/2419/2419 2431/2431/2431 2430/2430/2430
f 2420/2420/2420 2421/2421/2421 2432/2432/2432
f 2420/2420/2420 2432/2432/2432 2431/2431/2431
f 2433/2433/2433 2434/2434/2434 2445/2445/2445
f 2433/2433/2433 2445/2445/2445 2444/2444/2444
f 2434/2434/2434 2435/2435/2435 2446/2446/2446
f 2434/2434/2434 2446/2446/2446 2445/2445/2445
f 2435/2435/2435 2436/2436/2436 2447/2447/2447
f 2435/2435/2435 2447/2447/2447 2446/2446/2446
f 2436/2436/2436 2437/2437/2437 2448/2448/2448
f 2436/2436/2436 2448/2448/2448 2447/2447/2447
f 2437/2437/2437 2438/2438/2438 2449/2449/2449
f 2437/2437/2437 2449/2449/2449 2448/2448/2448
f 2438/2438/2438 2439/2439/2439 2450/2450/2450
f 2438/2438/2438 2450/2450/2450 2449/2449/2449
f 2439/2439/2439 2440/2440/2440 2451/2451/2451
f 2439/2439/2439 2451/2451/2451 2450/2450/2450
f 2440/2440/2440 2441/2441/2441 2452/2452/2452
f 2440/2440/2440 2452/2452/2452 2451/2451/2451
f 2441/2441/2441 2442/2442/2442 2453/2453/2453
f 2441/2441/2441 2453/2453/2453 2452/2452/2452
f 2442/2442/2442 2443/2443/2443 2454/2454/2454
f 2442/2442/2442 2454/2454/2454 2453/2453/2453
f 2444/2444/2444 2445/2445/2445 2456/2456/2456
f 2444/2444/2444 2456/2456/2456 2455/2455/2455
f 2445/2445/2445 2446/2446/2446 2457/2457/2457
f 2445/2445/2445 2457/2457/2457 2456/2456/2456
f 2446/2446/2446 2447/2447/2447 2458/2458/2458
f 2446/2446/2446 2458/2458/2458 2457/2457/2457
f 2447/2447/2447 2448/2448/2448 2459/2459/2459
f 2447/2447/2447 2459/2459/2459 2458/2458/2458
f 2448/2448/2448 2449/2449/2449 2460/2460/2460
f 2448/2448/2448 2460/2460/2460 2459/2459/2459
f 2449/2449/2449 2450/2450/2450 2461/2461/2461
f 2449/2449/2449 2461/2461/2461 2460/2460/2460
f 2450/2450/2450 2451/2451/2451 2462/2462/2462
f 2450/2450/2450 2462/2462/2462 2461/2461/2461
f 2451/2451/2451 2452/2452/2452 2463/2463/2463
f 2451/2451/2451 2463/2463/2463 2462/2462/2462
f 2452/2452/2452 2453/2453/2453 2464/2464/2464
f 2452/2452/2452 2464/2464/2464 2463/2463/2463
f 2453/2453/2453 2454/2454/2454 2465/2465/2465
f 2453/2453/2453 2465/2465/2465 2464/2464/2464
f 2455/2455/2455 2456/2456/2456 2467/2467/2467
f 2455/2455/2455 2467/2467/2467 2466/2466/2466
f 2456/2456/2456 2457/2457/2457 2468/2468/2468
f 2456/2456/2456 2468/2468/2468 2467/2467/2467
f 2457/2457/2457 2458/2458/2458 2469/2469/2469
f 2457/2457/2457 2469/2469/2469 2468/2468/2468
f 2458/2458/2458 2459/2459/2459 2470/2470/2470
f 2458/2458/2458 2470/2470/2470 2469/2469/2469
f 2459/2459/2459 2460/2460/2460 2471/2471/2471
f 2459/2459/2459 2471/2471/2471 2470/2470/2470
f 2460/2460/2460 2461/2461/2461 2472/2472/2472
f 2460/2460/2460 2472/2472/2472 2471/2471/2471
f 2461/2461/2461 2462/2462/2462 2473/2473/2473
f 2461/2461/2461 2473/2473/2473 2472/2472/2472
f 2462/2462/2462 2463/2463/2463 2474/2474/2474
f 2462/2462/2462 2474/2474/2474 2473/2473/2473
f 2463/2463/2463 2464/2464/2464 2475/2475/2475
f 2463/2463/2463 2475/2475/2475 2474/2474/2474
f 2464/2464/2464 2465/2465/2465 2476/2476/2476
f 2464/2464/2464 2476/2476/2476 2475/2475/2475
f 2466/2466/2466 2467/2467/2467 2478/2478/2478
f 2466/2466/2466 2478/2478/2478 2477/2477/2477
f 2467/2467/2467 2468/2468/2468 2479/2479/2479
f 2467/2467/2467 2479/2479/2479 2478/2478/2478
f 2468/2468/2468 2469/2469/2469 2480/2480/2480
f 2468/2468/2468 2480/2480/2480 2479/2479/2479
f 2469/2469/2469 2470/2470/2470 2481/2481/2481
f 2469/2469/2469 2481/2481/2481 2480/2480/2480
f 2470/2470/2470 2471/2471/2471 2482/2482/2482
f 2470/2470/2470 2482/2482/2482 2481/2481/2481
f 2471/2471/2471 2472/2472/2472 2483/2483/2483
f 2471/2471/2471 2483/2483/2483 2482/2482/2482
f 2472/2472/2472 2473/2473/2473 2484/2484/2484
f 2472/2472/2472 2484/2484/2484 2483/2483/2483
f 2473/2473/2473 2474/2474/2474 2485/2485/2485
f 2473/2473/2473 2485/2485/2485 2484/2484/2484
f 2474/2474/2474 2475/2475/2475 2486/2486/2486
f 2474/2474/2474 2486/2486/2486 2485/2485/2485
f 2475/2475/2475 2476/2476/2476 2487/2487/2487
f 2475/2475/2475 2487/2487/2487 2486/2486/2486
f 2477/2477/2477 2478/2478/2478 2489/2489/2489
f 2477/2477/2477 2489/2489/2489 2488/2488/2488
f 2478/2478/2478 2479/2479/2479 2490/2490/2490
f 2478/2478/2478 2490/2490/2490 2489/2489/2489
f 2479/2479/2479 2480/2480/2480 2491/2491/2491
f 2479/2479/2479 2491/2491/2491 2490/2490/2490
f 2480/2480/2480 2481/2481/2481 2492/2492/2492
f 2480/2480/2480 2492/2492/2492 2491/2491/2491
f 2481/2481/2481 2482/2482/2482 2493/2493/2493
f 2481/2481/2481 2493/2493/2493 2492/2492/2492
f 2482/2482/2482 2483/2483/2483 2494/2494/2494
f 2482/2482/2482 2494/2494/2494 2493/2493/2493
f 2483/2483/2483 2484/2484/2484 2495/2495/2495
f 2483/2483/2483 2495/2495/2495 2494/2494/2494
f 2484/2484/2484 2485/2485/2485 2496/2496/2496
f 2484/2484/2484 2496/2496/2496 2495/2495/2495
f 2485/2485/2485 2486/2486/2486 2497/2497/2497
f 2485/2485/2485 2497/2497/2497 2496/2496/2496
f 2486/2486/2486 2487/2487/2487 2498/2498/2498
f 2486/2486/2486 2498/2498/2498 2497/2497/2497
f 2488/2488/2488 2489/2489/2489 2500/2500/2500
f 2488/2488/2488 2500/2500/2500 2499/2499/2499
f 2489/2489/2489 2490/2490/2490 2501/2501/2501
f 2489/2489/2489 2501/2501/2501 2500/2500/2500
f 2490/2490/2490 2491/2491/2491 2502/2502/2502
f 2490/2490/2490 2502/2502/2502 2501/2501/2501
f 2491/2491/2491 2492/2492/2492 2503/2503/2503
f 2491/2491/2491 2503/2503/2503 2502/2502/2502
f 2492/2492/2492 2493/2493/2493 2504/2504/2504
f 2492/2492/2492 2504/2504/2504 2503/2503/2503
f 2493/2493/2493 2494/2494/2494 2505/2505/2505
f 2493/2493/2493 2505/2505/2505 2504/2504/2504
f 2494/2494/2494 2495/2495/2495 2506/2506/2506
f 2494/2494/2494 2506/2506/2506 2505/2505/2505
f 2495/2495/2495 2496/2496/2496 2507/2507/2507
f 2495/2495/2495 2507/2507/2507 2506/2506/2506
f 2496/2496/2496 2497/2497/2497 2508/2508/2508
f 2496/2496/2496 2508/2508/2508 2507/2507/2507
f 2497/2497/2497 2498/2498/2498 2509/2509/2509
f 2497/2497/2497 2509/2509/2509 2508/2508/2508
f 2510/2510/2510 2511/2511/2511 2522/2522/2522
f 2510/2510/2510 2522/2522/2522 2521/2521/2521
f 2511/2511/2511 2512/2512/2512 2523/2523/2523
f 2511/2511/2511 2523/2523/2523 2522/2522/2522
f 2512/2512/2512 2513/2513/2513 2524/2524/2524
f 2512/2512/2512 2524/2524/2524 2523/2523/2523
f 2513/2513/2513 2514/2514/2514 2525/2525/2525
f 2513/2513/2513 2525/2525/2525 2524/2524/2524
f 2514/2514/2514 2515/2515/2515 2526/2526/2526
f 2514/2514/2514 2526/2526/2526 2525/2525/2525
f 2515/2515/2515 2516/2516/2516 2527/2527/2527
f 2515/2515/2515 2527/2527/2527 2526/2526/2526
f 2516/2516/2516 2517/2517/2517 2528/2528/2528
f 2516/2516/2516 2528/2528/2528 2527/2527/2527
f 2517/2517/2517 2518/2518/2518 2529/2529/2529
f 2517/2517/2517 2529/2529/2529 2528/2528/2528
f 2518/2518/2518 2519/2519/2519 2530/2530/2530
f 2518/2518/2518 2530/2530/2530 2529/2529/2529
f 2519/2519/2519 2520/2520/2520 2531/2531/2531
f 2519/2519/2519 2531/2531/2531 2530/2530/2530
f 2521/2521/2521 2522/2522/2522 2533/2533/2533
f 2521/2521/2521 2533/2533/2533 2532/2532/2532
f 2522/2522/2522 2523/2523/2523 2534/2534/2534
f 2522/2522/2522 2534/2534/2534 2533/2533/2533
f 2523/2523/2523 2524/2524/2524 2535/2535/2535
f 2523/2523/2523 2535/2535/2535 2534/2534/2534
f 2524/2524/2524 2525/2525/2525 2536/2536/2536
f 2524/2524/2524 2536/2536/2536 2535/2535/2535
f 2525/2525/2525 2526/2526/2526 2537/2537/2537
f 2525/2525/2525 2537/2537/2537 2536/2536/2536
f 2526/2526/2526 2527/2527/2527 2538/2538/2538
f 2526/2526/2526 2538/2538/2538 2537/2537/2537
f 2527/2527/2527 2528/2528/2528 2539/2539/2539
f 2527/2527/2527 2539/2539/2539 2538/2538/2538
f 2528/2528/2528 2529/2529/2529 2540/2540/2540
f 2528/2528/2528 2540/2540/2540 2539/2539/2539
f 2529/2529/2529 2530/2530/2530 2541/2541/2541
f 2529/2529/2529 2541/2541/2541 2540/2540/2540
f 2530/2530/2530 2531/2531/2531 2542/2542/2542
f 2530/2530/2530 2542/2542/2542 2541/2541/2541
f 2532/2532/2532 2533/2533/2533 2544/2544/2544
f 2532/2532/2532 2544/2544/2544 2543/2543/2543
f 2533/2533/2533 2534/2534/2534 2545/2545/2545
f 2533/2533/2533 2545/2545/2545 2544/2544/2544
f 2534/2534/2534 2535/2535/2535 2546/2546/2546
f 2534/2534/2534 2546/2546/2546 2545/2545/2545
f 2535/2535/2535 2536/2536/2536 2547/2547/2547
f 2535/2535/2535 2547/2547/2547 2546/2546/2546
f 2536/2536/2536 2537/2537/2537 2548/2548/2548
f 2536/2536/2536 2548/2548/2548 2547/2547/2547
f 2537/2537/2537 2538/2538/2538 2549/2549/2549
f 2537/2537/2537 2549/2549/2549 2548/2548/2548
f 2538/2538/2538 2539/2539/2539 2550/2550/2550
f 2538/2538/2538 2550/2550/2550 2549/2549/2549
f 2539/2539/2539 2540/2540/2540 2551/2551/2551
f 2539/2539/2539 2551/2551/2551 2550/2550/2550
f 2540/2540/2540 2541/2541/2541 2552/2552/2552
f 2540/2540/2540 2552/2552/2552 2551/2551/2551
f 2541/2541/2541 2542/2542/2542 2553/2553/2553
f 2541/2541/2541 2553/2553/2553 2552/2552/2552
f 2543/2543/2543 2544/2544/2544 2555/2555/2555
f 2543/2543/2543 2555/2555/2555 2554/2554/2554
f 2544/2544/2544 2545/2545/2545 2556/2556/2556
f 2544/2544/2544 2556/2556/2556 2555/2555/2555
f 2545/2545/2545 2546/2546/2546 2557/2557/2557
f 2545/2545/2545 2557/2557/2557 2556/2556/2556
f 2546/2546/2546 2547/2547/2547 2558/2558/2558
f 2546/2546/2546 2558/2558/2558 2557/2557/2557
f 2547/2547/2547 2548/2548/2548 2559/2559/2559
f 2547/2547/2547 2559/2559/2559 2558/2558/2558
f 2548/2548/2548 2549/2549/2549 2560/2560/2560
f 2548/2548/2548 2560/2560/2560 2559/2559/2559
f 2549/2549/2549 2550/2550/2550 2561/2561/2561
f 2549/2549/2549 2561/2561/2561 2560/2560/2560
f 2550/2550/2550 2551/2551/2551 2562/2562/2562
f 2550/2550/2550 2562/2562/2562 2561/2561/2561
f 2551/2551/2551 2552/2552/2552 2563/2563/2563
f 2551/2551/2551 2563/2563/2563 2562/2562/2562
f 2552/2552/2552 2553/2553/2553 2564/2564/2564
f 2552/2552/2552 2564/2564/2564 2563/2563/2563
f 2554/2554/2554 2555/2555/2555 2566/2566/2566
f 2554/2554/2554 2566/2566/2566 2565/2565/2565
f 2555/2555/2555 2556/2556/2556 2567/2567/2567
f 2555/2555/2555 2567/2567/2567 2566/2566/2566
f 2556/2556/2556 2557/2557/2557 2568/2568/2568
f 2556/2556/2556 2568/2568/2568 2567/2567/2567
f 2557/2557/2557 2558/2558/2558 2569/2569/2569
f 2557/2557/2557 2569/2569/2569 2568/2568/2568
f 2558/2558/2558 2559/2559/2559 2570/2570/2570
f 2558/2558/2558 2570/2570/2570 2569/2569/2569
f 2559/2559/2559 2560/2560/2560 2571/2571/2571
f 2559/2559/2559 2571/2571/2571 2570/2570/2570
f 2560/2560/2560 2561/2561/2561 2572/2572/2572
f 2560/2560/2560 2572/2572/2572 2571/2571/2571
f 2561/2561/2561 2562/2562/2562 2573/2573/2573
f 2561/2561/2561 2573/2573/2573 2572/2572/2572
f 2562/2562/2562 2563/2563/2563 2574/2574/2574
f 2562/2562/2562 2574/2574/2574 2573/2573/2573
f 2563/2563/2563 2564/2564/2564 2575/2575/2575
f 2563/2563/2563 2575/2575/2575 2574/2574/2574
f 2565/2565/2565 2566/2566/2566 2577/2577/2577
f 2565/2565/2565 2577/2577/2577 2576/2576/2576
f 2566/2566/2566 2567/2567/2567 2578/2578/2578
f 2566/2566/2566 2578/2578/2578 2577/2577/2577
f 2567/2567/2567 2568/2568/2568 2579/2579/2579
f 2567/2567/2567 2579/2579/2579 2578/2578/2578
f 2568/2568/2568 2569/2569/2569 2580/2580/2580
f 2568/2568/2568 2580/2580/2580 2579/2579/2579
f 2569/2569/2569 2570/2570/2570 2581/2581/2581
f 2569/2569/2569 2581/2581/2581 2580/2580/2580
f 2570/2570/2570 2571/2571/2571 2582/2582/2582
f 2570/2570/2570 2582/2582/2582 2581/2581/2581
f 2571/2571/2571 2572/2572/2572 2583/2583/2583
f 2571/2571/2571 2583/2583/2583 2582/2582/2582
f 2572/2572/2572 2573/2573/2573 2584/2584/2584
f 2572/2572/2572 2584/2584/2584 2583/2583/2583
f 2573/2573/2573 2574/2574/2574 2585/2585/2585
f 2573/2573/2573 2585/2585/2585 2584/2584/2584
f 2574/2574/2574 2575/2575/2575 2586/2586/2586
f 2574/2574/2574 2586/2586/2586 2585/2585/2585
f 2587/2587/2587 2588/2588/2588 2599/2599/2599
f 2587/2587/2587 2599/2599/2599 2598/2598/2598
f 2588/2588/2588 2589/2589/2589 2600/2600/2600
f 2588/2588/2588 2600/2600/2600 2599/2599/2599
f 2589/2589/2589 2590/2590/2590 2601/2601/2601
f 2589/2589/2589 2601/2601/2601 2600/2600/2600
f 2590/2590/2590 2591/2591/2591 2602/2602/2602
f 2590/2590/2590 2602/2602/2602 2601/2601/2601
f 2591/2591/2591 2592/2592/2592 2603/2603/2603
f 2591/2591/2591 2603/2603/2603 2602/2602/2602
f 2592/2592/2592 2593/2593/2593 2604/2604/2604
f 2592/2592/2592 2604/2604/2604 2603/2603/2603
f 2593/2593/2593 2594/2594/2594 2605/2605/2605
f 2593/2593/2593 2605/2605/2605 2604/2604/2604
f 2594/2594/2594 2595/2595/2595 2606/2606/2606
f 2594/2594/2594 2606/2606/2606 2605/2605/2605
f 2595/2595/2595 2596/2596/2596 2607/2607/2607
f 2595/2595/2595 2607/2607/2607 2606/2606/2606
f 2596/2596/2596 2597/2597/2597 2608/2608/2608
f 2596/2596/2596 2608/2608/2608 2607/2607/2607
f 2598/2598/2598 2599/2599/2599 2610/2610/2610
f 2598/2598/2598 2610/2610/2610 2609/2609/2609
f 2599/2599/2599 2600/2600/2600 2611/2611/2611
f 2599/2599/2599 2611/2611/2611 2610/2610/2610
f 2600/2600/2600 2601/2601/2601 2612/2612/2612
f 2600/2600/2600 2612/2612/2612 2611/2611/2611
f 2601/2601/2601 2602/2602/2602 2613/2613/2613
f 2601/2601/2601 2613/2613/2613 2612/2612/2612
f 2602/2602/2602 2603/2603/2603 2614/2614/2614
f 2602/2602/2602 2614/2614/2614 2613/2613/2613
f 2603/2603/2603 2604/2604/2604 2615/2615/2615
f 2603/2603/2603 2615/2615/2615 2614/2614/2614
f 2604/2604/2604 2605/2605/2605 2616/2616/2616
f 2604/2604/2604 2616/2616/2616 2615/2615/2615
f 2605/2605/2605 2606/2606/2606 2617/2617/2617
f 2605/2605/2605 2617/2617/2617 2616/2616/2616
f 2606/2606/2606 2607/2607/2607 2618/2618/2618
f 2606/2606/2606 2618/2618/2618 2617/2617/2617
f 2607/2607/2607 2608/2608/2608 2619/2619/2619
f 2607/2607/2607 2619/2619/2619 2618/2618/2618
f 2609/2609/2609 2610/2610/2610 2621/2621/2621
f 2609/2609/2609 2621/2621/2621 2620/2620/2620
f 2610/2610/2610 2611/2611/2611 2622/2622/2622
f 2610/2610/2610 2622/2622/2622 2621/2621/2621
f 2611/2611/2611 2612/2612/2612 2623/2623/2623
f 2611/2611/2611 2623/2623/2623 2622/2622/2622
f 2612/2612/2612 2613/2613/2613 2624/2624/2624
f 2612/2612/2612 2624/2624/2624 2623/2623/2623
f 2613/2613/2613 2614/2614/2614 2625/2625/2625
f 2613/2613/2613 2625/2625/2625 2624/2624/2624
f 2614/2614/2614 2615/2615/2615 2626/2626/2626
f 2614/2614/2614 2626/2626/2626 2625/2625/2625
f 2615/2615/2615 2616/2616/2616 2627/2627/2627
f 2615/2615/2615 2627/2627/2627 2626/2626/2626
f 2616/2616/2616 2617/2617/2617 2628/2628/2628
f 2616/2616/2616 2628/2628/2628 2627/2627/2627
f 2617/2617/2617 2618/2618/2618 2629/2629/2629
f 2617/2617/2617 2629/2629/2629 2628/2628/2628
f 2618/2618/2618 2619/2619/2619 2630/2630/2630
f 2618/2618/2618 2630/2630/2630 2629/2629/2629
f 2620/2620/2620 2621/2621/2621 2632/2632/2632
f 2620/2620/2620 2632/2632/2632 2631/2631/2631
f 2621/2621/2621 2622/2622/2622 2633/2633/2633
f 2621/2621/2621 2633/2633/2633 2632/2632/2632
f 2622/2622/2622 2623/2623/2623 2634/2634/2634
f 2622/2622/2622 2634/2634/2634 2633/2633/2633
f 2623/2623/2623 2624/2624/2624 2635/2635/2635
f 2623/2623/2623 2635/2635/2635 2634/2634/2634
f 2624/2624/2624 2625/2625/2625 2636/2636/2636
f 2624/2624/2624 2636/2636/2636 2635/2635/2635
f 2625/2625/2625 2626/2626/2626 2637/2637/2637
f 2625/2625/2625 2637/2637/2637 2636/2636/2636
f 2626/2626/2626 2627/2627/2627 2638/2638/2638
f 2626/2626/2626 2638/2638/2638 2637/2637/2637
f 2627/2627/2627 2628/2628/2628 2639/2639/2639
f 2627/2627/2627 2639/2639/2639 2638/2638/2638
f 2628/2628/2628 2629/2629/2629 2640/2640/2640
f 2628/2628/2628 2640/2640/2640 2639/2639/2639
f 2629/2629/2629 2630/2630/2630 2641/2641/2641
f 2629/2629/2629 2641/2641/2641 2640/2640/2640
f 2631/2631/2631 2632/2632/2632 2643/2643/2643
f 2631/2631/2631 2643/2643/2643 2642/2642/2642
f 2632/2632/2632 2633/2633/2633 2644/2644/2644
f 2632/2632/2632 2644/2644/2644 2643/2643/2643
f 2633/2633/2633 2634/2634/2634 2645/2645/2645
f 2633/2633/2633 2645/2645/2645 2644/2644/2644
f 2634/2634/2634 2635/2635/2635 2646/2646/2646
f 2634/2634/2634 2646/2646/2646 2645/2645/2645
f 2635/2635/2635 2636/2636/2636 2647/2647/2647
f 2635/2635/2635 2647/2647/2647 2646/2646/2646
f 2636/2636/2636 2637/2637/2637 2648/2648/2648
f 2636/2636/2636 2648/2648/2648 2647/2647/2647
f 2637/2637/2637 2638/2638/2638 2649/2649/2649
f 2637/2637/2637 2649/2649/2649 2648/2648/2648
f 2638/2638/2638 2639/2639/2639 2650/2650/2650
f 2638/2638/2638 2650/2650/2650 2649/2649/2649
f 2639/2639/2639 2640/2640/2640 2651/2651/2651
f 2639/2639/2639 2651/2651/2651 2650/2650/2650
f 2640/2640/2640 2641/2641/2641 2652/2652/2652
f 2640/2640/2640 2652/2652/2652 2651/2651/2651
f 2642/2642/2642 2643/2643/2643 2654/2654/2654
f 2642/2642/2642 2654/2654/2654 2653/2653/2653
f 2643/2643/2643 2644/2644/2644 2655/2655/2655
f 2643/2643/2643 2655/2655/2655 2654/2654/2654
f 2644/2644/2644 2645/2645/2645 2656/2656/2656
f 2644/2644/2644 2656/2656/2656 2655/2655/2655
f 2645/2645/2645 2646/2646/2646 2657/2657/2657
f 2645/2645/2645 2657/2657/2657 2656/2656/2656
f 2646/2646/2646 2647/2647/2647 2658/2658/2658
f 2646/2646/2646 2658/2658/2658 2657/2657/2657
f 2647/2647/2647 2648/2648/2648 2659/2659/2659
f 2647/2647/2647 2659/2659/2659 2658/2658/2658
f 2648/2648/2648 2649/2649/2649 2660/2660/2660
f 2648/2648/2648 2660/2660/2660 2659/2659/2659
f 2649/2649/2649 2650/2650/2650 2661/2661/2661
f 2649/2649/2649 2661/2661/2661 2660/2660/2660
f 2650/2650/2650 2651/2651/2651 2662/2662/2662
f 2650/2650/2650 2662/2662/2662 2661/2661/2661
f 2651/2651/2651 2652/2652/2652 2663/2663/2663
f 2651/2651/2651 2663/2663/2663 2662/2662/2662
f 2664/2664/2664 2665/2665/2665 2676/2676/2676
f 2664/2664/2664 2676/2676/2676 2675/2675/2675
f 2665/2665/2665 2666/2666/2666 2677/2677/2677
f 2665/2665/2665 2677/2677/2677 2676/2676/2676
f 2666/2666/2666 2667/2667/2667 2678/2678/2678
f 2666/2666/2666 2678/2678/2678 2677/2677/2677
f 2667/2667/2667 2668/2668/2668 2679/2679/2679
f 2667/2667/2667 2679/2679/2679 2678/2678/2678
f 2668/2668/2668 2669/2669/2669 2680/2680/2680
f 2668/2668/2668 2680/2680/2680 2679/2679/2679
f 2669/2669/2669 2670/2670/2670 2681/2681/2681
f 2669/2669/2669 2681/2681/2681 2680/2680/2680
f 2670/2670/2670 2671/2671/2671 2682/2682/2682
f 2670/2670/2670 2682/2682/2682 2681/2681/2681
f 2671/2671/2671 2672/2672/2672 2683/2683/2683
f 2671/2671/2671 2683/2683/2683 2682/2682/2682
f 2672/2672/2672 2673/2673/2673 2684/2684/2684
f 2672/2672/2672 2684/2684/2684 2683/2683/2683
f 2673/2673/2673 2674/2674/2674 2685/2685/2685
f 2673/2673/2673 2685/2685/2685 2684/2684/2684
f 2675/2675/2675 2676/2676/2676 2687/2687/2687
f 2675/2675/2675 2687/2687/2687 2686/2686/2686
f 2676/2676/2676 2677/2677/2677 2688/2688/2688
f 2676/2676/2676 2688/2688/2688 2687/2687/2687
f 2677/2677/2677 2678/2678/2678 2689/2689/2689
f 2677/2677/2677 2689/2689/2689 2688/2688/2688
f 2678/2678/2678 2679/2679/2679 2690/2690/2690
f 2678/2678/2678 2690/2690/2690 2689/2689/2689
f 2679/2679/2679 2680/2680/2680 2691/2691/2691
f 2679/2679/2679 2691/2691/2691 2690/2690/2690
f 2680/2680/2680 2681/2681/2681 2692/2692/2692
f 2680/2680/2680 2692/2692/2692 2691/2691/2691
f 2681/2681/2681 2682/2682/2682 2693/2693/2693
f 2681/2681/2681 2693/2693/2693 2692/2692/2692
f 2682/2682/2682 2683/2683/2683 2694/2694/2694
f 2682/2682/2682 2694/2694/2694 2693/2693/2693
f 2683/2683/2683 2684/2684/2684 2695/2695/2695
f 2683/2683/2683 2695/2695/2695 2694/2694/2694
f 2684/2684/2684 2685/2685/2685 2696/2696/2696
f 2684/2684/2684 2696/2696/2696 2695/2695/2695
f 2686/2686/2686 2687/2687/2687 2698/2698/2698
f 2686/2686/2686 2698/2698/2698 2697/2697/2697
f 2687/2687/2687 2688/2688/2688 2699/2699/2699
f 2687/2687/2687 2699/2699/2699 2698/2698/2698
f 2688/2688/2688 2689/2689/2689 2700/2700/2700
f 2688/2688/2688 2700/2700/2700 2699/2699/2699
f 2689/2689/2689 2690/2690/2690 2701/2701/2701
f 2689/2689/2689 2701/2701/2701 2700/2700/2700
f 2690/2690/2690 2691/2691/2691 2702/2702/2702
f 2690/2690/2690 2702/2702/2702 2701/2701/2701
f 2691/2691/2691 2692/2692/2692 2703/2703/2703
f 2691/2691/2691 2703/2703/2703 2702/2702/2702
f 2692/2692/2692 2693/2693/2693 2704/2704/2704
f 2692/2692/2692 2704/2704/2704 2703/2703/2703
f 2693/2693/2693 2694/2694/2694 2705/2705/2705
f 2693/2693/2693 2705/2705/2705 2704/2704/2704
f 2694/2694/2694 2695/2695/2695 2706/2706/2706
f 2694/2694/2694 2706/2706/2706 2705/2705/2705
f 2695/2695/2695 2696/2696/2696 2707/2707/2707
f 2695/2695/2695 2707/2707/2707 2706/2706/2706
f 2697/2697/2697 2698/2698/2698 2709/2709/2709
f 2697/2697/2697 2709/2709/2709 2708/2708/2708
f 2698/2698/2698 2699/2699/2699 2710/2710/2710
f 2698/2698/2698 2710/2710/2710 2709/2709/2709
f 2699/2699/2699 2700/2700/2700 2711/2711/2711
f 2699/2699/2699 2711/2711/2711 2710/2710/2710
f 2700/2700/2700 2701/2701/2701 2712/2712/2712
f 2700/2700/2700 2712/2712/2712 2711/2711/2711
f 2701/2701/2701 2702/2702/2702 2713/2713/2713
f 2701/2701/2701 2713/2713/2713 2712/2712/2712
f 2702/2702/2702 2703/2703/2703 2714/2714/2714
f 2702/2702/2702 2714/2714/2714 2713/2713/2713
f 2703/2703/2703 2704/2704/2704 2715/2715/2715
f 2703/2703/2703 2715/2715/2715 2714/2714/2714
f 2704/2704/2704 2705/2705/2705 2716/2716/2716
f 2704/2704/2704 2716/2716/2716 2715/2715/2715
f 2705/2705/2705 2706/2706/2706 2717/2717/2717
f 2705/2705/2705 2717/2717/2717 2716/2716/2716
f 2706/2706/2706 2707/2707/2707 2718/2718/2718
f 2706/2706/2706 2718/2718/2718 2717/2717/2717
f 2708/2708/2708 2709/2709/2709 2720/2720/2720
f 2708/2708/2708 2720/2720/2720 2719/2719/2719
f 2709/2709/2709 2710/2710/2710 2721/2721/2721
f 2709/2709/2709 2721/2721/2721 2720/2720/2720
f 2710/2710/2710 2711/2711/2711 2722/2722/2722
f 2710/2710/2710 2722/2722/2722 2721/2721/2721
f 2711/2711/2711 2712/2712/2712 2723/2723/2723
f 2711/2711/2711 2723/2723/2723 2722/2722/2722
f 2712/2712/2712 2713/2713/2713 2724/2724/2724
f 2712/2712/2712 2724/2724/2724 2723/2723/2723
f 2713/2713/2713 2714/2714/2714 2725/2725/2725
f 2713/2713/2713 2725/2725/2725 2724/2724/2724
f 2714/2714/2714 2715/2715/2715 2726/2726/2726
f 2714/2714/2714 2726/2726/2726 2725/2725/2725
f 2715/2715/2715 2716/2716/2716 2727/2727/2727
f 2715/2715/2715 2727/2727/2727 2726/2726/2726
f 2716/2716/2716 2717/2717/2717 2728/2728/2728
f 2716/2716/2716 2728/2728/2728 2727/2727/2727
f 2717/2717/2717 2718/2718/2718 2729/2729/2729
f 2717/2717/2717 2729/2729/2729 2728/2728/2728
f 2719/2719/2719 2720/2720/2720 2731/2731/2731
f 2719/2719/2719 2731/2731/2731 2730/2730/2730
f 2720/2720/2720 2721/2721/2721 2732/2732/2732
f 2720/2720/2720 2732/2732/2732 2731/2731/2731
f 2721/2721/2721 2722/2722/2722 2733/2733/2733
f 2721/2721/2721 2733/2733/2733 2732/2732/2732
f 2722/2722/2722 2723/2723/2723 2734/2734/2734
f 2722/2722/2722 2734/2734/2734 2733/2733/2733
f 2723/2723/2723 2724/2724/2724 2735/2735/2735
f 2723/2723/2723 2735/2735/2735 2734/2734/2734
f 2724/2724/2724 2725/2725/2725 2736/2736/2736
f 2724/2724/2724 2736/2736/2736 2735/2735/2735
f 2725/2725/2725 2726/2726/2726 2737/2737/2737
f 2725/2725/2725 2737/2737/2737 2736/2736/2736
f 2726/2726/2726 2727/2727/2727 2738/2738/2738
f 2726/2726/2726 2738/2738/2738 2737/2737/2737
f 2727/2727/2727 2728/2728/2728 2739/2739/2739
f 2727/2727/2727 2739/2739/2739 2738/2738/2738
f 2728/2728/2728 2729/2729/2729 2740/2740/2740
f 2728/2728/2728 2740/2740/2740 2739/2739/2739
f 2741/2741/2741 2742/2742/2742 2753/2753/2753
f 2741/2741/2741 2753/2753/2753 2752/2752/2752
f 2742/2742/2742 2743/2743/2743 2754/2754/2754
f 2742/2742/2742 2754/2754/2754 2753/2753/2753
f 2743/2743/2743 2744/2744/2744 2755/2755/2755
f 2743/2743/2743 2755/2755/2755 2754/2754/2754
f 2744/2744/2744 2745/2745/2745 2756/2756/2756
f 2744/2744/2744 2756/2756/2756 2755/2755/2755
f 2745/2745/2745 2746/2746/2746 2757/2757/2757
f 2745/2745/2745 2757/2757/2757 2756/2756/2756
f 2746/2746/2746 2747/2747/2747 2758/2758/2758
f 2746/2746/2746 2758/2758/2758 2757/2757/2757
f 2747/2747/2747 2748/2748/2748 2759/2759/2759
f 2747/2747/2747 2759/2759/2759 2758/2758/2758
f 2748/2748/2748 2749/2749/2749 2760/2760/2760
f 2748/2748/2748 2760/2760/2760 2759/2759/2759
f 2749/2749/2749 2750/2750/2750 2761/2761/2761
f 2749/2749/2749 2761/2761/2761 2760/2760/2760
f 2750/2750/2750 2751/2751/2751 2762/2762/2762
f 2750/2750/2750 2762/2762/2762 2761/2761/2761
f 2752/2752/2752 2753/2753/2753 2764/2764/2764
f 2752/2752/2752 2764/2764/2764 2763/2763/2763
f 2753/2753/2753 2754/2754/2754 2765/2765/2765
f 2753/2753/2753 2765/2765/2765 2764/2764/2764
f 2754/2754/2754 2755/2755/2755 2766/2766/2766
f 2754/2754/2754 2766/2766/2766 2765/2765/2765
f 2755/2755/2755 2756/2756/2756 2767/2767/2767
f 2755/2755/2755 2767/2767/2767 2766/2766/2766
f 2756/2756/2756 2757/2757/2757 2768/2768/2768
f 2756/2756/2756 2768/2768/2768 2767/2767/2767
f 2757/2757/2757 2758/2758/2758 2769/2769/2769
f 2757/2757/2757 2769/2769/2769 2768/2768/2768
f 2758/2758/2758 2759/2759/2759 2770/2770/2770
f 2758/2758/2758 2770/2770/2770 2769/2769/2769
f 2759/2759/2759 2760/2760/2760 2771/2771/2771
f 2759/2759/2759 2771/2771/2771 2770/2770/2770
f 2760/2760/2760 2761/2761/2761 2772/2772/2772
f 2760/2760/2760 2772/2772/2772 2771/2771/2771
f 2761/2761/2761 2762/2762/2762 2773/2773/2773
f 2761/2761/2761 2773/2773/2773 2772/2772/2772
f 2763/2763/2763 2764/2764/2764 2775/2775/2775
f 2763/2763/2763 2775/2775/2775 2774/2774/2774
f 2764/2764/2764 2765/2765/2765 2776/2776/2776
f 2764/2764/2764 2776/2776/2776 2775/2775/2775
f 2765/2765/2765 2766/2766/2766 2777/2777/2777
f 2765/2765/2765 2777/2777/2777 2776/2776/2776
f 2766/2766/2766 2767/2767/2767 2778/2778/2778
f 2766/2766/2766 2778/2778/2778 2777/2777/2777
f 2767/2767/2767 2768/2768/2768 2779/2779/2779
f 2767/2767/2767 2779/2779/2779 2778/2778/2778
f 2768/2768/2768 2769/2769/2769 2780/2780/2780
f 2768/2768/2768 2780/2780/2780 2779/2779/2779
f 2769/2769/2769 2770/2770/2770 2781/2781/2781
f 2769/2769/2769 2781/2781/2781 2780/2780/2780
f 2770/2770/2770 2771/2771/2771 2782/2782/2782
f 2770/2770/2770 2782/2782/2782 2781/2781/2781
f 2771/2771/2771 2772/2772/2772 2783/2783/2783
f 2771/2771/2771 2783/2783/2783 2782/2782/2782
f 2772/2772/2772 2773/2773/2773 2784/2784/2784
f 2772/2772/2772 2784/2784/2784 2783/2783/2783
f 2774/2774/2774 2775/2775/2775 2786/2786/2786
f 2774/2774/2774 2786/2786/2786 2785/2785/2785
f 2775/2775/2775 2776/2776/2776 2787/2787/2787
f 2775/2775/2775 2787/2787/2787 2786/2786/2786
f 2776/2776/2776 2777/2777/2777 2788/2788/2788
f 2776/2776/2776 2788/2788/2788 2787/2787/2787
f 2777/2777/2777 2778/2778/2778 2789/2789/2789
f 2777/2777/2777 2789/2789/2789 2788/2788/2788
f 2778/2778/2778 2779/2779/2779 2790/2790/2790
f 2778/2778/2778 2790/2790/2790 2789/2789/2789
f 2779/2779/2779 2780/2780/2780 2791/2791/2791
f 2779/2779/2779 2791/2791/2791 2790/2790/2790
f 2780/2780/2780 2781/2781/2781 2792/2792/2792
f 2780/2780/2780 2792/2792/2792 2791/2791/2791
f 2781/2781/2781 2782/2782/2782 2793/2793/2793
f 2781/2781/2781 2793/2793/2793 2792/2792/2792
f 2782/2782/2782 2783/2783/2783 2794/2794/2794
f 2782/2782/2782 2794/2794/2794 2793/2793/2793
f 2783/2783/2783 2784/2784/2784 2795/2795/2795
f 2783/2783/2783 2795/2795/2795 2794/2794/2794
f 2785/2785/2785 2786/2786/2786 2797/2797/2797
f 2785/2785/2785 2797/2797/2797 2796/2796/2796
f 2786/2786/2786 2787/2787/2787 2798/2798/2798
f 2786/2786/2786 2798/2798/2798 2797/2797/2797
f 2787/2787/2787 2788/2788/2788 2799/2799/2799
f 2787/2787/2787 2799/2799/2799 2798/2798/2798
f 2788/2788/2788 2789/2789/2789 2800/2800/2800
f 2788/2788/2788 2800/2800/2800 2799/2799/2799
f 2789/2789/2789 2790/2790/2790 2801/2801/2801
f 2789/2789/2789 2801/2801/2801 2800/2800/2800
f 2790/2790/2790 2791/2791/2791 2802/2802/2802
f 2790/2790/2790 2802/2802/2802 2801/2801/2801
f 2791/2791/2791 2792/2792/2792 2803/2803/2803
f 2791/2791/2791 2803/2803/2803 2802/2802/2802
f 2792/2792/2792 2793/2793/2793 2804/2804/2804
f 2792/2792/2792 2804/2804/2804 2803/2803/2803
f 2793/2793/2793 2794/2794/2794 2805/2805/2805
f 2793/2793/2793 2805/2805/2805 2804/2804/2804
f 2794/2794/2794 2795/2795/2795 2806/2806/2806
f 2794/2794/2794 2806/2806/2806 2805/2805/2805
f 2796/2796/2796 2797/2797/2797 2808/2808/2808
f 2796/2796/2796 2808/2808/2808 2807/2807/2807
f 2797/2797/2797 2798/2798/2798 2809/2809/2809
f 2797/2797/2797 2809/2809/2809 2808/2808/2808
f 2798/2798/2798 2799/2799/2799 2810/2810/2810
f 2798/2798/2798 2810/2810/2810 2809/2809/2809
f 2799/2799/2799 2800/2800/2800 2811/2811/2811
f 2799/2799/2799 2811/2811/2811 2810/2810/2810
f 2800/2800/2800 2801/2801/2801 2812/2812/2812
f 2800/2800/2800 2812/2812/2812 2811/2811/2811
f 2801/2801/2801 2802/2802/2802 2813/2813/2813
f 2801/2801/2801 2813/2813/2813 2812/2812/2812
f 2802/2802/2802 2803/2803/2803 2814/2814/2814
f 2802/2802/2802 2814/2814/2814 2813/2813/2813
f 2803/2803/2803 2804/2804/2804 2815/2815/2815
f 2803/2803/2803 2815/2815/2815 2814/2814/2814
f 2804/2804/2804 2805/2805/2805 2816/2816/2816
f 2804/2804/2804 2816/2816/2816 2815/2815/2815
f 2805/2805/2805 2806/2806/2806 2817/2817/2817
f 2805/2805/2805 2817/2817/2817 2816/2816/2816
f 2818/2818/2818 2819/2819/2819 2830/2830/2830
f 2818/2818/2818 2830/2830/2830 2829/2829/2829
f 2819/2819/2819 2820/2820/2820 2831/2831/2831
f 2819/2819/2819 2831/2831/2831 2830/2830/2830
f 2820/2820/2820 2821/2821/2821 2832/2832/2832
f 2820/2820/2820 2832/2832/2832 2831/2831/2831
f 2821/2821/2821 2822/2822/2822 2833/2833/2833
f 2821/2821/2821 2833/2833/2833 2832/2832/2832
f 2822/2822/2822 2823/2823/2823 2834/2834/2834
f 2822/2822/2822 2834/2834/2834 2833/2833/2833
f 2823/2823/2823 2824/2824/2824 2835/2835/2835
f 2823/2823/2823 2835/2835/2835 2834/2834/2834
f 2824/2824/2824 2825/2825/2825 2836/2836/2836
f 2824/2824/2824 2836/2836/2836 2835/2835/2835
f 2825/2825/2825 2826/2826/2826 2837/2837/2837
f 2825/2825/2825 2837/2837/2837 2836/2836/2836
f 2826/2826/2826 2827/2827/2827 2838/2838/2838
f 2826/2826/2826 2838/2838/2838 2837/2837/2837
f 2827/2827/2827 2828/2828/2828 2839/2839/2839
f 2827/2827/2827 2839/2839/2839 2838/2838/2838
f 2829/2829/2829 2830/2830/2830 2841/2841/2841
f 2829/2829/2829 2841/2841/2841 2840/2840/2840
f 2830/2830/2830 2831/2831/2831 2842/2842/2842
f 2830/2830/2830 2842/2842/2842 2841/2841/2841
f 2831/2831/2831 2832/2832/2832 2843/2843/2843
f 2831/2831/2831 2843/2843/2843 2842/2842/2842
f 2832/2832/2832 2833/2833/2833 2844/2844/2844
f 2832/2832/2832 2844/2844/2844 2843/2843/2843
f 2833/2833/2833 2834/2834/2834 2845/2845/2845
f 2833/2833/2833 2845/2845/2845 2844/2844/2844
f 2834/2834/2834 2835/2835/2835 2846/2846/2846
f 2834/2834/2834 2846/2846/2846 2845/2845/2845
f 2835/2835/2835 2836/2836/2836 2847/2847/2847
f 2835/2835/2835 2847/2847/2847 2846/2846/2846
f 2836/2836/2836 2837/2837/2837 2848/2848/2848
f 2836/2836/2836 2848/2848/2848 2847/2847/2847
f 2837/2837/2837 2838/2838/2838 2849/2849/2849
f 2837/2837/2837 2849/2849/2849 2848/2848/2848
f 2838/2838/2838 2839/2839/2839 2850/2850/2850
f 2838/2838/2838 2850/2850/2850 2849/2849/2849
f 2840/2840/2840 2841/2841/2841 2852/2852/2852
f 2840/2840/2840 2852/2852/2852 2851/2851/2851
f 2841/2841/2841 2842/2842/2842 2853/2853/2853
f 2841/2841/2841 2853/2853/2853 2852/2852/2852
f 2842/2842/2842 2843/2843/2843 2854/2854/2854
f 2842/2842/2842 2854/2854/2854 2853/2853/2853
f 2843/2843/2843 2844/2844/2844 2855/2855/2855
f 2843/2843/2843 2855/2855/2855 2854/2854/2854
f 2844/2844/2844 2845/2845/2845 2856/2856/2856
f 2844/2844/2844 2856/2856/2856 2855/2855/2855
f 2845/2845/2845 2846/2846/2846 2857/2857/2857
f 2845/2845/2845 2857/2857/2857 2856/2856/2856
f 2846/2846/2846 2847/2847/2847 2858/2858/2858
f 2846/2846/2846 2858/2858/2858 2857/2857/2857
f 2847/2847/2847 2848/2848/2848 2859/2859/2859
f 2847/2847/2847 2859/2859/2859 2858/2858/2858
f 2848/2848/2848 2849/2849/2849 2860/2860/2860
f 2848/2848/2848 2860/2860/2860 2859/2859/2859
f 2849/2849/2849 2850/2850/2850 2861/2861/2861
f 2849/2849/2849 2861/2861/2861 2860/2860/2860
f 2851/2851/2851 2852/2852/2852 2863/2863/2863
f 2851/2851/2851 2863/2863/2863 2862/2862/2862
f 2852/2852/2852 2853/2853/2853 2864/2864/2864
f 2852/2852/2852 2864/2864/2864 2863/2863/2863
f 2853/2853/2853 2854/2854/2854 2865/2865/2865
f 2853/2853/2853 2865/2865/2865 2864/2864/2864
f 2854/2854/2854 2855/2855/2855 2866/2866/2866
f 2854/2854/2854 2866/2866/2866 2865/2865/2865
f 2855/2855/2855 2856/2856/2856 2867/2867/2867
f 2855/2855/2855 2867/2867/2867 2866/2866/2866
f 2856/2856/2856 2857/2857/2857 2868/2868/2868
f 2856/2856/2856 2868/2868/2868 2867/2867/2867
f 2857/2857/2857 2858/2858/2858 2869/2869/2869
f 2857/2857/2857 2869/2869/2869 2868/2868/2868
f 2858/2858/2858 2859/2859/2859 2870/2870/2870
f 2858/2858/2858 2870/2870/2870 2869/2869/2869
f 2859/2859/2859 2860/2860/2860 2871/2871/2871
f 2859/2859/2859 2871/2871/2871 2870/2870/2870
f 2860/2860/2860 2861/2861/2861 2872/2872/2872
f 2860/2860/2860 2872/2872/2872 2871/2871/2871
f 2862/2862/2862 2863/2863/2863 2874/2874/2874
f 2862/2862/2862 2874/2874/2874 2873/2873/2873
f 2863/2863/2863 2864/2864/2864 2875/2875/2875
f 2863/2863/2863 2875/2875/2875 2874/2874/2874
f 2864/2864/2864 2865/2865/2865 2876/2876/2876
f 2864/2864/2864 2876/2876/2876 2875/2875/2875
f 2865/2865/2865 2866/2866/2866 2877/2877/2877
f 2865/2865/2865 2877/2877/2877 2876/2876/2876
f 2866/2866/2866 2867/2867/2867 2878/2878/2878
f 2866/2866/2866 2878/2878/2878 2877/2877/2877
f 2867/2867/2867 2868/2868/2868 2879/2879/2879
f 2867/2867/2867 2879/2879/2879 2878/2878/2878
f 2868/2868/2868 2869/2869/2869 2880/2880/2880
f 2868/2868/2868 2880/2880/2880 2879/2879/2879
f 2869/2869/2869 2870/2870/2870 2881/2881/2881
f 2869/2869/2869 2881/2881/2881 2880/2880/2880
f 2870/2870/2870 2871/2871/2871 2882/2882/2882
f 2870/2870/2870 2882/2882/2882 2881/2881/2881
f 2871/2871/2871 2872/2872/2872 2883/2883/2883
f 2871/2871/2871 2883/2883/2883 2882/2882/2882
f 2873/2873/2873 2874/2874/2874 2885/2885/2885
f 2873/2873/2873 2885/2885/2885 2884/2884/2884
f 2874/2874/2874 2875/2875/2875 2886/2886/2886
f 2874/2874/2874 2886/2886/2886 2885/2885/2885
f 2875/2875/2875 2876/2876/2876 2887/2887/2887
f 2875/2875/2875 2887/2887/2887 2886/2886/2886
f 2876/2876/2876 2877/2877/2877 2888/2888/2888
f 2876/2876/2876 2888/2888/2888 2887/2887/2887
f 2877/2877/2877 2878/2878/2878 2889/2889/2889
f 2877/2877/2877 2889/2889/2889 2888/2888/2888
f 2878/2878/2878 2879/2879/2879 2890/2890/2890
f 2878/2878/2878 2890/2890/2890 2889/2889/2889
f 2879/2879/2879 2880/2880/2880 2891/2891/2891
f 2879/2879/2879 2891/2891/2891 2890/2890/2890
f 2880/2880/2880 2881/2881/2881 2892/2892/2892
f 2880/2880/2880 2892/2892/2892 2891/2891/2891
f 2881/2881/2881 2882/2882/2882 2893/2893/2893
f 2881/2881/2881 2893/2893/2893 2892/2892/2892
f 2882/2882/2882 2883/2883/2883 2894/2894/2894
f 2882/2882/2882 2894/2894/2894 2893/2893/2893
f 2895/2895/2895 2896/2896/2896 2907/2907/2907
f 2895/2895/2895 2907/2907/2907 2906/2906/2906
f 2896/2896/2896 2897/2897/2897 2908/2908/2908
f 2896/2896/2896 2908/2908/2908 2907/2907/2907
f 2897/2897/2897 2898/2898/2898 2909/2909/2909
f 2897/2897/2897 2909/2909/2909 2908/2908/2908
f 2898/2898/2898 2899/2899/2899 2910/2910/2910
f 2898/2898/2898 2910/2910/2910 2909/2909/2909
f 2899/2899/2899 2900/2900/2900 2911/2911/2911
f 2899/2899/2899 2911/2911/2911 2910/2910/2910
f 2900/2900/2900 2901/2901/2901 2912/2912/2912
f 2900/2900/2900 2912/2912/2912 2911/2911/2911
f 2901/2901/2901 2902/2902/2902 2913/2913/2913
f 2901/2901/2901 2913/2913/2913 2912/2912/2912
f 2902/2902/2902 2903/2903/2903 2914/2914/2914
f 2902/2902/2902 2914/2914/2914 2913/2913/2913
f 2903/2903/2903 2904/2904/2904 2915/2915/2915
f 2903/2903/2903 2915/2915/2915 2914/2914/2914
f 2904/2904/2904 2905/2905/2905 2916/2916/2916
f 2904/2904/2904 2916/2916/2916 2915/2915/2915
f 2906/2906/2906 2907/2907/2907 2918/2918/2918
f 2906/2906/2906 2918/2918/2918 2917/2917/2917
f 2907/2907/2907 2908/2908/2908 2919/2919/2919
f 2907/2907/2907 2919/2919/2919 2918/2918/2918
f 2908/2908/2908 2909/2909/2909 2920/2920/2920
f 2908/2908/2908 2920/2920/2920 2919/2919/2919
f 2909/2909/2909 2910/2910/2910 2921/2921/2921
f 2909/2909/2909 2921/2921/2921 2920/2920/2920
f 2910/2910/2910 2911/2911/2911 2922/2922/2922
f 2910/2910/2910 2922/2922/2922 2921/2921/2921
f 2911/2911/2911 2912/2912/2912 2923/2923/2923
f 2911/2911/2911 2923/2923/2923 2922/2922/2922
f 2912/2912/2912 2913/2913/2913 2924/2924/2924
f 2912/2912/2912 2924/2924/2924 2923/2923/2923
f 2913/2913/2913 2914/2914/2914 2925/2925/2925
f 2913/2913/2913 2925/2925/2925 2924/2924/2924
f 2914/2914/2914 2915/2915/2915 2926/2926/2926
f 2914/2914/2914 2926/2926/2926 2925/2925/2925
f 2915/2915/2915 2916/2916/2916 2927/2927/2927
f 2915/2915/2915 2927/2927/2927 2926/2926/2926
f 2917/2917/2917 2918/2918/2918 2929/2929/2929
f 2917/2917/2917 2929/2929/2929 2928/2928/2928
f 2918/2918/2918 2919/2919/2919 2930/2930/2930
f 2918/2918/2918 2930/2930/2930 2929/2929/2929
f 2919/2919/2919 2920/2920/2920 2931/2931/2931
f 2919/2919/2919 2931/2931/2931 2930/2930/2930
f 2920/2920/2920 2921/2921/2921 2932/2932/2932
f 2920/2920/2920 2932/2932/2932 2931/2931/2931
f 2921/2921/2921 2922/2922/2922 2933/2933/2933
f 2921/2921/2921 2933/2933/2933 2932/2932/2932
f 2922/2922/2922 2923/2923/2923 2934/2934/2934
f 2922/2922/2922 2934/2934/2934 2933/2933/2933
f 2923/2923/2923 2924/2924/2924 2935/2935/2935
f 2923/2923/2923 2935/2935/2935 2934/2934/2934
f 2924/2924/2924 2925/2925/2925 2936/2936/2936
f 2924/2924/2924 2936/2936/2936 2935/2935/2935
f 2925/2925/2925 2926/2926/2926 2937/2937/2937
f 2925/2925/2925 2937/2937/2937 2936/2936/2936
f 2926/2926/2926 2927/2927/2927 2938/2938/2938
f 2926/2926/2926 2938/2938/2938 2937/2937/2937
f 2928/2928/2928 2929/2929/2929 2940/2940/2940
f 2928/2928/2928 2940/2940/2940 2939/2939/2939
f 2929/2929/2929 2930/2930/2930 2941/2941/2941
f 2929/2929/2929 2941/2941/2941 2940/2940/2940
f 2930/2930/2930 2931/2931/2931 2942/2942/2942
f 2930/2930/2930 2942/2942/2942 2941/2941/2941
f 2931/2931/2931 2932/2932/2932 2943/2943/2943
f 2931/2931/2931 2943/2943/2943 2942/2942/2942
f 2932/2932/2932 2933/2933/2933 2944/2944/2944
f 2932/2932/2932 2944/2944/2944 2943/2943/2943
f 2933/2933/2933 2934/2934/2934 2945/2945/2945
f 2933/2933/2933 2945/2945/2945 2944/2944/2944
f 2934/2934/2934 2935/2935/2935 2946/2946/2946
f 2934/2934/2934 2946/2946/2946 2945/2945/2945
f 2935/2935/2935 2936/2936/2936 2947/2947/2947
f 2935/2935/2935 2947/2947/2947 2946/2946/2946
f 2936/2936/2936 2937/2937/2937 2948/2948/2948
f 2936/2936/2936 2948/2948/2948 2947/2947/2947
f 2937/2937/2937 2938/2938/2938 2949/2949/2949
f 2937/2937/2937 2949/2949/2949 2948/2948/2948
f 2939/2939/2939 2940/2940/2940 2951/2951/2951
f 2939/2939/2939 2951/2951/2951 2950/2950/2950
f 2940/2940/2940 2941/2941/2941 2952/2952/2952
f 2940/2940/2940 2952/2952/2952 2951/2951/2951
f 2941/2941/2941 2942/2942/2942 2953/2953/2953
f 2941/2941/2941 2953/2953/2953 2952/2952/2952
f 2942/2942/2942 2943/2943/2943 2954/2954/2954
f 2942/2942/2942 2954/2954/2954 2953/2953/2953
f 2943/2943/2943 2944/2944/2944 2955/2955/2955
f 2943/2943/2943 2955/2955/2955 2954/2954/2954
f 2944/2944/2944 2945/2945/2945 2956/2956/2956
f 2944/2944/2944 2956/2956/2956 2955/2955/2955
f 2945/2945/2945 2946/2946/2946 2957/2957/2957
f 2945/2945/2945 2957/2957/2957 2956/2956/2956
f 2946/2946/2946 2947/2947/2947 2958/2958/2958
f 2946/2946/2946 2958/2958/2958 2957/2957/2957
f 2947/2947/2947 2948/2948/2948 2959/2959/2959
f 2947/2947/2947 2959/2959/2959 2958/2958/2958
f 2948/2948/2948 2949/2949/2949 2960/2960/2960
f 2948/2948/2948 2960/2960/2960 2959/2959/2959
f 2950/2950/2950 2951/2951/2951 2962/2962/2962
f 2950/2950/2950 2962/2962/2962 2961/2961/2961
f 2951/2951/2951 2952/2952/2952 2963/2963/2963
f 2951/2951/2951 2963/2963/2963 2962/2962/2962
f 2952/2952/2952 2953/2953/2953 2964/2964/2964
f 2952/2952/2952 2964/2964/2964 2963/2963/2963
f 2953/2953/2953 2954/2954/2954 2965/2965/2965
f 2953/2953/2953 2965/2965/2965 2964/2964/2964
f 2954/2954/2954 2955/2955/2955 2966/2966/2966
f 2954/2954/2954 2966/2966/2966 2965/2965/2965
f 2955/2955/2955 2956/2956/2956 2967/2967/2967
f 2955/2955/2955 2967/2967/2967 2966/2966/2966
f 2956/2956/2956 2957/2957/2957 2968/2968/2968
f 2956/2956/2956 2968/2968/2968 2967/2967/2967
f 2957/2957/2957 2958/2958/2958 2969/2969/2969
f 2957/2957/2957 2969/2969/2969 2968/2968/2968
f 2958/2958/2958 2959/2959/2959 2970/2970/2970
f 2958/2958/2958 2970/2970/2970 2969/2969/2969
f 2959/2959/2959 2960/2960/2960 2971/2971/2971
f 2959/2959/2959 2971/2971/2971 2970/2970/2970
f 2972/2972/2972 2973/2973/2973 2984/2984/2984
f 2972/2972/2972 2984/2984/2984 2983/2983/2983
f 2973/2973/2973 2974/2974/2974 2985/2985/2985
f 2973/2973/2973 2985/2985/2985 2984/2984/2984
f 2974/2974/2974 2975/2975/2975 2986/2986/2986
f 2974/2974/2974 2986/2986/2986 2985/2985/2985
f 2975/2975/2975 2976/2976/2976 2987/2987/2987
f 2975/2975/2975 2987/2987/2987 2986/2986/2986
f 2976/2976/2976 2977/2977/2977 2988/2988/2988
f 2976/2976/2976 2988/2988/2988 2987/2987/2987
f 2977/2977/2977 2978/2978/2978 2989/2989/2989
f 2977/2977/2977 2989/2989/2989 2988/2988/2988
f 2978/2978/2978 2979/2979/2979 2990/2990/2990
f 2978/2978/2978 2990/2990/2990 2989/2989/2989
f 2979/2979/2979 2980/2980/2980 2991/2991/2991
f 2979/2979/2979 2991/2991/2991 2990/2990/2990
f 2980/2980/2980 2981/2981/2981 2992/2992/2992
f 2980/2980/2980 2992/2992/2992 2991/2991/2991
f 2981/2981/2981 2982/2982/2982 2993/2993/2993
f 2981/2981/2981 2993/2993/2993 2992/2992/2992
f 2983/2983/2983 2984/2984/2984 2995/2995/2995
f 2983/2983/2983 2995/2995/2995 2994/2994/2994
f 2984/2984/2984 2985/2985/2985 2996/2996/2996
f 2984/2984/2984 2996/2996/2996 2995/2995/2995
f 2985/2985/2985 2986/2986/2986 2997/2997/2997
f 2985/2985/2985 2997/2997/2997 2996/2996/2996
f 2986/2986/2986 2987/2987/2987 2998/2998/2998
f 2986/2986/2986 2998/2998/2998 2997/2997/2997
f 2987/2987/2987 2988/2988/2988 2999/2999/2999
f 2987/2987/2987 2999/2999/2999 2998/2998/2998
f 2988/2988/2988 2989/2989/2989 3000/3000/3000
f 2988/2988/2988 3000/3000/3000 2999/2999/2999
f 2989/2989/2989 2990/2990/2990 3001/3001/3001
f 2989/2989/2989 3001/3001/3001 3000/3000/3000
f 2990/2990/2990 2991/2991/2991 3002/3002/3002
f 2990/2990/2990 3002/3002/3002 3001/3001/3001
f 2991/2991/2991 2992/2992/2992 3003/3003/3003
f 2991/2991/2991 3003/3003/3003 3002/3002/3002
f 2992/2992/2992 2993/2993/2993 3004/3004/3004
f 2992/2992/2992 3004/3004/3004 3003/3003/3003
f 2994/2994/2994 2995/2995/2995 3006/3006/3006
f 2994/2994/2994 3006/3006/3006 3005/3005/3005
f 2995/2995/2995 2996/2996/2996 3007/3007/3007
f 2995/2995/2995 3007/3007/3007 3006/3006/3006
f 2996/2996/2996 2997/2997/2997 3008/3008/3008
f 2996/2996/2996 3008/3008/3008 3007/3007/3007
f 2997/2997/2997 2998/2998/2998 3009/3009/3009
f 2997/2997/2997 3009/3009/3009 3008/3008/3008
f 2998/2998/2998 2999/2999/2999 3010/3010/3010
f 2998/2998/2998 3010/3010/3010 3009/3009/3009
f 2999/2999/2999 3000/3000/3000 3011/3011/3011
f 2999/2999/2999 3011/3011/3011 3010/3010/3010
f 3000/3000/3000 3001/3001/3001 3012/3012/3012
f 3000/3000/3000 3012/3012/3012 3011/3011/3011
f 3001/3001/3001 3002/3002/3002 3013/3013/3013
f 3001/3001/3001 3013/3013/3013 3012/3012/3012
f 3002/3002/3002 3003/3003/3003 3014/3014/3014
f 3002/3002/3002 3014/3014/3014 3013/3013/3013
f 3003/3003/3003 3004/3004/3004 3015/3015/3015
f 3003/3003/3003 3015/3015/3015 3014/3014/3014
f 3005/3005/3005 3006/3006/3006 3017/3017/3017
f 3005/3005/3005 3017/3017/3017 3016/3016/3016
f 3006/3006/3006 3007/3007/3007 3018/3018/3018
f 3006/3006/3006 3018/3018/3018 3017/3017/3017
f 3007/3007/3007 3008/3008/3008 3019/3019/3019
f 3007/3007/3007 3019/3019/3019 3018/3018/3018
f 3008/3008/3008 3009/3009/3009 3020/3020/3020
f 3008/3008/3008 3020/3020/3020 3019/3019/3019
f 3009/3009/3009 3010/3010/3010 3021/3021/3021
f 3009/3009/3009 3021/3021/3021 3020/3020/3020
f 3010/3010/3010 3011/3011/3011 3022/3022/3022
f 3010/3010/3010 3022/3022/3022 3021/3021/3021
f 3011/3011/3011 3012/3012/3012 3023/3023/3023
f 3011/3011/3011 3023/3023/3023 3022/3022/3022
f 3012/3012/3012 3013/3013/3013 3024/3024/3024
f 3012/3012/3012 3024/3024/3024 3023/3023/3023
f 3013/3013/3013 3014/3014/3014 3025/3025/3025
f 3013/3013/3013 3025/3025/3025 3024/3024/3024
f 3014/3014/3014 3015/3015/3015 3026/3026/3026
f 3014/3014/3014 3026/3026/3026 3025/3025/3025
f 3016/3016/3016 3017/3017/3017 3028/3028/3028
f 3016/3016/3016 3028/3028/3028 3027/3027/3027
f 3017/3017/3017 3018/3018/3018 3029/3029/3029
f 3017/3017/3017 3029/3029/3029 3028/3028/3028
f 3018/3018/3018 3019/3019/3019 3030/3030/3030
f 3018/3018/3018 3030/3030/3030 3029/3029/3029
f 3019/3019/3019 3020/3020/3020 3031/3031/3031
f 3019/3019/3019 3031/3031/3031 3030/3030/3030
f 3020/3020/3020 3021/3021/3021 3032/3032/3032
f 3020/3020/3020 3032/3032/3032 3031/3031/3031
f 3021/3021/3021 3022/3022/3022 3033/3033/3033
f 3021/3021/3021 3033/3033/3033 3032/3032/3032
f 3022/3022/3022 3023/3023/3023 3034/3034/3034
f 3022/3022/3022 3034/3034/3034 3033/3033/3033
f 3023/3023/3023 3024/3024/3024 3035/3035/3035
f 3023/3023/3023 3035/3035/3035 3034/3034/3034
f 3024/3024/3024 3025/3025/3025 3036/3036/3036
f 3024/3024/3024 3036/3036/3036 3035/3035/3035
f 3025/3025/3025 3026/3026/3026 3037/3037/3037
f 3025/3025/3025 3037/3037/3037 3036/3036/3036
f 3027/3027/3027 3028/3028/3028 3039/3039/3039
f 3027/3027/3027 3039/3039/3039 3038/3038/3038
f 3028/3028/3028 3029/3029/3029 3040/3040/3040
f 3028/3028/3028 3040/3040/3040 3039/3039/3039
f 3029/3029/3029 3030/3030/3030 3041/3041/3041
f 3029/3029/3029 3041/3041/3041 3040/3040/3040
f 3030/3030/3030 3031/3031/3031 3042/3042/3042
f 3030/3030/3030 3042/3042/3042 3041/3041/3041
f 3031/3031/3031 3032/3032/3032 3043/3043/3043
f 3031/3031/3031 3043/3043/3043 3042/3042/3042
f 3032/3032/3032 3033/3033/3033 3044/3044/3044
f 3032/3032/3032 3044/3044/3044 3043/3043/3043
f 3033/3033/3033 3034/3034/3034 3045/3045/3045
f 3033/3033/3033 3045/3045/3045 3044/3044/3044
f 3034/3034/3034 3035/3035/3035 3046/3046/3046
f 3034/3034/3034 3046/3046/3046 3045/3045/3045
f 3035/3035/3035 3036/3036/3036 3047/3047/3047
f 3035/3035/3035 3047/3047/3047 3046/3046/3046
f 3036/3036/3036 3037/3037/3037 3048/3048/3048
f 3036/3036/3036 3048/3048/3048 3047/3047/3047
f 3049/3049/3049 3050/3050/3050 3061/3061/3061
f 3049/3049/3049 3061/3061/3061 3060/3060/3060
f 3050/3050/3050 3051/3051/3051 3062/3062/3062
f 3050/3050/3050 3062/3062/3062 3061/3061/3061
f 3051/3051/3051 3052/3052/3052 3063/3063/3063
f 3051/3051/3051 3063/3063/3063 3062/3062/3062
f 3052/3052/3052 3053/3053/3053 3064/3064/3064
f 3052/3052/3052 3064/3064/3064 3063/3063/3063
f 3053/3053/3053 3054/3054/3054 3065/3065/3065
f 3053/3053/3053 3065/3065/3065 3064/3064/3064
f 3054/3054/3054 3055/3055/3055 3066/3066/3066
f 3054/3054/3054 3066/3066/3066 3065/3065/3065
f 3055/3055/3055 3056/3056/3056 3067/3067/3067
f 3055/3055/3055 3067/3067/3067 3066/3066/3066
f 3056/3056/3056 3057/3057/3057 3068/3068/3068
f 3056/3056/3056 3068/3068/3068 3067/3067/3067
f 3057/3057/3057 3058/3058/3058 3069/3069/3069
f 3057/3057/3057 3069/3069/3069 3068/3068/3068
f 3058/3058/3058 3059/3059/3059 3070/3070/3070
f 3058/3058/3058 3070/3070/3070 3069/3069/3069
f 3060/3060/3060 3061/3061/3061 3072/3072/3072
f 3060/3060/3060 3072/3072/3072 3071/3071/3071
f 3061/3061/3061 3062/3062/3062 3073/3073/3073
f 3061/3061/3061 3073/3073/3073 3072/3072/3072
f 3062/3062/3062 3063/3063/3063 3074/3074/3074
f 3062/3062/3062 3074/3074/3074 3073/3073/3073
f 3063/3063/3063 3064/3064/3064 3075/3075/3075
f 3063/3063/3063 3075/3075/3075 3074/3074/3074
f 3064/3064/3064 3065/3065/3065 3076/3076/3076
f 3064/3064/3064 3076/3076/3076 3075/3075/3075
f 3065/3065/3065 3066/3066/3066 3077/3077/3077
f 3065/3065/3065 3077/3077/3077 3076/3076/3076
f 3066/3066/3066 3067/3067/3067 3078/3078/3078
f 3066/3066/3066 3078/3078/3078 3077/3077/3077
f 3067/3067/3067 3068/3068/3068 3079/3079/3079
f 3067/3067/3067 3079/3079/3079 3078/3078/3078
f 3068/3068/3068 3069/3069/3069 3080/3080/3080
f 3068/3068/3068 3080/3080/3080 3079/3079/3079
f 3069/3069/3069 3070/3070/3070 3081/3081/3081
f 3069/3069/3069 3081/3081/3081 3080/3080/3080
f 3071/3071/3071 3072/3072/3072 3083/3083/3083
f 3071/3071/3071 3083/3083/3083 3082/3082/3082
f 3072/3072/3072 3073/3073/3073 3084/3084/3084
f 3072/3072/3072 3084/3084/3084 3083/3083/3083
f 3073/3073/3073 3074/3074/3074 3085/3085/3085
f 3073/3073/3073 3085/3085/3085 3084/3084/3084
f 3074/3074/3074 3075/3075/3075 3086/3086/3086
f 3074/3074/3074 3086/3086/3086 3085/3085/3085
f 3075/3075/3075 3076/3076/3076 3087/3087/3087
f 3075/3075/3075 3087/3087/3087 3086/3086/3086
f 3076/3076/3076 3077/3077/3077 3088/3088/3088
f 3076/3076/3076 3088/3088/3088 3087/3087/3087
f 3077/3077/3077 3078/3078/3078 3089/3089/3089
f 3077/3077/3077 3089/3089/3089 3088/3088/3088
f 3078/3078/3078 3079/3079/3079 3090/3090/3090
f 3078/3078/3078 3090/3090/3090 3089/3089/3089
f 3079/3079/3079 3080/3080/3080 3091/3091/3091
f 3079/3079/3079 3091/3091/3091 3090/3090/3090
f 3080/3080/3080 3081/3081/3081 3092/3092/3092
f 3080/3080/3080 3092/3092/3092 3091/3091/3091
f 3082/3082/3082 3083/3083/3083 3094/3094/3094
f 3082/3082/3082 3094/3094/3094 3093/3093/3093
f 3083/3083/3083 3084/3084/3084 3095/3095/3095
f 3083/3083/3083 3095/3095/3095 3094/3094/3094
f 3084/3084/3084 3085/3085/3085 3096/3096/3096
f 3084/3084/3084 3096/3096/3096 3095/3095/3095
f 3085/3085/3085 3086/3086/3086 3097/3097/3097
f 3085/3085/3085 3097/3097/3097 3096/3096/3096
f 3086/3086/3086 3087/3087/3087 3098/3098/3098
f 3086/3086/3086 3098/3098/3098 3097/3097/3097
f 3087/3087/3087 3088/3088/3088 3099/3099/3099
f 3087/3087/3087 3099/3099/3099 3098/3098/3098
f 3088/3088/3088 3089/3089/3089 3100/3100/3100
f 3088/3088/3088 3100/3100/3100 3099/3099/3099
f 3089/3089/3089 3090/3090/3090 3101/3101/3101
f 3089/3089/3089 3101/3101/3101 3100/3100/3100
f 3090/3090/3090 3091/3091/3091 3102/3102/3102
f 3090/3090/3090 3102/3102/3102 3101/3101/3101
f 3091/3091/3091 3092/3092/3092 3103/3103/3103
f 3091/3091/3091 3103/3103/3103 3102/3102/3102
f 3093/3093/3093 3094/3094/3094 3105/3105/3105
f 3093/3093/3093 3105/3105/3105 3104/3104/3104
f 3094/3094/3094 3095/3095/3095 3106/3106/3106
f 3094/3094/3094 3106/3106/3106 3105/3105/3105
f 3095/3095/3095 3096/3096/3096 3107/3107/3107
f 3095/3095/3095 3107/3107/3107 3106/3106/3106
f 3096/3096/3096 3097/3097/3097 3108/3108/3108
f 3096/3096/3096 3108/3108/3108 3107/3107/3107
f 3097/3097/3097 3098/3098/3098 3109/3109/3109
f 3097/3097/3097 3109/3109/3109 3108/3108/3108
f 3098/3098/3098 3099/3099/3099 3110/3110/3110
f 3098/3098/3098 3110/3110/3110 3109/3109/3109
f 3099/3099/3099 3100/3100/3100 3111/3111/3111
f 3099/3099/3099 3111/3111/3111 3110/3110/3110
f 3100/3100/3100 3101/3101/3101 3112/3112/3112
f 3100/3100/3100 3112/3112/3112 3111/3111/3111
f 3101/3101/3101 3102/3102/3102 3113/3113/3113
f 3101/3101/3101 3113/3113/3113 3112/3112/3112
f 3102/3102/3102 3103/3103/3103 3114/3114/3114
f 3102/3102/3102 3114/3114/3114 3113/3113/3113
f 3104/3104/3104 3105/3105/3105 3116/3116/3116
f 3104/3104/3104 3116/3116/3116 3115/3115/3115
f 3105/3105/3105 3106/3106/3106 3117/3117/3117
f 3105/3105/3105 3117/3117/3117 3116/3116/3116
f 3106/3106/3106 3107/3107/3107 3118/3118/3118
f 3106/3106/3106 3118/3118/3118 3117/3117/3117
f 3107/3107/3107 3108/3108/3108 3119/3119/3119
f 3107/3107/3107 3119/3119/3119 3118/3118/3118
f 3108/3108/3108 3109/3109/3109 3120/3120/3120
f 3108/3108/3108 3120/3120/3120 3119/3119/3119
f 3109/3109/3109 3110/3110/3110 3121/3121/3121
f 3109/3109/3109 3121/3121/3121 3120/3120/3120
f 3110/3110/3110 3111/3111/3111 3122/3122/3122
f 3110/3110/3110 3122/3122/3122 3121/3121/3121
f 3111/3111/3111 3112/3112/3112 3123/3123/3123
f 3111/3111/3111 3123/3123/3123 3122/3122/3122
f 3112/3112/3112 3113/3113/3113 3124/3124/3124
f 3112/3112/3112 3124/3124/3124 3123/3123/3123
f 3113/3113/3113 3114/3114/3114 3125/3125/3125
f 3113/3113/3113 3125/3125/3125 3124/3124/3124
f 3126/3126/3126 3127/3127/3127 3138/3138/3138
f 3126/3126/3126 3138/3138/3138 3137/3137/3137
f 3127/3127/3127 3128/3128/3128 3139/3139/3139
f 3127/3127/3127 3139/3139/3139 3138/3138/3138
f 3128/3128/3128 3129/3129/3129 3140/3140/3140
f 3128/3128/3128 3140/3140/3140 3139/3139/3139
f 3129/3129/3129 3130/3130/3130 3141/3141/3141
f 3129/3129/3129 3141/3141/3141 3140/3140/3140
f 3130/3130/3130 3131/3131/3131 3142/3142/3142
f 3130/3130/3130 3142/3142/3142 3141/3141/3141
f 3131/3131/3131 3132/3132/3132 3143/3143/3143
f 3131/3131/3131 3143/3143/3143 3142/3142/3142
f 3132/3132/3132 3133/3133/3133 3144/3144/3144
f 3132/3132/3132 3144/3144/3144 3143/3143/3143
f 3133/3133/3133 3134/3134/3134 3145/3145/3145
f 3133/3133/3133 3145/3145/3145 3144/3144/3144
f 3134/3134/3134 3135/3135/3135 3146/3146/3146
f 3134/3134/3134 3146/3146/3146 3145/3145/3145
f 3135/3135/3135 3136/3136/3136 3147/3147/3147
f 3135/3135/3135 3147/3147/3147 3146/3146/3146
f 3137/3137/3137 3138/3138/3138 3149/3149/3149
f 3137/3137/3137 3149/3149/3149 3148/3148/3148
f 3138/3138/3138 3139/3139/3139 3150/3150/3150
f 3138/3138/3138 3150/3150/3150 3149/3149/3149
f 3139/3139/3139 3140/3140/3140 3151/3151/3151
f 3139/3139/3139 3151/3151/3151 3150/3150/3150
f 3140/3140/3140 3141/3141/3141 3152/3152/3152
f 3140/3140/3140 3152/3152/3152 3151/3151/3151
f 3141/3141/3141 3142/3142/3142 3153/3153/3153
f 3141/3141/3141 3153/3153/3153 3152/3152/3152
f 3142/3142/3142 3143/3143/3143 3154/3154/3154
f 3142/3142/3142 3154/3154/3154 3153/3153/3153
f 3143/3143/3143 3144/3144/3144 3155/3155/3155
f 3143/3143/3143 3155/3155/3155 3154/3154/3154
f 3144/3144/3144 3145/3145/3145 3156/3156/3156
f 3144/3144/3144 3156/3156/3156 3155/3155/3155
f 3145/3145/3145 3146/3146/3146 3157/3157/3157
f 3145/3145/3145 3157/3157/3157 3156/3156/3156
f 3146/3146/3146 3147/3147/3147 3158/3158/3158
f 3146/3146/3146 3158/3158/3158 3157/3157/3157
f 3148/3148/3148 3149/3149/3149 3160/3160/3160
f 3148/3148/3148 3160/3160/3160 3159/3159/3159
f 3149/3149/3149 3150/3150/3150 3161/3161/3161
f 3149/3149/3149 3161/3161/3161 3160/3160/3160
f 3150/3150/3150 3151/3151/3151 3162/3162/3162
f 3150/3150/3150 3162/3162/3162 3161/3161/3161
f 3151/3151/3151 3152/3152/3152 3163/3163/3163
f 3151/3151/3151 3163/3163/3163 3162/3162/3162
f 3152/3152/3152 3153/3153/3153 3164/3164/3164
f 3152/3152/3152 3164/3164/3164 3163/3163/3163
f 3153/3153/3153 3154/3154/3154 3165/3165/3165
f 3153/3153/3153 3165/3165/3165 3164/3164/3164
f 3154/3154/3154 3155/3155/3155 3166/3166/3166
f 3154/3154/3154 3166/3166/3166 3165/3165/3165
f 3155/3155/3155 3156/3156/3156 3167/3167/3167
f 3155/3155/3155 3167/3167/3167 3166/3166/3166
f 3156/3156/3156 3157/3157/3157 3168/3168/3168
f 3156/3156/3156 3168/3168/3168 3167/3167/3167
f 3157/3157/3157 3158/3158/3158 3169/3169/3169
f 3157/3157/3157 3169/3169/3169 3168/3168/3168
f 3159/3159/3159 3160/3160/3160 3171/3171/3171
f 3159/3159/3159 3171/3171/3171 3170/3170/3170
f 3160/3160/3160 3161/3161/3161 3172/3172/3172
f 3160/3160/3160 3172/3172/3172 3171/3171/3171
f 3161/3161/3161 3162/3162/3162 3173/3173/3173
f 3161/3161/3161 3173/3173/3173 3172/3172/3172
f 3162/3162/3162 3163/3163/3163 3174/3174/3174
f 3162/3162/3162 3174/3174/3174 3173/3173/3173
f 3163/3163/3163 3164/3164/3164 3175/3175/3175
f 3163/3163/3163 3175/3175/3175 3174/3174/3174
f 3164/3164/3164 3165/3165/3165 3176/3176/3176
f 3164/3164/3164 3176/3176/3176 3175/3175/3175
f 3165/3165/3165 3166/3166/3166 3177/3177/3177
f 3165/3165/3165 3177/3177/3177 3176/3176/3176
f 3166/3166/3166 3167/3167/3167 3178/3178/3178
f 3166/3166/3166 3178/3178/3178 3177/3177/3177
f 3167/3167/3167 3168/3168/3168 3179/3179/3179
f 3167/3167/3167 3179/3179/3179 3178/3178/3178
f 3168/3168/3168 3169/3169/3169 3180/3180/3180
f 3168/3168/3168 3180/3180/3180 3179/3179/3179
f 3170/3170/3170 3171/3171/3171 3182/3182/3182
f 3170/3170/3170 3182/3182/3182 3181/3181/3181
f 3171/3171/3171 3172/3172/3172 3183/3183/3183
f 3171/3171/3171 3183/3183/3183 3182/3182/3182
f 3172/3172/3172 3173/3173/3173 3184/3184/3184
f 3172/3172/3172 3184/3184/3184 3183/3183/3183
f 3173/3173/3173 3174/3174/3174 3185/3185/3185
f 3173/3173/3173 3185/3185/3185 3184/3184/3184
f 3174/3174/3174 3175/3175/3175 3186/3186/3186
f 3174/3174/3174 3186/3186/3186 3185/3185/3185
f 3175/3175/3175 3176/3176/3176 3187/3187/3187
f 3175/3175/3175 3187/3187/3187 3186/3186/3186
f 3176/3176/3176 3177/3177/3177 3188/3188/3188
f 3176/3176/3176 3188/3188/3188 3187/3187/3187
f 3177/3177/3177 3178/3178/3178 3189/3189/3189
f 3177/3177/3177 3189/3189/3189 3188/3188/3188
f 3178/3178/3178 3179/3179/3179 3190/3190/3190
f 3178/3178/3178 3190/3190/3190 3189/3189/3189
f 3179/3179/3179 3180/3180/3180 3191/3191/3191
f 3179/3179/3179 3191/3191/3191 3190/3190/3190
f 3181/3181/3181 3182/3182/3182 3193/3193/3193
f 3181/3181/3181 3193/3193/3193 3192/3192/3192
f 3182/3182/3182 3183/3183/3183 3194/3194/3194
f 3182/3182/3182 3194/3194/3194 3193/3193/3193
f 3183/3183/3183 3184/3184/3184 3195/3195/3195
f 3183/3183/3183 3195/3195/3195 3194/3194/3194
f 3184/3184/3184 3185/3185/3185 3196/3196/3196
f 3184/3184/3184 3196/3196/3196 3195/3195/3195
f 3185/3185/3185 3186/3186/3186 3197/3197/3197
f 3185/3185/3185 3197/3197/3197 3196/3196/3196
f 3186/3186/3186 3187/3187/3187 3198/3198/3198
f 3186/3186/3186 3198/3198/3198 3197/3197/3197
f 3187/3187/3187 3188/3188/3188 3199/3199/3199
f 3187/3187/3187 3199/3199/3199 3198/3198/3198
f 3188/3188/3188 3189/3189/3189 3200/3200/3200
f 3188/3188/3188 3200/3200/3200 3199/3199/3199
f 3189/3189/3189 3190/3190/3190 3201/3201/3201
f 3189/3189/3189 3201/3201/3201 3200/3200/3200
f 3190/3190/3190 3191/3191/3191 3202/3202/3202
f 3190/3190/3190 3202/3202/3202 3201/3201/3201
f 3203/3203/3203 3204/3204/3204 3215/3215/3215
f 3203/3203/3203 3215/3215/3215 3214/3214/3214
f 3204/3204/3204 3205/3205/3205 3216/3216/3216
f 3204/3204/3204 3216/3216/3216 3215/3215/3215
f 3205/3205/3205 3206/3206/3206 3217/3217/3217
f 3205/3205/3205 3217/3217/3217 3216/3216/3216
f 3206/3206/3206 3207/3207/3207 3218/3218/3218
f 3206/3206/3206 3218/3218/3218 3217/3217/3217
f 3207/3207/3207 3208/3208/3208 3219/3219/3219
f 3207/3207/3207 3219/3219/3219 3218/3218/3218
f 3208/3208/3208 3209/3209/3209 3220/3220/3220
f 3208/3208/3208 3220/3220/3220 3219/3219/3219
f 3209/3209/3209 3210/3210/3210 3221/3221/3221
f 3209/3209/3209 3221/3221/3221 3220/3220/3220
f 3210/3210/3210 3211/3211/3211 3222/3222/3222
f 3210/3210/3210 3222/3222/3222 3221/3221/3221
f 3211/3211/3211 3212/3212/3212 3223/3223/3223
f 3211/3211/3211 3223/3223/3223 3222/3222/3222
f 3212/3212/3212 3213/3213/3213 3224/3224/3224
f 3212/3212/3212 3224/3224/3224 3223/3223/3223
f 3214/3214/3214 3215/3215/3215 3226/3226/3226
f 3214/3214/3214 3226/3226/3226 3225/3225/3225
f 3215/3215/3215 3216/3216/3216 3227/3227/3227
f 3215/3215/3215 3227/3227/3227 3226/3226/3226
f 3216/3216/3216 3217/3217/3217 3228/3228/3228
f 3216/3216/3216 3228/3228/3228 3227/3227/3227
f 3217/3217/3217 3218/3218/3218 3229/3229/3229
f 3217/3217/3217 3229/3229/3229 3228/3228/3228
f 3218/3218/3218 3219/3219/3219 3230/3230/3230
f 3218/3218/3218 3230/3230/3230 3229/3229/3229
f 3219/3219/3219 3220/3220/3220 3231/3231/3231
f 3219/3219/3219 3231/3231/3231 3230/3230/3230
f 3220/3220/3220 3221/3221/3221 3232/3232/3232
f 3220/3220/3220 3232/3232/3232 3231/3231/3231
f 3221/3221/3221 3222/3222/3222 3233/3233/3233
f 3221/3221/3221 3233/3233/3233 3232/3232/3232
f 3222/3222/3222 3223/3223/3223 3234/3234/3234
f 3222/3222/3222 3234/3234/3234 3233/3233/3233
f 3223/3223/3223 3224/3224/3224 3235/3235/3235
f 3223/3223/3223 3235/3235/3235 3234/3234/3234
f 3225/3225/3225 3226/3226/3226 3237/3237/3237
f 3225/3225/3225 3237/3237/3237 3236/3236/3236
f 3226/3226/3226 3227/3227/3227 3238/3238/3238
f 3226/3226/3226 3238/3238/3238 3237/3237/3237
f 3227/3227/3227 3228/3228/3228 3239/3239/3239
f 3227/3227/3227 3239/3239/3239 3238/3238/3238
f 3228/3228/3228 3229/3229/3229 3240/3240/3240
f 3228/3228/3228 3240/3240/3240 3239/3239/3239
f 3229/3229/3229 3230/3230/3230 3241/3241/3241
f 3229/3229/3229 3241/3241/3241 3240/3240/3240
f 3230/3230/3230 3231/3231/3231 3242/3242/3242
f 3230/3230/3230 3242/3242/3242 3241/3241/3241
f 3231/3231/3231 3232/3232/3232 3243/3243/3243
f 3231/3231/3231 3243/3243/3243 3242/3242/3242
f 3232/3232/3232 3233/3233/3233 3244/3244/3244
f 3232/3232/3232 3244/3244/3244 3243/3243/3243
f 3233/3233/3233 3234/3234/3234 3245/3245/3245
f 3233/3233/3233 3245/3245/3245 3244/3244/3244
f 3234/3234/3234 3235/3235/3235 3246/3246/3246
f 3234/3234/3234 3246/3246/3246 3245/3245/3245
f 3236/3236/3236 3237/3237/3237 3248/3248/3248
f 3236/3236/3236 3248/3248/3248 3247/3247/3247
f 3237/3237/3237 3238/3238/3238 3249/3249/3249
f 3237/3237/3237 3249/3249/3249 3248/3248/3248
f 3238/3238/3238 3239/3239/3239 3250/3250/3250
f 3238/3238/3238 3250/3250/3250 3249/3249/3249
f 3239/3239/3239 3240/3240/3240 3251/3251/3251
f 3239/3239/3239 3251/3251/3251 3250/3250/3250
f 3240/3240/3240 3241/3241/3241 3252/3252/3252
f 3240/3240/3240 3252/3252/3252 3251/3251/3251
f 3241/3241/3241 3242/3242/3242 3253/3253/3253
f 3241/3241/3241 3253/3253/3253 3252/3252/3252
f 3242/3242/3242 3243/3243/3243 3254/3254/3254
f 3242/3242/3242 3254/3254/3254 3253/3253/3253
f 3243/3243/3243 3244/3244/3244 3255/3255/3255
f 3243/3243/3243 3255/3255/3255 3254/3254/3254
f 3244/3244/3244 3245/3245/3245 3256/3256/3256
f 3244/3244/3244 3256/3256/3256 3255/3255/3255
f 3245/3245/3245 3246/3246/3246 3257/3257/3257
f 3245/3245/3245 3257/3257/3257 3256/3256/3256
f 3247/3247/3247 3248/3248/3248 3259/3259/3259
f 3247/3247/3247 3259/3259/3259 3258/3258/3258
f 3248/3248/3248 3249/3249/3249 3260/3260/3260
f 3248/3248/3248 3260/3260/3260 3259/3259/3259
f 3249/3249/3249 3250/3250/3250 3261/3261/3261
f 3249/3249/3249 3261/3261/3261 3260/3260/3260
f 3250/3250/3250 3251/3251/3251 3262/3262/3262
f 3250/3250/3250 3262/3262/3262 3261/3261/3261
f 3251/3251/3251 3252/3252/3252 3263/3263/3263
f 3251/3251/3251 3263/3263/3263 3262/3262/3262
f 3252/3252/3252 3253/3253/3253 3264/3264/3264
f 3252/3252/3252 3264/3264/3264 3263/3263/3263
f 3253/3253/3253 3254/3254/3254 3265/3265/3265
f 3253/3253/3253 3265/3265/3265 3264/3264/3264
f 3254/3254/3254 3255/3255/3255 3266/3266/3266
f 3254/3254/3254 3266/3266/3266 3265/3265/3265
f 3255/3255/3255 3256/3256/3256 3267/3267/3267
f 3255/3255/3255 3267/3267/3267 3266/3266/3266
f 3256/3256/3256 3257/3257/3257 3268/3268/3268
f 3256/3256/3256 3268/3268/3268 3267/3267/3267
f 3258/3258/3258 3259/3259/3259 3270/3270/3270
f 3258/3258/3258 3270/3270/3270 3269/3269/3269
f 3259/3259/3259 3260/3260/3260 3271/3271/3271
f 3259/3259/3259 3271/3271/3271 3270/3270/3270
f 3260/3260/3260 3261/3261/3261 3272/3272/3272
f 3260/3260/3260 3272/3272/3272 3271/3271/3271
f 3261/3261/3261 3262/3262/3262 3273/3273/3273
f 3261/3261/3261 3273/3273/3273 3272/3272/3272
f 3262/3262/3262 3263/3263/3263 3274/3274/3274
f 3262/3262/3262 3274/3274/3274 3273/3273/3273
f 3263/3263/3263 3264/3264/3264 3275/3275/3275
f 3263/3263/3263 3275/3275/3275 3274/3274/3274
f 3264/3264/3264 3265/3265/3265 3276/3276/3276
f 3264/3264/3264 3276/3276/3276 3275/3275/3275
f 3265/3265/3265 3266/3266/3266 3277/3277/3277
f 3265/3265/3265 3277/3277/3277 3276/3276/3276
f 3266/3266/3266 3267/3267/3267 3278/3278/3278
f 3266/3266/3266 3278/3278/3278 3277/3277/3277
f 3267/3267/3267 3268/3268/3268 3279/3279/3279
f 3267/3267/3267 3279/3279/3279 3278/3278/3278
f 3280/3280/3280 3281/3281/3281 3292/3292/3292
f 3280/3280/3280 3292/3292/3292 3291/3291/3291
f 3281/3281/3281 3282/3282/3282 3293/3293/3293
f 3281/3281/3281 3293/3293/3293 3292/3292/3292
f 3282/3282/3282 3283/3283/3283 3294/3294/3294
f 3282/3282/3282 3294/3294/3294 3293/3293/3293
f 3283/3283/3283 3284/3284/3284 3295/3295/3295
f 3283/3283/3283 3295/3295/3295 3294/3294/3294
f 3284/3284/3284 3285/3285/3285 3296/3296/3296
f 3284/3284/3284 3296/3296/3296 3295/3295/3295
f 3285/3285/3285 3286/3286/3286 3297/3297/3297
f 3285/3285/3285 3297/3297/3297 3296/3296/3296
f 3286/3286/3286 3287/3287/3287 3298/3298/3298
f 3286/3286/3286 3298/3298/3298 3297/3297/3297
f 3287/3287/3287 3288/3288/3288 3299/3299/3299
f 3287/3287/3287 3299/3299/3299 3298/3298/3298
f 3288/3288/3288 3289/3289/3289 3300/3300/3300
f 3288/3288/3288 3300/3300/3300 3299/3299/3299
f 3289/3289/3289 3290/3290/3290 3301/3301/3301
f 3289/3289/3289 3301/3301/3301 3300/3300/3300
f 3291/3291/3291 3292/3292/3292 3303/3303/3303
f 3291/3291/3291 3303/3303/3303 3302/3302/3302
f 3292/3292/3292 3293/3293/3293 3304/3304/3304
f 3292/3292/3292 3304/3304/3304 3303/3303/3303
f 3293/3293/3293 3294/3294/3294 3305/3305/3305
f 3293/3293/3293 3305/3305/3305 3304/3304/3304
f 3294/3294/3294 3295/3295/3295 3306/3306/3306
f 3294/3294/3294 3306/3306/3306 3305/3305/3305
f 3295/3295/3295 3296/3296/3296 3307/3307/3307
f 3295/3295/3295 3307/3307/3307 3306/3306/3306
f 3296/3296/3296 3297/3297/3297 3308/3308/3308
f 3296/3296/3296 3308/3308/3308 3307/3307/3307
f 3297/3297/3297 3298/3298/3298 3309/3309/3309
f 3297/3297/3297 3309/3309/3309 3308/3308/3308
f 3298/3298/3298 3299/3299/3299 3310/3310/3310
f 3298/3298/3298 3310/3310/3310 3309/3309/3309
f 3299/3299/3299 3300/3300/3300 3311/3311/3311
f 3299/3299/3299 3311/3311/3311 3310/3310/3310
f 3300/3300/3300 3301/3301/3301 3312/3312/3312
f 3300/3300/3300 3312/3312/3312 3311/3311/3311
f 3302/3302/3302 3303/3303/3303 3314/3314/3314
f 3302/3302/3302 3314/3314/3314 3313/3313/3313
f 3303/3303/3303 3304/3304/3304 3315/3315/3315
f 3303/3303/3303 3315/3315/3315 3314/3314/3314
f 3304/3304/3304 3305/3305/3305 3316/3316/3316
f 3304/3304/3304 3316/3316/3316 3315/3315/3315
f 3305/3305/3305 3306/3306/3306 3317/3317/3317
f 3305/3305/3305 3317/3317/3317 3316/3316/3316
f 3306/3306/3306 3307/3307/3307 3318/3318/3318
f 3306/3306/3306 3318/3318/3318 3317/3317/3317
f 3307/3307/3307 3308/3308/3308 3319/3319/3319
f 3307/3307/3307 3319/3319/3319 3318/3318/3318
f 3308/3308/3308 3309/3309/3309 3320/3320/3320
f 3308/3308/3308 3320/3320/3320 3319/3319/3319
f 3309/3309/3309 3310/3310/3310 3321/3321/3321
f 3309/3309/3309 3321/3321/3321 3320/3320/3320
f 3310/3310/3310 3311/3311/3311 3322/3322/3322
f 3310/3310/3310 3322/3322/3322 3321/3321/3321
f 3311/3311/3311 3312/3312/3312 3323/3323/3323
f 3311/3311/3311 3323/3323/3323 3322/3322/3322
f 3313/3313/3313 3314/3314/3314 3325/3325/3325
f 3313/3313/3313 3325/3325/3325 3324/3324/3324
f 3314/3314/3314 3315/3315/3315 3326/3326/3326
f 3314/3314/3314 3326/3326/3326 3325/3325/3325
f 3315/3315/3315 3316/3316/3316 3327/3327/3327
f 3315/3315/3315 3327/3327/3327 3326/3326/3326
f 3316/3316/3316 3317/3317/3317 3328/3328/3328
f 3316/3316/3316 3328/3328/3328 3327/3327/3327
f 3317/3317/3317 3318/3318/3318 3329/3329/3329
f 3317/3317/3317 3329/3329/3329 3328/3328/3328
f 3318/3318/3318 3319/3319/3319 3330/3330/3330
f 3318/3318/3318 3330/3330/3330 3329/3329/3329
f 3319/3319/3319 3320/3320/3320 3331/3331/3331
f 3319/3319/3319 3331/3331/3331 3330/3330/3330
f 3320/3320/3320 3321/3321/3321 3332/3332/3332
f 3320/3320/3320 3332/3332/3332 3331/3331/3331
f 3321/3321/3321 3322/3322/3322 3333/3333/3333
f 3321/3321/3321 3333/3333/3333 3332/3332/3332
f 3322/3322/3322 3323/3323/3323 3334/3334/3334
f 3322/3322/3322 3334/3334/3334 3333/3333/3333
f 3324/3324/3324 3325/3325/3325 3336/3336/3336
f 3324/3324/3324 3336/3336/3336 3335/3335/3335
f 3325/3325/3325 3326/3326/3326 3337/3337/3337
f 3325/3325/3325 3337/3337/3337 3336/3336/3336
f 3326/3326/3326 3327/3327/3327 3338/3338/3338
f 3326/3326/3326 3338/3338/3338 3337/3337/3337
f 3327/3327/3327 3328/3328/3328 3339/3339/3339
f 3327/3327/3327 3339/3339/3339 3338/3338/3338
f 3328/3328/3328 3329/3329/3329 3340/3340/3340
f 3328/3328/3328 3340/3340/3340 3339/3339/3339
f 3329/3329/3329 3330/3330/3330 3341/3341/3341
f 3329/3329/3329 3341/3341/3341 3340/3340/3340
f 3330/3330/3330 3331/3331/3331 3342/3342/3342
f 3330/3330/3330 3342/3342/3342 3341/3341/3341
f 3331/3331/3331 3332/3332/3332 3343/3343/3343
f 3331/3331/3331 3343/3343/3343 3342/3342/3342
f 3332/3332/3332 3333/3333/3333 3344/3344/3344
f 3332/3332/3332 3344/3344/3344 3343/3343/3343
f 3333/3333/3333 3334/3334/3334 3345/3345/3345
f 3333/3333/3333 3345/3345/3345 3344/3344/3344
f 3335/3335/3335 3336/3336/3336 3347/3347/3347
f 3335/3335/3335 3347/3347/3347 3346/3346/3346
f 3336/3336/3336 3337/3337/3337 3348/3348/3348
f 3336/3336/3336 3348/3348/3348 3347/3347/3347
f 3337/3337/3337 3338/3338/3338 3349/3349/3349
f 3337/3337/3337 3349/3349/3349 3348/3348/3348
f 3338/3338/3338 3339/3339/3339 3350/3350/3350
f 3338/3338/3338 3350/3350/3350 3349/3349/3349
f 3339/3339/3339 3340/3340/3340 3351/3351/3351
f 3339/3339/3339 3351/3351/3351 3350/3350/3350
f 3340/3340/3340 3341/3341/3341 3352/3352/3352
f 3340/3340/3340 3352/3352/3352 3351/3351/3351
f 3341/3341/3341 3342/3342/3342 3353/3353/3353
f 3341/3341/3341 3353/3353/3353 3352/3352/3352
f 3342/3342/3342 3343/3343/3343 3354/3354/3354
f 3342/3342/3342 3354/3354/3354 3353/3353/3353
f 3343/3343/3343 3344/3344/3344 3355/3355/3355
f 3343/3343/3343 3355/3355/3355 3354/3354/3354
f 3344/3344/3344 3345/3345/3345 3356/3356/3356
f 3344/3344/3344 3356/3356/3356 3355/3355/3355
f 3357/3357/3357 3358/3358/3358 3369/3369/3369
f 3357/3357/3357 3369/3369/3369 3368/3368/3368
f 3358/3358/3358 3359/3359/3359 3370/3370/3370
f 3358/3358/3358 3370/3370/3370 3369/3369/3369
f 3359/3359/3359 3360/3360/3360 3371/3371/3371
f 3359/3359/3359 3371/3371/3371 3370/3370/3370
f 3360/3360/3360 3361/3361/3361 3372/3372/3372
f 3360/3360/3360 3372/3372/3372 3371/3371/3371
f 3361/3361/3361 3362/3362/3362 3373/3373/3373
f 3361/3361/3361 3373/3373/3373 3372/3372/3372
f 3362/3362/3362 3363/3363/3363 3374/3374/3374
f 3362/3362/3362 3374/3374/3374 3373/3373/3373
f 3363/3363/3363 3364/3364/3364 3375/3375/3375
f 3363/3363/3363 3375/3375/3375 3374/3374/3374
f 3364/3364/3364 3365/3365/3365 3376/3376/3376
f 3364/3364/3364 3376/3376/3376 3375/3375/3375
f 3365/3365/3365 3366/3366/3366 3377/3377/3377
f 3365/3365/3365 3377/3377/3377 3376/3376/3376
f 3366/3366/3366 3367/3367/3367 3378/3378/3378
f 3366/3366/3366 3378/3378/3378 3377/3377/3377
f 3368/3368/3368 3369/3369/3369 3380/3380/3380
f 3368/3368/3368 3380/3380/3380 3379/3379/3379
f 3369/3369/3369 3370/3370/3370 3381/3381/3381
f 3369/3369/3369 3381/3381/3381 3380/3380/3380
f 3370/3370/3370 3371/3371/3371 3382/3382/3382
f 3370/3370/3370 3382/3382/3382 3381/3381/3381
f 3371/3371/3371 3372/3372/3372 3383/3383/3383
f 3371/3371/3371 3383/3383/3383 3382/3382/3382
f 3372/3372/3372 3373/3373/3373 3384/3384/3384
f 3372/3372/3372 3384/3384/3384 3383/3383/3383
f 3373/3373/3373 3374/3374/3374 3385/3385/3385
f 3373/3373/3373 3385/3385/3385 3384/3384/3384
f 3374/3374/3374 3375/3375/3375 3386/3386/3386
f 3374/3374/3374 3386/3386/3386 3385/3385/3385
f 3375/3375/3375 3376/3376/3376 3387/3387/3387
f 3375/3375/3375 3387/3387/3387 3386/3386/3386
f 3376/3376/3376 3377/3377/3377 3388/3388/3388
f 3376/3376/3376 3388/3388/3388 3387/3387/3387
f 3377/3377/3377 3378/3378/3378 3389/3389/3389
f 3377/3377/3377 3389/3389/3389 3388/3388/3388
f 3379/3379/3379 3380/3380/3380 3391/3391/3391
f 3379/3379/3379 3391/3391/3391 3390/3390/3390
f 3380/3380/3380 3381/3381/3381 3392/3392/3392
f 3380/3380/3380 3392/3392/3392 3391/3391/3391
f 3381/3381/3381 3382/3382/3382 3393/3393/3393
f 3381/3381/3381 3393/3393/3393 3392/3392/3392
f 3382/3382/3382 3383/3383/3383 3394/3394/3394
f 3382/3382/3382 3394/3394/3394 3393/3393/3393
f 3383/3383/3383 3384/3384/3384 3395/3395/3395
f 3383/3383/3383 3395/3395/3395 3394/3394/3394
f 3384/3384/3384 3385/3385/3385 3396/3396/3396
f 3384/3384/3384 3396/3396/3396 3395/3395/3395
f 3385/3385/3385 3386/3386/3386 3397/3397/3397
f 3385/3385/3385 3397/3397/3397 3396/3396/3396
f 3386/3386/3386 3387/3387/3387 3398/3398/3398
f 3386/3386/3386 3398/3398/3398 3397/3397/3397
f 3387/3387/3387 3388/3388/3388 3399/3399/3399
f 3387/3387/3387 3399/3399/3399 3398/3398/3398
f 3388/3388/3388 3389/3389/3389 3400/3400/3400
f 3388/3388/3388 3400/3400/3400 3399/3399/3399
f 3390/3390/3390 3391/3391/3391 3402/3402/3402
f 3390/3390/3390 3402/3402/3402 3401/3401/3401
f 3391/3391/3391 3392/3392/3392 3403/3403/3403
f 3391/3391/3391 3403/3403/3403 3402/3402/3402
f 3392/3392/3392 3393/3393/3393 3404/3404/3404
f 3392/3392/3392 3404/3404/3404 3403/3403/3403
f 3393/3393/3393 3394/3394/3394 3405/3405/3405
f 3393/3393/3393 3405/3405/3405 3404/3404/3404
f 3394/3394/3394 3395/3395/3395 3406/3406/3406
f 3394/3394/3394 3406/3406/3406 3405/3405/3405
f 3395/3395/3395 3396/3396/3396 3407/3407/3407
f 3395/3395/3395 3407/3407/3407 3406/3406/3406
f 3396/3396/3396 3397/3397/3397 3408/3408/3408
f 3396/3396/3396 3408/3408/3408 3407/3407/3407
f 3397/3397/3397 3398/3398/3398 3409/3409/3409
f 3397/3397/3397 3409/3409/3409 3408/3408/3408
f 3398/3398/3398 3399/3399/3399 3410/3410/3410
f 3398/3398/3398 3410/3410/3410 3409/3409/3409
f 3399/3399/3399 3400/3400/3400 3411/3411/3411
f 3399/3399/3399 3411/3411/3411 3410/3410/3410
f 3401/3401/3401 3402/3402/3402 3413/3413/3413
f 3401/3401/3401 3413/3413/3413 3412/3412/3412
f 3402/3402/3402 3403/3403/3403 3414/3414/3414
f 3402/3402/3402 3414/3414/3414 3413/3413/3413
f 3403/3403/3403 3404/3404/3404 3415/3415/3415
f 3403/3403/3403 3415/3415/3415 3414/3414/3414
f 3404/3404/3404 3405/3405/3405 3416/3416/3416
f 3404/3404/3404 3416/3416/3416 3415/3415/3415
f 3405/3405/3405 3406/3406/3406 3417/3417/3417
f 3405/3405/3405 3417/3417/3417 3416/3416/3416
f 3406/3406/3406 3407/3407/3407 3418/3418/3418
f 3406/3406/3406 3418/3418/3418 3417/3417/3417
f 3407/3407/3407 3408/3408/3408 3419/3419/3419
f 3407/3407/3407 3419/3419/3419 3418/3418/3418
f 3408/3408/3408 3409/3409/3409 3420/3420/3420
f 3408/3408/3408 3420/3420/3420 3419/3419/3419
f 3409/3409/3409 3410/3410/3410 3421/3421/3421
f 3409/3409/3409 3421/3421/3421 3420/3420/3420
f 3410/3410/3410 3411/3411/3411 3422/3422/3422
f 3410/3410/3410 3422/3422/3422 3421/3421/3421
f 3412/3412/3412 3413/3413/3413 3424/3424/3424
f 3412/3412/3412 3424/3424/3424 3423/3423/3423
f 3413/3413/3413 3414/3414/3414 3425/3425/3425
f 3413/3413/3413 3425/3425/3425 3424/3424/3424
f 3414/3414/3414 3415/3415/3415 3426/3426/3426
f 3414/3414/3414 3426/3426/3426 3425/3425/3425
f 3415/3415/3415 3416/3416/3416 3427/3427/3427
f 3415/3415/3415 3427/3427/3427 3426/3426/3426
f 3416/3416/3416 3417/3417/3417 3428/3428/3428
f 3416/3416/3416 3428/3428/3428 3427/3427/3427
f 3417/3417/3417 3418/3418/3418 3429/3429/3429
f 3417/3417/3417 3429/3429/3429 3428/3428/3428
f 3418/3418/3418 3419/3419/3419 3430/3430/3430
f 3418/3418/3418 3430/3430/3430 3429/3429/3429
f 3419/3419/3419 3420/3420/3420 3431/3431/3431
f 3419/3419/3419 3431/3431/3431 3430/3430/3430
f 3420/3420/3420 3421/3421/3421 3432/3432/3432
f 3420/3420/3420 3432/3432/3432 3431/3431/3431
f 3421/3421/3421 3422/3422/3422 3433/3433/3433
f 3421/3421/3421 3433/3433/3433 3432/3432/3432
f 3434/3434/3434 3435/3435/3435 3446/3446/3446
f 3434/3434/3434 3446/3446/3446 3445/3445/3445
f 3435/3435/3435 3436/3436/3436 3447/3447/3447
f 3435/3435/3435 3447/3447/3447 3446/3446/3446
f 3436/3436/3436 3437/3437/3437 3448/3448/3448
f 3436/3436/3436 3448/3448/3448 3447/3447/3447
f 3437/3437/3437 3438/3438/3438 3449/3449/3449
f 3437/3437/3437 3449/3449/3449 3448/3448/3448
f 3438/3438/3438 3439/3439/3439 3450/3450/3450
f 3438/3438/3438 3450/3450/3450 3449/3449/3449
f 3439/3439/3439 3440/3440/3440 3451/3451/3451
f 3439/3439/3439 3451/3451/3451 3450/3450/3450
f 3440/3440/3440 3441/3441/3441 3452/3452/3452
f 3440/3440/3440 3452/3452/3452 3451/3451/3451
f 3441/3441/3441 3442/3442/3442 3453/3453/3453
f 3441/3441/3441 3453/3453/3453 3452/3452/3452
f 3442/3442/3442 3443/3443/3443 3454/3454/3454
f 3442/3442/3442 3454/3454/3454 3453/3453/3453
f 3443/3443/3443 3444/3444/3444 3455/3455/3455
f 3443/3443/3443 3455/3455/3455 3454/3454/3454
f 3445/3445/3445 3446/3446/3446 3457/3457/3457
f 3445/3445/3445 3457/3457/3457 3456/3456/3456
f 3446/3446/3446 3447/3447/3447 3458/3458/3458
f 3446/3446/3446 3458/3458/3458 3457/3457/3457
f 3447/3447/3447 3448/3448/3448 3459/3459/3459
f 3447/3447/3447 3459/3459/3459 3458/3458/3458
f 3448/3448/3448 3449/3449/3449 3460/3460/3460
f 3448/3448/3448 3460/3460/3460 3459/3459/3459
f 3449/3449/3449 3450/3450/3450 3461/3461/3461
f 3449/3449/3449 3461/3461/3461 3460/3460/3460
f 3450/3450/3450 3451/3451/3451 3462/3462/3462
f 3450/3450/3450 3462/3462/3462 3461/3461/3461
f 3451/3451/3451 3452/3452/3452 3463/3463/3463
f 3451/3451/3451 3463/3463/3463 3462/3462/3462
f 3452/3452/3452 3453/3453/3453 3464/3464/3464
f 3452/3452/3452 3464/3464/3464 3463/3463/3463
f 3453/3453/3453 3454/3454/3454 3465/3465/3465
f 3453/3453/3453 3465/3465/3465 3464/3464/3464
f 3454/3454/3454 3455/3455/3455 3466/3466/3466
f 3454/3454/3454 3466/3466/3466 3465/3465/3465
f 3456/3456/3456 3457/3457/3457 3468/3468/3468
f 3456/3456/3456 3468/3468/3468 3467/3467/3467
f 3457/3457/3457 3458/3458/3458 3469/3469/3469
f 3457/3457/3457 3469/3469/3469 3468/3468/3468
f 3458/3458/3458 3459/3459/3459 3470/3470/3470
f 3458/3458/3458 3470/3470/3470 3469/3469/3469
f 3459/3459/3459 3460/3460/3460 3471/3471/3471
f 3459/3459/3459 3471/3471/3471 3470/3470/3470
f 3460/3460/3460 3461/3461/3461 3472/3472/3472
f 3460/3460/3460 3472/3472/3472 3471/3471/3471
f 3461/3461/3461 3462/3462/3462 3473/3473/3473
f 3461/3461/3461 3473/3473/3473 3472/3472/3472
f 3462/3462/3462 3463/3463/3463 3474/3474/3474
f 3462/3462/3462 3474/3474/3474 3473/3473/3473
f 3463/3463/3463 3464/3464/3464 3475/3475/3475
f 3463/3463/3463 3475/3475/3475 3474/3474/3474
f 3464/3464/3464 3465/3465/3465 3476/3476/3476
f 3464/3464/3464 3476/3476/3476 3475/3475/3475
f 3465/3465/3465 3466/3466/3466 3477/3477/3477
f 3465/3465/3465 3477/3477/3477 3476/3476/3476
f 3467/3467/3467 3468/3468/3468 3479/3479/3479
f 3467/3467/3467 3479/3479/3479 3478/3478/3478
f 3468/3468/3468 3469/3469/3469 3480/3480/3480
f 3468/3468/3468 3480/3480/3480 3479/3479/3479
f 3469/3469/3469 3470/3470/3470 3481/3481/3481
f 3469/3469/3469 3481/3481/3481 3480/3480/3480
f 3470/3470/3470 3471/3471/3471 3482/3482/3482
f 3470/3470/3470 3482/3482/3482 3481/3481/3481
f 3471/3471/3471 3472/3472/3472 3483/3483/3483
f 3471/3471/3471 3483/3483/3483 3482/3482/3482
f 3472/3472/3472 3473/3473/3473 3484/3484/3484
f 3472/3472/3472 3484/3484/3484 3483/3483/3483
f 3473/3473/3473 3474/3474/3474 3485/3485/3485
f 3473/3473/3473 3485/3485/3485 3484/3484/3484
f 3474/3474/3474 3475/3475/3475 3486/3486/3486
f 3474/3474/3474 3486/3486/3486 3485/3485/3485
f 3475/3475/3475 3476/3476/3476 3487/3487/3487
f 3475/3475/3475 3487/3487/3487 3486/3486/3486
f 3476/3476/3476 3477/3477/3477 3488/3488/3488
f 3476/3476/3476 3488/3488/3488 3487/3487/3487
f 3478/3478/3478 3479/3479/3479 3490/3490/3490
f 3478/3478/3478 3490/3490/3490 3489/3489/3489
f 3479/3479/3479 3480/3480/3480 3491/3491/3491
f 3479/3479/3479 3491/3491/3491 3490/3490/3490
f 3480/3480/3480 3481/3481/3481 3492/3492/3492
f 3480/3480/3480 3492/3492/3492 3491/3491/3491
f 3481/3481/3481 3482/3482/3482 3493/3493/3493
f 3481/3481/3481 3493/3493/3493 3492/3492/3492
f 3482/3482/3482 3483/3483/3483 3494/3494/3494
f 3482/3482/3482 3494/3494/3494 3493/3493/3493
f 3483/3483/3483 3484/3484/3484 3495/3495/3495
f 3483/3483/3483 3495/3495/3495 3494/3494/3494
f 3484/3484/3484 3485/3485/3485 3496/3496/3496
f 3484/3484/3484 3496/3496/3496 3495/3495/3495
f 3485/3485/3485 3486/3486/3486 3497/3497/3497
f 3485/3485/3485 3497/3497/3497 3496/3496/3496
f 3486/3486/3486 3487/3487/3487 3498/3498/3498
f 3486/3486/3486 3498/3498/3498 3497/3497/3497
f 3487/3487/3487 3488/3488/3488 3499/3499/3499
f 3487/3487/3487 3499/3499/3499 3498/3498/3498
f 3489/3489/3489 3490/3490/3490 3501/3501/3501
f 3489/3489/3489 3501/3501/3501 3500/3500/3500
f 3490/3490/3490 3491/3491/3491 3502/3502/3502
f 3490/3490/3490 3502/3502/3502 3501/3501/3501
f 3491/3491/3491 3492/3492/3492 3503/3503/3503
f 3491/3491/3491 3503/3503/3503 3502/3502/3502
f 3492/3492/3492 3493/3493/3493 3504/3504/3504
f 3492/3492/3492 3504/3504/3504 3503/3503/3503
f 3493/3493/3493 3494/3494/3494 3505/3505/3505
f 3493/3493/3493 3505/3505/3505 3504/3504/3504
f 3494/3494/3494 3495/3495/3495 3506/3506/3506
f 3494/3494/3494 3506/3506/3506 3505/3505/3505
f 3495/3495/3495 3496/3496/3496 3507/3507/3507
f 3495/3495/3495 3507/3507/3507 3506/3506/3506
f 3496/3496/3496 3497/3497/3497 3508/3508/3508
f 3496/3496/3496 3508/3508/3508 3507/3507/3507
f 3497/3497/3497 3498/3498/3498 3509/3509/3509
f 3497/3497/3497 3509/3509/3509 3508/3508/3508
f 3498/3498/3498 3499/3499/3499 3510/3510/3510
f 3498/3498/3498 3510/3510/3510 3509/3509/3509
f 3511/3511/3511 3512/3512/3512 3527/3527/3527
f 3511/3511/3511 3527/3527/3527 3526/3526/3526
f 3512/3512/3512 3513/3513/3513 3528/3528/3528
f 3512/3512/3512 3528/3528/3528 3527/3527/3527
f 3513/3513/3513 3514/3514/3514 3529/3529/3529
f 3513/3513/3513 3529/3529/3529 3528/3528/3528
f 3514/3514/3514 3515/3515/3515 3530/3530/3530
f 3514/3514/3514 3530/3530/3530 3529/3529/3529
f 3515/3515/3515 3516/3516/3516 3531/3531/3531
f 3515/3515/3515 3531/3531/3531 3530/3530/3530
f 3516/3516/3516 3517/3517/3517 3532/3532/3532
f 3516/3516/3516 3532/3532/3532 3531/3531/3531
f 3517/3517/3517 3518/3518/3518 3533/3533/3533
f 3517/3517/3517 3533/3533/3533 3532/3532/3532
f 3518/3518/3518 3519/3519/3519 3534/3534/3534
f 3518/3518/3518 3534/3534/3534 3533/3533/3533
f 3519/3519/3519 3520/3520/3520 3535/3535/3535
f 3519/3519/3519 3535/3535/3535 3534/3534/3534
f 3520/3520/3520 3521/3521/3521 3536/3536/3536
f 3520/3520/3520 3536/3536/3536 3535/3535/3535
f 3521/3521/3521 3522/3522/3522 3537/3537/3537
f 3521/3521/3521 3537/3537/3537 3536/3536/3536
f 3522/3522/3522 3523/3523/3523 3538/3538/3538
f 3522/3522/3522 3538/3538/3538 3537/3537/3537
f 3523/3523/3523 3524/3524/3524 3539/3539/3539
f 3523/3523/3523 3539/3539/3539 3538/3538/3538
f 3524/3524/3524 3525/3525/3525 3540/3540/3540
f 3524/3524/3524 3540/3540/3540 3539/3539/3539
f 3526/3526/3526 3527/3527/3527 3542/3542/3542
f 3526/3526/3526 3542/3542/3542 3541/3541/3541
f 3527/3527/3527 3528/3528/3528 3543/3543/3543
f 3527/3527/3527 3543/3543/3543 3542/3542/3542
f 3528/3528/3528 3529/3529/3529 3544/3544/3544
f 3528/3528/3528 3544/3544/3544 3543/3543/3543
f 3529/3529/3529 3530/3530/3530 3545/3545/3545
f 3529/3529/3529 3545/3545/3545 3544/3544/3544
f 3530/3530/3530 3531/3531/3531 3546/3546/3546
f 3530/3530/3530 3546/3546/3546 3545/3545/3545
f 3531/3531/3531 3532/3532/3532 3547/3547/3547
f 3531/3531/3531 3547/3547/3547 3546/3546/3546
f 3532/3532/3532 3533/3533/3533 3548/3548/3548
f 3532/3532/3532 3548/3548/3548 3547/3547/3547
f 3533/3533/3533 3534/3534/3534 3549/3549/3549
f 3533/3533/3533 3549/3549/3549 3548/3548/3548
f 3534/3534/3534 3535/3535/3535 3550/3550/3550
f 3534/3534/3534 3550/3550/3550 3549/3549/3549
f 3535/3535/3535 3536/3536/3536 3551/3551/3551
f 3535/3535/3535 3551/3551/3551 3550/3550/3550
f 3536/3536/3536 3537/3537/3537 3552/3552/3552
f 3536/3536/3536 3552/3552/3552 3551/3551/3551
f 3537/3537/3537 3538/3538/3538 3553/3553/3553
f 3537/3537/3537 3553/3553/3553 3552/3552/3552
f 3538/3538/3538 3539/3539/3539 3554/3554/3554
f 3538/3538/3538 3554/3554/3554 3553/3553/3553
f 3539/3539/3539 3540/3540/3540 3555/3555/3555
f 3539/3539/3539 3555/3555/3555 3554/3554/3554
f 3541/3541/3541 3542/3542/3542 3557/3557/3557
f 3541/3541/3541 3557/3557/3557 3556/3556/3556
f 3542/3542/3542 3543/3543/3543 3558/3558/3558
f 3542/3542/3542 3558/3558/3558 3557/3557/3557
f 3543/3543/3543 3544/3544/3544 3559/3559/3559
f 3543/3543/3543 3559/3559/3559 3558/3558/3558
f 3544/3544/3544 3545/3545/3545 3560/3560/3560
f 3544/3544/3544 3560/3560/3560 3559/3559/3559
f 3545/3545/3545 3546/3546/3546 3561/3561/3561
f 3545/3545/3545 3561/3561/3561 3560/3560/3560
f 3546/3546/3546 3547/3547/3547 3562/3562/3562
f 3546/3546/3546 3562/3562/3562 3561/3561/3561
f 3547/3547/3547 3548/3548/3548 3563/3563/3563
f 3547/3547/3547 3563/3563/3563 3562/3562/3562
f 3548/3548/3548 3549/3549/3549 3564/3564/3564
f 3548/3548/3548 3564/3564/3564 3563/3563/3563
f 3549/3549/3549 3550/3550/3550 3565/3565/3565
f 3549/3549/3549 3565/3565/3565 3564/3564/3564
f 3550/3550/3550 3551/3551/3551 3566/3566/3566
f 3550/3550/3550 3566/3566/3566 3565/3565/3565
f 3551/3551/3551 3552/3552/3552 3567/3567/3567
f 3551/3551/3551 3567/3567/3567 3566/3566/3566
f 3552/3552/3552 3553/3553/3553 3568/3568/3568
f 3552/3552/3552 3568/3568/3568 3567/3567/3567
f 3553/3553/3553 3554/3554/3554 3569/3569/3569
f 3553/3553/3553 3569/3569/3569 3568/3568/3568
f 3554/3554/3554 3555/3555/3555 3570/3570/3570
f 3554/3554/3554 3570/3570/3570 3569/3569/3569
f 3556/3556/3556 3557/3557/3557 3572/3572/3572
f 3556/3556/3556 3572/3572/3572 3571/3571/3571
f 3557/3557/3557 3558/3558/3558 3573/3573/3573
f 3557/3557/3557 3573/3573/3573 3572/3572/3572
f 3558/3558/3558 3559/3559/3559 3574/3574/3574
f 3558/3558/3558 3574/3574/3574 3573/3573/3573
f 3559/3559/3559 3560/3560/3560 3575/3575/3575
f 3559/3559/3559 3575/3575/3575 3574/3574/3574
f 3560/3560/3560 3561/3561/3561 3576/3576/3576
f 3560/3560/3560 3576/3576/3576 3575/3575/3575
f 3561/3561/3561 3562/3562/3562 3577/3577/3577
f 3561/3561/3561 3577/3577/3577 3576/3576/3576
f 3562/3562/3562 3563/3563/3563 3578/3578/3578
f 3562/3562/3562 3578/3578/3578 3577/3577/3577
f 3563/3563/3563 3564/3564/3564 3579/3579/3579
f 3563/3563/3563 3579/3579/3579 3578/3578/3578
f 3564/3564/3564 3565/3565/3565 3580/3580/3580
f 3564/3564/3564 3580/3580/3580 3579/3579/3579
f 3565/3565/3565 3566/3566/3566 3581/3581/3581
f 3565/3565/3565 3581/3581/3581 3580/3580/3580
f 3566/3566/3566 3567/3567/3567 3582/3582/3582
f 3566/3566/3566 3582/3582/3582 3581/3581/3581
f 3567/3567/3567 3568/3568/3568 3583/3583/3583
f 3567/3567/3567 3583/3583/3583 3582/3582/3582
f 3568/3568/3568 3569/3569/3569 3584/3584/3584
f 3568/3568/3568 3584/3584/3584 3583/3583/3583
f 3569/3569/3569 3570/3570/3570 3585/3585/3585
f 3569/3569/3569 3585/3585/3585 3584/3584/3584
f 3571/3571/3571 3572/3572/3572 3587/3587/3587
f 3571/3571/3571 3587/3587/3587 3586/3586/3586
f 3572/3572/3572 3573/3573/3573 3588/3588/3588
f 3572/3572/3572 3588/3588/3588 3587/3587/3587
f 3573/3573/3573 3574/3574/3574 3589/3589/3589
f 3573/3573/3573 3589/3589/3589 3588/3588/3588
f 3574/3574/3574 3575/3575/3575 3590/3590/3590
f 3574/3574/3574 3590/3590/3590 3589/3589/3589
f 3575/3575/3575 3576/3576/3576 3591/3591/3591
f 3575/3575/3575 3591/3591/3591 3590/3590/3590
f 3576/3576/3576 3577/3577/3577 3592/3592/3592
f 3576/3576/3576 3592/3592/3592 3591/3591/3591
f 3577/3577/3577 3578/3578/3578 3593/3593/3593
f 3577/3577/3577 3593/3593/3593 3592/3592/3592
f 3578/3578/3578 3579/3579/3579 3594/3594/3594
f 3578/3578/3578 3594/3594/3594 3593/3593/3593
f 3579/3579/3579 3580/3580/3580 3595/3595/3595
f 3579/3579/3579 3595/3595/3595 3594/3594/3594
f 3580/3580/3580 3581/3581/3581 3596/3596/3596
f 3580/3580/3580 3596/3596/3596 3595/3595/3595
f 3581/3581/3581 3582/3582/3582 3597/3597/3597
f 3581/3581/3581 3597/3597/3597 3596/3596/3596
f 3582/3582/3582 3583/3583/3583 3598/3598/3598
f 3582/3582/3582 3598/3598/3598 3597/3597/3597
f 3583/3583/3583 3584/3584/3584 3599/3599/3599
f 3583/3583/3583 3599/3599/3599 3598/3598/3598
f 3584/3584/3584 3585/3585/3585 3600/3600/3600
f 3584/3584/3584 3600/3600/3600 3599/3599/3599
f 3586/3586/3586 3587/3587/3587 3602/3602/3602
f 3586/3586/3586 3602/3602/3602 3601/3601/3601
f 3587/3587/3587 3588/3588/3588 3603/3603/3603
f 3587/3587/3587 3603/3603/3603 3602/3602/3602
f 3588/3588/3588 3589/3589/3589 3604/3604/3604
f 3588/3588/3588 3604/3604/3604 3603/3603/3603
f 3589/3589/3589 3590/3590/3590 3605/3605/3605
f 3589/3589/3589 3605/3605/3605 3604/3604/3604
f 3590/3590/3590 3591/3591/3591 3606/3606/3606
f 3590/3590/3590 3606/3606/3606 3605/3605/3605
f 3591/3591/3591 3592/3592/3592 3607/3607/3607
f 3591/3591/3591 3607/3607/3607 3606/3606/3606
f 3592/3592/3592 3593/3593/3593 3608/3608/3608
f 3592/3592/3592 3608/3608/3608 3607/3607/3607
f 3593/3593/3593 3594/3594/3594 3609/3609/3609
f 3593/3593/3593 3609/3609/3609 3608/3608/3608
f 3594/3594/3594 3595/3595/3595 3610/3610/3610
f 3594/3594/3594 3610/3610/3610 3609/3609/3609
f 3595/3595/3595 3596/3596/3596 3611/3611/3611
f 3595/3595/3595 3611/3611/3611 3610/3610/3610
f 3596/3596/3596 3597/3597/3597 3612/3612/3612
f 3596/3596/3596 3612/3612/3612 3611/3611/3611
f 3597/3597/3597 3598/3598/3598 3613/3613/3613
f 3597/3597/3597 3613/3613/3613 3612/3612/3612
f 3598/3598/3598 3599/3599/3599 3614/3614/3614
f 3598/3598/3598 3614/3614/3614 3613/3613/3613
f 3599/3599/3599 3600/3600/3600 3615/3615/3615
f 3599/3599/3599 3615/3615/3615 3614/3614/3614
f 3601/3601/3601 3602/3602/3602 3617/3617/3617
f 3601/3601/3601 3617/3617/3617 3616/3616/3616
f 3602/3602/3602 3603/3603/3603 3618/3618/3618
f 3602/3602/3602 3618/3618/3618 3617/3617/3617
f 3603/3603/3603 3604/3604/3604 3619/3619/3619
f 3603/3603/3603 3619/3619/3619 3618/3618/3618
f 3604/3604/3604 3605/3605/3605 3620/3620/3620
f 3604/3604/3604 3620/3620/3620 3619/3619/3619
f 3605/3605/3605 3606/3606/3606 3621/3621/3621
f 3605/3605/3605 3621/3621/3621 3620/3620/3620
f 3606/3606/3606 3607/3607/3607 3622/3622/3622
f 3606/3606/3606 3622/3622/3622 3621/3621/3621
f 3607/3607/3607 3608/3608/3608 3623/3623/3623
f 3607/3607/3607 3623/3623/3623 3622/3622/3622
f 3608/3608/3608 3609/3609/3609 3624/3624/3624
f 3608/3608/3608 3624/3624/3624 3623/3623/3623
f 3609/3609/3609 3610/3610/3610 3625/3625/3625
f 3609/3609/3609 3625/3625/3625 3624/3624/3624
f 3610/3610/3610 3611/3611/3611 3626/3626/3626
f 3610/3610/3610 3626/3626/3626 3625/3625/3625
f 3611/3611/3611 3612/3612/3612 3627/3627/3627
f 3611/3611/3611 3627/3627/3627 3626/3626/3626
f 3612/3612/3612 3613/3613/3613 3628/3628/3628
f 3612/3612/3612 3628/3628/3628 3627/3627/3627
f 3613/3613/3613 3614/3614/3614 3629/3629/3629
f 3613/3613/3613 3629/3629/3629 3628/3628/3628
f 3614/3614/3614 3615/3615/3615 3630/3630/3630
f 3614/3614/3614 3630/3630/3630 3629/3629/3629
f 3616/3616/3616 3617/3617/3617 3632/3632/3632
f 3616/3616/3616 3632/3632/3632 3631/3631/3631
f 3617/3617/3617 3618/3618/3618 3633/3633/3633
f 3617/3617/3617 3633/3633/3633 3632/3632/3632
f 3618/3618/3618 3619/3619/3619 3634/3634/3634
f 3618/3618/3618 3634/3634/3634 3633/3633/3633
f 3619/3619/3619 3620/3620/3620 3635/3635/3635
f 3619/3619/3619 3635/3635/3635 3634/3634/3634
f 3620/3620/3620 3621/3621/3621 3636/3636/3636
f 3620/3620/3620 3636/3636/3636 3635/3635/3635
f 3621/3621/3621 3622/3622/3622 3637/3637/3637
f 3621/3621/3621 3637/3637/3637 3636/3636/3636
f 3622/3622/3622 3623/3623/3623 3638/3638/3638
f 3622/3622/3622 3638/3638/3638 3637/3637/3637
f 3623/3623/3623 3624/3624/3624 3639/3639/3639
f 3623/3623/3623 3639/3639/3639 3638/3638/3638
f 3624/3624/3624 3625/3625/3625 3640/3640/3640
f 3624/3624/3624 3640/3640/3640 3639/3639/3639
f 3625/3625/3625 3626/3626/3626 3641/3641/3641
f 3625/3625/3625 3641/3641/3641 3640/3640/3640
f 3626/3626/3626 3627/3627/3627 3642/3642/3642
f 3626/3626/3626 3642/3642/3642 3641/3641/3641
f 3627/3627/3627 3628/3628/3628 3643/3643/3643
f 3627/3627/3627 3643/3643/3643 3642/3642/3642
f 3628/3628/3628 3629/3629/3629 3644/3644/3644
f 3628/3628/3628 3644/3644/3644 3643/3643/3643
f 3629/3629/3629 3630/3630/3630 3645/3645/3645
f 3629/3629/3629 3645/3645/3645 3644/3644/3644
