# Compatible con Model.h, Mesh.h y modelLoading.frag
mtllib gorro_fiesta.mtl
o gorro_fiesta
v 0.000000 0.440000 0.000000
v 0.430000 0.440000 0.000000
v 0.000000 1.320000 0.000000
v 0.421738 0.440000 -0.083889
v 0.397268 0.440000 -0.164554
v 0.357532 0.440000 -0.238895
v 0.304056 0.440000 -0.304056
v 0.238895 0.440000 -0.357532
v 0.164554 0.440000 -0.397268
v 0.083889 0.440000 -0.421738
v 0.000000 0.440000 -0.430000
v -0.083889 0.440000 -0.421738
v -0.164554 0.440000 -0.397268
v -0.238895 0.440000 -0.357532
v -0.304056 0.440000 -0.304056
v -0.357532 0.440000 -0.238895
v -0.397268 0.440000 -0.164554
v -0.421738 0.440000 -0.083889
v -0.430000 0.440000 -0.000000
v -0.421738 0.440000 0.083889
v -0.397268 0.440000 0.164554
v -0.357532 0.440000 0.238895
v -0.304056 0.440000 0.304056
v -0.238895 0.440000 0.357532
v -0.164554 0.440000 0.397268
v -0.083889 0.440000 0.421738
v -0.000000 0.440000 0.430000
v 0.083889 0.440000 0.421738
v 0.164554 0.440000 0.397268
v 0.238895 0.440000 0.357532
v 0.304056 0.440000 0.304056
v 0.357532 0.440000 0.238895
v 0.397268 0.440000 0.164554
v 0.421738 0.440000 0.083889
v -0.073602 1.039091 0.000000
v 0.073602 1.039091 0.000000
v -0.073602 0.800909 0.000000
v 0.073602 0.800909 0.000000
v 0.000000 0.846398 0.119091
v 0.000000 0.993602 0.119091
v 0.000000 0.846398 -0.119091
v 0.000000 0.993602 -0.119091
v 0.119091 0.920000 -0.073602
v 0.119091 0.920000 0.073602
v -0.119091 0.920000 -0.073602
v -0.119091 0.920000 0.073602
v 0.000000 1.060000 0.000000
v 0.000000 0.780000 0.000000
v -0.043262 0.806738 0.070000
v 0.043262 0.806738 0.070000
v -0.043262 1.033262 0.070000
v 0.043262 1.033262 0.070000
v 0.000000 0.920000 0.140000
v -0.043262 0.806738 -0.070000
v 0.043262 0.806738 -0.070000
v -0.043262 1.033262 -0.070000
v 0.043262 1.033262 -0.070000
v 0.000000 0.920000 -0.140000
v 0.113262 0.990000 -0.043262
v 0.113262 0.850000 -0.043262
v 0.070000 0.876738 -0.113262
v 0.070000 0.963262 -0.113262
v 0.113262 0.990000 0.043262
v 0.113262 0.850000 0.043262
v 0.070000 0.876738 0.113262
v 0.070000 0.963262 0.113262
v 0.140000 0.920000 0.000000
v -0.113262 0.990000 -0.043262
v -0.113262 0.850000 -0.043262
v -0.070000 0.876738 -0.113262
v -0.070000 0.963262 -0.113262
v -0.113262 0.990000 0.043262
v -0.113262 0.850000 0.043262
v -0.070000 0.876738 0.113262
v -0.070000 0.963262 0.113262
v -0.140000 0.920000 0.000000
v -0.038257 1.054671 0.000000
v 0.038257 1.054671 0.000000
v -0.038257 0.785329 0.000000
v 0.038257 0.785329 0.000000
v -0.060744 0.799226 0.036385
v -0.022487 0.822871 0.098287
v -0.022744 0.786852 0.036801
v 0.060744 0.799226 0.036385
v 0.022487 0.822871 0.098287
v 0.022744 0.786852 0.036801
v 0.000000 0.800909 0.073602
v -0.060744 1.040774 0.036385
v -0.022487 1.017129 0.098287
v -0.022744 1.053148 0.036801
v 0.060744 1.040774 0.036385
v 0.022487 1.017129 0.098287
v 0.022744 1.053148 0.036801
v 0.000000 1.039091 0.073602
v 0.000000 0.881743 0.134671
v 0.000000 0.958257 0.134671
v -0.060744 0.799226 -0.036385
v -0.022487 0.822871 -0.098287
v -0.022744 0.786852 -0.036801
v 0.060744 0.799226 -0.036385
v 0.022487 0.822871 -0.098287
v 0.022744 0.786852 -0.036801
v 0.000000 0.800909 -0.073602
v -0.060744 1.040774 -0.036385
v -0.022487 1.017129 -0.098287
v -0.022744 1.053148 -0.036801
v 0.060744 1.040774 -0.036385
v 0.022487 1.017129 -0.098287
v 0.022744 1.053148 -0.036801
v 0.000000 1.039091 -0.073602
v 0.000000 0.881743 -0.134671
v 0.000000 0.958257 -0.134671
v 0.097129 1.018287 -0.022487
v 0.120774 0.956385 -0.060744
v 0.082290 1.016347 -0.059546
v 0.097129 0.821713 -0.022487
v 0.120774 0.883615 -0.060744
v 0.082290 0.823653 -0.059546
v 0.036385 0.859256 -0.120774
v 0.098287 0.897513 -0.097129
v 0.059546 0.837710 -0.096347
v 0.036801 0.897256 -0.133148
v 0.096347 0.860454 -0.082290
v 0.036385 0.980744 -0.120774
v 0.098287 0.942487 -0.097129
v 0.059546 1.002290 -0.096347
v 0.036801 0.942744 -0.133148
v 0.096347 0.979546 -0.082290
v 0.073602 0.920000 -0.119091
v 0.097129 1.018287 0.022487
v 0.120774 0.956385 0.060744
v 0.082290 1.016347 0.059546
v 0.119091 0.993602 0.000000
v 0.097129 0.821713 0.022487
v 0.120774 0.883615 0.060744
v 0.082290 0.823653 0.059546
v 0.119091 0.846398 0.000000
v 0.036385 0.859256 0.120774
v 0.098287 0.897513 0.097129
v 0.059546 0.837710 0.096347
v 0.036801 0.897256 0.133148
v 0.096347 0.860454 0.082290
v 0.036385 0.980744 0.120774
v 0.098287 0.942487 0.097129
v 0.059546 1.002290 0.096347
v 0.036801 0.942744 0.133148
v 0.096347 0.979546 0.082290
v 0.073602 0.920000 0.119091
v 0.134671 0.920000 -0.038257
v 0.134671 0.920000 0.038257
v 0.133148 0.956801 -0.022744
v 0.133148 0.883199 -0.022744
v 0.133148 0.956801 0.022744
v 0.133148 0.883199 0.022744
v -0.097129 1.018287 -0.022487
v -0.120774 0.956385 -0.060744
v -0.082290 1.016347 -0.059546
v -0.097129 0.821713 -0.022487
v -0.120774 0.883615 -0.060744
v -0.082290 0.823653 -0.059546
v -0.036385 0.859256 -0.120774
v -0.098287 0.897513 -0.097129
v -0.059546 0.837710 -0.096347
v -0.036801 0.897256 -0.133148
v -0.096347 0.860454 -0.082290
v -0.036385 0.980744 -0.120774
v -0.098287 0.942487 -0.097129
v -0.059546 1.002290 -0.096347
v -0.036801 0.942744 -0.133148
v -0.096347 0.979546 -0.082290
v -0.073602 0.920000 -0.119091
v -0.097129 1.018287 0.022487
v -0.120774 0.956385 0.060744
v -0.082290 1.016347 0.059546
v -0.119091 0.993602 0.000000
v -0.097129 0.821713 0.022487
v -0.120774 0.883615 0.060744
v -0.082290 0.823653 0.059546
v -0.119091 0.846398 0.000000
v -0.036385 0.859256 0.120774
v -0.098287 0.897513 0.097129
v -0.059546 0.837710 0.096347
v -0.036801 0.897256 0.133148
v -0.096347 0.860454 0.082290
v -0.036385 0.980744 0.120774
v -0.098287 0.942487 0.097129
v -0.059546 1.002290 0.096347
v -0.036801 0.942744 0.133148
v -0.096347 0.979546 0.082290
v -0.073602 0.920000 0.119091
v -0.134671 0.920000 -0.038257
v -0.134671 0.920000 0.038257
v -0.133148 0.956801 -0.022744
v -0.133148 0.883199 -0.022744
v -0.133148 0.956801 0.022744
v -0.133148 0.883199 0.022744
v 0.338304 0.179773 0.000000
v 0.375105 0.179773 0.000000
v 0.338304 0.120227 0.000000
v 0.375105 0.120227 0.000000
v 0.356705 0.131599 0.029773
v 0.356705 0.168401 0.029773
v 0.356705 0.131599 -0.029773
v 0.356705 0.168401 -0.029773
v 0.386477 0.150000 -0.018401
v 0.386477 0.150000 0.018401
v 0.326932 0.150000 -0.018401
v 0.326932 0.150000 0.018401
v 0.356705 0.185000 0.000000
v 0.356705 0.115000 0.000000
v 0.345889 0.121684 0.017500
v 0.367520 0.121684 0.017500
v 0.345889 0.178316 0.017500
v 0.367520 0.178316 0.017500
v 0.356705 0.150000 0.035000
v 0.345889 0.121684 -0.017500
v 0.367520 0.121684 -0.017500
v 0.345889 0.178316 -0.017500
v 0.367520 0.178316 -0.017500
v 0.356705 0.150000 -0.035000
v 0.385020 0.167500 -0.010816
v 0.385020 0.132500 -0.010816
v 0.374205 0.139184 -0.028316
v 0.374205 0.160816 -0.028316
v 0.385020 0.167500 0.010816
v 0.385020 0.132500 0.010816
v 0.374205 0.139184 0.028316
v 0.374205 0.160816 0.028316
v 0.391705 0.150000 0.000000
v 0.328389 0.167500 -0.010816
v 0.328389 0.132500 -0.010816
v 0.339205 0.139184 -0.028316
v 0.339205 0.160816 -0.028316
v 0.328389 0.167500 0.010816
v 0.328389 0.132500 0.010816
v 0.339205 0.139184 0.028316
v 0.339205 0.160816 0.028316
v 0.321705 0.150000 0.000000
v -0.230988 0.319773 0.194733
v -0.194187 0.319773 0.194733
v -0.230988 0.260227 0.194733
v -0.194187 0.260227 0.194733
v -0.212587 0.271599 0.224506
v -0.212587 0.308401 0.224506
v -0.212587 0.271599 0.164960
v -0.212587 0.308401 0.164960
v -0.182814 0.290000 0.176332
v -0.182814 0.290000 0.213134
v -0.242360 0.290000 0.176332
v -0.242360 0.290000 0.213134
v -0.212587 0.325000 0.194733
v -0.212587 0.255000 0.194733
v -0.223403 0.261684 0.212233
v -0.201772 0.261684 0.212233
v -0.223403 0.318316 0.212233
v -0.201772 0.318316 0.212233
v -0.212587 0.290000 0.229733
v -0.223403 0.261684 0.177233
v -0.201772 0.261684 0.177233
v -0.223403 0.318316 0.177233
v -0.201772 0.318316 0.177233
v -0.212587 0.290000 0.159733
v -0.184272 0.307500 0.183917
v -0.184272 0.272500 0.183917
v -0.195087 0.279184 0.166417
v -0.195087 0.300816 0.166417
v -0.184272 0.307500 0.205549
v -0.184272 0.272500 0.205549
v -0.195087 0.279184 0.223049
v -0.195087 0.300816 0.223049
v -0.177587 0.290000 0.194733
v -0.240903 0.307500 0.183917
v -0.240903 0.272500 0.183917
v -0.230087 0.279184 0.166417
v -0.230087 0.300816 0.166417
v -0.240903 0.307500 0.205549
v -0.240903 0.272500 0.205549
v -0.230087 0.279184 0.223049
v -0.230087 0.300816 0.223049
v -0.247587 0.290000 0.194733
v 0.000839 0.459773 -0.219043
v 0.037640 0.459773 -0.219043
v 0.000839 0.400227 -0.219043
v 0.037640 0.400227 -0.219043
v 0.019240 0.411599 -0.189270
v 0.019240 0.448401 -0.189270
v 0.019240 0.411599 -0.248816
v 0.019240 0.448401 -0.248816
v 0.049013 0.430000 -0.237444
v 0.049013 0.430000 -0.200642
v -0.010533 0.430000 -0.237444
v -0.010533 0.430000 -0.200642
v 0.019240 0.465000 -0.219043
v 0.019240 0.395000 -0.219043
v 0.008424 0.401684 -0.201543
v 0.030055 0.401684 -0.201543
v 0.008424 0.458316 -0.201543
v 0.030055 0.458316 -0.201543
v 0.019240 0.430000 -0.184043
v 0.008424 0.401684 -0.236543
v 0.030055 0.401684 -0.236543
v 0.008424 0.458316 -0.236543
v 0.030055 0.458316 -0.236543
v 0.019240 0.430000 -0.254043
v 0.047555 0.447500 -0.229859
v 0.047555 0.412500 -0.229859
v 0.036740 0.419184 -0.247359
v 0.036740 0.440816 -0.247359
v 0.047555 0.447500 -0.208227
v 0.047555 0.412500 -0.208227
v 0.036740 0.419184 -0.190727
v 0.036740 0.440816 -0.190727
v 0.054240 0.430000 -0.219043
v -0.009076 0.447500 -0.229859
v -0.009076 0.412500 -0.229859
v 0.001740 0.419184 -0.247359
v 0.001740 0.440816 -0.247359
v -0.009076 0.447500 -0.208227
v -0.009076 0.412500 -0.208227
v 0.001740 0.419184 -0.190727
v 0.001740 0.440816 -0.190727
v -0.015760 0.430000 -0.219043
v 0.073751 0.599773 0.120223
v 0.110552 0.599773 0.120223
v 0.073751 0.540227 0.120223
v 0.110552 0.540227 0.120223
v 0.092151 0.551599 0.149995
v 0.092151 0.588401 0.149995
v 0.092151 0.551599 0.090450
v 0.092151 0.588401 0.090450
v 0.121924 0.570000 0.101822
v 0.121924 0.570000 0.138623
v 0.062379 0.570000 0.101822
v 0.062379 0.570000 0.138623
v 0.092151 0.605000 0.120223
v 0.092151 0.535000 0.120223
v 0.081336 0.541684 0.137723
v 0.102967 0.541684 0.137723
v 0.081336 0.598316 0.137723
v 0.102967 0.598316 0.137723
v 0.092151 0.570000 0.155223
v 0.081336 0.541684 0.102723
v 0.102967 0.541684 0.102723
v 0.081336 0.598316 0.102723
v 0.102967 0.598316 0.102723
v 0.092151 0.570000 0.085223
v 0.120467 0.587500 0.109407
v 0.120467 0.552500 0.109407
v 0.109651 0.559184 0.091907
v 0.109651 0.580816 0.091907
v 0.120467 0.587500 0.131038
v 0.120467 0.552500 0.131038
v 0.109651 0.559184 0.148538
v 0.109651 0.580816 0.148538
v 0.127151 0.570000 0.120223
v 0.063836 0.587500 0.109407
v 0.063836 0.552500 0.109407
v 0.074651 0.559184 0.091907
v 0.074651 0.580816 0.091907
v 0.063836 0.587500 0.131038
v 0.063836 0.552500 0.131038
v 0.074651 0.559184 0.148538
v 0.074651 0.580816 0.148538
v 0.057151 0.570000 0.120223
v -0.100197 0.739773 -0.014481
v -0.063396 0.739773 -0.014481
v -0.100197 0.680227 -0.014481
v -0.063396 0.680227 -0.014481
v -0.081796 0.691599 0.015292
v -0.081796 0.728401 0.015292
v -0.081796 0.691599 -0.044254
v -0.081796 0.728401 -0.044254
v -0.052023 0.710000 -0.032882
v -0.052023 0.710000 0.003920
v -0.111569 0.710000 -0.032882
v -0.111569 0.710000 0.003920
v -0.081796 0.745000 -0.014481
v -0.081796 0.675000 -0.014481
v -0.092612 0.681684 0.003019
v -0.070981 0.681684 0.003019
v -0.092612 0.738316 0.003019
v -0.070981 0.738316 0.003019
v -0.081796 0.710000 0.020519
v -0.092612 0.681684 -0.031981
v -0.070981 0.681684 -0.031981
v -0.092612 0.738316 -0.031981
v -0.070981 0.738316 -0.031981
v -0.081796 0.710000 -0.049481
v -0.053481 0.727500 -0.025297
v -0.053481 0.692500 -0.025297
v -0.064296 0.699184 -0.042797
v -0.064296 0.720816 -0.042797
v -0.053481 0.727500 -0.003665
v -0.053481 0.692500 -0.003665
v -0.064296 0.699184 0.013835
v -0.064296 0.720816 0.013835
v -0.046796 0.710000 -0.014481
v -0.110112 0.727500 -0.025297
v -0.110112 0.692500 -0.025297
v -0.099296 0.699184 -0.042797
v -0.099296 0.720816 -0.042797
v -0.110112 0.727500 -0.003665
v -0.110112 0.692500 -0.003665
v -0.099296 0.699184 0.013835
v -0.099296 0.720816 0.013835
v -0.116796 0.710000 -0.014481
v 0.282606 0.179773 -0.191398
v 0.319407 0.179773 -0.191398
v 0.282606 0.120227 -0.191398
v 0.319407 0.120227 -0.191398
v 0.301007 0.131599 -0.161625
v 0.301007 0.168401 -0.161625
v 0.301007 0.131599 -0.221171
v 0.301007 0.168401 -0.221171
v 0.330779 0.150000 -0.209799
v 0.330779 0.150000 -0.172997
v 0.271234 0.150000 -0.209799
v 0.271234 0.150000 -0.172997
v 0.301007 0.185000 -0.191398
v 0.301007 0.115000 -0.191398
v 0.290191 0.121684 -0.173898
v 0.311822 0.121684 -0.173898
v 0.290191 0.178316 -0.173898
v 0.311822 0.178316 -0.173898
v 0.301007 0.150000 -0.156398
v 0.290191 0.121684 -0.208898
v 0.311822 0.121684 -0.208898
v 0.290191 0.178316 -0.208898
v 0.311822 0.178316 -0.208898
v 0.301007 0.150000 -0.226398
v 0.329322 0.167500 -0.202214
v 0.329322 0.132500 -0.202214
v 0.318507 0.139184 -0.219714
v 0.318507 0.160816 -0.219714
v 0.329322 0.167500 -0.180582
v 0.329322 0.132500 -0.180582
v 0.318507 0.139184 -0.163082
v 0.318507 0.160816 -0.163082
v 0.336007 0.150000 -0.191398
v 0.272691 0.167500 -0.202214
v 0.272691 0.132500 -0.202214
v 0.283507 0.139184 -0.219714
v 0.283507 0.160816 -0.219714
v 0.272691 0.167500 -0.180582
v 0.272691 0.132500 -0.180582
v 0.283507 0.139184 -0.163082
v 0.283507 0.160816 -0.163082
v 0.266007 0.150000 -0.191398
v -0.093305 0.319773 0.278395
v -0.056504 0.319773 0.278395
v -0.093305 0.260227 0.278395
v -0.056504 0.260227 0.278395
v -0.074904 0.271599 0.308168
v -0.074904 0.308401 0.308168
v -0.074904 0.271599 0.248622
v -0.074904 0.308401 0.248622
v -0.045131 0.290000 0.259994
v -0.045131 0.290000 0.296795
v -0.104677 0.290000 0.259994
v -0.104677 0.290000 0.296795
v -0.074904 0.325000 0.278395
v -0.074904 0.255000 0.278395
v -0.085720 0.261684 0.295895
v -0.064089 0.261684 0.295895
v -0.085720 0.318316 0.295895
v -0.064089 0.318316 0.295895
v -0.074904 0.290000 0.313395
v -0.085720 0.261684 0.260895
v -0.064089 0.261684 0.260895
v -0.085720 0.318316 0.260895
v -0.064089 0.318316 0.260895
v -0.074904 0.290000 0.243395
v -0.046589 0.307500 0.267579
v -0.046589 0.272500 0.267579
v -0.057404 0.279184 0.250079
v -0.057404 0.300816 0.250079
v -0.046589 0.307500 0.289210
v -0.046589 0.272500 0.289210
v -0.057404 0.279184 0.306710
v -0.057404 0.300816 0.306710
v -0.039904 0.290000 0.278395
v -0.103220 0.307500 0.267579
v -0.103220 0.272500 0.267579
v -0.092404 0.279184 0.250079
v -0.092404 0.300816 0.250079
v -0.103220 0.307500 0.289210
v -0.103220 0.272500 0.289210
v -0.092404 0.279184 0.306710
v -0.092404 0.300816 0.306710
v -0.109904 0.290000 0.278395
v -0.119698 0.459773 -0.195164
v -0.082896 0.459773 -0.195164
v -0.119698 0.400227 -0.195164
v -0.082896 0.400227 -0.195164
v -0.101297 0.411599 -0.165391
v -0.101297 0.448401 -0.165391
v -0.101297 0.411599 -0.224937
v -0.101297 0.448401 -0.224937
v -0.071524 0.430000 -0.213564
v -0.071524 0.430000 -0.176763
v -0.131070 0.430000 -0.213564
v -0.131070 0.430000 -0.176763
v -0.101297 0.465000 -0.195164
v -0.101297 0.395000 -0.195164
v -0.112113 0.401684 -0.177664
v -0.090481 0.401684 -0.177664
v -0.112113 0.458316 -0.177664
v -0.090481 0.458316 -0.177664
v -0.101297 0.430000 -0.160164
v -0.112113 0.401684 -0.212664
v -0.090481 0.401684 -0.212664
v -0.112113 0.458316 -0.212664
v -0.090481 0.458316 -0.212664
v -0.101297 0.430000 -0.230164
v -0.072981 0.447500 -0.205979
v -0.072981 0.412500 -0.205979
v -0.083797 0.419184 -0.223479
v -0.083797 0.440816 -0.223479
v -0.072981 0.447500 -0.184348
v -0.072981 0.412500 -0.184348
v -0.083797 0.419184 -0.166848
v -0.083797 0.440816 -0.166848
v -0.066297 0.430000 -0.195164
v -0.129613 0.447500 -0.205979
v -0.129613 0.412500 -0.205979
v -0.118797 0.419184 -0.223479
v -0.118797 0.440816 -0.223479
v -0.129613 0.447500 -0.184348
v -0.129613 0.412500 -0.184348
v -0.118797 0.419184 -0.166848
v -0.118797 0.440816 -0.166848
v -0.136297 0.430000 -0.195164
v 0.123870 0.599773 0.052004
v 0.160671 0.599773 0.052004
v 0.123870 0.540227 0.052004
v 0.160671 0.540227 0.052004
v 0.142271 0.551599 0.081777
v 0.142271 0.588401 0.081777
v 0.142271 0.551599 0.022232
v 0.142271 0.588401 0.022232
v 0.172043 0.570000 0.033604
v 0.172043 0.570000 0.070405
v 0.112498 0.570000 0.033604
v 0.112498 0.570000 0.070405
v 0.142271 0.605000 0.052004
v 0.142271 0.535000 0.052004
v 0.131455 0.541684 0.069504
v 0.153086 0.541684 0.069504
v 0.131455 0.598316 0.069504
v 0.153086 0.598316 0.069504
v 0.142271 0.570000 0.087004
v 0.131455 0.541684 0.034504
v 0.153086 0.541684 0.034504
v 0.131455 0.598316 0.034504
v 0.153086 0.598316 0.034504
v 0.142271 0.570000 0.017004
v 0.170586 0.587500 0.041189
v 0.170586 0.552500 0.041189
v 0.159771 0.559184 0.023689
v 0.159771 0.580816 0.023689
v 0.170586 0.587500 0.062820
v 0.170586 0.552500 0.062820
v 0.159771 0.559184 0.080320
v 0.159771 0.580816 0.080320
v 0.177271 0.570000 0.052004
v 0.113955 0.587500 0.041189
v 0.113955 0.552500 0.041189
v 0.124771 0.559184 0.023689
v 0.124771 0.580816 0.023689
v 0.113955 0.587500 0.062820
v 0.113955 0.552500 0.062820
v 0.124771 0.559184 0.080320
v 0.124771 0.580816 0.080320
v 0.107271 0.570000 0.052004
v -0.095195 0.739773 0.031670
v -0.058394 0.739773 0.031670
v -0.095195 0.680227 0.031670
v -0.058394 0.680227 0.031670
v -0.076794 0.691599 0.061443
v -0.076794 0.728401 0.061443
v -0.076794 0.691599 0.001897
v -0.076794 0.728401 0.001897
v -0.047021 0.710000 0.013269
v -0.047021 0.710000 0.050070
v -0.106567 0.710000 0.013269
v -0.106567 0.710000 0.050070
v -0.076794 0.745000 0.031670
v -0.076794 0.675000 0.031670
v -0.087610 0.681684 0.049170
v -0.065979 0.681684 0.049170
v -0.087610 0.738316 0.049170
v -0.065979 0.738316 0.049170
v -0.076794 0.710000 0.066670
v -0.087610 0.681684 0.014170
v -0.065979 0.681684 0.014170
v -0.087610 0.738316 0.014170
v -0.065979 0.738316 0.014170
v -0.076794 0.710000 -0.003330
v -0.048479 0.727500 0.020854
v -0.048479 0.692500 0.020854
v -0.059294 0.699184 0.003354
v -0.059294 0.720816 0.003354
v -0.048479 0.727500 0.042485
v -0.048479 0.692500 0.042485
v -0.059294 0.699184 0.059985
v -0.059294 0.720816 0.059985
v -0.041794 0.710000 0.031670
v -0.105110 0.727500 0.020854
v -0.105110 0.692500 0.020854
v -0.094294 0.699184 0.003354
v -0.094294 0.720816 0.003354
v -0.105110 0.727500 0.042485
v -0.105110 0.692500 0.042485
v -0.094294 0.699184 0.059985
v -0.094294 0.720816 0.059985
v -0.111794 0.710000 0.031670
v 0.132906 0.179773 -0.323024
v 0.169707 0.179773 -0.323024
v 0.132906 0.120227 -0.323024
v 0.169707 0.120227 -0.323024
v 0.151307 0.131599 -0.293251
v 0.151307 0.168401 -0.293251
v 0.151307 0.131599 -0.352797
v 0.151307 0.168401 -0.352797
v 0.181079 0.150000 -0.341425
v 0.181079 0.150000 -0.304623
v 0.121534 0.150000 -0.341425
v 0.121534 0.150000 -0.304623
v 0.151307 0.185000 -0.323024
v 0.151307 0.115000 -0.323024
v 0.140491 0.121684 -0.305524
v 0.162122 0.121684 -0.305524
v 0.140491 0.178316 -0.305524
v 0.162122 0.178316 -0.305524
v 0.151307 0.150000 -0.288024
v 0.140491 0.121684 -0.340524
v 0.162122 0.121684 -0.340524
v 0.140491 0.178316 -0.340524
v 0.162122 0.178316 -0.340524
v 0.151307 0.150000 -0.358024
v 0.179622 0.167500 -0.333840
v 0.179622 0.132500 -0.333840
v 0.168807 0.139184 -0.351340
v 0.168807 0.160816 -0.351340
v 0.179622 0.167500 -0.312208
v 0.179622 0.132500 -0.312208
v 0.168807 0.139184 -0.294708
v 0.168807 0.160816 -0.294708
v 0.186307 0.150000 -0.323024
v 0.122991 0.167500 -0.333840
v 0.122991 0.132500 -0.333840
v 0.133807 0.139184 -0.351340
v 0.133807 0.160816 -0.351340
v 0.122991 0.167500 -0.312208
v 0.122991 0.132500 -0.312208
v 0.133807 0.139184 -0.294708
v 0.133807 0.160816 -0.294708
v 0.116307 0.150000 -0.323024
v 0.067770 0.319773 0.275116
v 0.104571 0.319773 0.275116
v 0.067770 0.260227 0.275116
v 0.104571 0.260227 0.275116
v 0.086171 0.271599 0.304889
v 0.086171 0.308401 0.304889
v 0.086171 0.271599 0.245343
v 0.086171 0.308401 0.245343
v 0.115944 0.290000 0.256715
v 0.115944 0.290000 0.293517
v 0.056398 0.290000 0.256715
v 0.056398 0.290000 0.293517
v 0.086171 0.325000 0.275116
v 0.086171 0.255000 0.275116
v 0.075355 0.261684 0.292616
v 0.096987 0.261684 0.292616
v 0.075355 0.318316 0.292616
v 0.096987 0.318316 0.292616
v 0.086171 0.290000 0.310116
v 0.075355 0.261684 0.257616
v 0.096987 0.261684 0.257616
v 0.075355 0.318316 0.257616
v 0.096987 0.318316 0.257616
v 0.086171 0.290000 0.240116
v 0.114487 0.307500 0.264300
v 0.114487 0.272500 0.264300
v 0.103671 0.279184 0.246800
v 0.103671 0.300816 0.246800
v 0.114487 0.307500 0.285932
v 0.114487 0.272500 0.285932
v 0.103671 0.279184 0.303432
v 0.103671 0.300816 0.303432
v 0.121171 0.290000 0.275116
v 0.057855 0.307500 0.264300
v 0.057855 0.272500 0.264300
v 0.068671 0.279184 0.246800
v 0.068671 0.300816 0.246800
v 0.057855 0.307500 0.285932
v 0.057855 0.272500 0.285932
v 0.068671 0.279184 0.303432
v 0.068671 0.300816 0.303432
v 0.051171 0.290000 0.275116
v -0.208600 0.459773 -0.110337
v -0.171799 0.459773 -0.110337
v -0.208600 0.400227 -0.110337
v -0.171799 0.400227 -0.110337
v -0.190199 0.411599 -0.080564
v -0.190199 0.448401 -0.080564
v -0.190199 0.411599 -0.140109
v -0.190199 0.448401 -0.140109
v -0.160427 0.430000 -0.128737
v -0.160427 0.430000 -0.091936
v -0.219972 0.430000 -0.128737
v -0.219972 0.430000 -0.091936
v -0.190199 0.465000 -0.110337
v -0.190199 0.395000 -0.110337
v -0.201015 0.401684 -0.092837
v -0.179384 0.401684 -0.092837
v -0.201015 0.458316 -0.092837
v -0.179384 0.458316 -0.092837
v -0.190199 0.430000 -0.075337
v -0.201015 0.401684 -0.127837
v -0.179384 0.401684 -0.127837
v -0.201015 0.458316 -0.127837
v -0.179384 0.458316 -0.127837
v -0.190199 0.430000 -0.145337
v -0.161884 0.447500 -0.121152
v -0.161884 0.412500 -0.121152
v -0.172699 0.419184 -0.138652
v -0.172699 0.440816 -0.138652
v -0.161884 0.447500 -0.099521
v -0.161884 0.412500 -0.099521
v -0.172699 0.419184 -0.082021
v -0.172699 0.440816 -0.082021
v -0.155199 0.430000 -0.110337
v -0.218515 0.447500 -0.121152
v -0.218515 0.412500 -0.121152
v -0.207699 0.419184 -0.138652
v -0.207699 0.440816 -0.138652
v -0.218515 0.447500 -0.099521
v -0.218515 0.412500 -0.099521
v -0.207699 0.419184 -0.082021
v -0.207699 0.440816 -0.082021
v -0.225199 0.430000 -0.110337
v 0.129559 0.599773 -0.032454
v 0.166360 0.599773 -0.032454
v 0.129559 0.540227 -0.032454
v 0.166360 0.540227 -0.032454
v 0.147960 0.551599 -0.002682
v 0.147960 0.588401 -0.002682
v 0.147960 0.551599 -0.062227
v 0.147960 0.588401 -0.062227
v 0.177732 0.570000 -0.050855
v 0.177732 0.570000 -0.014054
v 0.118187 0.570000 -0.050855
v 0.118187 0.570000 -0.014054
v 0.147960 0.605000 -0.032454
v 0.147960 0.535000 -0.032454
v 0.137144 0.541684 -0.014954
v 0.158775 0.541684 -0.014954
v 0.137144 0.598316 -0.014954
v 0.158775 0.598316 -0.014954
v 0.147960 0.570000 0.002546
v 0.137144 0.541684 -0.049954
v 0.158775 0.541684 -0.049954
v 0.137144 0.598316 -0.049954
v 0.158775 0.598316 -0.049954
v 0.147960 0.570000 -0.067454
v 0.176275 0.587500 -0.043270
v 0.176275 0.552500 -0.043270
v 0.165460 0.559184 -0.060770
v 0.165460 0.580816 -0.060770
v 0.176275 0.587500 -0.021639
v 0.176275 0.552500 -0.021639
v 0.165460 0.559184 -0.004139
v 0.165460 0.580816 -0.004139
v 0.182960 0.570000 -0.032454
v 0.119644 0.587500 -0.043270
v 0.119644 0.552500 -0.043270
v 0.130460 0.559184 -0.060770
v 0.130460 0.580816 -0.060770
v 0.119644 0.587500 -0.021639
v 0.119644 0.552500 -0.021639
v 0.130460 0.559184 -0.004139
v 0.130460 0.580816 -0.004139
v 0.112960 0.570000 -0.032454
v -0.066211 0.739773 0.067930
v -0.029409 0.739773 0.067930
v -0.066211 0.680227 0.067930
v -0.029409 0.680227 0.067930
v -0.047810 0.691599 0.097703
v -0.047810 0.728401 0.097703
v -0.047810 0.691599 0.038158
v -0.047810 0.728401 0.038158
v -0.018037 0.710000 0.049530
v -0.018037 0.710000 0.086331
v -0.077583 0.710000 0.049530
v -0.077583 0.710000 0.086331
v -0.047810 0.745000 0.067930
v -0.047810 0.675000 0.067930
v -0.058626 0.681684 0.085430
v -0.036994 0.681684 0.085430
v -0.058626 0.738316 0.085430
v -0.036994 0.738316 0.085430
v -0.047810 0.710000 0.102930
v -0.058626 0.681684 0.050430
v -0.036994 0.681684 0.050430
v -0.058626 0.738316 0.050430
v -0.036994 0.738316 0.050430
v -0.047810 0.710000 0.032930
v -0.019494 0.727500 0.057115
v -0.019494 0.692500 0.057115
v -0.030310 0.699184 0.039615
v -0.030310 0.720816 0.039615
v -0.019494 0.727500 0.078746
v -0.019494 0.692500 0.078746
v -0.030310 0.699184 0.096246
v -0.030310 0.720816 0.096246
v -0.012810 0.710000 0.067930
v -0.076126 0.727500 0.057115
v -0.076126 0.692500 0.057115
v -0.065310 0.699184 0.039615
v -0.065310 0.720816 0.039615
v -0.076126 0.727500 0.078746
v -0.076126 0.692500 0.078746
v -0.065310 0.699184 0.096246
v -0.065310 0.720816 0.096246
v -0.082810 0.710000 0.067930
v -0.064046 0.179773 -0.353772
v -0.027245 0.179773 -0.353772
v -0.064046 0.120227 -0.353772
v -0.027245 0.120227 -0.353772
v -0.045645 0.131599 -0.323999
v -0.045645 0.168401 -0.323999
v -0.045645 0.131599 -0.383545
v -0.045645 0.168401 -0.383545
v -0.015872 0.150000 -0.372173
v -0.015872 0.150000 -0.335371
v -0.075418 0.150000 -0.372173
v -0.075418 0.150000 -0.335371
v -0.045645 0.185000 -0.353772
v -0.045645 0.115000 -0.353772
v -0.056461 0.121684 -0.336272
v -0.034830 0.121684 -0.336272
v -0.056461 0.178316 -0.336272
v -0.034830 0.178316 -0.336272
v -0.045645 0.150000 -0.318772
v -0.056461 0.121684 -0.371272
v -0.034830 0.121684 -0.371272
v -0.056461 0.178316 -0.371272
v -0.034830 0.178316 -0.371272
v -0.045645 0.150000 -0.388772
v -0.017330 0.167500 -0.364588
v -0.017330 0.132500 -0.364588
v -0.028145 0.139184 -0.382088
v -0.028145 0.160816 -0.382088
v -0.017330 0.167500 -0.342956
v -0.017330 0.132500 -0.342956
v -0.028145 0.139184 -0.325456
v -0.028145 0.160816 -0.325456
v -0.010645 0.150000 -0.353772
v -0.073961 0.167500 -0.364588
v -0.073961 0.132500 -0.364588
v -0.063145 0.139184 -0.382088
v -0.063145 0.160816 -0.382088
v -0.073961 0.167500 -0.342956
v -0.073961 0.132500 -0.342956
v -0.063145 0.139184 -0.325456
v -0.063145 0.160816 -0.325456
v -0.080645 0.150000 -0.353772
v 0.201935 0.319773 0.185921
v 0.238736 0.319773 0.185921
v 0.201935 0.260227 0.185921
v 0.238736 0.260227 0.185921
v 0.220335 0.271599 0.215694
v 0.220335 0.308401 0.215694
v 0.220335 0.271599 0.156148
v 0.220335 0.308401 0.156148
v 0.250108 0.290000 0.167520
v 0.250108 0.290000 0.204321
v 0.190563 0.290000 0.167520
v 0.190563 0.290000 0.204321
v 0.220335 0.325000 0.185921
v 0.220335 0.255000 0.185921
v 0.209520 0.261684 0.203421
v 0.231151 0.261684 0.203421
v 0.209520 0.318316 0.203421
v 0.231151 0.318316 0.203421
v 0.220335 0.290000 0.220921
v 0.209520 0.261684 0.168421
v 0.231151 0.261684 0.168421
v 0.209520 0.318316 0.168421
v 0.231151 0.318316 0.168421
v 0.220335 0.290000 0.150921
v 0.248651 0.307500 0.175105
v 0.248651 0.272500 0.175105
v 0.237835 0.279184 0.157605
v 0.237835 0.300816 0.157605
v 0.248651 0.307500 0.196736
v 0.248651 0.272500 0.196736
v 0.237835 0.279184 0.214236
v 0.237835 0.300816 0.214236
v 0.255335 0.290000 0.185921
v 0.192020 0.307500 0.175105
v 0.192020 0.272500 0.175105
v 0.202835 0.279184 0.157605
v 0.202835 0.300816 0.157605
v 0.192020 0.307500 0.196736
v 0.192020 0.272500 0.196736
v 0.202835 0.279184 0.214236
v 0.202835 0.300816 0.214236
v 0.185335 0.290000 0.185921
v -0.238105 0.459773 0.008948
v -0.201304 0.459773 0.008948
v -0.238105 0.400227 0.008948
v -0.201304 0.400227 0.008948
v -0.219704 0.411599 0.038721
v -0.219704 0.448401 0.038721
v -0.219704 0.411599 -0.020825
v -0.219704 0.448401 -0.020825
v -0.189931 0.430000 -0.009453
v -0.189931 0.430000 0.027348
v -0.249477 0.430000 -0.009453
v -0.249477 0.430000 0.027348
v -0.219704 0.465000 0.008948
v -0.219704 0.395000 0.008948
v -0.230520 0.401684 0.026448
v -0.208889 0.401684 0.026448
v -0.230520 0.458316 0.026448
v -0.208889 0.458316 0.026448
v -0.219704 0.430000 0.043948
v -0.230520 0.401684 -0.008552
v -0.208889 0.401684 -0.008552
v -0.230520 0.458316 -0.008552
v -0.208889 0.458316 -0.008552
v -0.219704 0.430000 -0.026052
v -0.191389 0.447500 -0.001868
v -0.191389 0.412500 -0.001868
v -0.202204 0.419184 -0.019368
v -0.202204 0.440816 -0.019368
v -0.191389 0.447500 0.019763
v -0.191389 0.412500 0.019763
v -0.202204 0.419184 0.037263
v -0.202204 0.440816 0.037263
v -0.184704 0.430000 0.008948
v -0.248020 0.447500 -0.001868
v -0.248020 0.412500 -0.001868
v -0.237204 0.419184 -0.019368
v -0.237204 0.440816 -0.019368
v -0.248020 0.447500 0.019763
v -0.248020 0.412500 0.019763
v -0.237204 0.419184 0.037263
v -0.237204 0.440816 0.037263
v -0.254704 0.430000 0.008948
vn 0.0000000 -1.0000000 0.0000000
vn 1.0000000 0.0000000 0.0000000
vn 0.0000000 1.0000000 -0.0000000
vn 0.9807851 0.0000000 -0.1950913
vn 0.9238787 0.0000000 -0.3826855
vn 0.8314703 0.0000000 -0.5555692
vn 0.7071068 0.0000000 -0.7071068
vn 0.5555692 0.0000000 -0.8314703
vn 0.3826855 0.0000000 -0.9238787
vn 0.1950913 0.0000000 -0.9807851
vn 0.0000000 0.0000000 -1.0000000
vn -0.1950913 0.0000000 -0.9807851
vn -0.3826855 0.0000000 -0.9238787
vn -0.5555692 0.0000000 -0.8314703
vn -0.7071068 0.0000000 -0.7071068
vn -0.8314703 0.0000000 -0.5555692
vn -0.9238787 0.0000000 -0.3826855
vn -0.9807851 0.0000000 -0.1950913
vn -1.0000000 0.0000000 0.0000000
vn -0.9807851 0.0000000 0.1950913
vn -0.9238787 0.0000000 0.3826855
vn -0.8314703 0.0000000 0.5555692
vn -0.7071068 0.0000000 0.7071068
vn -0.5555692 0.0000000 0.8314703
vn -0.3826855 0.0000000 0.9238787
vn -0.1950913 0.0000000 0.9807851
vn 0.0000000 0.0000000 1.0000000
vn 0.1950913 0.0000000 0.9807851
vn 0.3826855 0.0000000 0.9238787
vn 0.5555692 0.0000000 0.8314703
vn 0.7071068 0.0000000 0.7071068
vn 0.8314703 0.0000000 0.5555692
vn 0.9238787 0.0000000 0.3826855
vn 0.9807851 0.0000000 0.1950913
vn -0.5257235 0.8506555 0.0000000
vn 0.5257235 0.8506555 -0.0000000
vn -0.5257235 -0.8506555 -0.0000000
vn 0.5257235 -0.8506555 0.0000000
vn 0.0000000 -0.5257235 0.8506555
vn 0.0000000 0.5257235 0.8506555
vn -0.0000000 -0.5257235 -0.8506555
vn 0.0000000 0.5257235 -0.8506555
vn 0.8506555 0.0000000 -0.5257235
vn 0.8506555 0.0000000 0.5257235
vn -0.8506555 0.0000000 -0.5257235
vn -0.8506555 -0.0000000 0.5257235
vn 0.0000000 1.0000000 0.0000000
vn 0.0000000 -1.0000000 0.0000000
vn -0.3090088 -0.8090200 0.5000002
vn 0.3090088 -0.8090200 0.5000002
vn -0.3090088 0.8090200 0.5000002
vn 0.3090088 0.8090200 0.5000002
vn -0.0000000 0.0000000 1.0000000
vn -0.3090088 -0.8090200 -0.5000002
vn 0.3090088 -0.8090200 -0.5000002
vn -0.3090088 0.8090200 -0.5000002
vn 0.3090088 0.8090200 -0.5000002
vn -0.0000000 0.0000000 -1.0000000
vn 0.8090200 0.5000002 -0.3090088
vn 0.8090200 -0.5000002 -0.3090088
vn 0.5000002 -0.3090088 -0.8090200
vn 0.5000002 0.3090088 -0.8090200
vn 0.8090200 0.5000002 0.3090088
vn 0.8090200 -0.5000002 0.3090088
vn 0.5000002 -0.3090088 0.8090200
vn 0.5000002 0.3090088 0.8090200
vn 1.0000000 0.0000000 0.0000000
vn -0.8090200 0.5000002 -0.3090088
vn -0.8090200 -0.5000002 -0.3090088
vn -0.5000002 -0.3090088 -0.8090200
vn -0.5000002 0.3090088 -0.8090200
vn -0.8090200 0.5000002 0.3090088
vn -0.8090200 -0.5000002 0.3090088
vn -0.5000002 -0.3090088 0.8090200
vn -0.5000002 0.3090088 0.8090200
vn -1.0000000 0.0000000 0.0000000
vn -0.2858904 0.9582623 0.0000000
vn 0.2858904 0.9582623 0.0000000
vn -0.2858904 -0.9582623 0.0000000
vn 0.2858904 -0.9582623 0.0000000
vn -0.4390580 -0.8635997 0.2478379
vn -0.1531711 -0.6869075 0.7104201
vn -0.1423122 -0.9507904 0.2752179
vn 0.4390580 -0.8635997 0.2478379
vn 0.1531711 -0.6869075 0.7104201
vn 0.1423122 -0.9507904 0.2752179
vn 0.0000000 -0.8628376 0.5054813
vn -0.4390580 0.8635997 0.2478379
vn -0.1531711 0.6869075 0.7104201
vn -0.1423122 0.9507904 0.2752179
vn 0.4390580 0.8635997 0.2478379
vn 0.1531711 0.6869075 0.7104201
vn 0.1423122 0.9507904 0.2752179
vn 0.0000000 0.8628376 0.5054813
vn 0.0000000 -0.2858904 0.9582623
vn -0.0000000 0.2858904 0.9582623
vn -0.4390580 -0.8635997 -0.2478379
vn -0.1531711 -0.6869075 -0.7104201
vn -0.1423122 -0.9507904 -0.2752179
vn 0.4390580 -0.8635997 -0.2478379
vn 0.1531711 -0.6869075 -0.7104201
vn 0.1423122 -0.9507904 -0.2752179
vn 0.0000000 -0.8628376 -0.5054813
vn -0.4390580 0.8635997 -0.2478379
vn -0.1531711 0.6869075 -0.7104201
vn -0.1423122 0.9507904 -0.2752179
vn 0.4390580 0.8635997 -0.2478379
vn 0.1531711 0.6869075 -0.7104201
vn 0.1423122 0.9507904 -0.2752179
vn 0.0000000 0.8628376 -0.5054813
vn 0.0000000 -0.2858904 -0.9582623
vn -0.0000000 0.2858904 -0.9582623
vn 0.6869075 0.7104201 -0.1531711
vn 0.8635997 0.2478379 -0.4390580
vn 0.5876203 0.6755777 -0.4453056
vn 0.6869075 -0.7104201 -0.1531711
vn 0.8635997 -0.2478379 -0.4390580
vn 0.5876203 -0.6755777 -0.4453056
vn 0.2478379 -0.4390580 -0.8635997
vn 0.7104201 -0.1531711 -0.6869075
vn 0.4453056 -0.5876203 -0.6755777
vn 0.2752179 -0.1423122 -0.9507904
vn 0.6755777 -0.4453056 -0.5876203
vn 0.2478379 0.4390580 -0.8635997
vn 0.7104201 0.1531711 -0.6869075
vn 0.4453056 0.5876203 -0.6755777
vn 0.2752179 0.1423122 -0.9507904
vn 0.6755777 0.4453056 -0.5876203
vn 0.5054813 0.0000000 -0.8628376
vn 0.6869075 0.7104201 0.1531711
vn 0.8635997 0.2478379 0.4390580
vn 0.5876203 0.6755777 0.4453056
vn 0.8628376 0.5054813 0.0000000
vn 0.6869075 -0.7104201 0.1531711
vn 0.8635997 -0.2478379 0.4390580
vn 0.5876203 -0.6755777 0.4453056
vn 0.8628376 -0.5054813 0.0000000
vn 0.2478379 -0.4390580 0.8635997
vn 0.7104201 -0.1531711 0.6869075
vn 0.4453056 -0.5876203 0.6755777
vn 0.2752179 -0.1423122 0.9507904
vn 0.6755777 -0.4453056 0.5876203
vn 0.2478379 0.4390580 0.8635997
vn 0.7104201 0.1531711 0.6869075
vn 0.4453056 0.5876203 0.6755777
vn 0.2752179 0.1423122 0.9507904
vn 0.6755777 0.4453056 0.5876203
vn 0.5054813 0.0000000 0.8628376
vn 0.9582623 -0.0000000 -0.2858904
vn 0.9582623 0.0000000 0.2858904
vn 0.9507904 0.2752179 -0.1423122
vn 0.9507904 -0.2752179 -0.1423122
vn 0.9507904 0.2752179 0.1423122
vn 0.9507904 -0.2752179 0.1423122
vn -0.6869075 0.7104201 -0.1531711
vn -0.8635997 0.2478379 -0.4390580
vn -0.5876203 0.6755777 -0.4453056
vn -0.6869075 -0.7104201 -0.1531711
vn -0.8635997 -0.2478379 -0.4390580
vn -0.5876203 -0.6755777 -0.4453056
vn -0.2478379 -0.4390580 -0.8635997
vn -0.7104201 -0.1531711 -0.6869075
vn -0.4453056 -0.5876203 -0.6755777
vn -0.2752179 -0.1423122 -0.9507904
vn -0.6755777 -0.4453056 -0.5876203
vn -0.2478379 0.4390580 -0.8635997
vn -0.7104201 0.1531711 -0.6869075
vn -0.4453056 0.5876203 -0.6755777
vn -0.2752179 0.1423122 -0.9507904
vn -0.6755777 0.4453056 -0.5876203
vn -0.5054813 0.0000000 -0.8628376
vn -0.6869075 0.7104201 0.1531711
vn -0.8635997 0.2478379 0.4390580
vn -0.5876203 0.6755777 0.4453056
vn -0.8628376 0.5054813 0.0000000
vn -0.6869075 -0.7104201 0.1531711
vn -0.8635997 -0.2478379 0.4390580
vn -0.5876203 -0.6755777 0.4453056
vn -0.8628376 -0.5054813 0.0000000
vn -0.2478379 -0.4390580 0.8635997
vn -0.7104201 -0.1531711 0.6869075
vn -0.4453056 -0.5876203 0.6755777
vn -0.2752179 -0.1423122 0.9507904
vn -0.6755777 -0.4453056 0.5876203
vn -0.2478379 0.4390580 0.8635997
vn -0.7104201 0.1531711 0.6869075
vn -0.4453056 0.5876203 0.6755777
vn -0.2752179 0.1423122 0.9507904
vn -0.6755777 0.4453056 0.5876203
vn -0.5054813 0.0000000 0.8628376
vn -0.9582623 0.0000000 -0.2858904
vn -0.9582623 -0.0000000 0.2858904
vn -0.9507904 0.2752179 -0.1423122
vn -0.9507904 -0.2752179 -0.1423122
vn -0.9507904 0.2752179 0.1423122
vn -0.9507904 -0.2752179 0.1423122
vn -0.5257311 0.8506508 -0.0000000
vn 0.5257408 0.8506448 0.0000000
vn -0.5257311 -0.8506508 0.0000000
vn 0.5257408 -0.8506448 -0.0000000
vn 0.0000000 -0.5257311 0.8506508
vn 0.0000000 0.5257311 0.8506508
vn 0.0000000 -0.5257311 -0.8506508
vn 0.0000000 0.5257311 -0.8506508
vn 0.8506568 -0.0000000 -0.5257214
vn 0.8506568 -0.0000000 0.5257214
vn -0.8506508 0.0000000 -0.5257311
vn -0.8506508 0.0000000 0.5257311
vn 0.0000000 1.0000000 -0.0000000
vn 0.0000000 -1.0000000 0.0000000
vn -0.3090172 -0.8090217 0.4999922
vn 0.3090199 -0.8090241 0.4999868
vn -0.3090172 0.8090217 0.4999922
vn 0.3090199 0.8090241 0.4999868
vn 0.0000000 0.0000000 1.0000000
vn -0.3090172 -0.8090217 -0.4999922
vn 0.3090199 -0.8090241 -0.4999868
vn -0.3090172 0.8090217 -0.4999922
vn 0.3090199 0.8090241 -0.4999868
vn 0.0000000 0.0000000 -1.0000000
vn 0.8090192 0.5000036 -0.3090054
vn 0.8090192 -0.5000036 -0.3090054
vn 0.5000037 -0.3090196 -0.8090137
vn 0.5000037 0.3090196 -0.8090137
vn 0.8090192 0.5000036 0.3090054
vn 0.8090192 -0.5000036 0.3090054
vn 0.5000037 -0.3090196 0.8090137
vn 0.5000037 0.3090196 0.8090137
vn 1.0000000 -0.0000000 0.0000000
vn -0.8090235 0.4999924 -0.3090123
vn -0.8090235 -0.4999924 -0.3090123
vn -0.4999924 -0.3090123 -0.8090235
vn -0.4999924 0.3090123 -0.8090235
vn -0.8090235 0.4999924 0.3090123
vn -0.8090235 -0.4999924 0.3090123
vn -0.4999924 -0.3090123 0.8090235
vn -0.4999924 0.3090123 0.8090235
vn -1.0000000 0.0000000 0.0000000
vn -0.5257311 0.8506508 0.0000000
vn 0.5257408 0.8506448 0.0000000
vn -0.5257311 -0.8506508 0.0000000
vn 0.5257408 -0.8506448 0.0000000
vn 0.0000000 -0.5257311 0.8506508
vn -0.0000000 0.5257311 0.8506508
vn -0.0000000 -0.5257311 -0.8506508
vn 0.0000000 0.5257311 -0.8506508
vn 0.8506568 0.0000000 -0.5257214
vn 0.8506568 0.0000000 0.5257214
vn -0.8506508 0.0000000 -0.5257311
vn -0.8506508 -0.0000000 0.5257311
vn 0.0000000 1.0000000 -0.0000000
vn 0.0000000 -1.0000000 -0.0000000
vn -0.3090172 -0.8090217 0.4999922
vn 0.3090199 -0.8090241 0.4999868
vn -0.3090172 0.8090217 0.4999922
vn 0.3090199 0.8090241 0.4999868
vn 0.0000000 0.0000000 1.0000000
vn -0.3090172 -0.8090217 -0.4999922
vn 0.3090199 -0.8090241 -0.4999868
vn -0.3090172 0.8090217 -0.4999922
vn 0.3090199 0.8090241 -0.4999868
vn 0.0000000 0.0000000 -1.0000000
vn 0.8090149 0.5000148 -0.3089985
vn 0.8090149 -0.5000148 -0.3089985
vn 0.4999968 -0.3090239 -0.8090163
vn 0.4999968 0.3090239 -0.8090163
vn 0.8090149 0.5000148 0.3089985
vn 0.8090149 -0.5000148 0.3089985
vn 0.4999968 -0.3090239 0.8090163
vn 0.4999968 0.3090239 0.8090163
vn 1.0000000 0.0000000 0.0000000
vn -0.8090235 0.4999924 -0.3090123
vn -0.8090235 -0.4999924 -0.3090123
vn -0.4999924 -0.3090123 -0.8090235
vn -0.4999924 0.3090123 -0.8090235
vn -0.8090235 0.4999924 0.3090123
vn -0.8090235 -0.4999924 0.3090123
vn -0.4999924 -0.3090123 0.8090235
vn -0.4999924 0.3090123 0.8090235
vn -1.0000000 -0.0000000 0.0000000
vn -0.5257311 0.8506508 0.0000000
vn 0.5257408 0.8506448 0.0000000
vn -0.5257311 -0.8506508 -0.0000000
vn 0.5257408 -0.8506448 0.0000000
vn 0.0000000 -0.5257311 0.8506508
vn -0.0000000 0.5257311 0.8506508
vn -0.0000000 -0.5257311 -0.8506508
vn 0.0000000 0.5257311 -0.8506508
vn 0.8506568 0.0000000 -0.5257214
vn 0.8506568 0.0000000 0.5257214
vn -0.8506508 -0.0000000 -0.5257311
vn -0.8506508 -0.0000000 0.5257311
vn 0.0000000 1.0000000 -0.0000000
vn 0.0000000 -1.0000000 0.0000000
vn -0.3090172 -0.8090217 0.4999922
vn 0.3090199 -0.8090241 0.4999868
vn -0.3090172 0.8090217 0.4999922
vn 0.3090199 0.8090241 0.4999868
vn 0.0000000 0.0000000 1.0000000
vn -0.3090172 -0.8090217 -0.4999922
vn 0.3090199 -0.8090241 -0.4999868
vn -0.3090172 0.8090217 -0.4999922
vn 0.3090199 0.8090241 -0.4999868
vn 0.0000000 0.0000000 -1.0000000
vn 0.8090149 0.5000148 -0.3089985
vn 0.8090149 -0.5000148 -0.3089985
vn 0.4999968 -0.3090239 -0.8090163
vn 0.4999968 0.3090239 -0.8090163
vn 0.8090149 0.5000148 0.3089985
vn 0.8090149 -0.5000148 0.3089985
vn 0.4999968 -0.3090239 0.8090163
vn 0.4999968 0.3090239 0.8090163
vn 1.0000000 0.0000000 0.0000000
vn -0.8090235 0.4999924 -0.3090123
vn -0.8090235 -0.4999924 -0.3090123
vn -0.4999924 -0.3090123 -0.8090235
vn -0.4999924 0.3090123 -0.8090235
vn -0.8090235 0.4999924 0.3090123
vn -0.8090235 -0.4999924 0.3090123
vn -0.4999924 -0.3090123 0.8090235
vn -0.4999924 0.3090123 0.8090235
vn -1.0000000 -0.0000000 0.0000000
vn -0.5257408 0.8506448 0.0000000
vn 0.5257311 0.8506508 0.0000000
vn -0.5257408 -0.8506448 0.0000000
vn 0.5257311 -0.8506508 0.0000000
vn 0.0000000 -0.5257214 0.8506568
vn 0.0000000 0.5257214 0.8506568
vn 0.0000000 -0.5257311 -0.8506508
vn 0.0000000 0.5257311 -0.8506508
vn 0.8506508 0.0000000 -0.5257311
vn 0.8506448 0.0000000 0.5257408
vn -0.8506568 0.0000000 -0.5257214
vn -0.8506508 0.0000000 0.5257311
vn 0.0000000 1.0000000 0.0000000
vn 0.0000000 -1.0000000 0.0000000
vn -0.3090271 -0.8090143 0.4999981
vn 0.3090245 -0.8090119 0.5000035
vn -0.3090271 0.8090143 0.4999981
vn 0.3090245 0.8090119 0.5000035
vn 0.0000000 0.0000000 1.0000000
vn -0.3090199 -0.8090241 -0.4999868
vn 0.3090172 -0.8090217 -0.4999922
vn -0.3090199 0.8090241 -0.4999868
vn 0.3090172 0.8090217 -0.4999922
vn 0.0000000 0.0000000 -1.0000000
vn 0.8090217 0.4999922 -0.3090172
vn 0.8090217 -0.4999922 -0.3090172
vn 0.4999924 -0.3090123 -0.8090235
vn 0.4999924 0.3090123 -0.8090235
vn 0.8090241 0.4999868 0.3090199
vn 0.8090241 -0.4999868 0.3090199
vn 0.5000036 -0.3090054 0.8090192
vn 0.5000036 0.3090054 0.8090192
vn 1.0000000 0.0000000 0.0000000
vn -0.8090174 0.5000034 -0.3090103
vn -0.8090174 -0.5000034 -0.3090103
vn -0.5000037 -0.3090196 -0.8090137
vn -0.5000037 0.3090196 -0.8090137
vn -0.8090198 0.4999980 0.3090129
vn -0.8090198 -0.4999980 0.3090129
vn -0.5000149 -0.3090127 0.8090094
vn -0.5000149 0.3090127 0.8090094
vn -1.0000000 0.0000000 0.0000000
vn -0.5257311 0.8506508 0.0000000
vn 0.5257408 0.8506448 0.0000000
vn -0.5257311 -0.8506508 -0.0000000
vn 0.5257408 -0.8506448 0.0000000
vn -0.0000000 -0.5257311 0.8506508
vn 0.0000000 0.5257311 0.8506508
vn 0.0000000 -0.5257311 -0.8506508
vn -0.0000000 0.5257311 -0.8506508
vn 0.8506568 0.0000000 -0.5257214
vn 0.8506568 0.0000000 0.5257214
vn -0.8506508 0.0000000 -0.5257311
vn -0.8506508 0.0000000 0.5257311
vn 0.0000000 1.0000000 0.0000000
vn 0.0000000 -1.0000000 0.0000000
vn -0.3090172 -0.8090217 0.4999922
vn 0.3090199 -0.8090241 0.4999868
vn -0.3090172 0.8090217 0.4999922
vn 0.3090199 0.8090241 0.4999868
vn 0.0000000 0.0000000 1.0000000
vn -0.3090172 -0.8090217 -0.4999922
vn 0.3090199 -0.8090241 -0.4999868
vn -0.3090172 0.8090217 -0.4999922
vn 0.3090199 0.8090241 -0.4999868
vn -0.0000000 0.0000000 -1.0000000
vn 0.8090149 0.5000148 -0.3089985
vn 0.8090149 -0.5000148 -0.3089985
vn 0.4999968 -0.3090239 -0.8090163
vn 0.4999968 0.3090239 -0.8090163
vn 0.8090149 0.5000148 0.3089985
vn 0.8090149 -0.5000148 0.3089985
vn 0.4999968 -0.3090239 0.8090163
vn 0.4999968 0.3090239 0.8090163
vn 1.0000000 0.0000000 0.0000000
vn -0.8090235 0.4999924 -0.3090123
vn -0.8090235 -0.4999924 -0.3090123
vn -0.4999924 -0.3090123 -0.8090235
vn -0.4999924 0.3090123 -0.8090235
vn -0.8090235 0.4999924 0.3090123
vn -0.8090235 -0.4999924 0.3090123
vn -0.4999924 -0.3090123 0.8090235
vn -0.4999924 0.3090123 0.8090235
vn -1.0000000 0.0000000 0.0000000
vn -0.5257311 0.8506508 -0.0000000
vn 0.5257408 0.8506448 0.0000000
vn -0.5257311 -0.8506508 -0.0000000
vn 0.5257408 -0.8506448 -0.0000000
vn 0.0000000 -0.5257311 0.8506508
vn -0.0000000 0.5257311 0.8506508
vn -0.0000000 -0.5257311 -0.8506508
vn 0.0000000 0.5257311 -0.8506508
vn 0.8506568 0.0000000 -0.5257214
vn 0.8506568 0.0000000 0.5257214
vn -0.8506508 0.0000000 -0.5257311
vn -0.8506508 -0.0000000 0.5257311
vn 0.0000000 1.0000000 0.0000000
vn 0.0000000 -1.0000000 -0.0000000
vn -0.3090172 -0.8090217 0.4999922
vn 0.3090199 -0.8090241 0.4999868
vn -0.3090172 0.8090217 0.4999922
vn 0.3090199 0.8090241 0.4999868
vn 0.0000000 0.0000000 1.0000000
vn -0.3090172 -0.8090217 -0.4999922
vn 0.3090199 -0.8090241 -0.4999868
vn -0.3090172 0.8090217 -0.4999922
vn 0.3090199 0.8090241 -0.4999868
vn 0.0000000 0.0000000 -1.0000000
vn 0.8090192 0.5000036 -0.3090054
vn 0.8090192 -0.5000036 -0.3090054
vn 0.5000037 -0.3090196 -0.8090137
vn 0.5000037 0.3090196 -0.8090137
vn 0.8090192 0.5000036 0.3090054
vn 0.8090192 -0.5000036 0.3090054
vn 0.5000037 -0.3090196 0.8090137
vn 0.5000037 0.3090196 0.8090137
vn 1.0000000 0.0000000 0.0000000
vn -0.8090235 0.4999924 -0.3090123
vn -0.8090235 -0.4999924 -0.3090123
vn -0.4999924 -0.3090123 -0.8090235
vn -0.4999924 0.3090123 -0.8090235
vn -0.8090235 0.4999924 0.3090123
vn -0.8090235 -0.4999924 0.3090123
vn -0.4999924 -0.3090123 0.8090235
vn -0.4999924 0.3090123 0.8090235
vn -1.0000000 0.0000000 0.0000000
vn -0.5257311 0.8506508 0.0000000
vn 0.5257408 0.8506448 -0.0000000
vn -0.5257311 -0.8506508 0.0000000
vn 0.5257408 -0.8506448 0.0000000
vn 0.0000000 -0.5257214 0.8506568
vn 0.0000000 0.5257214 0.8506568
vn -0.0000000 -0.5257311 -0.8506508
vn -0.0000000 0.5257311 -0.8506508
vn 0.8506568 0.0000000 -0.5257214
vn 0.8506508 0.0000000 0.5257311
vn -0.8506508 0.0000000 -0.5257311
vn -0.8506448 0.0000000 0.5257408
vn 0.0000000 1.0000000 0.0000000
vn 0.0000000 -1.0000000 0.0000000
vn -0.3090288 -0.8090146 0.4999966
vn 0.3090314 -0.8090169 0.4999912
vn -0.3090288 0.8090146 0.4999966
vn 0.3090314 0.8090169 0.4999912
vn -0.0000000 0.0000000 1.0000000
vn -0.3090172 -0.8090217 -0.4999922
vn 0.3090199 -0.8090241 -0.4999868
vn -0.3090172 0.8090217 -0.4999922
vn 0.3090199 0.8090241 -0.4999868
vn 0.0000000 0.0000000 -1.0000000
vn 0.8090132 0.5000146 -0.3090034
vn 0.8090132 -0.5000146 -0.3090034
vn 0.4999968 -0.3090239 -0.8090163
vn 0.4999968 0.3090239 -0.8090163
vn 0.8090155 0.5000092 0.3090060
vn 0.8090155 -0.5000092 0.3090060
vn 0.5000192 -0.3090100 0.8090078
vn 0.5000192 0.3090100 0.8090078
vn 1.0000000 0.0000000 0.0000000
vn -0.8090217 0.4999922 -0.3090172
vn -0.8090217 -0.4999922 -0.3090172
vn -0.4999924 -0.3090123 -0.8090235
vn -0.4999924 0.3090123 -0.8090235
vn -0.8090241 0.4999868 0.3090199
vn -0.8090241 -0.4999868 0.3090199
vn -0.5000148 -0.3089985 0.8090149
vn -0.5000148 0.3089985 0.8090149
vn -1.0000000 0.0000000 0.0000000
vn -0.5257311 0.8506508 0.0000000
vn 0.5257311 0.8506508 0.0000000
vn -0.5257311 -0.8506508 0.0000000
vn 0.5257311 -0.8506508 0.0000000
vn 0.0000000 -0.5257311 0.8506508
vn -0.0000000 0.5257311 0.8506508
vn -0.0000000 -0.5257214 -0.8506568
vn 0.0000000 0.5257214 -0.8506568
vn 0.8506448 -0.0000000 -0.5257408
vn 0.8506508 0.0000000 0.5257311
vn -0.8506448 0.0000000 -0.5257408
vn -0.8506508 -0.0000000 0.5257311
vn 0.0000000 1.0000000 0.0000000
vn 0.0000000 -1.0000000 0.0000000
vn -0.3090123 -0.8090235 0.4999924
vn 0.3090123 -0.8090235 0.4999924
vn -0.3090123 0.8090235 0.4999924
vn 0.3090123 0.8090235 0.4999924
vn 0.0000000 0.0000000 1.0000000
vn -0.3090239 -0.8090163 -0.4999968
vn 0.3090239 -0.8090163 -0.4999968
vn -0.3090239 0.8090163 -0.4999968
vn 0.3090239 0.8090163 -0.4999968
vn 0.0000000 0.0000000 -1.0000000
vn 0.8090241 0.4999868 -0.3090199
vn 0.8090241 -0.4999868 -0.3090199
vn 0.5000148 -0.3089985 -0.8090149
vn 0.5000148 0.3089985 -0.8090149
vn 0.8090217 0.4999922 0.3090172
vn 0.8090217 -0.4999922 0.3090172
vn 0.4999924 -0.3090123 0.8090235
vn 0.4999924 0.3090123 0.8090235
vn 1.0000000 -0.0000000 0.0000000
vn -0.8090241 0.4999868 -0.3090199
vn -0.8090241 -0.4999868 -0.3090199
vn -0.5000148 -0.3089985 -0.8090149
vn -0.5000148 0.3089985 -0.8090149
vn -0.8090217 0.4999922 0.3090172
vn -0.8090217 -0.4999922 0.3090172
vn -0.4999924 -0.3090123 0.8090235
vn -0.4999924 0.3090123 0.8090235
vn -1.0000000 0.0000000 0.0000000
vn -0.5257311 0.8506508 0.0000000
vn 0.5257408 0.8506448 0.0000000
vn -0.5257311 -0.8506508 -0.0000000
vn 0.5257408 -0.8506448 -0.0000000
vn 0.0000000 -0.5257311 0.8506508
vn -0.0000000 0.5257311 0.8506508
vn 0.0000000 -0.5257214 -0.8506568
vn -0.0000000 0.5257214 -0.8506568
vn 0.8506508 0.0000000 -0.5257311
vn 0.8506568 0.0000000 0.5257214
vn -0.8506448 -0.0000000 -0.5257408
vn -0.8506508 0.0000000 0.5257311
vn 0.0000000 1.0000000 0.0000000
vn 0.0000000 -1.0000000 0.0000000
vn -0.3090172 -0.8090217 0.4999922
vn 0.3090199 -0.8090241 0.4999868
vn -0.3090172 0.8090217 0.4999922
vn 0.3090199 0.8090241 0.4999868
vn -0.0000000 0.0000000 1.0000000
vn -0.3090245 -0.8090119 -0.5000035
vn 0.3090271 -0.8090143 -0.4999981
vn -0.3090245 0.8090119 -0.5000035
vn 0.3090271 0.8090143 -0.4999981
vn 0.0000000 0.0000000 -1.0000000
vn 0.8090198 0.4999980 -0.3090129
vn 0.8090198 -0.4999980 -0.3090129
vn 0.5000149 -0.3090127 -0.8090094
vn 0.5000149 0.3090127 -0.8090094
vn 0.8090174 0.5000034 0.3090103
vn 0.8090174 -0.5000034 0.3090103
vn 0.5000037 -0.3090196 0.8090137
vn 0.5000037 0.3090196 0.8090137
vn 1.0000000 0.0000000 0.0000000
vn -0.8090241 0.4999868 -0.3090199
vn -0.8090241 -0.4999868 -0.3090199
vn -0.5000036 -0.3090054 -0.8090192
vn -0.5000036 0.3090054 -0.8090192
vn -0.8090217 0.4999922 0.3090172
vn -0.8090217 -0.4999922 0.3090172
vn -0.4999924 -0.3090123 0.8090235
vn -0.4999924 0.3090123 0.8090235
vn -1.0000000 0.0000000 0.0000000
vn -0.5257311 0.8506508 0.0000000
vn 0.5257408 0.8506448 0.0000000
vn -0.5257311 -0.8506508 0.0000000
vn 0.5257408 -0.8506448 -0.0000000
vn -0.0000000 -0.5257214 0.8506568
vn 0.0000000 0.5257214 0.8506568
vn 0.0000000 -0.5257311 -0.8506508
vn -0.0000000 0.5257311 -0.8506508
vn 0.8506568 0.0000000 -0.5257214
vn 0.8506508 0.0000000 0.5257311
vn -0.8506508 0.0000000 -0.5257311
vn -0.8506448 0.0000000 0.5257408
vn 0.0000000 1.0000000 0.0000000
vn 0.0000000 -1.0000000 0.0000000
vn -0.3090288 -0.8090146 0.4999966
vn 0.3090314 -0.8090169 0.4999912
vn -0.3090288 0.8090146 0.4999966
vn 0.3090314 0.8090169 0.4999912
vn 0.0000000 0.0000000 1.0000000
vn -0.3090172 -0.8090217 -0.4999922
vn 0.3090199 -0.8090241 -0.4999868
vn -0.3090172 0.8090217 -0.4999922
vn 0.3090199 0.8090241 -0.4999868
vn -0.0000000 0.0000000 -1.0000000
vn 0.8090132 0.5000146 -0.3090034
vn 0.8090132 -0.5000146 -0.3090034
vn 0.4999968 -0.3090239 -0.8090163
vn 0.4999968 0.3090239 -0.8090163
vn 0.8090155 0.5000092 0.3090060
vn 0.8090155 -0.5000092 0.3090060
vn 0.5000192 -0.3090100 0.8090078
vn 0.5000192 0.3090100 0.8090078
vn 1.0000000 0.0000000 0.0000000
vn -0.8090217 0.4999922 -0.3090172
vn -0.8090217 -0.4999922 -0.3090172
vn -0.4999924 -0.3090123 -0.8090235
vn -0.4999924 0.3090123 -0.8090235
vn -0.8090241 0.4999868 0.3090199
vn -0.8090241 -0.4999868 0.3090199
vn -0.5000148 -0.3089985 0.8090149
vn -0.5000148 0.3089985 0.8090149
vn -1.0000000 0.0000000 0.0000000
vn -0.5257311 0.8506508 0.0000000
vn 0.5257408 0.8506448 0.0000000
vn -0.5257311 -0.8506508 0.0000000
vn 0.5257408 -0.8506448 0.0000000
vn 0.0000000 -0.5257311 0.8506508
vn -0.0000000 0.5257311 0.8506508
vn 0.0000000 -0.5257311 -0.8506508
vn 0.0000000 0.5257311 -0.8506508
vn 0.8506568 0.0000000 -0.5257214
vn 0.8506568 0.0000000 0.5257214
vn -0.8506508 0.0000000 -0.5257311
vn -0.8506508 0.0000000 0.5257311
vn 0.0000000 1.0000000 0.0000000
vn 0.0000000 -1.0000000 0.0000000
vn -0.3090172 -0.8090217 0.4999922
vn 0.3090199 -0.8090241 0.4999868
vn -0.3090172 0.8090217 0.4999922
vn 0.3090199 0.8090241 0.4999868
vn -0.0000000 0.0000000 1.0000000
vn -0.3090172 -0.8090217 -0.4999922
vn 0.3090199 -0.8090241 -0.4999868
vn -0.3090172 0.8090217 -0.4999922
vn 0.3090199 0.8090241 -0.4999868
vn -0.0000000 0.0000000 -1.0000000
vn 0.8090192 0.5000036 -0.3090054
vn 0.8090192 -0.5000036 -0.3090054
vn 0.5000037 -0.3090196 -0.8090137
vn 0.5000037 0.3090196 -0.8090137
vn 0.8090192 0.5000036 0.3090054
vn 0.8090192 -0.5000036 0.3090054
vn 0.5000037 -0.3090196 0.8090137
vn 0.5000037 0.3090196 0.8090137
vn 1.0000000 0.0000000 0.0000000
vn -0.8090235 0.4999924 -0.3090123
vn -0.8090235 -0.4999924 -0.3090123
vn -0.4999924 -0.3090123 -0.8090235
vn -0.4999924 0.3090123 -0.8090235
vn -0.8090235 0.4999924 0.3090123
vn -0.8090235 -0.4999924 0.3090123
vn -0.4999924 -0.3090123 0.8090235
vn -0.4999924 0.3090123 0.8090235
vn -1.0000000 -0.0000000 0.0000000
vn -0.5257311 0.8506508 0.0000000
vn 0.5257311 0.8506508 0.0000000
vn -0.5257311 -0.8506508 0.0000000
vn 0.5257311 -0.8506508 -0.0000000
vn 0.0000000 -0.5257311 0.8506508
vn -0.0000000 0.5257311 0.8506508
vn -0.0000000 -0.5257311 -0.8506508
vn 0.0000000 0.5257311 -0.8506508
vn 0.8506508 -0.0000000 -0.5257311
vn 0.8506508 0.0000000 0.5257311
vn -0.8506508 0.0000000 -0.5257311
vn -0.8506508 -0.0000000 0.5257311
vn 0.0000000 1.0000000 0.0000000
vn 0.0000000 -1.0000000 -0.0000000
vn -0.3090123 -0.8090235 0.4999924
vn 0.3090150 -0.8090251 0.4999881
vn -0.3090123 0.8090235 0.4999924
vn 0.3090150 0.8090251 0.4999881
vn -0.0000000 0.0000000 1.0000000
vn -0.3090123 -0.8090235 -0.4999924
vn 0.3090150 -0.8090251 -0.4999881
vn -0.3090123 0.8090235 -0.4999924
vn 0.3090150 0.8090251 -0.4999881
vn 0.0000000 0.0000000 -1.0000000
vn 0.8090192 0.5000036 -0.3090054
vn 0.8090192 -0.5000036 -0.3090054
vn 0.4999924 -0.3090123 -0.8090235
vn 0.4999924 0.3090123 -0.8090235
vn 0.8090192 0.5000036 0.3090054
vn 0.8090192 -0.5000036 0.3090054
vn 0.4999924 -0.3090123 0.8090235
vn 0.4999924 0.3090123 0.8090235
vn 1.0000000 0.0000000 0.0000000
vn -0.8090235 0.4999924 -0.3090123
vn -0.8090235 -0.4999924 -0.3090123
vn -0.4999924 -0.3090123 -0.8090235
vn -0.4999924 0.3090123 -0.8090235
vn -0.8090235 0.4999924 0.3090123
vn -0.8090235 -0.4999924 0.3090123
vn -0.4999924 -0.3090123 0.8090235
vn -0.4999924 0.3090123 0.8090235
vn -1.0000000 0.0000000 0.0000000
vn -0.5257311 0.8506508 -0.0000000
vn 0.5257408 0.8506448 0.0000000
vn -0.5257311 -0.8506508 0.0000000
vn 0.5257408 -0.8506448 0.0000000
vn 0.0000000 -0.5257311 0.8506508
vn 0.0000000 0.5257311 0.8506508
vn 0.0000000 -0.5257214 -0.8506568
vn 0.0000000 0.5257214 -0.8506568
vn 0.8506508 0.0000000 -0.5257311
vn 0.8506568 0.0000000 0.5257214
vn -0.8506448 0.0000000 -0.5257408
vn -0.8506508 0.0000000 0.5257311
vn 0.0000000 1.0000000 0.0000000
vn 0.0000000 -1.0000000 0.0000000
vn -0.3090172 -0.8090217 0.4999922
vn 0.3090199 -0.8090241 0.4999868
vn -0.3090172 0.8090217 0.4999922
vn 0.3090199 0.8090241 0.4999868
vn 0.0000000 0.0000000 1.0000000
vn -0.3090245 -0.8090119 -0.5000035
vn 0.3090271 -0.8090143 -0.4999981
vn -0.3090245 0.8090119 -0.5000035
vn 0.3090271 0.8090143 -0.4999981
vn 0.0000000 0.0000000 -1.0000000
vn 0.8090198 0.4999980 -0.3090129
vn 0.8090198 -0.4999980 -0.3090129
vn 0.5000149 -0.3090127 -0.8090094
vn 0.5000149 0.3090127 -0.8090094
vn 0.8090174 0.5000034 0.3090103
vn 0.8090174 -0.5000034 0.3090103
vn 0.5000037 -0.3090196 0.8090137
vn 0.5000037 0.3090196 0.8090137
vn 1.0000000 0.0000000 0.0000000
vn -0.8090241 0.4999868 -0.3090199
vn -0.8090241 -0.4999868 -0.3090199
vn -0.5000036 -0.3090054 -0.8090192
vn -0.5000036 0.3090054 -0.8090192
vn -0.8090217 0.4999922 0.3090172
vn -0.8090217 -0.4999922 0.3090172
vn -0.4999924 -0.3090123 0.8090235
vn -0.4999924 0.3090123 0.8090235
vn -1.0000000 0.0000000 0.0000000
vn -0.5257311 0.8506508 0.0000000
vn 0.5257408 0.8506448 0.0000000
vn -0.5257311 -0.8506508 0.0000000
vn 0.5257408 -0.8506448 -0.0000000
vn 0.0000000 -0.5257214 0.8506568
vn -0.0000000 0.5257214 0.8506568
vn 0.0000000 -0.5257311 -0.8506508
vn -0.0000000 0.5257311 -0.8506508
vn 0.8506568 0.0000000 -0.5257214
vn 0.8506508 0.0000000 0.5257311
vn -0.8506508 0.0000000 -0.5257311
vn -0.8506448 -0.0000000 0.5257408
vn 0.0000000 1.0000000 0.0000000
vn 0.0000000 -1.0000000 0.0000000
vn -0.3090245 -0.8090119 0.5000035
vn 0.3090271 -0.8090143 0.4999981
vn -0.3090245 0.8090119 0.5000035
vn 0.3090271 0.8090143 0.4999981
vn -0.0000000 0.0000000 1.0000000
vn -0.3090172 -0.8090217 -0.4999922
vn 0.3090199 -0.8090241 -0.4999868
vn -0.3090172 0.8090217 -0.4999922
vn 0.3090199 0.8090241 -0.4999868
vn 0.0000000 0.0000000 -1.0000000
vn 0.8090174 0.5000034 -0.3090103
vn 0.8090174 -0.5000034 -0.3090103
vn 0.5000037 -0.3090196 -0.8090137
vn 0.5000037 0.3090196 -0.8090137
vn 0.8090198 0.4999980 0.3090129
vn 0.8090198 -0.4999980 0.3090129
vn 0.5000149 -0.3090127 0.8090094
vn 0.5000149 0.3090127 0.8090094
vn 1.0000000 0.0000000 0.0000000
vn -0.8090217 0.4999922 -0.3090172
vn -0.8090217 -0.4999922 -0.3090172
vn -0.4999924 -0.3090123 -0.8090235
vn -0.4999924 0.3090123 -0.8090235
vn -0.8090241 0.4999868 0.3090199
vn -0.8090241 -0.4999868 0.3090199
vn -0.5000036 -0.3090054 0.8090192
vn -0.5000036 0.3090054 0.8090192
vn -1.0000000 0.0000000 0.0000000
vn -0.5257311 0.8506508 0.0000000
vn 0.5257311 0.8506508 0.0000000
vn -0.5257311 -0.8506508 0.0000000
vn 0.5257311 -0.8506508 0.0000000
vn 0.0000000 -0.5257311 0.8506508
vn -0.0000000 0.5257311 0.8506508
vn 0.0000000 -0.5257214 -0.8506568
vn -0.0000000 0.5257214 -0.8506568
vn 0.8506448 0.0000000 -0.5257408
vn 0.8506508 0.0000000 0.5257311
vn -0.8506448 0.0000000 -0.5257408
vn -0.8506508 0.0000000 0.5257311
vn 0.0000000 1.0000000 0.0000000
vn 0.0000000 -1.0000000 0.0000000
vn -0.3090123 -0.8090235 0.4999924
vn 0.3090123 -0.8090235 0.4999924
vn -0.3090123 0.8090235 0.4999924
vn 0.3090123 0.8090235 0.4999924
vn -0.0000000 0.0000000 1.0000000
vn -0.3090196 -0.8090137 -0.5000037
vn 0.3090196 -0.8090137 -0.5000037
vn -0.3090196 0.8090137 -0.5000037
vn 0.3090196 0.8090137 -0.5000037
vn -0.0000000 0.0000000 -1.0000000
vn 0.8090241 0.4999868 -0.3090199
vn 0.8090241 -0.4999868 -0.3090199
vn 0.5000036 -0.3090054 -0.8090192
vn 0.5000036 0.3090054 -0.8090192
vn 0.8090217 0.4999922 0.3090172
vn 0.8090217 -0.4999922 0.3090172
vn 0.4999924 -0.3090123 0.8090235
vn 0.4999924 0.3090123 0.8090235
vn 1.0000000 0.0000000 0.0000000
vn -0.8090241 0.4999868 -0.3090199
vn -0.8090241 -0.4999868 -0.3090199
vn -0.5000036 -0.3090054 -0.8090192
vn -0.5000036 0.3090054 -0.8090192
vn -0.8090217 0.4999922 0.3090172
vn -0.8090217 -0.4999922 0.3090172
vn -0.4999924 -0.3090123 0.8090235
vn -0.4999924 0.3090123 0.8090235
vn -1.0000000 0.0000000 0.0000000
vn -0.5257311 0.8506508 0.0000000
vn 0.5257408 0.8506448 0.0000000
vn -0.5257311 -0.8506508 0.0000000
vn 0.5257408 -0.8506448 -0.0000000
vn 0.0000000 -0.5257311 0.8506508
vn -0.0000000 0.5257311 0.8506508
vn 0.0000000 -0.5257311 -0.8506508
vn 0.0000000 0.5257311 -0.8506508
vn 0.8506568 -0.0000000 -0.5257214
vn 0.8506568 0.0000000 0.5257214
vn -0.8506508 0.0000000 -0.5257311
vn -0.8506508 0.0000000 0.5257311
vn 0.0000000 1.0000000 0.0000000
vn 0.0000000 -1.0000000 -0.0000000
vn -0.3090172 -0.8090217 0.4999922
vn 0.3090199 -0.8090241 0.4999868
vn -0.3090172 0.8090217 0.4999922
vn 0.3090199 0.8090241 0.4999868
vn -0.0000000 0.0000000 1.0000000
vn -0.3090172 -0.8090217 -0.4999922
vn 0.3090199 -0.8090241 -0.4999868
vn -0.3090172 0.8090217 -0.4999922
vn 0.3090199 0.8090241 -0.4999868
vn -0.0000000 0.0000000 -1.0000000
vn 0.8090149 0.5000148 -0.3089985
vn 0.8090149 -0.5000148 -0.3089985
vn 0.4999968 -0.3090239 -0.8090163
vn 0.4999968 0.3090239 -0.8090163
vn 0.8090149 0.5000148 0.3089985
vn 0.8090149 -0.5000148 0.3089985
vn 0.4999968 -0.3090239 0.8090163
vn 0.4999968 0.3090239 0.8090163
vn 1.0000000 -0.0000000 0.0000000
vn -0.8090235 0.4999924 -0.3090123
vn -0.8090235 -0.4999924 -0.3090123
vn -0.4999924 -0.3090123 -0.8090235
vn -0.4999924 0.3090123 -0.8090235
vn -0.8090235 0.4999924 0.3090123
vn -0.8090235 -0.4999924 0.3090123
vn -0.4999924 -0.3090123 0.8090235
vn -0.4999924 0.3090123 0.8090235
vn -1.0000000 0.0000000 0.0000000
vn -0.5257408 0.8506448 0.0000000
vn 0.5257311 0.8506508 0.0000000
vn -0.5257408 -0.8506448 0.0000000
vn 0.5257311 -0.8506508 -0.0000000
vn -0.0000000 -0.5257214 0.8506568
vn 0.0000000 0.5257214 0.8506568
vn -0.0000000 -0.5257311 -0.8506508
vn -0.0000000 0.5257311 -0.8506508
vn 0.8506508 -0.0000000 -0.5257311
vn 0.8506448 -0.0000000 0.5257408
vn -0.8506568 -0.0000000 -0.5257214
vn -0.8506508 0.0000000 0.5257311
vn 0.0000000 1.0000000 -0.0000000
vn 0.0000000 -1.0000000 0.0000000
vn -0.3090314 -0.8090169 0.4999912
vn 0.3090288 -0.8090146 0.4999966
vn -0.3090314 0.8090169 0.4999912
vn 0.3090288 0.8090146 0.4999966
vn 0.0000000 0.0000000 1.0000000
vn -0.3090199 -0.8090241 -0.4999868
vn 0.3090172 -0.8090217 -0.4999922
vn -0.3090199 0.8090241 -0.4999868
vn 0.3090172 0.8090217 -0.4999922
vn 0.0000000 0.0000000 -1.0000000
vn 0.8090217 0.4999922 -0.3090172
vn 0.8090217 -0.4999922 -0.3090172
vn 0.4999924 -0.3090123 -0.8090235
vn 0.4999924 0.3090123 -0.8090235
vn 0.8090241 0.4999868 0.3090199
vn 0.8090241 -0.4999868 0.3090199
vn 0.5000148 -0.3089985 0.8090149
vn 0.5000148 0.3089985 0.8090149
vn 1.0000000 -0.0000000 0.0000000
vn -0.8090174 0.5000034 -0.3090103
vn -0.8090174 -0.5000034 -0.3090103
vn -0.5000037 -0.3090196 -0.8090137
vn -0.5000037 0.3090196 -0.8090137
vn -0.8090198 0.4999980 0.3090129
vn -0.8090198 -0.4999980 0.3090129
vn -0.5000261 -0.3090058 0.8090051
vn -0.5000261 0.3090058 0.8090051
vn -1.0000000 -0.0000000 0.0000000
vn -0.5257311 0.8506508 -0.0000000
vn 0.5257408 0.8506448 0.0000000
vn -0.5257311 -0.8506508 0.0000000
vn 0.5257408 -0.8506448 0.0000000
vn 0.0000000 -0.5257214 0.8506568
vn -0.0000000 0.5257214 0.8506568
vn 0.0000000 -0.5257311 -0.8506508
vn -0.0000000 0.5257311 -0.8506508
vn 0.8506568 0.0000000 -0.5257214
vn 0.8506508 0.0000000 0.5257311
vn -0.8506508 0.0000000 -0.5257311
vn -0.8506448 0.0000000 0.5257408
vn 0.0000000 1.0000000 0.0000000
vn 0.0000000 -1.0000000 0.0000000
vn -0.3090288 -0.8090146 0.4999966
vn 0.3090314 -0.8090169 0.4999912
vn -0.3090288 0.8090146 0.4999966
vn 0.3090314 0.8090169 0.4999912
vn 0.0000000 0.0000000 1.0000000
vn -0.3090172 -0.8090217 -0.4999922
vn 0.3090199 -0.8090241 -0.4999868
vn -0.3090172 0.8090217 -0.4999922
vn 0.3090199 0.8090241 -0.4999868
vn -0.0000000 0.0000000 -1.0000000
vn 0.8090132 0.5000146 -0.3090034
vn 0.8090132 -0.5000146 -0.3090034
vn 0.4999968 -0.3090239 -0.8090163
vn 0.4999968 0.3090239 -0.8090163
vn 0.8090155 0.5000092 0.3090060
vn 0.8090155 -0.5000092 0.3090060
vn 0.5000192 -0.3090100 0.8090078
vn 0.5000192 0.3090100 0.8090078
vn 1.0000000 -0.0000000 0.0000000
vn -0.8090217 0.4999922 -0.3090172
vn -0.8090217 -0.4999922 -0.3090172
vn -0.4999924 -0.3090123 -0.8090235
vn -0.4999924 0.3090123 -0.8090235
vn -0.8090241 0.4999868 0.3090199
vn -0.8090241 -0.4999868 0.3090199
vn -0.5000148 -0.3089985 0.8090149
vn -0.5000148 0.3089985 0.8090149
vn -1.0000000 0.0000000 0.0000000
usemtl rosa_pastel
vt 0.22250000 0.87500000
vt 0.12500000 0.87500000
vt 0.22062664 0.85597866
vt 0.12500000 0.83009336
vt 0.10597866 0.83009336
vt 0.12500000 0.97250000
vt 0.22062664 0.85597866
vt 0.12500000 0.87500000
vt 0.21507821 0.83768834
vt 0.10597866 0.83009336
vt 0.08768834 0.83009336
vt 0.12500000 0.97250000
vt 0.21507821 0.83768834
vt 0.12500000 0.87500000
vt 0.20606830 0.82083195
vt 0.08768834 0.83009336
vt 0.07083195 0.83009336
vt 0.12500000 0.97250000
vt 0.20606830 0.82083195
vt 0.12500000 0.87500000
vt 0.19394293 0.80605707
vt 0.07083195 0.83009336
vt 0.05605707 0.83009336
vt 0.12500000 0.97250000
vt 0.19394293 0.80605707
vt 0.12500000 0.87500000
vt 0.17916805 0.79393170
vt 0.19394293 0.83009336
vt 0.17916805 0.83009336
vt 0.12500000 0.97250000
vt 0.17916805 0.79393170
vt 0.12500000 0.87500000
vt 0.16231166 0.78492179
vt 0.17916805 0.83009336
vt 0.16231166 0.83009336
vt 0.12500000 0.97250000
vt 0.16231166 0.78492179
vt 0.12500000 0.87500000
vt 0.14402134 0.77937336
vt 0.16231166 0.83009336
vt 0.14402134 0.83009336
vt 0.12500000 0.97250000
vt 0.14402134 0.77937336
vt 0.12500000 0.87500000
vt 0.12500000 0.77750000
vt 0.14402134 0.83009336
vt 0.12500000 0.83009336
vt 0.12500000 0.97250000
vt 0.12500000 0.77750000
vt 0.12500000 0.87500000
vt 0.10597866 0.77937336
vt 0.12500000 0.83009336
vt 0.10597866 0.83009336
vt 0.12500000 0.97250000
vt 0.10597866 0.77937336
vt 0.12500000 0.87500000
vt 0.08768834 0.78492179
vt 0.10597866 0.83009336
vt 0.08768834 0.83009336
vt 0.12500000 0.97250000
vt 0.08768834 0.78492179
vt 0.12500000 0.87500000
vt 0.07083195 0.79393170
vt 0.08768834 0.83009336
vt 0.07083195 0.83009336
vt 0.12500000 0.97250000
vt 0.07083195 0.79393170
vt 0.12500000 0.87500000
vt 0.05605707 0.80605707
vt 0.07083195 0.83009336
vt 0.05605707 0.83009336
vt 0.12500000 0.97250000
vt 0.05605707 0.80605707
vt 0.12500000 0.87500000
vt 0.04393170 0.82083195
vt 0.05605707 0.83009336
vt 0.07083195 0.83009336
vt 0.12500000 0.97250000
vt 0.04393170 0.82083195
vt 0.12500000 0.87500000
vt 0.03492179 0.83768834
vt 0.07083195 0.83009336
vt 0.08768834 0.83009336
vt 0.12500000 0.97250000
vt 0.03492179 0.83768834
vt 0.12500000 0.87500000
vt 0.02937336 0.85597866
vt 0.08768834 0.83009336
vt 0.10597866 0.83009336
vt 0.12500000 0.97250000
vt 0.02937336 0.85597866
vt 0.12500000 0.87500000
vt 0.02750000 0.87500000
vt 0.10597866 0.83009336
vt 0.12500000 0.83009336
vt 0.12500000 0.97250000
vt 0.02750000 0.87500000
vt 0.12500000 0.87500000
vt 0.02937336 0.89402134
vt 0.12500000 0.83009336
vt 0.14402134 0.83009336
vt 0.12500000 0.97250000
vt 0.02937336 0.89402134
vt 0.12500000 0.87500000
vt 0.03492179 0.91231166
vt 0.14402134 0.83009336
vt 0.16231166 0.83009336
vt 0.12500000 0.97250000
vt 0.03492179 0.91231166
vt 0.12500000 0.87500000
vt 0.04393170 0.92916805
vt 0.16231166 0.83009336
vt 0.17916805 0.83009336
vt 0.12500000 0.97250000
vt 0.04393170 0.92916805
vt 0.12500000 0.87500000
vt 0.05605707 0.94394293
vt 0.17916805 0.83009336
vt 0.19394293 0.83009336
vt 0.12500000 0.97250000
vt 0.05605707 0.94394293
vt 0.12500000 0.87500000
vt 0.07083195 0.95606830
vt 0.05605707 0.83009336
vt 0.07083195 0.83009336
vt 0.12500000 0.97250000
vt 0.07083195 0.95606830
vt 0.12500000 0.87500000
vt 0.08768834 0.96507821
vt 0.07083195 0.83009336
vt 0.08768834 0.83009336
vt 0.12500000 0.97250000
vt 0.08768834 0.96507821
vt 0.12500000 0.87500000
vt 0.10597866 0.97062664
vt 0.08768834 0.83009336
vt 0.10597866 0.83009336
vt 0.12500000 0.97250000
vt 0.10597866 0.97062664
vt 0.12500000 0.87500000
vt 0.12500000 0.97250000
vt 0.10597866 0.83009336
vt 0.12500000 0.83009336
vt 0.12500000 0.97250000
vt 0.12500000 0.97250000
vt 0.12500000 0.87500000
vt 0.14402134 0.97062664
vt 0.12500000 0.83009336
vt 0.14402134 0.83009336
vt 0.12500000 0.97250000
vt 0.14402134 0.97062664
vt 0.12500000 0.87500000
vt 0.16231166 0.96507821
vt 0.14402134 0.83009336
vt 0.16231166 0.83009336
vt 0.12500000 0.97250000
vt 0.16231166 0.96507821
vt 0.12500000 0.87500000
vt 0.17916805 0.95606830
vt 0.16231166 0.83009336
vt 0.17916805 0.83009336
vt 0.12500000 0.97250000
vt 0.17916805 0.95606830
vt 0.12500000 0.87500000
vt 0.19394293 0.94394293
vt 0.17916805 0.83009336
vt 0.19394293 0.83009336
vt 0.12500000 0.97250000
vt 0.19394293 0.94394293
vt 0.12500000 0.87500000
vt 0.20606830 0.92916805
vt 0.19394293 0.83009336
vt 0.17916805 0.83009336
vt 0.12500000 0.97250000
vt 0.20606830 0.92916805
vt 0.12500000 0.87500000
vt 0.21507821 0.91231166
vt 0.17916805 0.83009336
vt 0.16231166 0.83009336
vt 0.12500000 0.97250000
vt 0.21507821 0.91231166
vt 0.12500000 0.87500000
vt 0.22062664 0.89402134
vt 0.16231166 0.83009336
vt 0.14402134 0.83009336
vt 0.12500000 0.97250000
vt 0.22062664 0.89402134
vt 0.12500000 0.87500000
vt 0.22250000 0.87500000
vt 0.14402134 0.83009336
vt 0.12500000 0.83009336
vt 0.12500000 0.97250000
vt 0.35831117 0.62500000
vt 0.35297656 0.63009880
vt 0.36122665 0.63325009
vt 0.38009880 0.67367507
vt 0.38480941 0.66909751
vt 0.38850171 0.67336113
vt 0.36122665 0.63325009
vt 0.35634122 0.63850171
vt 0.36519059 0.64087209
vt 0.35297656 0.63009880
vt 0.35634122 0.63850171
vt 0.36122665 0.63325009
vt 0.38480941 0.66909751
vt 0.38877335 0.66365774
vt 0.39365878 0.66740578
vt 0.38877335 0.66365774
vt 0.39168883 0.65776971
vt 0.39702344 0.66140868
vt 0.35315388 0.66740578
vt 0.35271399 0.66140868
vt 0.35912791 0.66477061
vt 0.38877335 0.66365774
vt 0.39702344 0.66140868
vt 0.39365878 0.66740578
vt 0.36519059 0.64087209
vt 0.36149829 0.64684612
vt 0.36990120 0.64728601
vt 0.36149829 0.67108635
vt 0.35912791 0.66477061
vt 0.36674991 0.66759965
vt 0.36990120 0.67348768
vt 0.36674991 0.66759965
vt 0.37500000 0.66968041
vt 0.36149829 0.67108635
vt 0.36674991 0.66759965
vt 0.36990120 0.67348768
vt 0.38480941 0.66909751
vt 0.39365878 0.66740578
vt 0.38850171 0.67336113
vt 0.35315388 0.66740578
vt 0.35912791 0.66477061
vt 0.36149829 0.67108635
vt 0.35634122 0.63850171
vt 0.36149829 0.64684612
vt 0.36519059 0.64087209
vt 0.35315388 0.64365878
vt 0.36149829 0.64684612
vt 0.35634122 0.63850171
vt 0.35831117 0.62500000
vt 0.36122665 0.63325009
vt 0.36632545 0.62500000
vt 0.36122665 0.63325009
vt 0.36519059 0.64087209
vt 0.36984293 0.63334441
vt 0.36632545 0.62500000
vt 0.36984293 0.63334441
vt 0.37500000 0.62500000
vt 0.36122665 0.63325009
vt 0.36984293 0.63334441
vt 0.36632545 0.62500000
vt 0.36519059 0.64087209
vt 0.36990120 0.64728601
vt 0.37500000 0.64168883
vt 0.36990120 0.67348768
vt 0.37500000 0.66968041
vt 0.38009880 0.67348768
vt 0.37500000 0.64168883
vt 0.38009880 0.64728601
vt 0.38480941 0.64087209
vt 0.36990120 0.64728601
vt 0.38009880 0.64728601
vt 0.37500000 0.64168883
vt 0.37500000 0.62500000
vt 0.38015707 0.63334441
vt 0.38367455 0.62500000
vt 0.38015707 0.63334441
vt 0.38480941 0.64087209
vt 0.38877335 0.63325009
vt 0.38367455 0.62500000
vt 0.38877335 0.63325009
vt 0.39168883 0.62500000
vt 0.38015707 0.63334441
vt 0.38877335 0.63325009
vt 0.38367455 0.62500000
vt 0.36519059 0.64087209
vt 0.37500000 0.64168883
vt 0.36984293 0.63334441
vt 0.37500000 0.64168883
vt 0.38480941 0.64087209
vt 0.38015707 0.63334441
vt 0.36984293 0.63334441
vt 0.38015707 0.63334441
vt 0.37500000 0.62500000
vt 0.37500000 0.64168883
vt 0.38015707 0.63334441
vt 0.36984293 0.63334441
vt 0.35831117 0.62500000
vt 0.36632545 0.62500000
vt 0.36122665 0.61674991
vt 0.36632545 0.62500000
vt 0.37500000 0.62500000
vt 0.36984293 0.61665559
vt 0.36122665 0.61674991
vt 0.36984293 0.61665559
vt 0.36519059 0.60912791
vt 0.36632545 0.62500000
vt 0.36984293 0.61665559
vt 0.36122665 0.61674991
vt 0.37500000 0.62500000
vt 0.38367455 0.62500000
vt 0.38015707 0.61665559
vt 0.38367455 0.62500000
vt 0.39168883 0.62500000
vt 0.38877335 0.61674991
vt 0.38015707 0.61665559
vt 0.38877335 0.61674991
vt 0.38480941 0.60912791
vt 0.38367455 0.62500000
vt 0.38877335 0.61674991
vt 0.38015707 0.61665559
vt 0.36519059 0.60912791
vt 0.37500000 0.60831117
vt 0.36990120 0.60271399
vt 0.37500000 0.60831117
vt 0.38480941 0.60912791
vt 0.38009880 0.60271399
vt 0.36990120 0.67348768
vt 0.38009880 0.67348768
vt 0.37500000 0.66968041
vt 0.37500000 0.60831117
vt 0.38009880 0.60271399
vt 0.36990120 0.60271399
vt 0.37500000 0.62500000
vt 0.38015707 0.61665559
vt 0.36984293 0.61665559
vt 0.38015707 0.61665559
vt 0.38480941 0.60912791
vt 0.37500000 0.60831117
vt 0.36984293 0.61665559
vt 0.37500000 0.60831117
vt 0.36519059 0.60912791
vt 0.38015707 0.61665559
vt 0.37500000 0.60831117
vt 0.36984293 0.61665559
vt 0.35831117 0.62500000
vt 0.36122665 0.61674991
vt 0.35297656 0.61990120
vt 0.36122665 0.61674991
vt 0.36519059 0.60912791
vt 0.35634122 0.61149829
vt 0.36990120 0.67367507
vt 0.36149829 0.67336113
vt 0.36519059 0.66909751
vt 0.36122665 0.61674991
vt 0.35634122 0.61149829
vt 0.35297656 0.61990120
vt 0.36519059 0.60912791
vt 0.36990120 0.60271399
vt 0.36149829 0.60315388
vt 0.36990120 0.67348768
vt 0.37500000 0.66968041
vt 0.36674991 0.66759965
vt 0.36149829 0.67108635
vt 0.36674991 0.66759965
vt 0.35912791 0.66477061
vt 0.36990120 0.67348768
vt 0.36674991 0.66759965
vt 0.36149829 0.67108635
vt 0.36519059 0.66909751
vt 0.35634122 0.66740578
vt 0.36122665 0.66365774
vt 0.35315388 0.66740578
vt 0.35912791 0.66477061
vt 0.35271399 0.66140868
vt 0.36122665 0.66365774
vt 0.35297656 0.66140868
vt 0.35831117 0.65776971
vt 0.35634122 0.66740578
vt 0.35297656 0.66140868
vt 0.36122665 0.66365774
vt 0.36519059 0.60912791
vt 0.36149829 0.60315388
vt 0.35634122 0.61149829
vt 0.36149829 0.67108635
vt 0.35912791 0.66477061
vt 0.35315388 0.66740578
vt 0.36149829 0.67336113
vt 0.35634122 0.66740578
vt 0.36519059 0.66909751
vt 0.36149829 0.60315388
vt 0.35315388 0.60634122
vt 0.35634122 0.61149829
vt 0.35831117 0.62500000
vt 0.35297656 0.61990120
vt 0.35297656 0.63009880
vt 0.36990120 0.67367507
vt 0.36519059 0.66909751
vt 0.37500000 0.66968041
vt 0.38009880 0.67367507
vt 0.37500000 0.66968041
vt 0.38480941 0.66909751
vt 0.36990120 0.67367507
vt 0.37500000 0.66968041
vt 0.38009880 0.67367507
vt 0.36519059 0.66909751
vt 0.36122665 0.66365774
vt 0.36984293 0.66372506
vt 0.36122665 0.66365774
vt 0.35831117 0.65776971
vt 0.36632545 0.65776971
vt 0.36984293 0.66372506
vt 0.36632545 0.65776971
vt 0.37500000 0.65776971
vt 0.36122665 0.66365774
vt 0.36632545 0.65776971
vt 0.36984293 0.66372506
vt 0.38480941 0.66909751
vt 0.38015707 0.66372506
vt 0.38877335 0.66365774
vt 0.38015707 0.66372506
vt 0.37500000 0.65776971
vt 0.38367455 0.65776971
vt 0.38877335 0.66365774
vt 0.38367455 0.65776971
vt 0.39168883 0.65776971
vt 0.38015707 0.66372506
vt 0.38367455 0.65776971
vt 0.38877335 0.66365774
vt 0.36519059 0.66909751
vt 0.36984293 0.66372506
vt 0.37500000 0.66968041
vt 0.36984293 0.66372506
vt 0.37500000 0.65776971
vt 0.38015707 0.66372506
vt 0.37500000 0.66968041
vt 0.38015707 0.66372506
vt 0.38480941 0.66909751
vt 0.36984293 0.66372506
vt 0.38015707 0.66372506
vt 0.37500000 0.66968041
vt 0.39168883 0.62500000
vt 0.38877335 0.63325009
vt 0.39702344 0.63009880
vt 0.38877335 0.63325009
vt 0.38480941 0.64087209
vt 0.39365878 0.63850171
vt 0.38009880 0.67367507
vt 0.38850171 0.67336113
vt 0.38480941 0.66909751
vt 0.38877335 0.63325009
vt 0.39365878 0.63850171
vt 0.39702344 0.63009880
vt 0.38480941 0.64087209
vt 0.38009880 0.64728601
vt 0.38850171 0.64684612
vt 0.38009880 0.67348768
vt 0.37500000 0.66968041
vt 0.38325009 0.66759965
vt 0.38850171 0.67108635
vt 0.38325009 0.66759965
vt 0.39087209 0.66477061
vt 0.38009880 0.67348768
vt 0.38325009 0.66759965
vt 0.38850171 0.67108635
vt 0.38480941 0.66909751
vt 0.39365878 0.66740578
vt 0.38877335 0.66365774
vt 0.39684612 0.66740578
vt 0.39087209 0.66477061
vt 0.39728601 0.66140868
vt 0.38877335 0.66365774
vt 0.39702344 0.66140868
vt 0.39168883 0.65776971
vt 0.39365878 0.66740578
vt 0.39702344 0.66140868
vt 0.38877335 0.66365774
vt 0.38480941 0.64087209
vt 0.38850171 0.64684612
vt 0.39365878 0.63850171
vt 0.38850171 0.67108635
vt 0.39087209 0.66477061
vt 0.39684612 0.66740578
vt 0.38850171 0.67336113
vt 0.39365878 0.66740578
vt 0.38480941 0.66909751
vt 0.38850171 0.64684612
vt 0.39684612 0.64365878
vt 0.39365878 0.63850171
vt 0.37500000 0.66968041
vt 0.36674991 0.66759965
vt 0.37500000 0.66396068
vt 0.36674991 0.66759965
vt 0.35912791 0.66477061
vt 0.36665559 0.66145027
vt 0.37500000 0.66396068
vt 0.36665559 0.66145027
vt 0.37500000 0.65776971
vt 0.36674991 0.66759965
vt 0.36665559 0.66145027
vt 0.37500000 0.66396068
vt 0.35912791 0.66477061
vt 0.35271399 0.66140868
vt 0.35831117 0.65776971
vt 0.39702344 0.66140868
vt 0.39168883 0.65776971
vt 0.39702344 0.65413073
vt 0.35831117 0.65776971
vt 0.35271399 0.65413073
vt 0.35912791 0.65076880
vt 0.35271399 0.66140868
vt 0.35271399 0.65413073
vt 0.35831117 0.65776971
vt 0.37500000 0.65776971
vt 0.36665559 0.65408915
vt 0.37500000 0.65157874
vt 0.36665559 0.65408915
vt 0.35912791 0.65076880
vt 0.36674991 0.64793977
vt 0.37500000 0.65157874
vt 0.36674991 0.64793977
vt 0.37500000 0.64585901
vt 0.36665559 0.65408915
vt 0.36674991 0.64793977
vt 0.37500000 0.65157874
vt 0.35912791 0.66477061
vt 0.35831117 0.65776971
vt 0.36665559 0.66145027
vt 0.35831117 0.65776971
vt 0.35912791 0.65076880
vt 0.36665559 0.65408915
vt 0.36665559 0.66145027
vt 0.36665559 0.65408915
vt 0.37500000 0.65776971
vt 0.35831117 0.65776971
vt 0.36665559 0.65408915
vt 0.36665559 0.66145027
vt 0.39168883 0.65776971
vt 0.38367455 0.65776971
vt 0.38877335 0.65188168
vt 0.38367455 0.65776971
vt 0.37500000 0.65776971
vt 0.38015707 0.65181436
vt 0.38877335 0.65188168
vt 0.38015707 0.65181436
vt 0.38480941 0.64644191
vt 0.38367455 0.65776971
vt 0.38015707 0.65181436
vt 0.38877335 0.65188168
vt 0.37500000 0.65776971
vt 0.36632545 0.65776971
vt 0.36984293 0.65181436
vt 0.36632545 0.65776971
vt 0.35831117 0.65776971
vt 0.36122665 0.65188168
vt 0.36984293 0.65181436
vt 0.36122665 0.65188168
vt 0.36519059 0.64644191
vt 0.36632545 0.65776971
vt 0.36122665 0.65188168
vt 0.36984293 0.65181436
vt 0.38480941 0.64644191
vt 0.37500000 0.64585901
vt 0.38009880 0.64186434
vt 0.37500000 0.64585901
vt 0.36519059 0.64644191
vt 0.36990120 0.64186434
vt 0.35297656 0.63009880
vt 0.35297656 0.61990120
vt 0.35831117 0.62500000
vt 0.37500000 0.64585901
vt 0.36990120 0.64186434
vt 0.38009880 0.64186434
vt 0.37500000 0.65776971
vt 0.36984293 0.65181436
vt 0.38015707 0.65181436
vt 0.36984293 0.65181436
vt 0.36519059 0.64644191
vt 0.37500000 0.64585901
vt 0.38015707 0.65181436
vt 0.37500000 0.64585901
vt 0.38480941 0.64644191
vt 0.36984293 0.65181436
vt 0.37500000 0.64585901
vt 0.38015707 0.65181436
vt 0.35831117 0.65776971
vt 0.35297656 0.66140868
vt 0.35297656 0.65413073
vt 0.35271399 0.66140868
vt 0.35912791 0.66477061
vt 0.35831117 0.65776971
vt 0.35271399 0.65413073
vt 0.35831117 0.65776971
vt 0.35912791 0.65076880
vt 0.35271399 0.66140868
vt 0.35831117 0.65776971
vt 0.35271399 0.65413073
vt 0.35912791 0.66477061
vt 0.36674991 0.66759965
vt 0.36665559 0.66145027
vt 0.36674991 0.66759965
vt 0.37500000 0.66968041
vt 0.37500000 0.66396068
vt 0.36665559 0.66145027
vt 0.37500000 0.66396068
vt 0.37500000 0.65776971
vt 0.36674991 0.66759965
vt 0.37500000 0.66396068
vt 0.36665559 0.66145027
vt 0.35912791 0.65076880
vt 0.36665559 0.65408915
vt 0.36674991 0.64793977
vt 0.36665559 0.65408915
vt 0.37500000 0.65776971
vt 0.37500000 0.65157874
vt 0.36674991 0.64793977
vt 0.37500000 0.65157874
vt 0.37500000 0.64585901
vt 0.36665559 0.65408915
vt 0.37500000 0.65157874
vt 0.36674991 0.64793977
vt 0.35912791 0.66477061
vt 0.36665559 0.66145027
vt 0.35831117 0.65776971
vt 0.36665559 0.66145027
vt 0.37500000 0.65776971
vt 0.36665559 0.65408915
vt 0.35831117 0.65776971
vt 0.36665559 0.65408915
vt 0.35912791 0.65076880
vt 0.36665559 0.66145027
vt 0.36665559 0.65408915
vt 0.35831117 0.65776971
vt 0.37500000 0.66968041
vt 0.38009880 0.67348768
vt 0.38325009 0.66759965
vt 0.38009880 0.60271399
vt 0.38480941 0.60912791
vt 0.38850171 0.60315388
vt 0.38325009 0.66759965
vt 0.38850171 0.67108635
vt 0.39087209 0.66477061
vt 0.38009880 0.67348768
vt 0.38850171 0.67108635
vt 0.38325009 0.66759965
vt 0.38480941 0.60912791
vt 0.38877335 0.61674991
vt 0.39365878 0.61149829
vt 0.38877335 0.61674991
vt 0.39168883 0.62500000
vt 0.39702344 0.61990120
vt 0.36149829 0.67336113
vt 0.36990120 0.67367507
vt 0.36519059 0.66909751
vt 0.38877335 0.61674991
vt 0.39702344 0.61990120
vt 0.39365878 0.61149829
vt 0.39087209 0.66477061
vt 0.39684612 0.66740578
vt 0.39728601 0.66140868
vt 0.35634122 0.66740578
vt 0.36519059 0.66909751
vt 0.36122665 0.66365774
vt 0.35297656 0.66140868
vt 0.36122665 0.66365774
vt 0.35831117 0.65776971
vt 0.35634122 0.66740578
vt 0.36122665 0.66365774
vt 0.35297656 0.66140868
vt 0.38480941 0.60912791
vt 0.39365878 0.61149829
vt 0.38850171 0.60315388
vt 0.36149829 0.67336113
vt 0.36519059 0.66909751
vt 0.35634122 0.66740578
vt 0.38850171 0.67108635
vt 0.39684612 0.66740578
vt 0.39087209 0.66477061
vt 0.39365878 0.61149829
vt 0.39684612 0.60634122
vt 0.38850171 0.60315388
vt 0.39168883 0.62500000
vt 0.39702344 0.63009880
vt 0.38877335 0.63325009
vt 0.38009880 0.64186434
vt 0.38480941 0.64644191
vt 0.38850171 0.64217829
vt 0.38877335 0.63325009
vt 0.39365878 0.63850171
vt 0.38480941 0.64087209
vt 0.39702344 0.63009880
vt 0.39365878 0.63850171
vt 0.38877335 0.63325009
vt 0.38480941 0.64644191
vt 0.38877335 0.65188168
vt 0.39365878 0.64813363
vt 0.38877335 0.65188168
vt 0.39168883 0.65776971
vt 0.39702344 0.65413073
vt 0.39684612 0.64813363
vt 0.39728601 0.65413073
vt 0.39087209 0.65076880
vt 0.38877335 0.65188168
vt 0.39702344 0.65413073
vt 0.39365878 0.64813363
vt 0.38480941 0.64087209
vt 0.38850171 0.64684612
vt 0.38009880 0.64728601
vt 0.38850171 0.64445307
vt 0.39087209 0.65076880
vt 0.38325009 0.64793977
vt 0.38009880 0.64205174
vt 0.38325009 0.64793977
vt 0.37500000 0.64585901
vt 0.38850171 0.64445307
vt 0.38325009 0.64793977
vt 0.38009880 0.64205174
vt 0.38480941 0.64644191
vt 0.39365878 0.64813363
vt 0.38850171 0.64217829
vt 0.39684612 0.64813363
vt 0.39087209 0.65076880
vt 0.38850171 0.64445307
vt 0.39365878 0.63850171
vt 0.38850171 0.64684612
vt 0.38480941 0.64087209
vt 0.39365878 0.64813363
vt 0.39684612 0.64445307
vt 0.38850171 0.64217829
vt 0.39168883 0.62500000
vt 0.38877335 0.63325009
vt 0.38367455 0.62500000
vt 0.38877335 0.63325009
vt 0.38480941 0.64087209
vt 0.38015707 0.63334441
vt 0.38367455 0.62500000
vt 0.38015707 0.63334441
vt 0.37500000 0.62500000
vt 0.38877335 0.63325009
vt 0.38015707 0.63334441
vt 0.38367455 0.62500000
vt 0.38480941 0.64087209
vt 0.38009880 0.64728601
vt 0.37500000 0.64168883
vt 0.38009880 0.64205174
vt 0.37500000 0.64585901
vt 0.36990120 0.64205174
vt 0.37500000 0.64168883
vt 0.36990120 0.64728601
vt 0.36519059 0.64087209
vt 0.38009880 0.64728601
vt 0.36990120 0.64728601
vt 0.37500000 0.64168883
vt 0.37500000 0.62500000
vt 0.36984293 0.63334441
vt 0.36632545 0.62500000
vt 0.36984293 0.63334441
vt 0.36519059 0.64087209
vt 0.36122665 0.63325009
vt 0.36632545 0.62500000
vt 0.36122665 0.63325009
vt 0.35831117 0.62500000
vt 0.36984293 0.63334441
vt 0.36122665 0.63325009
vt 0.36632545 0.62500000
vt 0.38480941 0.64087209
vt 0.37500000 0.64168883
vt 0.38015707 0.63334441
vt 0.37500000 0.64168883
vt 0.36519059 0.64087209
vt 0.36984293 0.63334441
vt 0.38015707 0.63334441
vt 0.36984293 0.63334441
vt 0.37500000 0.62500000
vt 0.37500000 0.64168883
vt 0.36984293 0.63334441
vt 0.38015707 0.63334441
vt 0.39168883 0.62500000
vt 0.38367455 0.62500000
vt 0.38877335 0.61674991
vt 0.38367455 0.62500000
vt 0.37500000 0.62500000
vt 0.38015707 0.61665559
vt 0.38877335 0.61674991
vt 0.38015707 0.61665559
vt 0.38480941 0.60912791
vt 0.38367455 0.62500000
vt 0.38015707 0.61665559
vt 0.38877335 0.61674991
vt 0.37500000 0.62500000
vt 0.36632545 0.62500000
vt 0.36984293 0.61665559
vt 0.36632545 0.62500000
vt 0.35831117 0.62500000
vt 0.36122665 0.61674991
vt 0.36984293 0.61665559
vt 0.36122665 0.61674991
vt 0.36519059 0.60912791
vt 0.36632545 0.62500000
vt 0.36122665 0.61674991
vt 0.36984293 0.61665559
vt 0.38480941 0.60912791
vt 0.37500000 0.60831117
vt 0.38009880 0.60271399
vt 0.37500000 0.60831117
vt 0.36519059 0.60912791
vt 0.36990120 0.60271399
vt 0.38009880 0.64205174
vt 0.36990120 0.64205174
vt 0.37500000 0.64585901
vt 0.37500000 0.60831117
vt 0.36990120 0.60271399
vt 0.38009880 0.60271399
vt 0.37500000 0.62500000
vt 0.36984293 0.61665559
vt 0.38015707 0.61665559
vt 0.36984293 0.61665559
vt 0.36519059 0.60912791
vt 0.37500000 0.60831117
vt 0.38015707 0.61665559
vt 0.37500000 0.60831117
vt 0.38480941 0.60912791
vt 0.36984293 0.61665559
vt 0.37500000 0.60831117
vt 0.38015707 0.61665559
vt 0.39168883 0.62500000
vt 0.38877335 0.61674991
vt 0.39702344 0.61990120
vt 0.38877335 0.61674991
vt 0.38480941 0.60912791
vt 0.39365878 0.61149829
vt 0.36990120 0.64186434
vt 0.36149829 0.64217829
vt 0.36519059 0.64644191
vt 0.38877335 0.61674991
vt 0.39365878 0.61149829
vt 0.39702344 0.61990120
vt 0.38480941 0.60912791
vt 0.38009880 0.60271399
vt 0.38850171 0.60315388
vt 0.38009880 0.64205174
vt 0.37500000 0.64585901
vt 0.38325009 0.64793977
vt 0.38850171 0.64445307
vt 0.38325009 0.64793977
vt 0.39087209 0.65076880
vt 0.38009880 0.64205174
vt 0.38325009 0.64793977
vt 0.38850171 0.64445307
vt 0.36519059 0.64644191
vt 0.35634122 0.64813363
vt 0.36122665 0.65188168
vt 0.39684612 0.64813363
vt 0.39087209 0.65076880
vt 0.39728601 0.65413073
vt 0.36122665 0.65188168
vt 0.35297656 0.65413073
vt 0.35831117 0.65776971
vt 0.35634122 0.64813363
vt 0.35297656 0.65413073
vt 0.36122665 0.65188168
vt 0.38480941 0.60912791
vt 0.38850171 0.60315388
vt 0.39365878 0.61149829
vt 0.38850171 0.64445307
vt 0.39087209 0.65076880
vt 0.39684612 0.64813363
vt 0.36149829 0.64217829
vt 0.35634122 0.64813363
vt 0.36519059 0.64644191
vt 0.35315388 0.64445307
vt 0.35634122 0.64813363
vt 0.36149829 0.64217829
vt 0.39168883 0.62500000
vt 0.39702344 0.61990120
vt 0.39702344 0.63009880
vt 0.36990120 0.64186434
vt 0.36519059 0.64644191
vt 0.37500000 0.64585901
vt 0.38009880 0.64186434
vt 0.37500000 0.64585901
vt 0.38480941 0.64644191
vt 0.36990120 0.64186434
vt 0.37500000 0.64585901
vt 0.38009880 0.64186434
vt 0.36519059 0.64644191
vt 0.36122665 0.65188168
vt 0.36984293 0.65181436
vt 0.36122665 0.65188168
vt 0.35831117 0.65776971
vt 0.36632545 0.65776971
vt 0.36984293 0.65181436
vt 0.36632545 0.65776971
vt 0.37500000 0.65776971
vt 0.36122665 0.65188168
vt 0.36632545 0.65776971
vt 0.36984293 0.65181436
vt 0.38480941 0.64644191
vt 0.38015707 0.65181436
vt 0.38877335 0.65188168
vt 0.38015707 0.65181436
vt 0.37500000 0.65776971
vt 0.38367455 0.65776971
vt 0.38877335 0.65188168
vt 0.38367455 0.65776971
vt 0.39168883 0.65776971
vt 0.38015707 0.65181436
vt 0.38367455 0.65776971
vt 0.38877335 0.65188168
vt 0.36519059 0.64644191
vt 0.36984293 0.65181436
vt 0.37500000 0.64585901
vt 0.36984293 0.65181436
vt 0.37500000 0.65776971
vt 0.38015707 0.65181436
vt 0.37500000 0.64585901
vt 0.38015707 0.65181436
vt 0.38480941 0.64644191
vt 0.36984293 0.65181436
vt 0.38015707 0.65181436
vt 0.37500000 0.64585901
vt 0.37500000 0.64585901
vt 0.38325009 0.64793977
vt 0.37500000 0.65157874
vt 0.38325009 0.64793977
vt 0.39087209 0.65076880
vt 0.38334441 0.65408915
vt 0.37500000 0.65157874
vt 0.38334441 0.65408915
vt 0.37500000 0.65776971
vt 0.38325009 0.64793977
vt 0.38334441 0.65408915
vt 0.37500000 0.65157874
vt 0.39087209 0.65076880
vt 0.39728601 0.65413073
vt 0.39168883 0.65776971
vt 0.39702344 0.65413073
vt 0.39168883 0.65776971
vt 0.39702344 0.66140868
vt 0.39168883 0.65776971
vt 0.39728601 0.66140868
vt 0.39087209 0.66477061
vt 0.39728601 0.65413073
vt 0.39728601 0.66140868
vt 0.39168883 0.65776971
vt 0.37500000 0.65776971
vt 0.38334441 0.66145027
vt 0.37500000 0.66396068
vt 0.38334441 0.66145027
vt 0.39087209 0.66477061
vt 0.38325009 0.66759965
vt 0.37500000 0.66396068
vt 0.38325009 0.66759965
vt 0.37500000 0.66968041
vt 0.38334441 0.66145027
vt 0.38325009 0.66759965
vt 0.37500000 0.66396068
vt 0.39087209 0.65076880
vt 0.39168883 0.65776971
vt 0.38334441 0.65408915
vt 0.39168883 0.65776971
vt 0.39087209 0.66477061
vt 0.38334441 0.66145027
vt 0.38334441 0.65408915
vt 0.38334441 0.66145027
vt 0.37500000 0.65776971
vt 0.39168883 0.65776971
vt 0.38334441 0.66145027
vt 0.38334441 0.65408915
vt 0.35831117 0.62500000
vt 0.36122665 0.63325009
vt 0.35297656 0.63009880
vt 0.36122665 0.63325009
vt 0.36519059 0.64087209
vt 0.35634122 0.63850171
vt 0.38009880 0.64186434
vt 0.38850171 0.64217829
vt 0.38480941 0.64644191
vt 0.36122665 0.63325009
vt 0.35634122 0.63850171
vt 0.35297656 0.63009880
vt 0.36519059 0.64087209
vt 0.36990120 0.64728601
vt 0.36149829 0.64684612
vt 0.36990120 0.64205174
vt 0.37500000 0.64585901
vt 0.36674991 0.64793977
vt 0.36149829 0.64445307
vt 0.36674991 0.64793977
vt 0.35912791 0.65076880
vt 0.36990120 0.64205174
vt 0.36674991 0.64793977
vt 0.36149829 0.64445307
vt 0.38480941 0.64644191
vt 0.39365878 0.64813363
vt 0.38877335 0.65188168
vt 0.35315388 0.64813363
vt 0.35912791 0.65076880
vt 0.35271399 0.65413073
vt 0.38877335 0.65188168
vt 0.39702344 0.65413073
vt 0.39168883 0.65776971
vt 0.39365878 0.64813363
vt 0.39702344 0.65413073
vt 0.38877335 0.65188168
vt 0.36519059 0.64087209
vt 0.36149829 0.64684612
vt 0.35634122 0.63850171
vt 0.36149829 0.64445307
vt 0.35912791 0.65076880
vt 0.35315388 0.64813363
vt 0.38850171 0.64217829
vt 0.39365878 0.64813363
vt 0.38480941 0.64644191
vt 0.39684612 0.64445307
vt 0.39365878 0.64813363
vt 0.38850171 0.64217829
vt 0.37500000 0.64585901
vt 0.36990120 0.64205174
vt 0.36674991 0.64793977
vt 0.36990120 0.60271399
vt 0.36519059 0.60912791
vt 0.36149829 0.60315388
vt 0.36674991 0.64793977
vt 0.36149829 0.64445307
vt 0.35912791 0.65076880
vt 0.36990120 0.64205174
vt 0.36149829 0.64445307
vt 0.36674991 0.64793977
vt 0.36519059 0.60912791
vt 0.36122665 0.61674991
vt 0.35634122 0.61149829
vt 0.36122665 0.61674991
vt 0.35831117 0.62500000
vt 0.35297656 0.61990120
vt 0.36149829 0.64217829
vt 0.36990120 0.64186434
vt 0.36519059 0.64644191
vt 0.36122665 0.61674991
vt 0.35297656 0.61990120
vt 0.35634122 0.61149829
vt 0.35912791 0.65076880
vt 0.35315388 0.64813363
vt 0.35271399 0.65413073
vt 0.35634122 0.64813363
vt 0.36519059 0.64644191
vt 0.36122665 0.65188168
vt 0.35297656 0.65413073
vt 0.36122665 0.65188168
vt 0.35831117 0.65776971
vt 0.35634122 0.64813363
vt 0.36122665 0.65188168
vt 0.35297656 0.65413073
vt 0.36519059 0.60912791
vt 0.35634122 0.61149829
vt 0.36149829 0.60315388
vt 0.36149829 0.64217829
vt 0.36519059 0.64644191
vt 0.35634122 0.64813363
vt 0.36149829 0.64445307
vt 0.35315388 0.64813363
vt 0.35912791 0.65076880
vt 0.36149829 0.64217829
vt 0.35634122 0.64813363
vt 0.35315388 0.64445307
vt 0.35831117 0.65776971
vt 0.35297656 0.65413073
vt 0.35297656 0.66140868
vt 0.39728601 0.65413073
vt 0.39087209 0.65076880
vt 0.39168883 0.65776971
vt 0.39728601 0.66140868
vt 0.39168883 0.65776971
vt 0.39087209 0.66477061
vt 0.39728601 0.65413073
vt 0.39168883 0.65776971
vt 0.39728601 0.66140868
vt 0.39087209 0.65076880
vt 0.38325009 0.64793977
vt 0.38334441 0.65408915
vt 0.38325009 0.64793977
vt 0.37500000 0.64585901
vt 0.37500000 0.65157874
vt 0.38334441 0.65408915
vt 0.37500000 0.65157874
vt 0.37500000 0.65776971
vt 0.38325009 0.64793977
vt 0.37500000 0.65157874
vt 0.38334441 0.65408915
vt 0.39087209 0.66477061
vt 0.38334441 0.66145027
vt 0.38325009 0.66759965
vt 0.38334441 0.66145027
vt 0.37500000 0.65776971
vt 0.37500000 0.66396068
vt 0.38325009 0.66759965
vt 0.37500000 0.66396068
vt 0.37500000 0.66968041
vt 0.38334441 0.66145027
vt 0.37500000 0.66396068
vt 0.38325009 0.66759965
vt 0.39087209 0.65076880
vt 0.38334441 0.65408915
vt 0.39168883 0.65776971
vt 0.38334441 0.65408915
vt 0.37500000 0.65776971
vt 0.38334441 0.66145027
vt 0.39168883 0.65776971
vt 0.38334441 0.66145027
vt 0.39087209 0.66477061
vt 0.38334441 0.65408915
vt 0.38334441 0.66145027
vt 0.39168883 0.65776971
vt 0.39168883 0.65776971
vt 0.38367455 0.65776971
vt 0.38877335 0.66365774
vt 0.38367455 0.65776971
vt 0.37500000 0.65776971
vt 0.38015707 0.66372506
vt 0.38877335 0.66365774
vt 0.38015707 0.66372506
vt 0.38480941 0.66909751
vt 0.38367455 0.65776971
vt 0.38015707 0.66372506
vt 0.38877335 0.66365774
vt 0.37500000 0.65776971
vt 0.36632545 0.65776971
vt 0.36984293 0.66372506
vt 0.36632545 0.65776971
vt 0.35831117 0.65776971
vt 0.36122665 0.66365774
vt 0.36984293 0.66372506
vt 0.36122665 0.66365774
vt 0.36519059 0.66909751
vt 0.36632545 0.65776971
vt 0.36122665 0.66365774
vt 0.36984293 0.66372506
vt 0.38480941 0.66909751
vt 0.37500000 0.66968041
vt 0.38009880 0.67367507
vt 0.37500000 0.66968041
vt 0.36519059 0.66909751
vt 0.36990120 0.67367507
vt 0.39702344 0.63009880
vt 0.39702344 0.61990120
vt 0.39168883 0.62500000
vt 0.37500000 0.66968041
vt 0.36990120 0.67367507
vt 0.38009880 0.67367507
vt 0.37500000 0.65776971
vt 0.36984293 0.66372506
vt 0.38015707 0.66372506
vt 0.36984293 0.66372506
vt 0.36519059 0.66909751
vt 0.37500000 0.66968041
vt 0.38015707 0.66372506
vt 0.37500000 0.66968041
vt 0.38480941 0.66909751
vt 0.36984293 0.66372506
vt 0.37500000 0.66968041
vt 0.38015707 0.66372506
vt 0.70170847 0.62500000
vt 0.69946030 0.62745247
vt 0.70342832 0.62896802
vt 0.62745247 0.53599585
vt 0.62917232 0.53316390
vt 0.63142049 0.53491421
vt 0.70342832 0.53774616
vt 0.70191276 0.53491421
vt 0.70588078 0.53614166
vt 0.69946030 0.53599585
vt 0.70191276 0.53491421
vt 0.70342832 0.53774616
vt 0.70170847 0.62500000
vt 0.70342832 0.62896802
vt 0.70588078 0.62500000
vt 0.70342832 0.62896802
vt 0.70588078 0.63175085
vt 0.70833302 0.62896802
vt 0.70588078 0.62500000
vt 0.70833302 0.62896802
vt 0.71005288 0.62500000
vt 0.70342832 0.62896802
vt 0.70833302 0.62896802
vt 0.70588078 0.62500000
vt 0.70170847 0.62500000
vt 0.70588078 0.62500000
vt 0.70342832 0.62103198
vt 0.70588078 0.62500000
vt 0.71005288 0.62500000
vt 0.70833302 0.62103198
vt 0.70342832 0.62103198
vt 0.70833302 0.62103198
vt 0.70588078 0.61824915
vt 0.70588078 0.62500000
vt 0.70833302 0.62103198
vt 0.70342832 0.62103198
vt 0.70170847 0.62500000
vt 0.70342832 0.62103198
vt 0.69946030 0.62254753
vt 0.70342832 0.53774616
vt 0.70588078 0.53614166
vt 0.70191276 0.53491421
vt 0.62254753 0.53599585
vt 0.61857951 0.53491421
vt 0.62082768 0.53316390
vt 0.70342832 0.62103198
vt 0.70191276 0.61857951
vt 0.69946030 0.62254753
vt 0.62500000 0.53798194
vt 0.62254753 0.53599585
vt 0.62745247 0.53599585
vt 0.62254753 0.53599585
vt 0.62082768 0.53316390
vt 0.62500000 0.53316390
vt 0.62745247 0.53599585
vt 0.62500000 0.53316390
vt 0.62917232 0.53316390
vt 0.62254753 0.53599585
vt 0.62500000 0.53316390
vt 0.62745247 0.53599585
vt 0.71005288 0.62500000
vt 0.70833302 0.62896802
vt 0.71230105 0.62745247
vt 0.70833302 0.53774616
vt 0.70588078 0.53614166
vt 0.70984881 0.53491421
vt 0.62745247 0.53599585
vt 0.63142049 0.53491421
vt 0.62917232 0.53316390
vt 0.70833302 0.62896802
vt 0.70984881 0.63142049
vt 0.71230105 0.62745247
vt 0.70588078 0.53614166
vt 0.70191276 0.53491421
vt 0.70588078 0.53316390
vt 0.70191276 0.53491421
vt 0.69912993 0.53316390
vt 0.70191276 0.53141359
vt 0.70588078 0.53316390
vt 0.70191276 0.53141359
vt 0.70588078 0.53018615
vt 0.70191276 0.53491421
vt 0.70191276 0.53141359
vt 0.70588078 0.53316390
vt 0.62917232 0.53316390
vt 0.62500000 0.53316390
vt 0.62745247 0.53033195
vt 0.62500000 0.53316390
vt 0.62082768 0.53316390
vt 0.62254753 0.53033195
vt 0.62745247 0.53033195
vt 0.62254753 0.53033195
vt 0.62500000 0.52834586
vt 0.62500000 0.53316390
vt 0.62254753 0.53033195
vt 0.62745247 0.53033195
vt 0.69912993 0.53316390
vt 0.70191276 0.53491421
vt 0.70191276 0.53141359
vt 0.70191276 0.53491421
vt 0.70588078 0.53614166
vt 0.70588078 0.53316390
vt 0.70191276 0.53141359
vt 0.70588078 0.53316390
vt 0.70588078 0.53018615
vt 0.70191276 0.53491421
vt 0.70588078 0.53316390
vt 0.70191276 0.53141359
vt 0.70588078 0.53614166
vt 0.70833302 0.53774616
vt 0.70984881 0.53491421
vt 0.70833302 0.62103198
vt 0.71005288 0.62500000
vt 0.71230105 0.62254753
vt 0.61857951 0.53491421
vt 0.62254753 0.53599585
vt 0.62082768 0.53316390
vt 0.70833302 0.62103198
vt 0.71230105 0.62254753
vt 0.70984881 0.61857951
vt 0.71005288 0.62500000
vt 0.71230105 0.62745247
vt 0.70833302 0.62896802
vt 0.62745247 0.53033195
vt 0.62917232 0.53316390
vt 0.63142049 0.53141359
vt 0.70833302 0.52858164
vt 0.70984881 0.53141359
vt 0.70588078 0.53018615
vt 0.71230105 0.62745247
vt 0.70984881 0.63142049
vt 0.70833302 0.62896802
vt 0.71005288 0.62500000
vt 0.70833302 0.62896802
vt 0.70588078 0.62500000
vt 0.70833302 0.62896802
vt 0.70588078 0.63175085
vt 0.70342832 0.62896802
vt 0.70588078 0.62500000
vt 0.70342832 0.62896802
vt 0.70170847 0.62500000
vt 0.70833302 0.62896802
vt 0.70342832 0.62896802
vt 0.70588078 0.62500000
vt 0.71005288 0.62500000
vt 0.70588078 0.62500000
vt 0.70833302 0.62103198
vt 0.70588078 0.62500000
vt 0.70170847 0.62500000
vt 0.70342832 0.62103198
vt 0.70833302 0.62103198
vt 0.70342832 0.62103198
vt 0.70588078 0.61824915
vt 0.70588078 0.62500000
vt 0.70342832 0.62103198
vt 0.70833302 0.62103198
vt 0.71005288 0.62500000
vt 0.70833302 0.62103198
vt 0.71230105 0.62254753
vt 0.70833302 0.52858164
vt 0.70588078 0.53018615
vt 0.70984881 0.53141359
vt 0.62254753 0.53033195
vt 0.61857951 0.53141359
vt 0.62082768 0.53316390
vt 0.70833302 0.62103198
vt 0.70984881 0.61857951
vt 0.71230105 0.62254753
vt 0.62500000 0.52834586
vt 0.62254753 0.53033195
vt 0.62745247 0.53033195
vt 0.62254753 0.53033195
vt 0.62082768 0.53316390
vt 0.62500000 0.53316390
vt 0.62745247 0.53033195
vt 0.62500000 0.53316390
vt 0.62917232 0.53316390
vt 0.62254753 0.53033195
vt 0.62500000 0.53316390
vt 0.62745247 0.53033195
vt 0.70588078 0.53018615
vt 0.70984881 0.53141359
vt 0.70588078 0.53316390
vt 0.70984881 0.53141359
vt 0.71263141 0.53316390
vt 0.70984881 0.53491421
vt 0.70588078 0.53316390
vt 0.70984881 0.53491421
vt 0.70588078 0.53614166
vt 0.70984881 0.53141359
vt 0.70984881 0.53491421
vt 0.70588078 0.53316390
vt 0.70170847 0.62500000
vt 0.70342832 0.62896802
vt 0.69946030 0.62745247
vt 0.70342832 0.52858164
vt 0.70588078 0.53018615
vt 0.70191276 0.53141359
vt 0.62745247 0.53033195
vt 0.63142049 0.53141359
vt 0.62917232 0.53316390
vt 0.70342832 0.62896802
vt 0.70191276 0.63142049
vt 0.69946030 0.62745247
vt 0.70588078 0.53018615
vt 0.70342832 0.52858164
vt 0.70191276 0.53141359
vt 0.70342832 0.62103198
vt 0.70170847 0.62500000
vt 0.69946030 0.62254753
vt 0.61857951 0.53141359
vt 0.62254753 0.53033195
vt 0.62082768 0.53316390
vt 0.70342832 0.62103198
vt 0.69946030 0.62254753
vt 0.70191276 0.61857951
vt 0.71263141 0.53316390
vt 0.70984881 0.53141359
vt 0.70984881 0.53491421
vt 0.70984881 0.53141359
vt 0.70588078 0.53018615
vt 0.70588078 0.53316390
vt 0.70984881 0.53491421
vt 0.70588078 0.53316390
vt 0.70588078 0.53614166
vt 0.70984881 0.53141359
vt 0.70588078 0.53316390
vt 0.70984881 0.53491421
vt 0.62917232 0.53316390
vt 0.62500000 0.53316390
vt 0.62745247 0.53599585
vt 0.62500000 0.53316390
vt 0.62082768 0.53316390
vt 0.62254753 0.53599585
vt 0.62745247 0.53599585
vt 0.62254753 0.53599585
vt 0.62500000 0.53798194
vt 0.62500000 0.53316390
vt 0.62254753 0.53599585
vt 0.62745247 0.53599585
vt 0.32262481 0.66915458
vt 0.32037665 0.67160704
vt 0.32434467 0.67312260
vt 0.42160704 0.55865145
vt 0.42332690 0.55581950
vt 0.42557506 0.55756981
vt 0.32434467 0.56040176
vt 0.32282911 0.55756981
vt 0.32679713 0.55879726
vt 0.32037665 0.55865145
vt 0.32282911 0.55756981
vt 0.32434467 0.56040176
vt 0.32262481 0.66915458
vt 0.32434467 0.67312260
vt 0.32679713 0.66915458
vt 0.32434467 0.67312260
vt 0.32679713 0.67590543
vt 0.32924937 0.67312260
vt 0.32679713 0.66915458
vt 0.32924937 0.67312260
vt 0.33096923 0.66915458
vt 0.32434467 0.67312260
vt 0.32924937 0.67312260
vt 0.32679713 0.66915458
vt 0.32262481 0.66915458
vt 0.32679713 0.66915458
vt 0.32434467 0.66518655
vt 0.32679713 0.66915458
vt 0.33096923 0.66915458
vt 0.32924937 0.66518655
vt 0.32434467 0.66518655
vt 0.32924937 0.66518655
vt 0.32679713 0.66240372
vt 0.32679713 0.66915458
vt 0.32924937 0.66518655
vt 0.32434467 0.66518655
vt 0.32262481 0.66915458
vt 0.32434467 0.66518655
vt 0.32037665 0.66670211
vt 0.32434467 0.56040176
vt 0.32679713 0.55879726
vt 0.32282911 0.55756981
vt 0.41670211 0.55865145
vt 0.41273409 0.55756981
vt 0.41498226 0.55581950
vt 0.32434467 0.56040176
vt 0.32282911 0.55756981
vt 0.32037665 0.55865145
vt 0.41915458 0.56063754
vt 0.41670211 0.55865145
vt 0.42160704 0.55865145
vt 0.41670211 0.55865145
vt 0.41498226 0.55581950
vt 0.41915458 0.55581950
vt 0.42160704 0.55865145
vt 0.41915458 0.55581950
vt 0.42332690 0.55581950
vt 0.41670211 0.55865145
vt 0.41915458 0.55581950
vt 0.42160704 0.55865145
vt 0.33096923 0.66915458
vt 0.32924937 0.67312260
vt 0.33321740 0.67160704
vt 0.32924937 0.56040176
vt 0.32679713 0.55879726
vt 0.33076516 0.55756981
vt 0.42160704 0.55865145
vt 0.42557506 0.55756981
vt 0.42332690 0.55581950
vt 0.32924937 0.67312260
vt 0.33076516 0.67557506
vt 0.33321740 0.67160704
vt 0.32679713 0.55879726
vt 0.32282911 0.55756981
vt 0.32679713 0.55581950
vt 0.32282911 0.55756981
vt 0.32004628 0.55581950
vt 0.32282911 0.55406920
vt 0.32679713 0.55581950
vt 0.32282911 0.55406920
vt 0.32679713 0.55284175
vt 0.32282911 0.55756981
vt 0.32282911 0.55406920
vt 0.32679713 0.55581950
vt 0.42332690 0.55581950
vt 0.41915458 0.55581950
vt 0.42160704 0.55298755
vt 0.41915458 0.55581950
vt 0.41498226 0.55581950
vt 0.41670211 0.55298755
vt 0.42160704 0.55298755
vt 0.41670211 0.55298755
vt 0.41915458 0.55100146
vt 0.41915458 0.55581950
vt 0.41670211 0.55298755
vt 0.42160704 0.55298755
vt 0.32004628 0.55581950
vt 0.32282911 0.55756981
vt 0.32282911 0.55406920
vt 0.32282911 0.55756981
vt 0.32679713 0.55879726
vt 0.32679713 0.55581950
vt 0.32282911 0.55406920
vt 0.32679713 0.55581950
vt 0.32679713 0.55284175
vt 0.32282911 0.55756981
vt 0.32679713 0.55581950
vt 0.32282911 0.55406920
vt 0.32679713 0.55879726
vt 0.32924937 0.56040176
vt 0.33076516 0.55756981
vt 0.32924937 0.66518655
vt 0.33096923 0.66915458
vt 0.33321740 0.66670211
vt 0.41273409 0.55756981
vt 0.41670211 0.55865145
vt 0.41498226 0.55581950
vt 0.32924937 0.66518655
vt 0.33321740 0.66670211
vt 0.33076516 0.66273409
vt 0.33096923 0.66915458
vt 0.33321740 0.67160704
vt 0.32924937 0.67312260
vt 0.42160704 0.55298755
vt 0.42332690 0.55581950
vt 0.42557506 0.55406920
vt 0.32924937 0.55123724
vt 0.33076516 0.55406920
vt 0.32679713 0.55284175
vt 0.33321740 0.67160704
vt 0.33076516 0.67557506
vt 0.32924937 0.67312260
vt 0.33096923 0.66915458
vt 0.32924937 0.67312260
vt 0.32679713 0.66915458
vt 0.32924937 0.67312260
vt 0.32679713 0.67590543
vt 0.32434467 0.67312260
vt 0.32679713 0.66915458
vt 0.32434467 0.67312260
vt 0.32262481 0.66915458
vt 0.32924937 0.67312260
vt 0.32434467 0.67312260
vt 0.32679713 0.66915458
vt 0.33096923 0.66915458
vt 0.32679713 0.66915458
vt 0.32924937 0.66518655
vt 0.32679713 0.66915458
vt 0.32262481 0.66915458
vt 0.32434467 0.66518655
vt 0.32924937 0.66518655
vt 0.32434467 0.66518655
vt 0.32679713 0.66240372
vt 0.32679713 0.66915458
vt 0.32434467 0.66518655
vt 0.32924937 0.66518655
vt 0.33096923 0.66915458
vt 0.32924937 0.66518655
vt 0.33321740 0.66670211
vt 0.32924937 0.55123724
vt 0.32679713 0.55284175
vt 0.33076516 0.55406920
vt 0.41670211 0.55298755
vt 0.41273409 0.55406920
vt 0.41498226 0.55581950
vt 0.32924937 0.66518655
vt 0.33076516 0.66273409
vt 0.33321740 0.66670211
vt 0.41915458 0.55100146
vt 0.41670211 0.55298755
vt 0.42160704 0.55298755
vt 0.41670211 0.55298755
vt 0.41498226 0.55581950
vt 0.41915458 0.55581950
vt 0.42160704 0.55298755
vt 0.41915458 0.55581950
vt 0.42332690 0.55581950
vt 0.41670211 0.55298755
vt 0.41915458 0.55581950
vt 0.42160704 0.55298755
vt 0.32679713 0.55284175
vt 0.33076516 0.55406920
vt 0.32679713 0.55581950
vt 0.33076516 0.55406920
vt 0.33354799 0.55581950
vt 0.33076516 0.55756981
vt 0.32679713 0.55581950
vt 0.33076516 0.55756981
vt 0.32679713 0.55879726
vt 0.33076516 0.55406920
vt 0.33076516 0.55756981
vt 0.32679713 0.55581950
vt 0.32262481 0.66915458
vt 0.32434467 0.67312260
vt 0.32037665 0.67160704
vt 0.32434467 0.55123724
vt 0.32679713 0.55284175
vt 0.32282911 0.55406920
vt 0.42160704 0.55298755
vt 0.42557506 0.55406920
vt 0.42332690 0.55581950
vt 0.32434467 0.67312260
vt 0.32282911 0.67557506
vt 0.32037665 0.67160704
vt 0.32679713 0.55284175
vt 0.32434467 0.55123724
vt 0.32282911 0.55406920
vt 0.32434467 0.66518655
vt 0.32262481 0.66915458
vt 0.32037665 0.66670211
vt 0.41273409 0.55406920
vt 0.41670211 0.55298755
vt 0.41498226 0.55581950
vt 0.32434467 0.66518655
vt 0.32037665 0.66670211
vt 0.32282911 0.66273409
vt 0.33354799 0.55581950
vt 0.33076516 0.55406920
vt 0.33076516 0.55756981
vt 0.33076516 0.55406920
vt 0.32679713 0.55284175
vt 0.32679713 0.55581950
vt 0.33076516 0.55756981
vt 0.32679713 0.55581950
vt 0.32679713 0.55879726
vt 0.33076516 0.55406920
vt 0.32679713 0.55581950
vt 0.33076516 0.55756981
vt 0.42332690 0.55581950
vt 0.41915458 0.55581950
vt 0.42160704 0.55865145
vt 0.41915458 0.55581950
vt 0.41498226 0.55581950
vt 0.41670211 0.55865145
vt 0.42160704 0.55865145
vt 0.41670211 0.55865145
vt 0.41915458 0.56063754
vt 0.41915458 0.55581950
vt 0.41670211 0.55865145
vt 0.42160704 0.55865145
vt 0.12519024 0.32533327
vt 0.12294207 0.32778574
vt 0.12691009 0.32930130
vt 0.07778574 0.33130705
vt 0.07950559 0.32847510
vt 0.08175376 0.33022541
vt 0.12691009 0.33305736
vt 0.12539453 0.33022541
vt 0.12936256 0.33145286
vt 0.12294207 0.33130705
vt 0.12539453 0.33022541
vt 0.12691009 0.33305736
vt 0.12519024 0.32533327
vt 0.12691009 0.32930130
vt 0.12936256 0.32533327
vt 0.12691009 0.32930130
vt 0.12936256 0.33208413
vt 0.13181480 0.32930130
vt 0.12936256 0.32533327
vt 0.13181480 0.32930130
vt 0.13353465 0.32533327
vt 0.12691009 0.32930130
vt 0.13181480 0.32930130
vt 0.12936256 0.32533327
vt 0.12519024 0.32533327
vt 0.12936256 0.32533327
vt 0.12691009 0.32136525
vt 0.12936256 0.32533327
vt 0.13353465 0.32533327
vt 0.13181480 0.32136525
vt 0.12691009 0.32136525
vt 0.13181480 0.32136525
vt 0.12936256 0.31858242
vt 0.12936256 0.32533327
vt 0.13181480 0.32136525
vt 0.12691009 0.32136525
vt 0.12519024 0.32533327
vt 0.12691009 0.32136525
vt 0.12294207 0.32288081
vt 0.12691009 0.33305736
vt 0.12936256 0.33145286
vt 0.12539453 0.33022541
vt 0.07288081 0.33130705
vt 0.06891278 0.33022541
vt 0.07116095 0.32847510
vt 0.12691009 0.33305736
vt 0.12539453 0.33022541
vt 0.12294207 0.33130705
vt 0.07533327 0.33329314
vt 0.07288081 0.33130705
vt 0.07778574 0.33130705
vt 0.07288081 0.33130705
vt 0.07116095 0.32847510
vt 0.07533327 0.32847510
vt 0.07778574 0.33130705
vt 0.07533327 0.32847510
vt 0.07950559 0.32847510
vt 0.07288081 0.33130705
vt 0.07533327 0.32847510
vt 0.07778574 0.33130705
vt 0.13353465 0.32533327
vt 0.13181480 0.32930130
vt 0.13578282 0.32778574
vt 0.13181480 0.33305736
vt 0.12936256 0.33145286
vt 0.13333058 0.33022541
vt 0.07778574 0.33130705
vt 0.08175376 0.33022541
vt 0.07950559 0.32847510
vt 0.13181480 0.32930130
vt 0.13333058 0.33175376
vt 0.13578282 0.32778574
vt 0.12936256 0.33145286
vt 0.12539453 0.33022541
vt 0.12936256 0.32847510
vt 0.12539453 0.33022541
vt 0.12261170 0.32847510
vt 0.12539453 0.32672480
vt 0.12936256 0.32847510
vt 0.12539453 0.32672480
vt 0.12936256 0.32549735
vt 0.12539453 0.33022541
vt 0.12539453 0.32672480
vt 0.12936256 0.32847510
vt 0.07950559 0.32847510
vt 0.07533327 0.32847510
vt 0.07778574 0.32564315
vt 0.07533327 0.32847510
vt 0.07116095 0.32847510
vt 0.07288081 0.32564315
vt 0.07778574 0.32564315
vt 0.07288081 0.32564315
vt 0.07533327 0.32365707
vt 0.07533327 0.32847510
vt 0.07288081 0.32564315
vt 0.07778574 0.32564315
vt 0.12261170 0.32847510
vt 0.12539453 0.33022541
vt 0.12539453 0.32672480
vt 0.12539453 0.33022541
vt 0.12936256 0.33145286
vt 0.12936256 0.32847510
vt 0.12539453 0.32672480
vt 0.12936256 0.32847510
vt 0.12936256 0.32549735
vt 0.12539453 0.33022541
vt 0.12936256 0.32847510
vt 0.12539453 0.32672480
vt 0.12936256 0.33145286
vt 0.13181480 0.33305736
vt 0.13333058 0.33022541
vt 0.13181480 0.32136525
vt 0.13353465 0.32533327
vt 0.13578282 0.32288081
vt 0.06891278 0.33022541
vt 0.07288081 0.33130705
vt 0.07116095 0.32847510
vt 0.13181480 0.32136525
vt 0.13578282 0.32288081
vt 0.13333058 0.31891278
vt 0.13353465 0.32533327
vt 0.13578282 0.32778574
vt 0.13181480 0.32930130
vt 0.07778574 0.32564315
vt 0.07950559 0.32847510
vt 0.08175376 0.32672480
vt 0.13181480 0.32389285
vt 0.13333058 0.32672480
vt 0.12936256 0.32549735
vt 0.13578282 0.32778574
vt 0.13333058 0.33175376
vt 0.13181480 0.32930130
vt 0.13353465 0.32533327
vt 0.13181480 0.32930130
vt 0.12936256 0.32533327
vt 0.13181480 0.32930130
vt 0.12936256 0.33208413
vt 0.12691009 0.32930130
vt 0.12936256 0.32533327
vt 0.12691009 0.32930130
vt 0.12519024 0.32533327
vt 0.13181480 0.32930130
vt 0.12691009 0.32930130
vt 0.12936256 0.32533327
vt 0.13353465 0.32533327
vt 0.12936256 0.32533327
vt 0.13181480 0.32136525
vt 0.12936256 0.32533327
vt 0.12519024 0.32533327
vt 0.12691009 0.32136525
vt 0.13181480 0.32136525
vt 0.12691009 0.32136525
vt 0.12936256 0.31858242
vt 0.12936256 0.32533327
vt 0.12691009 0.32136525
vt 0.13181480 0.32136525
vt 0.13353465 0.32533327
vt 0.13181480 0.32136525
vt 0.13578282 0.32288081
vt 0.13181480 0.32389285
vt 0.12936256 0.32549735
vt 0.13333058 0.32672480
vt 0.07288081 0.32564315
vt 0.06891278 0.32672480
vt 0.07116095 0.32847510
vt 0.13181480 0.32136525
vt 0.13333058 0.31891278
vt 0.13578282 0.32288081
vt 0.07533327 0.32365707
vt 0.07288081 0.32564315
vt 0.07778574 0.32564315
vt 0.07288081 0.32564315
vt 0.07116095 0.32847510
vt 0.07533327 0.32847510
vt 0.07778574 0.32564315
vt 0.07533327 0.32847510
vt 0.07950559 0.32847510
vt 0.07288081 0.32564315
vt 0.07533327 0.32847510
vt 0.07778574 0.32564315
vt 0.12936256 0.32549735
vt 0.13333058 0.32672480
vt 0.12936256 0.32847510
vt 0.13333058 0.32672480
vt 0.13611341 0.32847510
vt 0.13333058 0.33022541
vt 0.12936256 0.32847510
vt 0.13333058 0.33022541
vt 0.12936256 0.33145286
vt 0.13333058 0.32672480
vt 0.13333058 0.33022541
vt 0.12936256 0.32847510
vt 0.12519024 0.32533327
vt 0.12691009 0.32930130
vt 0.12294207 0.32778574
vt 0.12691009 0.32389285
vt 0.12936256 0.32549735
vt 0.12539453 0.32672480
vt 0.07778574 0.32564315
vt 0.08175376 0.32672480
vt 0.07950559 0.32847510
vt 0.12691009 0.32389285
vt 0.12539453 0.32672480
vt 0.12294207 0.32564315
vt 0.12936256 0.32549735
vt 0.12691009 0.32389285
vt 0.12539453 0.32672480
vt 0.12691009 0.32136525
vt 0.12519024 0.32533327
vt 0.12294207 0.32288081
vt 0.06891278 0.32672480
vt 0.07288081 0.32564315
vt 0.07116095 0.32847510
vt 0.12691009 0.32389285
vt 0.12294207 0.32564315
vt 0.12539453 0.32672480
vt 0.13611341 0.32847510
vt 0.13333058 0.32672480
vt 0.13333058 0.33022541
vt 0.13333058 0.32672480
vt 0.12936256 0.32549735
vt 0.12936256 0.32847510
vt 0.13333058 0.33022541
vt 0.12936256 0.32847510
vt 0.12936256 0.33145286
vt 0.13333058 0.32672480
vt 0.12936256 0.32847510
vt 0.13333058 0.33022541
vt 0.07950559 0.32847510
vt 0.07533327 0.32847510
vt 0.07778574 0.33130705
vt 0.07533327 0.32847510
vt 0.07116095 0.32847510
vt 0.07288081 0.33130705
vt 0.07778574 0.33130705
vt 0.07288081 0.33130705
vt 0.07533327 0.33329314
vt 0.07533327 0.32847510
vt 0.07288081 0.33130705
vt 0.07778574 0.33130705
vt 0.89172261 0.65225987
vt 0.88947444 0.65471210
vt 0.89344247 0.65622789
vt 0.90471210 0.60396266
vt 0.90643196 0.60113071
vt 0.90868013 0.60288101
vt 0.89344247 0.60571296
vt 0.89192668 0.60288101
vt 0.89589470 0.60410846
vt 0.90471210 0.60396266
vt 0.90868013 0.60288101
vt 0.90622789 0.60571296
vt 0.89172261 0.65225987
vt 0.89344247 0.65622789
vt 0.89589470 0.65225987
vt 0.89344247 0.65622789
vt 0.89589470 0.65901049
vt 0.89834717 0.65622789
vt 0.89589470 0.65225987
vt 0.89834717 0.65622789
vt 0.90006702 0.65225987
vt 0.89344247 0.65622789
vt 0.89834717 0.65622789
vt 0.89589470 0.65225987
vt 0.89172261 0.65225987
vt 0.89589470 0.65225987
vt 0.89344247 0.64829184
vt 0.89589470 0.65225987
vt 0.90006702 0.65225987
vt 0.89834717 0.64829184
vt 0.89344247 0.64829184
vt 0.89834717 0.64829184
vt 0.89589470 0.64550901
vt 0.89589470 0.65225987
vt 0.89834717 0.64829184
vt 0.89344247 0.64829184
vt 0.89172261 0.65225987
vt 0.89344247 0.64829184
vt 0.88947444 0.64980740
vt 0.89344247 0.60571296
vt 0.89589470 0.60410846
vt 0.89192668 0.60288101
vt 0.89980740 0.60396266
vt 0.89583938 0.60288101
vt 0.89808755 0.60113071
vt 0.89344247 0.64829184
vt 0.89192668 0.64583938
vt 0.88947444 0.64980740
vt 0.90225987 0.60594874
vt 0.89980740 0.60396266
vt 0.90471210 0.60396266
vt 0.89980740 0.60396266
vt 0.89808755 0.60113071
vt 0.90225987 0.60113071
vt 0.90471210 0.60396266
vt 0.90225987 0.60113071
vt 0.90643196 0.60113071
vt 0.89980740 0.60396266
vt 0.90225987 0.60113071
vt 0.90471210 0.60396266
vt 0.90006702 0.65225987
vt 0.89834717 0.65622789
vt 0.90231519 0.65471210
vt 0.89834717 0.60571296
vt 0.89589470 0.60410846
vt 0.89986273 0.60288101
vt 0.90471210 0.60396266
vt 0.90868013 0.60288101
vt 0.90643196 0.60113071
vt 0.90622789 0.60571296
vt 0.90868013 0.60288101
vt 0.90471210 0.60396266
vt 0.89589470 0.60410846
vt 0.89192668 0.60288101
vt 0.89589470 0.60113071
vt 0.89192668 0.60288101
vt 0.88914408 0.60113071
vt 0.89192668 0.59938040
vt 0.89589470 0.60113071
vt 0.89192668 0.59938040
vt 0.89589470 0.59815295
vt 0.89192668 0.60288101
vt 0.89192668 0.59938040
vt 0.89589470 0.60113071
vt 0.90643196 0.60113071
vt 0.90225987 0.60113071
vt 0.90471210 0.59829876
vt 0.90225987 0.60113071
vt 0.89808755 0.60113071
vt 0.89980740 0.59829876
vt 0.90471210 0.59829876
vt 0.89980740 0.59829876
vt 0.90225987 0.59631267
vt 0.90225987 0.60113071
vt 0.89980740 0.59829876
vt 0.90471210 0.59829876
vt 0.88914408 0.60113071
vt 0.89192668 0.60288101
vt 0.89192668 0.59938040
vt 0.89192668 0.60288101
vt 0.89589470 0.60410846
vt 0.89589470 0.60113071
vt 0.89192668 0.59938040
vt 0.89589470 0.60113071
vt 0.89589470 0.59815295
vt 0.89192668 0.60288101
vt 0.89589470 0.60113071
vt 0.89192668 0.59938040
vt 0.89589470 0.60410846
vt 0.89834717 0.60571296
vt 0.89986273 0.60288101
vt 0.89834717 0.64829184
vt 0.90006702 0.65225987
vt 0.90231519 0.64980740
vt 0.89583938 0.60288101
vt 0.89980740 0.60396266
vt 0.89808755 0.60113071
vt 0.89834717 0.64829184
vt 0.90231519 0.64980740
vt 0.89986273 0.64583938
vt 0.90006702 0.65225987
vt 0.90231519 0.65471210
vt 0.89834717 0.65622789
vt 0.90471210 0.59829876
vt 0.90643196 0.60113071
vt 0.90868013 0.59938040
vt 0.89834717 0.59654845
vt 0.89986273 0.59938040
vt 0.89589470 0.59815295
vt 0.90471210 0.59829876
vt 0.90868013 0.59938040
vt 0.90622789 0.59654845
vt 0.90006702 0.65225987
vt 0.89834717 0.65622789
vt 0.89589470 0.65225987
vt 0.89834717 0.65622789
vt 0.89589470 0.65901049
vt 0.89344247 0.65622789
vt 0.89589470 0.65225987
vt 0.89344247 0.65622789
vt 0.89172261 0.65225987
vt 0.89834717 0.65622789
vt 0.89344247 0.65622789
vt 0.89589470 0.65225987
vt 0.90006702 0.65225987
vt 0.89589470 0.65225987
vt 0.89834717 0.64829184
vt 0.89589470 0.65225987
vt 0.89172261 0.65225987
vt 0.89344247 0.64829184
vt 0.89834717 0.64829184
vt 0.89344247 0.64829184
vt 0.89589470 0.64550901
vt 0.89589470 0.65225987
vt 0.89344247 0.64829184
vt 0.89834717 0.64829184
vt 0.90006702 0.65225987
vt 0.89834717 0.64829184
vt 0.90231519 0.64980740
vt 0.89834717 0.59654845
vt 0.89589470 0.59815295
vt 0.89986273 0.59938040
vt 0.89980740 0.59829876
vt 0.89583938 0.59938040
vt 0.89808755 0.60113071
vt 0.89834717 0.64829184
vt 0.89986273 0.64583938
vt 0.90231519 0.64980740
vt 0.90225987 0.59631267
vt 0.89980740 0.59829876
vt 0.90471210 0.59829876
vt 0.89980740 0.59829876
vt 0.89808755 0.60113071
vt 0.90225987 0.60113071
vt 0.90471210 0.59829876
vt 0.90225987 0.60113071
vt 0.90643196 0.60113071
vt 0.89980740 0.59829876
vt 0.90225987 0.60113071
vt 0.90471210 0.59829876
vt 0.89589470 0.59815295
vt 0.89986273 0.59938040
vt 0.89589470 0.60113071
vt 0.89986273 0.59938040
vt 0.90264556 0.60113071
vt 0.89986273 0.60288101
vt 0.89589470 0.60113071
vt 0.89986273 0.60288101
vt 0.89589470 0.60410846
vt 0.89986273 0.59938040
vt 0.89986273 0.60288101
vt 0.89589470 0.60113071
vt 0.89172261 0.65225987
vt 0.89344247 0.65622789
vt 0.88947444 0.65471210
vt 0.89344247 0.59654845
vt 0.89589470 0.59815295
vt 0.89192668 0.59938040
vt 0.90471210 0.59829876
vt 0.90868013 0.59938040
vt 0.90643196 0.60113071
vt 0.90622789 0.59654845
vt 0.90868013 0.59938040
vt 0.90471210 0.59829876
vt 0.89589470 0.59815295
vt 0.89344247 0.59654845
vt 0.89192668 0.59938040
vt 0.89344247 0.64829184
vt 0.89172261 0.65225987
vt 0.88947444 0.64980740
vt 0.89583938 0.59938040
vt 0.89980740 0.59829876
vt 0.89808755 0.60113071
vt 0.89344247 0.64829184
vt 0.88947444 0.64980740
vt 0.89192668 0.64583938
vt 0.90264556 0.60113071
vt 0.89986273 0.59938040
vt 0.89986273 0.60288101
vt 0.89986273 0.59938040
vt 0.89589470 0.59815295
vt 0.89589470 0.60113071
vt 0.89986273 0.60288101
vt 0.89589470 0.60113071
vt 0.89589470 0.60410846
vt 0.89986273 0.59938040
vt 0.89589470 0.60113071
vt 0.89986273 0.60288101
vt 0.90643196 0.60113071
vt 0.90225987 0.60113071
vt 0.90471210 0.60396266
vt 0.90225987 0.60113071
vt 0.89808755 0.60113071
vt 0.89980740 0.60396266
vt 0.90471210 0.60396266
vt 0.89980740 0.60396266
vt 0.90225987 0.60594874
vt 0.90225987 0.60113071
vt 0.89980740 0.60396266
vt 0.90471210 0.60396266
vt 0.60228091 0.62171652
vt 0.60003274 0.62416898
vt 0.60400077 0.62568454
vt 0.62416898 0.62661826
vt 0.62588884 0.62378631
vt 0.62813701 0.62553661
vt 0.60400077 0.62836856
vt 0.60248521 0.62553661
vt 0.60645323 0.62676406
vt 0.60003274 0.62416898
vt 0.60248521 0.62813701
vt 0.60400077 0.62568454
vt 0.60228091 0.62171652
vt 0.60400077 0.62568454
vt 0.60645323 0.62171652
vt 0.60400077 0.62568454
vt 0.60645323 0.62846737
vt 0.60890547 0.62568454
vt 0.60645323 0.62171652
vt 0.60890547 0.62568454
vt 0.61062533 0.62171652
vt 0.60400077 0.62568454
vt 0.60890547 0.62568454
vt 0.60645323 0.62171652
vt 0.60228091 0.62171652
vt 0.60645323 0.62171652
vt 0.60400077 0.61774849
vt 0.60645323 0.62171652
vt 0.61062533 0.62171652
vt 0.60890547 0.61774849
vt 0.60400077 0.61774849
vt 0.60890547 0.61774849
vt 0.60645323 0.61496566
vt 0.60645323 0.62171652
vt 0.60890547 0.61774849
vt 0.60400077 0.61774849
vt 0.60228091 0.62171652
vt 0.60400077 0.61774849
vt 0.60003274 0.61926405
vt 0.60400077 0.62836856
vt 0.60645323 0.62676406
vt 0.60248521 0.62553661
vt 0.61926405 0.62661826
vt 0.61529603 0.62553661
vt 0.61754420 0.62378631
vt 0.60400077 0.61774849
vt 0.60248521 0.61529603
vt 0.60003274 0.61926405
vt 0.62171652 0.62860434
vt 0.61926405 0.62661826
vt 0.62416898 0.62661826
vt 0.61926405 0.62661826
vt 0.61754420 0.62378631
vt 0.62171652 0.62378631
vt 0.62416898 0.62661826
vt 0.62171652 0.62378631
vt 0.62588884 0.62378631
vt 0.61926405 0.62661826
vt 0.62171652 0.62378631
vt 0.62416898 0.62661826
vt 0.61062533 0.62171652
vt 0.60890547 0.62568454
vt 0.61287349 0.62416898
vt 0.60890547 0.62836856
vt 0.60645323 0.62676406
vt 0.61042126 0.62553661
vt 0.62416898 0.62661826
vt 0.62813701 0.62553661
vt 0.62588884 0.62378631
vt 0.60890547 0.62568454
vt 0.61042126 0.62813701
vt 0.61287349 0.62416898
vt 0.60645323 0.62676406
vt 0.60248521 0.62553661
vt 0.60645323 0.62378631
vt 0.60248521 0.62553661
vt 0.59970238 0.62378631
vt 0.60248521 0.62203600
vt 0.60645323 0.62378631
vt 0.60248521 0.62203600
vt 0.60645323 0.62080855
vt 0.60248521 0.62553661
vt 0.60248521 0.62203600
vt 0.60645323 0.62378631
vt 0.62588884 0.62378631
vt 0.62171652 0.62378631
vt 0.62416898 0.62095436
vt 0.62171652 0.62378631
vt 0.61754420 0.62378631
vt 0.61926405 0.62095436
vt 0.62416898 0.62095436
vt 0.61926405 0.62095436
vt 0.62171652 0.61896827
vt 0.62171652 0.62378631
vt 0.61926405 0.62095436
vt 0.62416898 0.62095436
vt 0.59970238 0.62378631
vt 0.60248521 0.62553661
vt 0.60248521 0.62203600
vt 0.60248521 0.62553661
vt 0.60645323 0.62676406
vt 0.60645323 0.62378631
vt 0.60248521 0.62203600
vt 0.60645323 0.62378631
vt 0.60645323 0.62080855
vt 0.60248521 0.62553661
vt 0.60645323 0.62378631
vt 0.60248521 0.62203600
vt 0.60645323 0.62676406
vt 0.60890547 0.62836856
vt 0.61042126 0.62553661
vt 0.60890547 0.61774849
vt 0.61062533 0.62171652
vt 0.61287349 0.61926405
vt 0.61529603 0.62553661
vt 0.61926405 0.62661826
vt 0.61754420 0.62378631
vt 0.60890547 0.61774849
vt 0.61287349 0.61926405
vt 0.61042126 0.61529603
vt 0.61062533 0.62171652
vt 0.61287349 0.62416898
vt 0.60890547 0.62568454
vt 0.62416898 0.62095436
vt 0.62588884 0.62378631
vt 0.62813701 0.62203600
vt 0.60890547 0.61920405
vt 0.61042126 0.62203600
vt 0.60645323 0.62080855
vt 0.61287349 0.62416898
vt 0.61042126 0.62813701
vt 0.60890547 0.62568454
vt 0.61062533 0.62171652
vt 0.60890547 0.62568454
vt 0.60645323 0.62171652
vt 0.60890547 0.62568454
vt 0.60645323 0.62846737
vt 0.60400077 0.62568454
vt 0.60645323 0.62171652
vt 0.60400077 0.62568454
vt 0.60228091 0.62171652
vt 0.60890547 0.62568454
vt 0.60400077 0.62568454
vt 0.60645323 0.62171652
vt 0.61062533 0.62171652
vt 0.60645323 0.62171652
vt 0.60890547 0.61774849
vt 0.60645323 0.62171652
vt 0.60228091 0.62171652
vt 0.60400077 0.61774849
vt 0.60890547 0.61774849
vt 0.60400077 0.61774849
vt 0.60645323 0.61496566
vt 0.60645323 0.62171652
vt 0.60400077 0.61774849
vt 0.60890547 0.61774849
vt 0.61062533 0.62171652
vt 0.60890547 0.61774849
vt 0.61287349 0.61926405
vt 0.60890547 0.61920405
vt 0.60645323 0.62080855
vt 0.61042126 0.62203600
vt 0.61926405 0.62095436
vt 0.61529603 0.62203600
vt 0.61754420 0.62378631
vt 0.60890547 0.61774849
vt 0.61042126 0.61529603
vt 0.61287349 0.61926405
vt 0.62171652 0.61896827
vt 0.61926405 0.62095436
vt 0.62416898 0.62095436
vt 0.61926405 0.62095436
vt 0.61754420 0.62378631
vt 0.62171652 0.62378631
vt 0.62416898 0.62095436
vt 0.62171652 0.62378631
vt 0.62588884 0.62378631
vt 0.61926405 0.62095436
vt 0.62171652 0.62378631
vt 0.62416898 0.62095436
vt 0.60645323 0.62080855
vt 0.61042126 0.62203600
vt 0.60645323 0.62378631
vt 0.61042126 0.62203600
vt 0.61320409 0.62378631
vt 0.61042126 0.62553661
vt 0.60645323 0.62378631
vt 0.61042126 0.62553661
vt 0.60645323 0.62676406
vt 0.61042126 0.62203600
vt 0.61042126 0.62553661
vt 0.60645323 0.62378631
vt 0.60228091 0.62171652
vt 0.60400077 0.62568454
vt 0.60003274 0.62416898
vt 0.60400077 0.61920405
vt 0.60645323 0.62080855
vt 0.60248521 0.62203600
vt 0.62416898 0.62095436
vt 0.62813701 0.62203600
vt 0.62588884 0.62378631
vt 0.60400077 0.61920405
vt 0.60248521 0.62203600
vt 0.60003274 0.62095436
vt 0.60645323 0.62080855
vt 0.60400077 0.61920405
vt 0.60248521 0.62203600
vt 0.60400077 0.61774849
vt 0.60228091 0.62171652
vt 0.60003274 0.61926405
vt 0.61529603 0.62203600
vt 0.61926405 0.62095436
vt 0.61754420 0.62378631
vt 0.61774849 0.61920405
vt 0.61926405 0.62095436
vt 0.61529603 0.62203600
vt 0.61320409 0.62378631
vt 0.61042126 0.62203600
vt 0.61042126 0.62553661
vt 0.61042126 0.62203600
vt 0.60645323 0.62080855
vt 0.60645323 0.62378631
vt 0.61042126 0.62553661
vt 0.60645323 0.62378631
vt 0.60645323 0.62676406
vt 0.61042126 0.62203600
vt 0.60645323 0.62378631
vt 0.61042126 0.62553661
vt 0.62588884 0.62378631
vt 0.62171652 0.62378631
vt 0.62416898 0.62661826
vt 0.62171652 0.62378631
vt 0.61754420 0.62378631
vt 0.61926405 0.62661826
vt 0.62416898 0.62661826
vt 0.61926405 0.62661826
vt 0.62171652 0.62860434
vt 0.62171652 0.62378631
vt 0.61926405 0.62661826
vt 0.62416898 0.62661826
vt 0.43907927 0.58160162
vt 0.43683110 0.58405408
vt 0.44079912 0.58556964
vt 0.33405408 0.53599585
vt 0.33577394 0.53316390
vt 0.33802210 0.53491421
vt 0.44079912 0.53774616
vt 0.43928356 0.53491421
vt 0.44325159 0.53614166
vt 0.43683110 0.53599585
vt 0.43928356 0.53491421
vt 0.44079912 0.53774616
vt 0.43907927 0.58160162
vt 0.44079912 0.58556964
vt 0.44325159 0.58160162
vt 0.44079912 0.58556964
vt 0.44325159 0.58835247
vt 0.44570383 0.58556964
vt 0.44325159 0.58160162
vt 0.44570383 0.58556964
vt 0.44742368 0.58160162
vt 0.44079912 0.58556964
vt 0.44570383 0.58556964
vt 0.44325159 0.58160162
vt 0.43907927 0.58160162
vt 0.44325159 0.58160162
vt 0.44079912 0.57763359
vt 0.44325159 0.58160162
vt 0.44742368 0.58160162
vt 0.44570383 0.57763359
vt 0.44079912 0.57763359
vt 0.44570383 0.57763359
vt 0.44325159 0.57485076
vt 0.44325159 0.58160162
vt 0.44570383 0.57763359
vt 0.44079912 0.57763359
vt 0.43907927 0.58160162
vt 0.44079912 0.57763359
vt 0.43683110 0.57914915
vt 0.44079912 0.53774616
vt 0.44325159 0.53614166
vt 0.43928356 0.53491421
vt 0.32914915 0.53599585
vt 0.32518113 0.53491421
vt 0.32742930 0.53316390
vt 0.44079912 0.53774616
vt 0.43928356 0.53491421
vt 0.43683110 0.53599585
vt 0.33160162 0.53798194
vt 0.32914915 0.53599585
vt 0.33405408 0.53599585
vt 0.32914915 0.53599585
vt 0.32742930 0.53316390
vt 0.33160162 0.53316390
vt 0.33405408 0.53599585
vt 0.33160162 0.53316390
vt 0.33577394 0.53316390
vt 0.32914915 0.53599585
vt 0.33160162 0.53316390
vt 0.33405408 0.53599585
vt 0.44742368 0.58160162
vt 0.44570383 0.58556964
vt 0.44967185 0.58405408
vt 0.44570383 0.53774616
vt 0.44325159 0.53614166
vt 0.44721961 0.53491421
vt 0.33405408 0.53599585
vt 0.33802210 0.53491421
vt 0.33577394 0.53316390
vt 0.44570383 0.58556964
vt 0.44721961 0.58802210
vt 0.44967185 0.58405408
vt 0.44325159 0.53614166
vt 0.43928356 0.53491421
vt 0.44325159 0.53316390
vt 0.43928356 0.53491421
vt 0.43650073 0.53316390
vt 0.43928356 0.53141359
vt 0.44325159 0.53316390
vt 0.43928356 0.53141359
vt 0.44325159 0.53018615
vt 0.43928356 0.53491421
vt 0.43928356 0.53141359
vt 0.44325159 0.53316390
vt 0.33577394 0.53316390
vt 0.33160162 0.53316390
vt 0.33405408 0.53033195
vt 0.33160162 0.53316390
vt 0.32742930 0.53316390
vt 0.32914915 0.53033195
vt 0.33405408 0.53033195
vt 0.32914915 0.53033195
vt 0.33160162 0.52834586
vt 0.33160162 0.53316390
vt 0.32914915 0.53033195
vt 0.33405408 0.53033195
vt 0.43650073 0.53316390
vt 0.43928356 0.53491421
vt 0.43928356 0.53141359
vt 0.43928356 0.53491421
vt 0.44325159 0.53614166
vt 0.44325159 0.53316390
vt 0.43928356 0.53141359
vt 0.44325159 0.53316390
vt 0.44325159 0.53018615
vt 0.43928356 0.53491421
vt 0.44325159 0.53316390
vt 0.43928356 0.53141359
vt 0.44325159 0.53614166
vt 0.44570383 0.53774616
vt 0.44721961 0.53491421
vt 0.44570383 0.57763359
vt 0.44742368 0.58160162
vt 0.44967185 0.57914915
vt 0.32518113 0.53491421
vt 0.32914915 0.53599585
vt 0.32742930 0.53316390
vt 0.44570383 0.57763359
vt 0.44967185 0.57914915
vt 0.44721961 0.57518113
vt 0.44742368 0.58160162
vt 0.44967185 0.58405408
vt 0.44570383 0.58556964
vt 0.33405408 0.53033195
vt 0.33577394 0.53316390
vt 0.33802210 0.53141359
vt 0.44570383 0.52858164
vt 0.44721961 0.53141359
vt 0.44325159 0.53018615
vt 0.44967185 0.58405408
vt 0.44721961 0.58802210
vt 0.44570383 0.58556964
vt 0.44742368 0.58160162
vt 0.44570383 0.58556964
vt 0.44325159 0.58160162
vt 0.44570383 0.58556964
vt 0.44325159 0.58835247
vt 0.44079912 0.58556964
vt 0.44325159 0.58160162
vt 0.44079912 0.58556964
vt 0.43907927 0.58160162
vt 0.44570383 0.58556964
vt 0.44079912 0.58556964
vt 0.44325159 0.58160162
vt 0.44742368 0.58160162
vt 0.44325159 0.58160162
vt 0.44570383 0.57763359
vt 0.44325159 0.58160162
vt 0.43907927 0.58160162
vt 0.44079912 0.57763359
vt 0.44570383 0.57763359
vt 0.44079912 0.57763359
vt 0.44325159 0.57485076
vt 0.44325159 0.58160162
vt 0.44079912 0.57763359
vt 0.44570383 0.57763359
vt 0.44742368 0.58160162
vt 0.44570383 0.57763359
vt 0.44967185 0.57914915
vt 0.44570383 0.52858164
vt 0.44325159 0.53018615
vt 0.44721961 0.53141359
vt 0.32914915 0.53033195
vt 0.32518113 0.53141359
vt 0.32742930 0.53316390
vt 0.44570383 0.57763359
vt 0.44721961 0.57518113
vt 0.44967185 0.57914915
vt 0.33160162 0.52834586
vt 0.32914915 0.53033195
vt 0.33405408 0.53033195
vt 0.32914915 0.53033195
vt 0.32742930 0.53316390
vt 0.33160162 0.53316390
vt 0.33405408 0.53033195
vt 0.33160162 0.53316390
vt 0.33577394 0.53316390
vt 0.32914915 0.53033195
vt 0.33160162 0.53316390
vt 0.33405408 0.53033195
vt 0.44325159 0.53018615
vt 0.44721961 0.53141359
vt 0.44325159 0.53316390
vt 0.44721961 0.53141359
vt 0.45000222 0.53316390
vt 0.44721961 0.53491421
vt 0.44325159 0.53316390
vt 0.44721961 0.53491421
vt 0.44325159 0.53614166
vt 0.44721961 0.53141359
vt 0.44721961 0.53491421
vt 0.44325159 0.53316390
vt 0.43907927 0.58160162
vt 0.44079912 0.58556964
vt 0.43683110 0.58405408
vt 0.44079912 0.52858164
vt 0.44325159 0.53018615
vt 0.43928356 0.53141359
vt 0.33405408 0.53033195
vt 0.33802210 0.53141359
vt 0.33577394 0.53316390
vt 0.33556964 0.52858164
vt 0.33802210 0.53141359
vt 0.33405408 0.53033195
vt 0.44325159 0.53018615
vt 0.44079912 0.52858164
vt 0.43928356 0.53141359
vt 0.44079912 0.57763359
vt 0.43907927 0.58160162
vt 0.43683110 0.57914915
vt 0.32518113 0.53141359
vt 0.32914915 0.53033195
vt 0.32742930 0.53316390
vt 0.32763359 0.52858164
vt 0.32914915 0.53033195
vt 0.32518113 0.53141359
vt 0.45000222 0.53316390
vt 0.44721961 0.53141359
vt 0.44721961 0.53491421
vt 0.44721961 0.53141359
vt 0.44325159 0.53018615
vt 0.44325159 0.53316390
vt 0.44721961 0.53491421
vt 0.44325159 0.53316390
vt 0.44325159 0.53614166
vt 0.44721961 0.53141359
vt 0.44325159 0.53316390
vt 0.44721961 0.53491421
vt 0.33577394 0.53316390
vt 0.33160162 0.53316390
vt 0.33405408 0.53599585
vt 0.33160162 0.53316390
vt 0.32742930 0.53316390
vt 0.32914915 0.53599585
vt 0.33405408 0.53599585
vt 0.32914915 0.53599585
vt 0.33160162 0.53798194
vt 0.33160162 0.53316390
vt 0.32914915 0.53599585
vt 0.33405408 0.53599585
vt 0.10384363 0.43812445
vt 0.10159547 0.44057669
vt 0.10556349 0.44209247
vt 0.19057669 0.30865145
vt 0.19229654 0.30581950
vt 0.19454471 0.30756981
vt 0.10556349 0.31040176
vt 0.10404793 0.30756981
vt 0.10801595 0.30879726
vt 0.19057669 0.30865145
vt 0.19454471 0.30756981
vt 0.19209247 0.31040176
vt 0.10384363 0.43812445
vt 0.10556349 0.44209247
vt 0.10801595 0.43812445
vt 0.10556349 0.44209247
vt 0.10801595 0.44487530
vt 0.11046819 0.44209247
vt 0.10801595 0.43812445
vt 0.11046819 0.44209247
vt 0.11218805 0.43812445
vt 0.10556349 0.44209247
vt 0.11046819 0.44209247
vt 0.10801595 0.43812445
vt 0.10384363 0.43812445
vt 0.10801595 0.43812445
vt 0.10556349 0.43415642
vt 0.10801595 0.43812445
vt 0.11218805 0.43812445
vt 0.11046819 0.43415642
vt 0.10556349 0.43415642
vt 0.11046819 0.43415642
vt 0.10801595 0.43137359
vt 0.10801595 0.43812445
vt 0.11046819 0.43415642
vt 0.10556349 0.43415642
vt 0.10384363 0.43812445
vt 0.10556349 0.43415642
vt 0.10159547 0.43567198
vt 0.10556349 0.31040176
vt 0.10801595 0.30879726
vt 0.10404793 0.30756981
vt 0.18567198 0.30865145
vt 0.18170396 0.30756981
vt 0.18395213 0.30581950
vt 0.10556349 0.31040176
vt 0.10404793 0.30756981
vt 0.10159547 0.30865145
vt 0.18812445 0.31063754
vt 0.18567198 0.30865145
vt 0.19057669 0.30865145
vt 0.18567198 0.30865145
vt 0.18395213 0.30581950
vt 0.18812445 0.30581950
vt 0.19057669 0.30865145
vt 0.18812445 0.30581950
vt 0.19229654 0.30581950
vt 0.18567198 0.30865145
vt 0.18812445 0.30581950
vt 0.19057669 0.30865145
vt 0.11218805 0.43812445
vt 0.11046819 0.44209247
vt 0.11443622 0.44057669
vt 0.11046819 0.31040176
vt 0.10801595 0.30879726
vt 0.11198398 0.30756981
vt 0.19057669 0.30865145
vt 0.19454471 0.30756981
vt 0.19229654 0.30581950
vt 0.19209247 0.31040176
vt 0.19454471 0.30756981
vt 0.19057669 0.30865145
vt 0.10801595 0.30879726
vt 0.10404793 0.30756981
vt 0.10801595 0.30581950
vt 0.10404793 0.30756981
vt 0.10126510 0.30581950
vt 0.10404793 0.30406920
vt 0.10801595 0.30581950
vt 0.10404793 0.30406920
vt 0.10801595 0.30284175
vt 0.10404793 0.30756981
vt 0.10404793 0.30406920
vt 0.10801595 0.30581950
vt 0.19229654 0.30581950
vt 0.18812445 0.30581950
vt 0.19057669 0.30298755
vt 0.18812445 0.30581950
vt 0.18395213 0.30581950
vt 0.18567198 0.30298755
vt 0.19057669 0.30298755
vt 0.18567198 0.30298755
vt 0.18812445 0.30100146
vt 0.18812445 0.30581950
vt 0.18567198 0.30298755
vt 0.19057669 0.30298755
vt 0.10126510 0.30581950
vt 0.10404793 0.30756981
vt 0.10404793 0.30406920
vt 0.10404793 0.30756981
vt 0.10801595 0.30879726
vt 0.10801595 0.30581950
vt 0.10404793 0.30406920
vt 0.10801595 0.30581950
vt 0.10801595 0.30284175
vt 0.10404793 0.30756981
vt 0.10801595 0.30581950
vt 0.10404793 0.30406920
vt 0.10801595 0.30879726
vt 0.11046819 0.31040176
vt 0.11198398 0.30756981
vt 0.11046819 0.43415642
vt 0.11218805 0.43812445
vt 0.11443622 0.43567198
vt 0.18170396 0.30756981
vt 0.18567198 0.30865145
vt 0.18395213 0.30581950
vt 0.11046819 0.43415642
vt 0.11443622 0.43567198
vt 0.11198398 0.43170396
vt 0.11218805 0.43812445
vt 0.11443622 0.44057669
vt 0.11046819 0.44209247
vt 0.19057669 0.30298755
vt 0.19229654 0.30581950
vt 0.19454471 0.30406920
vt 0.11046819 0.30123724
vt 0.11198398 0.30406920
vt 0.10801595 0.30284175
vt 0.19057669 0.30298755
vt 0.19454471 0.30406920
vt 0.19209247 0.30123724
vt 0.11218805 0.43812445
vt 0.11046819 0.44209247
vt 0.10801595 0.43812445
vt 0.11046819 0.44209247
vt 0.10801595 0.44487530
vt 0.10556349 0.44209247
vt 0.10801595 0.43812445
vt 0.10556349 0.44209247
vt 0.10384363 0.43812445
vt 0.11046819 0.44209247
vt 0.10556349 0.44209247
vt 0.10801595 0.43812445
vt 0.11218805 0.43812445
vt 0.10801595 0.43812445
vt 0.11046819 0.43415642
vt 0.10801595 0.43812445
vt 0.10384363 0.43812445
vt 0.10556349 0.43415642
vt 0.11046819 0.43415642
vt 0.10556349 0.43415642
vt 0.10801595 0.43137359
vt 0.10801595 0.43812445
vt 0.10556349 0.43415642
vt 0.11046819 0.43415642
vt 0.11218805 0.43812445
vt 0.11046819 0.43415642
vt 0.11443622 0.43567198
vt 0.11046819 0.30123724
vt 0.10801595 0.30284175
vt 0.11198398 0.30406920
vt 0.18567198 0.30298755
vt 0.18170396 0.30406920
vt 0.18395213 0.30581950
vt 0.11046819 0.43415642
vt 0.11198398 0.43170396
vt 0.11443622 0.43567198
vt 0.18812445 0.30100146
vt 0.18567198 0.30298755
vt 0.19057669 0.30298755
vt 0.18567198 0.30298755
vt 0.18395213 0.30581950
vt 0.18812445 0.30581950
vt 0.19057669 0.30298755
vt 0.18812445 0.30581950
vt 0.19229654 0.30581950
vt 0.18567198 0.30298755
vt 0.18812445 0.30581950
vt 0.19057669 0.30298755
vt 0.10801595 0.30284175
vt 0.11198398 0.30406920
vt 0.10801595 0.30581950
vt 0.11198398 0.30406920
vt 0.11476681 0.30581950
vt 0.11198398 0.30756981
vt 0.10801595 0.30581950
vt 0.11198398 0.30756981
vt 0.10801595 0.30879726
vt 0.11198398 0.30406920
vt 0.11198398 0.30756981
vt 0.10801595 0.30581950
vt 0.10384363 0.43812445
vt 0.10556349 0.44209247
vt 0.10159547 0.44057669
vt 0.10556349 0.30123724
vt 0.10801595 0.30284175
vt 0.10404793 0.30406920
vt 0.19057669 0.30298755
vt 0.19454471 0.30406920
vt 0.19229654 0.30581950
vt 0.19209247 0.30123724
vt 0.19454471 0.30406920
vt 0.19057669 0.30298755
vt 0.10801595 0.30284175
vt 0.10556349 0.30123724
vt 0.10404793 0.30406920
vt 0.10556349 0.43415642
vt 0.10384363 0.43812445
vt 0.10159547 0.43567198
vt 0.18170396 0.30406920
vt 0.18567198 0.30298755
vt 0.18395213 0.30581950
vt 0.10556349 0.43415642
vt 0.10159547 0.43567198
vt 0.10404793 0.43170396
vt 0.11476681 0.30581950
vt 0.11198398 0.30406920
vt 0.11198398 0.30756981
vt 0.11198398 0.30406920
vt 0.10801595 0.30284175
vt 0.10801595 0.30581950
vt 0.11198398 0.30756981
vt 0.10801595 0.30581950
vt 0.10801595 0.30879726
vt 0.11198398 0.30406920
vt 0.10801595 0.30581950
vt 0.11198398 0.30756981
vt 0.19229654 0.30581950
vt 0.18812445 0.30581950
vt 0.19057669 0.30865145
vt 0.18812445 0.30581950
vt 0.18395213 0.30581950
vt 0.18567198 0.30865145
vt 0.19057669 0.30865145
vt 0.18567198 0.30865145
vt 0.18812445 0.31063754
vt 0.18812445 0.30581950
vt 0.18567198 0.30865145
vt 0.19057669 0.30865145
vt 0.84785917 0.58074770
vt 0.84561101 0.58320016
vt 0.84957903 0.58471572
vt 0.83320016 0.58130705
vt 0.83492002 0.57847510
vt 0.83716819 0.58022541
vt 0.84957903 0.58305736
vt 0.84806347 0.58022541
vt 0.85203149 0.58145286
vt 0.84561101 0.58130705
vt 0.84806347 0.58022541
vt 0.84957903 0.58305736
vt 0.84785917 0.58074770
vt 0.84957903 0.58471572
vt 0.85203149 0.58074770
vt 0.84957903 0.58471572
vt 0.85203149 0.58749855
vt 0.85448396 0.58471572
vt 0.85203149 0.58074770
vt 0.85448396 0.58471572
vt 0.85620381 0.58074770
vt 0.84957903 0.58471572
vt 0.85448396 0.58471572
vt 0.85203149 0.58074770
vt 0.84785917 0.58074770
vt 0.85203149 0.58074770
vt 0.84957903 0.57677967
vt 0.85203149 0.58074770
vt 0.85620381 0.58074770
vt 0.85448396 0.57677967
vt 0.84957903 0.57677967
vt 0.85448396 0.57677967
vt 0.85203149 0.57399684
vt 0.85203149 0.58074770
vt 0.85448396 0.57677967
vt 0.84957903 0.57677967
vt 0.84785917 0.58074770
vt 0.84957903 0.57677967
vt 0.84561101 0.57829546
vt 0.84957903 0.58305736
vt 0.85203149 0.58145286
vt 0.84806347 0.58022541
vt 0.82829546 0.58130705
vt 0.82432744 0.58022541
vt 0.82657560 0.57847510
vt 0.82677967 0.58305736
vt 0.82432744 0.58022541
vt 0.82829546 0.58130705
vt 0.83074770 0.58329314
vt 0.82829546 0.58130705
vt 0.83320016 0.58130705
vt 0.82829546 0.58130705
vt 0.82657560 0.57847510
vt 0.83074770 0.57847510
vt 0.83320016 0.58130705
vt 0.83074770 0.57847510
vt 0.83492002 0.57847510
vt 0.82829546 0.58130705
vt 0.83074770 0.57847510
vt 0.83320016 0.58130705
vt 0.85620381 0.58074770
vt 0.85448396 0.58471572
vt 0.85845198 0.58320016
vt 0.85448396 0.58305736
vt 0.85203149 0.58145286
vt 0.85599952 0.58022541
vt 0.83320016 0.58130705
vt 0.83716819 0.58022541
vt 0.83492002 0.57847510
vt 0.83471572 0.58305736
vt 0.83716819 0.58022541
vt 0.83320016 0.58130705
vt 0.85203149 0.58145286
vt 0.84806347 0.58022541
vt 0.85203149 0.57847510
vt 0.84806347 0.58022541
vt 0.84528064 0.57847510
vt 0.84806347 0.57672480
vt 0.85203149 0.57847510
vt 0.84806347 0.57672480
vt 0.85203149 0.57549735
vt 0.84806347 0.58022541
vt 0.84806347 0.57672480
vt 0.85203149 0.57847510
vt 0.83492002 0.57847510
vt 0.83074770 0.57847510
vt 0.83320016 0.57564315
vt 0.83074770 0.57847510
vt 0.82657560 0.57847510
vt 0.82829546 0.57564315
vt 0.83320016 0.57564315
vt 0.82829546 0.57564315
vt 0.83074770 0.57365707
vt 0.83074770 0.57847510
vt 0.82829546 0.57564315
vt 0.83320016 0.57564315
vt 0.84528064 0.57847510
vt 0.84806347 0.58022541
vt 0.84806347 0.57672480
vt 0.84806347 0.58022541
vt 0.85203149 0.58145286
vt 0.85203149 0.57847510
vt 0.84806347 0.57672480
vt 0.85203149 0.57847510
vt 0.85203149 0.57549735
vt 0.84806347 0.58022541
vt 0.85203149 0.57847510
vt 0.84806347 0.57672480
vt 0.85203149 0.58145286
vt 0.85448396 0.58305736
vt 0.85599952 0.58022541
vt 0.85448396 0.57677967
vt 0.85620381 0.58074770
vt 0.85845198 0.57829546
vt 0.82432744 0.58022541
vt 0.82829546 0.58130705
vt 0.82657560 0.57847510
vt 0.82677967 0.58305736
vt 0.82829546 0.58130705
vt 0.82432744 0.58022541
vt 0.85620381 0.58074770
vt 0.85845198 0.58320016
vt 0.85448396 0.58471572
vt 0.83320016 0.57564315
vt 0.83492002 0.57847510
vt 0.83716819 0.57672480
vt 0.85448396 0.57389285
vt 0.85599952 0.57672480
vt 0.85203149 0.57549735
vt 0.83320016 0.57564315
vt 0.83716819 0.57672480
vt 0.83471572 0.57389285
vt 0.85620381 0.58074770
vt 0.85448396 0.58471572
vt 0.85203149 0.58074770
vt 0.85448396 0.58471572
vt 0.85203149 0.58749855
vt 0.84957903 0.58471572
vt 0.85203149 0.58074770
vt 0.84957903 0.58471572
vt 0.84785917 0.58074770
vt 0.85448396 0.58471572
vt 0.84957903 0.58471572
vt 0.85203149 0.58074770
vt 0.85620381 0.58074770
vt 0.85203149 0.58074770
vt 0.85448396 0.57677967
vt 0.85203149 0.58074770
vt 0.84785917 0.58074770
vt 0.84957903 0.57677967
vt 0.85448396 0.57677967
vt 0.84957903 0.57677967
vt 0.85203149 0.57399684
vt 0.85203149 0.58074770
vt 0.84957903 0.57677967
vt 0.85448396 0.57677967
vt 0.85620381 0.58074770
vt 0.85448396 0.57677967
vt 0.85845198 0.57829546
vt 0.85448396 0.57389285
vt 0.85203149 0.57549735
vt 0.85599952 0.57672480
vt 0.82829546 0.57564315
vt 0.82432744 0.57672480
vt 0.82657560 0.57847510
vt 0.82677967 0.57389285
vt 0.82432744 0.57672480
vt 0.82829546 0.57564315
vt 0.83074770 0.57365707
vt 0.82829546 0.57564315
vt 0.83320016 0.57564315
vt 0.82829546 0.57564315
vt 0.82657560 0.57847510
vt 0.83074770 0.57847510
vt 0.83320016 0.57564315
vt 0.83074770 0.57847510
vt 0.83492002 0.57847510
vt 0.82829546 0.57564315
vt 0.83074770 0.57847510
vt 0.83320016 0.57564315
vt 0.85203149 0.57549735
vt 0.85599952 0.57672480
vt 0.85203149 0.57847510
vt 0.85599952 0.57672480
vt 0.85878235 0.57847510
vt 0.85599952 0.58022541
vt 0.85203149 0.57847510
vt 0.85599952 0.58022541
vt 0.85203149 0.58145286
vt 0.85599952 0.57672480
vt 0.85599952 0.58022541
vt 0.85203149 0.57847510
vt 0.84785917 0.58074770
vt 0.84957903 0.58471572
vt 0.84561101 0.58320016
vt 0.84957903 0.57389285
vt 0.85203149 0.57549735
vt 0.84806347 0.57672480
vt 0.83320016 0.57564315
vt 0.83716819 0.57672480
vt 0.83492002 0.57847510
vt 0.84957903 0.57389285
vt 0.84806347 0.57672480
vt 0.84561101 0.57564315
vt 0.85203149 0.57549735
vt 0.84957903 0.57389285
vt 0.84806347 0.57672480
vt 0.84957903 0.57677967
vt 0.84785917 0.58074770
vt 0.84561101 0.57829546
vt 0.82432744 0.57672480
vt 0.82829546 0.57564315
vt 0.82657560 0.57847510
vt 0.82677967 0.57389285
vt 0.82829546 0.57564315
vt 0.82432744 0.57672480
vt 0.85878235 0.57847510
vt 0.85599952 0.57672480
vt 0.85599952 0.58022541
vt 0.85599952 0.57672480
vt 0.85203149 0.57549735
vt 0.85203149 0.57847510
vt 0.85599952 0.58022541
vt 0.85203149 0.57847510
vt 0.85203149 0.58145286
vt 0.85599952 0.57672480
vt 0.85203149 0.57847510
vt 0.85599952 0.58022541
vt 0.83492002 0.57847510
vt 0.83074770 0.57847510
vt 0.83320016 0.58130705
vt 0.83074770 0.57847510
vt 0.82657560 0.57847510
vt 0.82829546 0.58130705
vt 0.83320016 0.58130705
vt 0.82829546 0.58130705
vt 0.83074770 0.58329314
vt 0.83074770 0.57847510
vt 0.82829546 0.58130705
vt 0.83320016 0.58130705
vt 0.65308680 0.63679160
vt 0.65083863 0.63924407
vt 0.65480666 0.64075963
vt 0.63924407 0.60396266
vt 0.64096392 0.60113071
vt 0.64321209 0.60288101
vt 0.65480666 0.60571296
vt 0.65329110 0.60288101
vt 0.65725912 0.60410846
vt 0.65083863 0.63924407
vt 0.65329110 0.64321209
vt 0.65480666 0.64075963
vt 0.65308680 0.63679160
vt 0.65480666 0.64075963
vt 0.65725912 0.63679160
vt 0.65480666 0.64075963
vt 0.65725912 0.64354246
vt 0.65971136 0.64075963
vt 0.65725912 0.63679160
vt 0.65971136 0.64075963
vt 0.66143122 0.63679160
vt 0.65480666 0.64075963
vt 0.65971136 0.64075963
vt 0.65725912 0.63679160
vt 0.65308680 0.63679160
vt 0.65725912 0.63679160
vt 0.65480666 0.63282358
vt 0.65725912 0.63679160
vt 0.66143122 0.63679160
vt 0.65971136 0.63282358
vt 0.65480666 0.63282358
vt 0.65971136 0.63282358
vt 0.65725912 0.63004098
vt 0.65725912 0.63679160
vt 0.65971136 0.63282358
vt 0.65480666 0.63282358
vt 0.65308680 0.63679160
vt 0.65480666 0.63282358
vt 0.65083863 0.63433937
vt 0.65480666 0.60571296
vt 0.65725912 0.60410846
vt 0.65329110 0.60288101
vt 0.63433937 0.60396266
vt 0.63037134 0.60288101
vt 0.63261951 0.60113071
vt 0.63282358 0.60571296
vt 0.63037134 0.60288101
vt 0.63433937 0.60396266
vt 0.63679160 0.60594874
vt 0.63433937 0.60396266
vt 0.63924407 0.60396266
vt 0.63433937 0.60396266
vt 0.63261951 0.60113071
vt 0.63679160 0.60113071
vt 0.63924407 0.60396266
vt 0.63679160 0.60113071
vt 0.64096392 0.60113071
vt 0.63433937 0.60396266
vt 0.63679160 0.60113071
vt 0.63924407 0.60396266
vt 0.66143122 0.63679160
vt 0.65971136 0.64075963
vt 0.66367938 0.63924407
vt 0.65971136 0.60571296
vt 0.65725912 0.60410846
vt 0.66122715 0.60288101
vt 0.63924407 0.60396266
vt 0.64321209 0.60288101
vt 0.64096392 0.60113071
vt 0.65971136 0.64075963
vt 0.66122715 0.64321209
vt 0.66367938 0.63924407
vt 0.65725912 0.60410846
vt 0.65329110 0.60288101
vt 0.65725912 0.60113071
vt 0.65329110 0.60288101
vt 0.65050827 0.60113071
vt 0.65329110 0.59938040
vt 0.65725912 0.60113071
vt 0.65329110 0.59938040
vt 0.65725912 0.59815295
vt 0.65329110 0.60288101
vt 0.65329110 0.59938040
vt 0.65725912 0.60113071
vt 0.64096392 0.60113071
vt 0.63679160 0.60113071
vt 0.63924407 0.59829876
vt 0.63679160 0.60113071
vt 0.63261951 0.60113071
vt 0.63433937 0.59829876
vt 0.63924407 0.59829876
vt 0.63433937 0.59829876
vt 0.63679160 0.59631267
vt 0.63679160 0.60113071
vt 0.63433937 0.59829876
vt 0.63924407 0.59829876
vt 0.65050827 0.60113071
vt 0.65329110 0.60288101
vt 0.65329110 0.59938040
vt 0.65329110 0.60288101
vt 0.65725912 0.60410846
vt 0.65725912 0.60113071
vt 0.65329110 0.59938040
vt 0.65725912 0.60113071
vt 0.65725912 0.59815295
vt 0.65329110 0.60288101
vt 0.65725912 0.60113071
vt 0.65329110 0.59938040
vt 0.65725912 0.60410846
vt 0.65971136 0.60571296
vt 0.66122715 0.60288101
vt 0.65971136 0.63282358
vt 0.66143122 0.63679160
vt 0.66367938 0.63433937
vt 0.63037134 0.60288101
vt 0.63433937 0.60396266
vt 0.63261951 0.60113071
vt 0.63282358 0.60571296
vt 0.63433937 0.60396266
vt 0.63037134 0.60288101
vt 0.66143122 0.63679160
vt 0.66367938 0.63924407
vt 0.65971136 0.64075963
vt 0.63924407 0.59829876
vt 0.64096392 0.60113071
vt 0.64321209 0.59938040
vt 0.65971136 0.59654845
vt 0.66122715 0.59938040
vt 0.65725912 0.59815295
vt 0.66367938 0.63924407
vt 0.66122715 0.64321209
vt 0.65971136 0.64075963
vt 0.66143122 0.63679160
vt 0.65971136 0.64075963
vt 0.65725912 0.63679160
vt 0.65971136 0.64075963
vt 0.65725912 0.64354246
vt 0.65480666 0.64075963
vt 0.65725912 0.63679160
vt 0.65480666 0.64075963
vt 0.65308680 0.63679160
vt 0.65971136 0.64075963
vt 0.65480666 0.64075963
vt 0.65725912 0.63679160
vt 0.66143122 0.63679160
vt 0.65725912 0.63679160
vt 0.65971136 0.63282358
vt 0.65725912 0.63679160
vt 0.65308680 0.63679160
vt 0.65480666 0.63282358
vt 0.65971136 0.63282358
vt 0.65480666 0.63282358
vt 0.65725912 0.63004098
vt 0.65725912 0.63679160
vt 0.65480666 0.63282358
vt 0.65971136 0.63282358
vt 0.66143122 0.63679160
vt 0.65971136 0.63282358
vt 0.66367938 0.63433937
vt 0.65971136 0.59654845
vt 0.65725912 0.59815295
vt 0.66122715 0.59938040
vt 0.63433937 0.59829876
vt 0.63037134 0.59938040
vt 0.63261951 0.60113071
vt 0.63282358 0.59654845
vt 0.63037134 0.59938040
vt 0.63433937 0.59829876
vt 0.63679160 0.59631267
vt 0.63433937 0.59829876
vt 0.63924407 0.59829876
vt 0.63433937 0.59829876
vt 0.63261951 0.60113071
vt 0.63679160 0.60113071
vt 0.63924407 0.59829876
vt 0.63679160 0.60113071
vt 0.64096392 0.60113071
vt 0.63433937 0.59829876
vt 0.63679160 0.60113071
vt 0.63924407 0.59829876
vt 0.65725912 0.59815295
vt 0.66122715 0.59938040
vt 0.65725912 0.60113071
vt 0.66122715 0.59938040
vt 0.66400975 0.60113071
vt 0.66122715 0.60288101
vt 0.65725912 0.60113071
vt 0.66122715 0.60288101
vt 0.65725912 0.60410846
vt 0.66122715 0.59938040
vt 0.66122715 0.60288101
vt 0.65725912 0.60113071
vt 0.65308680 0.63679160
vt 0.65480666 0.64075963
vt 0.65083863 0.63924407
vt 0.65480666 0.59654845
vt 0.65725912 0.59815295
vt 0.65329110 0.59938040
vt 0.63924407 0.59829876
vt 0.64321209 0.59938040
vt 0.64096392 0.60113071
vt 0.65480666 0.64075963
vt 0.65329110 0.64321209
vt 0.65083863 0.63924407
vt 0.65725912 0.59815295
vt 0.65480666 0.59654845
vt 0.65329110 0.59938040
vt 0.65480666 0.63282358
vt 0.65308680 0.63679160
vt 0.65083863 0.63433937
vt 0.63037134 0.59938040
vt 0.63433937 0.59829876
vt 0.63261951 0.60113071
vt 0.63282358 0.59654845
vt 0.63433937 0.59829876
vt 0.63037134 0.59938040
vt 0.66400975 0.60113071
vt 0.66122715 0.59938040
vt 0.66122715 0.60288101
vt 0.66122715 0.59938040
vt 0.65725912 0.59815295
vt 0.65725912 0.60113071
vt 0.66122715 0.60288101
vt 0.65725912 0.60113071
vt 0.65725912 0.60410846
vt 0.66122715 0.59938040
vt 0.65725912 0.60113071
vt 0.66122715 0.60288101
vt 0.64096392 0.60113071
vt 0.63679160 0.60113071
vt 0.63924407 0.60396266
vt 0.63679160 0.60113071
vt 0.63261951 0.60113071
vt 0.63433937 0.60396266
vt 0.63924407 0.60396266
vt 0.63433937 0.60396266
vt 0.63679160 0.60594874
vt 0.63679160 0.60113071
vt 0.63433937 0.60396266
vt 0.63924407 0.60396266
vt 0.35341509 0.63218099
vt 0.35116692 0.63463323
vt 0.35513494 0.63614901
vt 0.38463323 0.62661826
vt 0.38635308 0.62378631
vt 0.38860125 0.62553661
vt 0.35513494 0.62836856
vt 0.35361938 0.62553661
vt 0.35758741 0.62676406
vt 0.38463323 0.62661826
vt 0.38860125 0.62553661
vt 0.38614901 0.62836856
vt 0.35341509 0.63218099
vt 0.35513494 0.63614901
vt 0.35758741 0.63218099
vt 0.35513494 0.63614901
vt 0.35758741 0.63893184
vt 0.36003965 0.63614901
vt 0.35758741 0.63218099
vt 0.36003965 0.63614901
vt 0.36175950 0.63218099
vt 0.35513494 0.63614901
vt 0.36003965 0.63614901
vt 0.35758741 0.63218099
vt 0.35341509 0.63218099
vt 0.35758741 0.63218099
vt 0.35513494 0.62821297
vt 0.35758741 0.63218099
vt 0.36175950 0.63218099
vt 0.36003965 0.62821297
vt 0.35513494 0.62821297
vt 0.36003965 0.62821297
vt 0.35758741 0.62543013
vt 0.35758741 0.63218099
vt 0.36003965 0.62821297
vt 0.35513494 0.62821297
vt 0.35341509 0.63218099
vt 0.35513494 0.62821297
vt 0.35116692 0.62972852
vt 0.35513494 0.62836856
vt 0.35758741 0.62676406
vt 0.35361938 0.62553661
vt 0.37972852 0.62661826
vt 0.37576050 0.62553661
vt 0.37800867 0.62378631
vt 0.35513494 0.62821297
vt 0.35361938 0.62576050
vt 0.35116692 0.62972852
vt 0.38218099 0.62860434
vt 0.37972852 0.62661826
vt 0.38463323 0.62661826
vt 0.37972852 0.62661826
vt 0.37800867 0.62378631
vt 0.38218099 0.62378631
vt 0.38463323 0.62661826
vt 0.38218099 0.62378631
vt 0.38635308 0.62378631
vt 0.37972852 0.62661826
vt 0.38218099 0.62378631
vt 0.38463323 0.62661826
vt 0.36175950 0.63218099
vt 0.36003965 0.63614901
vt 0.36400767 0.63463323
vt 0.36003965 0.62836856
vt 0.35758741 0.62676406
vt 0.36155543 0.62553661
vt 0.38463323 0.62661826
vt 0.38860125 0.62553661
vt 0.38635308 0.62378631
vt 0.38614901 0.62836856
vt 0.38860125 0.62553661
vt 0.38463323 0.62661826
vt 0.35758741 0.62676406
vt 0.35361938 0.62553661
vt 0.35758741 0.62378631
vt 0.35361938 0.62553661
vt 0.35083655 0.62378631
vt 0.35361938 0.62203600
vt 0.35758741 0.62378631
vt 0.35361938 0.62203600
vt 0.35758741 0.62080855
vt 0.35361938 0.62553661
vt 0.35361938 0.62203600
vt 0.35758741 0.62378631
vt 0.38635308 0.62378631
vt 0.38218099 0.62378631
vt 0.38463323 0.62095436
vt 0.38218099 0.62378631
vt 0.37800867 0.62378631
vt 0.37972852 0.62095436
vt 0.38463323 0.62095436
vt 0.37972852 0.62095436
vt 0.38218099 0.61896827
vt 0.38218099 0.62378631
vt 0.37972852 0.62095436
vt 0.38463323 0.62095436
vt 0.35083655 0.62378631
vt 0.35361938 0.62553661
vt 0.35361938 0.62203600
vt 0.35361938 0.62553661
vt 0.35758741 0.62676406
vt 0.35758741 0.62378631
vt 0.35361938 0.62203600
vt 0.35758741 0.62378631
vt 0.35758741 0.62080855
vt 0.35361938 0.62553661
vt 0.35758741 0.62378631
vt 0.35361938 0.62203600
vt 0.35758741 0.62676406
vt 0.36003965 0.62836856
vt 0.36155543 0.62553661
vt 0.36003965 0.62821297
vt 0.36175950 0.63218099
vt 0.36400767 0.62972852
vt 0.37576050 0.62553661
vt 0.37972852 0.62661826
vt 0.37800867 0.62378631
vt 0.36003965 0.62821297
vt 0.36400767 0.62972852
vt 0.36155543 0.62576050
vt 0.36175950 0.63218099
vt 0.36400767 0.63463323
vt 0.36003965 0.63614901
vt 0.38463323 0.62095436
vt 0.38635308 0.62378631
vt 0.38860125 0.62203600
vt 0.36003965 0.61920405
vt 0.36155543 0.62203600
vt 0.35758741 0.62080855
vt 0.38463323 0.62095436
vt 0.38860125 0.62203600
vt 0.38614901 0.61920405
vt 0.36175950 0.63218099
vt 0.36003965 0.63614901
vt 0.35758741 0.63218099
vt 0.36003965 0.63614901
vt 0.35758741 0.63893184
vt 0.35513494 0.63614901
vt 0.35758741 0.63218099
vt 0.35513494 0.63614901
vt 0.35341509 0.63218099
vt 0.36003965 0.63614901
vt 0.35513494 0.63614901
vt 0.35758741 0.63218099
vt 0.36175950 0.63218099
vt 0.35758741 0.63218099
vt 0.36003965 0.62821297
vt 0.35758741 0.63218099
vt 0.35341509 0.63218099
vt 0.35513494 0.62821297
vt 0.36003965 0.62821297
vt 0.35513494 0.62821297
vt 0.35758741 0.62543013
vt 0.35758741 0.63218099
vt 0.35513494 0.62821297
vt 0.36003965 0.62821297
vt 0.36175950 0.63218099
vt 0.36003965 0.62821297
vt 0.36400767 0.62972852
vt 0.36003965 0.61920405
vt 0.35758741 0.62080855
vt 0.36155543 0.62203600
vt 0.37972852 0.62095436
vt 0.37576050 0.62203600
vt 0.37800867 0.62378631
vt 0.36003965 0.62821297
vt 0.36155543 0.62576050
vt 0.36400767 0.62972852
vt 0.38218099 0.61896827
vt 0.37972852 0.62095436
vt 0.38463323 0.62095436
vt 0.37972852 0.62095436
vt 0.37800867 0.62378631
vt 0.38218099 0.62378631
vt 0.38463323 0.62095436
vt 0.38218099 0.62378631
vt 0.38635308 0.62378631
vt 0.37972852 0.62095436
vt 0.38218099 0.62378631
vt 0.38463323 0.62095436
vt 0.35758741 0.62080855
vt 0.36155543 0.62203600
vt 0.35758741 0.62378631
vt 0.36155543 0.62203600
vt 0.36433826 0.62378631
vt 0.36155543 0.62553661
vt 0.35758741 0.62378631
vt 0.36155543 0.62553661
vt 0.35758741 0.62676406
vt 0.36155543 0.62203600
vt 0.36155543 0.62553661
vt 0.35758741 0.62378631
vt 0.35341509 0.63218099
vt 0.35513494 0.63614901
vt 0.35116692 0.63463323
vt 0.35513494 0.61920405
vt 0.35758741 0.62080855
vt 0.35361938 0.62203600
vt 0.38463323 0.62095436
vt 0.38860125 0.62203600
vt 0.38635308 0.62378631
vt 0.38614901 0.61920405
vt 0.38860125 0.62203600
vt 0.38463323 0.62095436
vt 0.35758741 0.62080855
vt 0.35513494 0.61920405
vt 0.35361938 0.62203600
vt 0.35513494 0.62821297
vt 0.35341509 0.63218099
vt 0.35116692 0.62972852
vt 0.37576050 0.62203600
vt 0.37972852 0.62095436
vt 0.37800867 0.62378631
vt 0.37821297 0.61920405
vt 0.37972852 0.62095436
vt 0.37576050 0.62203600
vt 0.36433826 0.62378631
vt 0.36155543 0.62203600
vt 0.36155543 0.62553661
vt 0.36155543 0.62203600
vt 0.35758741 0.62080855
vt 0.35758741 0.62378631
vt 0.36155543 0.62553661
vt 0.35758741 0.62378631
vt 0.35758741 0.62676406
vt 0.36155543 0.62203600
vt 0.35758741 0.62378631
vt 0.36155543 0.62553661
vt 0.38635308 0.62378631
vt 0.38218099 0.62378631
vt 0.38463323 0.62661826
vt 0.38218099 0.62378631
vt 0.37800867 0.62378631
vt 0.37972852 0.62661826
vt 0.38463323 0.62661826
vt 0.37972852 0.62661826
vt 0.38218099 0.62860434
vt 0.38218099 0.62378631
vt 0.37972852 0.62661826
vt 0.38463323 0.62661826
vt 0.15513566 0.30175619
vt 0.15288749 0.30420865
vt 0.15685552 0.30572421
vt 0.05420865 0.28599585
vt 0.05592851 0.28316390
vt 0.05817667 0.28491421
vt 0.15685552 0.28774616
vt 0.15533996 0.28491421
vt 0.15930798 0.28614166
vt 0.15288749 0.28599585
vt 0.15533996 0.28491421
vt 0.15685552 0.28774616
vt 0.15513566 0.30175619
vt 0.15685552 0.30572421
vt 0.15930798 0.30175619
vt 0.15685552 0.30572421
vt 0.15930798 0.30850704
vt 0.16176022 0.30572421
vt 0.15930798 0.30175619
vt 0.16176022 0.30572421
vt 0.16348008 0.30175619
vt 0.15685552 0.30572421
vt 0.16176022 0.30572421
vt 0.15930798 0.30175619
vt 0.15513566 0.30175619
vt 0.15930798 0.30175619
vt 0.15685552 0.29778816
vt 0.15930798 0.30175619
vt 0.16348008 0.30175619
vt 0.16176022 0.29778816
vt 0.15685552 0.29778816
vt 0.16176022 0.29778816
vt 0.15930798 0.29500533
vt 0.15930798 0.30175619
vt 0.16176022 0.29778816
vt 0.15685552 0.29778816
vt 0.15513566 0.30175619
vt 0.15685552 0.29778816
vt 0.15288749 0.29930372
vt 0.15685552 0.28774616
vt 0.15930798 0.28614166
vt 0.15533996 0.28491421
vt 0.04930372 0.28599585
vt 0.04533570 0.28491421
vt 0.04758387 0.28316390
vt 0.15685552 0.28774616
vt 0.15533996 0.28491421
vt 0.15288749 0.28599585
vt 0.05175619 0.28798194
vt 0.04930372 0.28599585
vt 0.05420865 0.28599585
vt 0.04930372 0.28599585
vt 0.04758387 0.28316390
vt 0.05175619 0.28316390
vt 0.05420865 0.28599585
vt 0.05175619 0.28316390
vt 0.05592851 0.28316390
vt 0.04930372 0.28599585
vt 0.05175619 0.28316390
vt 0.05420865 0.28599585
vt 0.16348008 0.30175619
vt 0.16176022 0.30572421
vt 0.16572824 0.30420865
vt 0.16176022 0.28774616
vt 0.15930798 0.28614166
vt 0.16327601 0.28491421
vt 0.05420865 0.28599585
vt 0.05817667 0.28491421
vt 0.05592851 0.28316390
vt 0.16176022 0.30572421
vt 0.16327601 0.30817667
vt 0.16572824 0.30420865
vt 0.15930798 0.28614166
vt 0.15533996 0.28491421
vt 0.15930798 0.28316390
vt 0.15533996 0.28491421
vt 0.15255713 0.28316390
vt 0.15533996 0.28141359
vt 0.15930798 0.28316390
vt 0.15533996 0.28141359
vt 0.15930798 0.28018615
vt 0.15533996 0.28491421
vt 0.15533996 0.28141359
vt 0.15930798 0.28316390
vt 0.05592851 0.28316390
vt 0.05175619 0.28316390
vt 0.05420865 0.28033195
vt 0.05175619 0.28316390
vt 0.04758387 0.28316390
vt 0.04930372 0.28033195
vt 0.05420865 0.28033195
vt 0.04930372 0.28033195
vt 0.05175619 0.27834586
vt 0.05175619 0.28316390
vt 0.04930372 0.28033195
vt 0.05420865 0.28033195
vt 0.15255713 0.28316390
vt 0.15533996 0.28491421
vt 0.15533996 0.28141359
vt 0.15533996 0.28491421
vt 0.15930798 0.28614166
vt 0.15930798 0.28316390
vt 0.15533996 0.28141359
vt 0.15930798 0.28316390
vt 0.15930798 0.28018615
vt 0.15533996 0.28491421
vt 0.15930798 0.28316390
vt 0.15533996 0.28141359
vt 0.15930798 0.28614166
vt 0.16176022 0.28774616
vt 0.16327601 0.28491421
vt 0.16176022 0.29778816
vt 0.16348008 0.30175619
vt 0.16572824 0.29930372
vt 0.04533570 0.28491421
vt 0.04930372 0.28599585
vt 0.04758387 0.28316390
vt 0.16176022 0.29778816
vt 0.16572824 0.29930372
vt 0.16327601 0.29533570
vt 0.16348008 0.30175619
vt 0.16572824 0.30420865
vt 0.16176022 0.30572421
vt 0.05420865 0.28033195
vt 0.05592851 0.28316390
vt 0.05817667 0.28141359
vt 0.16176022 0.27858164
vt 0.16327601 0.28141359
vt 0.15930798 0.28018615
vt 0.16572824 0.30420865
vt 0.16327601 0.30817667
vt 0.16176022 0.30572421
vt 0.16348008 0.30175619
vt 0.16176022 0.30572421
vt 0.15930798 0.30175619
vt 0.16176022 0.30572421
vt 0.15930798 0.30850704
vt 0.15685552 0.30572421
vt 0.15930798 0.30175619
vt 0.15685552 0.30572421
vt 0.15513566 0.30175619
vt 0.16176022 0.30572421
vt 0.15685552 0.30572421
vt 0.15930798 0.30175619
vt 0.16348008 0.30175619
vt 0.15930798 0.30175619
vt 0.16176022 0.29778816
vt 0.15930798 0.30175619
vt 0.15513566 0.30175619
vt 0.15685552 0.29778816
vt 0.16176022 0.29778816
vt 0.15685552 0.29778816
vt 0.15930798 0.29500533
vt 0.15930798 0.30175619
vt 0.15685552 0.29778816
vt 0.16176022 0.29778816
vt 0.16348008 0.30175619
vt 0.16176022 0.29778816
vt 0.16572824 0.29930372
vt 0.16176022 0.27858164
vt 0.15930798 0.28018615
vt 0.16327601 0.28141359
vt 0.04930372 0.28033195
vt 0.04533570 0.28141359
vt 0.04758387 0.28316390
vt 0.16176022 0.29778816
vt 0.16327601 0.29533570
vt 0.16572824 0.29930372
vt 0.05175619 0.27834586
vt 0.04930372 0.28033195
vt 0.05420865 0.28033195
vt 0.04930372 0.28033195
vt 0.04758387 0.28316390
vt 0.05175619 0.28316390
vt 0.05420865 0.28033195
vt 0.05175619 0.28316390
vt 0.05592851 0.28316390
vt 0.04930372 0.28033195
vt 0.05175619 0.28316390
vt 0.05420865 0.28033195
vt 0.15930798 0.28018615
vt 0.16327601 0.28141359
vt 0.15930798 0.28316390
vt 0.16327601 0.28141359
vt 0.16605861 0.28316390
vt 0.16327601 0.28491421
vt 0.15930798 0.28316390
vt 0.16327601 0.28491421
vt 0.15930798 0.28614166
vt 0.16327601 0.28141359
vt 0.16327601 0.28491421
vt 0.15930798 0.28316390
vt 0.15513566 0.30175619
vt 0.15685552 0.30572421
vt 0.15288749 0.30420865
vt 0.15685552 0.27858164
vt 0.15930798 0.28018615
vt 0.15533996 0.28141359
vt 0.05420865 0.28033195
vt 0.05817667 0.28141359
vt 0.05592851 0.28316390
vt 0.15685552 0.27858164
vt 0.15533996 0.28141359
vt 0.15288749 0.28033195
vt 0.15930798 0.28018615
vt 0.15685552 0.27858164
vt 0.15533996 0.28141359
vt 0.15685552 0.29778816
vt 0.15513566 0.30175619
vt 0.15288749 0.29930372
vt 0.04533570 0.28141359
vt 0.04930372 0.28033195
vt 0.04758387 0.28316390
vt 0.15685552 0.27858164
vt 0.15288749 0.28033195
vt 0.15533996 0.28141359
vt 0.16605861 0.28316390
vt 0.16327601 0.28141359
vt 0.16327601 0.28491421
vt 0.16327601 0.28141359
vt 0.15930798 0.28018615
vt 0.15930798 0.28316390
vt 0.16327601 0.28491421
vt 0.15930798 0.28316390
vt 0.15930798 0.28614166
vt 0.16327601 0.28141359
vt 0.15930798 0.28316390
vt 0.16327601 0.28491421
vt 0.05592851 0.28316390
vt 0.05175619 0.28316390
vt 0.05420865 0.28599585
vt 0.05175619 0.28316390
vt 0.04758387 0.28316390
vt 0.04930372 0.28599585
vt 0.05420865 0.28599585
vt 0.04930372 0.28599585
vt 0.05175619 0.28798194
vt 0.05175619 0.28316390
vt 0.04930372 0.28599585
vt 0.05420865 0.28599585
vt 0.89036645 0.68738095
vt 0.88811828 0.68983342
vt 0.89208631 0.69134898
vt 0.93983342 0.55865145
vt 0.94155327 0.55581950
vt 0.94380144 0.55756981
vt 0.89208631 0.56040176
vt 0.89057075 0.55756981
vt 0.89453877 0.55879726
vt 0.88811828 0.55865145
vt 0.89057075 0.55756981
vt 0.89208631 0.56040176
vt 0.89036645 0.68738095
vt 0.89208631 0.69134898
vt 0.89453877 0.68738095
vt 0.89208631 0.69134898
vt 0.89453877 0.69413181
vt 0.89699124 0.69134898
vt 0.89453877 0.68738095
vt 0.89699124 0.69134898
vt 0.89871087 0.68738095
vt 0.89208631 0.69134898
vt 0.89699124 0.69134898
vt 0.89453877 0.68738095
vt 0.89036645 0.68738095
vt 0.89453877 0.68738095
vt 0.89208631 0.68341293
vt 0.89453877 0.68738095
vt 0.89871087 0.68738095
vt 0.89699124 0.68341293
vt 0.89208631 0.68341293
vt 0.89699124 0.68341293
vt 0.89453877 0.68063010
vt 0.89453877 0.68738095
vt 0.89699124 0.68341293
vt 0.89208631 0.68341293
vt 0.89036645 0.68738095
vt 0.89208631 0.68341293
vt 0.88811828 0.68492849
vt 0.89208631 0.56040176
vt 0.89453877 0.55879726
vt 0.89057075 0.55756981
vt 0.93492849 0.55865145
vt 0.93096047 0.55756981
vt 0.93320863 0.55581950
vt 0.89208631 0.56040176
vt 0.89057075 0.55756981
vt 0.88811828 0.55865145
vt 0.93738095 0.56063754
vt 0.93492849 0.55865145
vt 0.93983342 0.55865145
vt 0.93492849 0.55865145
vt 0.93320863 0.55581950
vt 0.93738095 0.55581950
vt 0.93983342 0.55865145
vt 0.93738095 0.55581950
vt 0.94155327 0.55581950
vt 0.93492849 0.55865145
vt 0.93738095 0.55581950
vt 0.93983342 0.55865145
vt 0.89871087 0.68738095
vt 0.89699124 0.69134898
vt 0.90095926 0.68983342
vt 0.89699124 0.56040176
vt 0.89453877 0.55879726
vt 0.89850680 0.55756981
vt 0.93983342 0.55865145
vt 0.94380144 0.55756981
vt 0.94155327 0.55581950
vt 0.89699124 0.56040176
vt 0.89850680 0.55756981
vt 0.90095926 0.55865145
vt 0.89453877 0.55879726
vt 0.89057075 0.55756981
vt 0.89453877 0.55581950
vt 0.89057075 0.55756981
vt 0.88778792 0.55581950
vt 0.89057075 0.55406920
vt 0.89453877 0.55581950
vt 0.89057075 0.55406920
vt 0.89453877 0.55284175
vt 0.89057075 0.55756981
vt 0.89057075 0.55406920
vt 0.89453877 0.55581950
vt 0.94155327 0.55581950
vt 0.93738095 0.55581950
vt 0.93983342 0.55298755
vt 0.93738095 0.55581950
vt 0.93320863 0.55581950
vt 0.93492849 0.55298755
vt 0.93983342 0.55298755
vt 0.93492849 0.55298755
vt 0.93738095 0.55100146
vt 0.93738095 0.55581950
vt 0.93492849 0.55298755
vt 0.93983342 0.55298755
vt 0.88778792 0.55581950
vt 0.89057075 0.55756981
vt 0.89057075 0.55406920
vt 0.89057075 0.55756981
vt 0.89453877 0.55879726
vt 0.89453877 0.55581950
vt 0.89057075 0.55406920
vt 0.89453877 0.55581950
vt 0.89453877 0.55284175
vt 0.89057075 0.55756981
vt 0.89453877 0.55581950
vt 0.89057075 0.55406920
vt 0.89453877 0.55879726
vt 0.89699124 0.56040176
vt 0.89850680 0.55756981
vt 0.89699124 0.68341293
vt 0.89871087 0.68738095
vt 0.90095926 0.68492849
vt 0.93096047 0.55756981
vt 0.93492849 0.55865145
vt 0.93320863 0.55581950
vt 0.89699124 0.56040176
vt 0.90095926 0.55865145
vt 0.89850680 0.55756981
vt 0.89871087 0.68738095
vt 0.90095926 0.68983342
vt 0.89699124 0.69134898
vt 0.93983342 0.55298755
vt 0.94155327 0.55581950
vt 0.94380144 0.55406920
vt 0.89699124 0.55123724
vt 0.89850680 0.55406920
vt 0.89453877 0.55284175
vt 0.90095926 0.68983342
vt 0.89850680 0.69380144
vt 0.89699124 0.69134898
vt 0.89871087 0.68738095
vt 0.89699124 0.69134898
vt 0.89453877 0.68738095
vt 0.89699124 0.69134898
vt 0.89453877 0.69413181
vt 0.89208631 0.69134898
vt 0.89453877 0.68738095
vt 0.89208631 0.69134898
vt 0.89036645 0.68738095
vt 0.89699124 0.69134898
vt 0.89208631 0.69134898
vt 0.89453877 0.68738095
vt 0.89871087 0.68738095
vt 0.89453877 0.68738095
vt 0.89699124 0.68341293
vt 0.89453877 0.68738095
vt 0.89036645 0.68738095
vt 0.89208631 0.68341293
vt 0.89699124 0.68341293
vt 0.89208631 0.68341293
vt 0.89453877 0.68063010
vt 0.89453877 0.68738095
vt 0.89208631 0.68341293
vt 0.89699124 0.68341293
vt 0.89871087 0.68738095
vt 0.89699124 0.68341293
vt 0.90095926 0.68492849
vt 0.89699124 0.55123724
vt 0.89453877 0.55284175
vt 0.89850680 0.55406920
vt 0.93492849 0.55298755
vt 0.93096047 0.55406920
vt 0.93320863 0.55581950
vt 0.89699124 0.68341293
vt 0.89850680 0.68096047
vt 0.90095926 0.68492849
vt 0.93738095 0.55100146
vt 0.93492849 0.55298755
vt 0.93983342 0.55298755
vt 0.93492849 0.55298755
vt 0.93320863 0.55581950
vt 0.93738095 0.55581950
vt 0.93983342 0.55298755
vt 0.93738095 0.55581950
vt 0.94155327 0.55581950
vt 0.93492849 0.55298755
vt 0.93738095 0.55581950
vt 0.93983342 0.55298755
vt 0.89453877 0.55284175
vt 0.89850680 0.55406920
vt 0.89453877 0.55581950
vt 0.89850680 0.55406920
vt 0.90128963 0.55581950
vt 0.89850680 0.55756981
vt 0.89453877 0.55581950
vt 0.89850680 0.55756981
vt 0.89453877 0.55879726
vt 0.89850680 0.55406920
vt 0.89850680 0.55756981
vt 0.89453877 0.55581950
vt 0.89036645 0.68738095
vt 0.89208631 0.69134898
vt 0.88811828 0.68983342
vt 0.89208631 0.55123724
vt 0.89453877 0.55284175
vt 0.89057075 0.55406920
vt 0.93983342 0.55298755
vt 0.94380144 0.55406920
vt 0.94155327 0.55581950
vt 0.89208631 0.69134898
vt 0.89057075 0.69380144
vt 0.88811828 0.68983342
vt 0.89453877 0.55284175
vt 0.89208631 0.55123724
vt 0.89057075 0.55406920
vt 0.89208631 0.68341293
vt 0.89036645 0.68738095
vt 0.88811828 0.68492849
vt 0.93096047 0.55406920
vt 0.93492849 0.55298755
vt 0.93320863 0.55581950
vt 0.89208631 0.68341293
vt 0.88811828 0.68492849
vt 0.89057075 0.68096047
vt 0.90128963 0.55581950
vt 0.89850680 0.55406920
vt 0.89850680 0.55756981
vt 0.89850680 0.55406920
vt 0.89453877 0.55284175
vt 0.89453877 0.55581950
vt 0.89850680 0.55756981
vt 0.89453877 0.55581950
vt 0.89453877 0.55879726
vt 0.89850680 0.55406920
vt 0.89453877 0.55581950
vt 0.89850680 0.55756981
vt 0.94155327 0.55581950
vt 0.93738095 0.55581950
vt 0.93983342 0.55865145
vt 0.93738095 0.55581950
vt 0.93320863 0.55581950
vt 0.93492849 0.55865145
vt 0.93983342 0.55865145
vt 0.93492849 0.55865145
vt 0.93738095 0.56063754
vt 0.93738095 0.55581950
vt 0.93492849 0.55865145
vt 0.93983342 0.55865145
vt 0.57770116 0.59998173
vt 0.57545299 0.60243419
vt 0.57942102 0.60394975
vt 0.60243419 0.58130705
vt 0.60415405 0.57847510
vt 0.60640222 0.58022541
vt 0.57942102 0.58305736
vt 0.57790546 0.58022541
vt 0.58187348 0.58145286
vt 0.57545299 0.58130705
vt 0.57790546 0.58022541
vt 0.57942102 0.58305736
vt 0.57770116 0.59998173
vt 0.57942102 0.60394975
vt 0.58187348 0.59998173
vt 0.57942102 0.60394975
vt 0.58187348 0.60673258
vt 0.58432572 0.60394975
vt 0.58187348 0.59998173
vt 0.58432572 0.60394975
vt 0.58604558 0.59998173
vt 0.57942102 0.60394975
vt 0.58432572 0.60394975
vt 0.58187348 0.59998173
vt 0.57770116 0.59998173
vt 0.58187348 0.59998173
vt 0.57942102 0.59601370
vt 0.58187348 0.59998173
vt 0.58604558 0.59998173
vt 0.58432572 0.59601370
vt 0.57942102 0.59601370
vt 0.58432572 0.59601370
vt 0.58187348 0.59323110
vt 0.58187348 0.59998173
vt 0.58432572 0.59601370
vt 0.57942102 0.59601370
vt 0.57770116 0.59998173
vt 0.57942102 0.59601370
vt 0.57545299 0.59752949
vt 0.57942102 0.58305736
vt 0.58187348 0.58145286
vt 0.57790546 0.58022541
vt 0.59752949 0.58130705
vt 0.59356147 0.58022541
vt 0.59580963 0.57847510
vt 0.59601370 0.58305736
vt 0.59356147 0.58022541
vt 0.59752949 0.58130705
vt 0.59998173 0.58329314
vt 0.59752949 0.58130705
vt 0.60243419 0.58130705
vt 0.59752949 0.58130705
vt 0.59580963 0.57847510
vt 0.59998173 0.57847510
vt 0.60243419 0.58130705
vt 0.59998173 0.57847510
vt 0.60415405 0.57847510
vt 0.59752949 0.58130705
vt 0.59998173 0.57847510
vt 0.60243419 0.58130705
vt 0.58604558 0.59998173
vt 0.58432572 0.60394975
vt 0.58829374 0.60243419
vt 0.58432572 0.58305736
vt 0.58187348 0.58145286
vt 0.58584151 0.58022541
vt 0.60243419 0.58130705
vt 0.60640222 0.58022541
vt 0.60415405 0.57847510
vt 0.58432572 0.60394975
vt 0.58584151 0.60640222
vt 0.58829374 0.60243419
vt 0.58187348 0.58145286
vt 0.57790546 0.58022541
vt 0.58187348 0.57847510
vt 0.57790546 0.58022541
vt 0.57512263 0.57847510
vt 0.57790546 0.57672480
vt 0.58187348 0.57847510
vt 0.57790546 0.57672480
vt 0.58187348 0.57549735
vt 0.57790546 0.58022541
vt 0.57790546 0.57672480
vt 0.58187348 0.57847510
vt 0.60415405 0.57847510
vt 0.59998173 0.57847510
vt 0.60243419 0.57564315
vt 0.59998173 0.57847510
vt 0.59580963 0.57847510
vt 0.59752949 0.57564315
vt 0.60243419 0.57564315
vt 0.59752949 0.57564315
vt 0.59998173 0.57365707
vt 0.59998173 0.57847510
vt 0.59752949 0.57564315
vt 0.60243419 0.57564315
vt 0.57512263 0.57847510
vt 0.57790546 0.58022541
vt 0.57790546 0.57672480
vt 0.57790546 0.58022541
vt 0.58187348 0.58145286
vt 0.58187348 0.57847510
vt 0.57790546 0.57672480
vt 0.58187348 0.57847510
vt 0.58187348 0.57549735
vt 0.57790546 0.58022541
vt 0.58187348 0.57847510
vt 0.57790546 0.57672480
vt 0.58187348 0.58145286
vt 0.58432572 0.58305736
vt 0.58584151 0.58022541
vt 0.58432572 0.59601370
vt 0.58604558 0.59998173
vt 0.58829374 0.59752949
vt 0.59356147 0.58022541
vt 0.59752949 0.58130705
vt 0.59580963 0.57847510
vt 0.59601370 0.58305736
vt 0.59752949 0.58130705
vt 0.59356147 0.58022541
vt 0.58604558 0.59998173
vt 0.58829374 0.60243419
vt 0.58432572 0.60394975
vt 0.60243419 0.57564315
vt 0.60415405 0.57847510
vt 0.60640222 0.57672480
vt 0.58432572 0.57389285
vt 0.58584151 0.57672480
vt 0.58187348 0.57549735
vt 0.58829374 0.60243419
vt 0.58584151 0.60640222
vt 0.58432572 0.60394975
vt 0.58604558 0.59998173
vt 0.58432572 0.60394975
vt 0.58187348 0.59998173
vt 0.58432572 0.60394975
vt 0.58187348 0.60673258
vt 0.57942102 0.60394975
vt 0.58187348 0.59998173
vt 0.57942102 0.60394975
vt 0.57770116 0.59998173
vt 0.58432572 0.60394975
vt 0.57942102 0.60394975
vt 0.58187348 0.59998173
vt 0.58604558 0.59998173
vt 0.58187348 0.59998173
vt 0.58432572 0.59601370
vt 0.58187348 0.59998173
vt 0.57770116 0.59998173
vt 0.57942102 0.59601370
vt 0.58432572 0.59601370
vt 0.57942102 0.59601370
vt 0.58187348 0.59323110
vt 0.58187348 0.59998173
vt 0.57942102 0.59601370
vt 0.58432572 0.59601370
vt 0.58604558 0.59998173
vt 0.58432572 0.59601370
vt 0.58829374 0.59752949
vt 0.58432572 0.57389285
vt 0.58187348 0.57549735
vt 0.58584151 0.57672480
vt 0.59752949 0.57564315
vt 0.59356147 0.57672480
vt 0.59580963 0.57847510
vt 0.59601370 0.57389285
vt 0.59356147 0.57672480
vt 0.59752949 0.57564315
vt 0.59998173 0.57365707
vt 0.59752949 0.57564315
vt 0.60243419 0.57564315
vt 0.59752949 0.57564315
vt 0.59580963 0.57847510
vt 0.59998173 0.57847510
vt 0.60243419 0.57564315
vt 0.59998173 0.57847510
vt 0.60415405 0.57847510
vt 0.59752949 0.57564315
vt 0.59998173 0.57847510
vt 0.60243419 0.57564315
vt 0.58187348 0.57549735
vt 0.58584151 0.57672480
vt 0.58187348 0.57847510
vt 0.58584151 0.57672480
vt 0.58862411 0.57847510
vt 0.58584151 0.58022541
vt 0.58187348 0.57847510
vt 0.58584151 0.58022541
vt 0.58187348 0.58145286
vt 0.58584151 0.57672480
vt 0.58584151 0.58022541
vt 0.58187348 0.57847510
vt 0.57770116 0.59998173
vt 0.57942102 0.60394975
vt 0.57545299 0.60243419
vt 0.57942102 0.57389285
vt 0.58187348 0.57549735
vt 0.57790546 0.57672480
vt 0.60243419 0.57564315
vt 0.60640222 0.57672480
vt 0.60415405 0.57847510
vt 0.57942102 0.57389285
vt 0.57790546 0.57672480
vt 0.57545299 0.57564315
vt 0.58187348 0.57549735
vt 0.57942102 0.57389285
vt 0.57790546 0.57672480
vt 0.57942102 0.59601370
vt 0.57770116 0.59998173
vt 0.57545299 0.59752949
vt 0.59356147 0.57672480
vt 0.59752949 0.57564315
vt 0.59580963 0.57847510
vt 0.59601370 0.57389285
vt 0.59752949 0.57564315
vt 0.59356147 0.57672480
vt 0.58862411 0.57847510
vt 0.58584151 0.57672480
vt 0.58584151 0.58022541
vt 0.58584151 0.57672480
vt 0.58187348 0.57549735
vt 0.58187348 0.57847510
vt 0.58584151 0.58022541
vt 0.58187348 0.57847510
vt 0.58187348 0.58145286
vt 0.58584151 0.57672480
vt 0.58187348 0.57847510
vt 0.58584151 0.58022541
vt 0.60415405 0.57847510
vt 0.59998173 0.57847510
vt 0.60243419 0.58130705
vt 0.59998173 0.57847510
vt 0.59580963 0.57847510
vt 0.59752949 0.58130705
vt 0.60243419 0.58130705
vt 0.59752949 0.58130705
vt 0.59998173 0.58329314
vt 0.59998173 0.57847510
vt 0.59752949 0.58130705
vt 0.60243419 0.58130705
vt 0.40437675 0.61764124
vt 0.40212858 0.62009348
vt 0.40609660 0.62160927
vt 0.37009348 0.60396266
vt 0.37181334 0.60113071
vt 0.37406151 0.60288101
vt 0.40609660 0.60571296
vt 0.40458105 0.60288101
vt 0.40854907 0.60410846
vt 0.37009348 0.60396266
vt 0.37406151 0.60288101
vt 0.37160927 0.60571296
vt 0.40437675 0.61764124
vt 0.40609660 0.62160927
vt 0.40854907 0.61764124
vt 0.40609660 0.62160927
vt 0.40854907 0.62439187
vt 0.41100131 0.62160927
vt 0.40854907 0.61764124
vt 0.41100131 0.62160927
vt 0.41272116 0.61764124
vt 0.40609660 0.62160927
vt 0.41100131 0.62160927
vt 0.40854907 0.61764124
vt 0.40437675 0.61764124
vt 0.40854907 0.61764124
vt 0.40609660 0.61367322
vt 0.40854907 0.61764124
vt 0.41272116 0.61764124
vt 0.41100131 0.61367322
vt 0.40609660 0.61367322
vt 0.41100131 0.61367322
vt 0.40854907 0.61089039
vt 0.40854907 0.61764124
vt 0.41100131 0.61367322
vt 0.40609660 0.61367322
vt 0.40437675 0.61764124
vt 0.40609660 0.61367322
vt 0.40212858 0.61518878
vt 0.40609660 0.60571296
vt 0.40854907 0.60410846
vt 0.40458105 0.60288101
vt 0.36518878 0.60396266
vt 0.36122076 0.60288101
vt 0.36346892 0.60113071
vt 0.40609660 0.61367322
vt 0.40458105 0.61122076
vt 0.40212858 0.61518878
vt 0.36764124 0.60594874
vt 0.36518878 0.60396266
vt 0.37009348 0.60396266
vt 0.36518878 0.60396266
vt 0.36346892 0.60113071
vt 0.36764124 0.60113071
vt 0.37009348 0.60396266
vt 0.36764124 0.60113071
vt 0.37181334 0.60113071
vt 0.36518878 0.60396266
vt 0.36764124 0.60113071
vt 0.37009348 0.60396266
vt 0.41272116 0.61764124
vt 0.41100131 0.62160927
vt 0.41496933 0.62009348
vt 0.41100131 0.60571296
vt 0.40854907 0.60410846
vt 0.41251709 0.60288101
vt 0.37009348 0.60396266
vt 0.37406151 0.60288101
vt 0.37181334 0.60113071
vt 0.37160927 0.60571296
vt 0.37406151 0.60288101
vt 0.37009348 0.60396266
vt 0.40854907 0.60410846
vt 0.40458105 0.60288101
vt 0.40854907 0.60113071
vt 0.40458105 0.60288101
vt 0.40179822 0.60113071
vt 0.40458105 0.59938040
vt 0.40854907 0.60113071
vt 0.40458105 0.59938040
vt 0.40854907 0.59815295
vt 0.40458105 0.60288101
vt 0.40458105 0.59938040
vt 0.40854907 0.60113071
vt 0.37181334 0.60113071
vt 0.36764124 0.60113071
vt 0.37009348 0.59829876
vt 0.36764124 0.60113071
vt 0.36346892 0.60113071
vt 0.36518878 0.59829876
vt 0.37009348 0.59829876
vt 0.36518878 0.59829876
vt 0.36764124 0.59631267
vt 0.36764124 0.60113071
vt 0.36518878 0.59829876
vt 0.37009348 0.59829876
vt 0.40179822 0.60113071
vt 0.40458105 0.60288101
vt 0.40458105 0.59938040
vt 0.40458105 0.60288101
vt 0.40854907 0.60410846
vt 0.40854907 0.60113071
vt 0.40458105 0.59938040
vt 0.40854907 0.60113071
vt 0.40854907 0.59815295
vt 0.40458105 0.60288101
vt 0.40854907 0.60113071
vt 0.40458105 0.59938040
vt 0.40854907 0.60410846
vt 0.41100131 0.60571296
vt 0.41251709 0.60288101
vt 0.41100131 0.61367322
vt 0.41272116 0.61764124
vt 0.41496933 0.61518878
vt 0.36122076 0.60288101
vt 0.36518878 0.60396266
vt 0.36346892 0.60113071
vt 0.41100131 0.61367322
vt 0.41496933 0.61518878
vt 0.41251709 0.61122076
vt 0.41272116 0.61764124
vt 0.41496933 0.62009348
vt 0.41100131 0.62160927
vt 0.37009348 0.59829876
vt 0.37181334 0.60113071
vt 0.37406151 0.59938040
vt 0.41100131 0.59654845
vt 0.41251709 0.59938040
vt 0.40854907 0.59815295
vt 0.37009348 0.59829876
vt 0.37406151 0.59938040
vt 0.37160927 0.59654845
vt 0.41272116 0.61764124
vt 0.41100131 0.62160927
vt 0.40854907 0.61764124
vt 0.41100131 0.62160927
vt 0.40854907 0.62439187
vt 0.40609660 0.62160927
vt 0.40854907 0.61764124
vt 0.40609660 0.62160927
vt 0.40437675 0.61764124
vt 0.41100131 0.62160927
vt 0.40609660 0.62160927
vt 0.40854907 0.61764124
vt 0.41272116 0.61764124
vt 0.40854907 0.61764124
vt 0.41100131 0.61367322
vt 0.40854907 0.61764124
vt 0.40437675 0.61764124
vt 0.40609660 0.61367322
vt 0.41100131 0.61367322
vt 0.40609660 0.61367322
vt 0.40854907 0.61089039
vt 0.40854907 0.61764124
vt 0.40609660 0.61367322
vt 0.41100131 0.61367322
vt 0.41272116 0.61764124
vt 0.41100131 0.61367322
vt 0.41496933 0.61518878
vt 0.41100131 0.59654845
vt 0.40854907 0.59815295
vt 0.41251709 0.59938040
vt 0.36518878 0.59829876
vt 0.36122076 0.59938040
vt 0.36346892 0.60113071
vt 0.41100131 0.61367322
vt 0.41251709 0.61122076
vt 0.41496933 0.61518878
vt 0.36764124 0.59631267
vt 0.36518878 0.59829876
vt 0.37009348 0.59829876
vt 0.36518878 0.59829876
vt 0.36346892 0.60113071
vt 0.36764124 0.60113071
vt 0.37009348 0.59829876
vt 0.36764124 0.60113071
vt 0.37181334 0.60113071
vt 0.36518878 0.59829876
vt 0.36764124 0.60113071
vt 0.37009348 0.59829876
vt 0.40854907 0.59815295
vt 0.41251709 0.59938040
vt 0.40854907 0.60113071
vt 0.41251709 0.59938040
vt 0.41529970 0.60113071
vt 0.41251709 0.60288101
vt 0.40854907 0.60113071
vt 0.41251709 0.60288101
vt 0.40854907 0.60410846
vt 0.41251709 0.59938040
vt 0.41251709 0.60288101
vt 0.40854907 0.60113071
vt 0.40437675 0.61764124
vt 0.40609660 0.62160927
vt 0.40212858 0.62009348
vt 0.40609660 0.59654845
vt 0.40854907 0.59815295
vt 0.40458105 0.59938040
vt 0.37009348 0.59829876
vt 0.37406151 0.59938040
vt 0.37181334 0.60113071
vt 0.37160927 0.59654845
vt 0.37406151 0.59938040
vt 0.37009348 0.59829876
vt 0.40854907 0.59815295
vt 0.40609660 0.59654845
vt 0.40458105 0.59938040
vt 0.40609660 0.61367322
vt 0.40437675 0.61764124
vt 0.40212858 0.61518878
vt 0.36122076 0.59938040
vt 0.36518878 0.59829876
vt 0.36346892 0.60113071
vt 0.40609660 0.61367322
vt 0.40212858 0.61518878
vt 0.40458105 0.61122076
vt 0.41529970 0.60113071
vt 0.41251709 0.59938040
vt 0.41251709 0.60288101
vt 0.41251709 0.59938040
vt 0.40854907 0.59815295
vt 0.40854907 0.60113071
vt 0.41251709 0.60288101
vt 0.40854907 0.60113071
vt 0.40854907 0.60410846
vt 0.41251709 0.59938040
vt 0.40854907 0.60113071
vt 0.41251709 0.60288101
vt 0.37181334 0.60113071
vt 0.36764124 0.60113071
vt 0.37009348 0.60396266
vt 0.36764124 0.60113071
vt 0.36346892 0.60113071
vt 0.36518878 0.60396266
vt 0.37009348 0.60396266
vt 0.36518878 0.60396266
vt 0.36764124 0.60594874
vt 0.36764124 0.60113071
vt 0.36518878 0.60396266
vt 0.37009348 0.60396266
vt 0.10998704 0.39040273
vt 0.10773887 0.39285520
vt 0.11170690 0.39437076
vt 0.14285520 0.37661826
vt 0.14457505 0.37378631
vt 0.14682322 0.37553661
vt 0.11170690 0.37836856
vt 0.11019134 0.37553661
vt 0.11415936 0.37676406
vt 0.10773887 0.39285520
vt 0.11019134 0.39682322
vt 0.11170690 0.39437076
vt 0.10998704 0.39040273
vt 0.11170690 0.39437076
vt 0.11415936 0.39040273
vt 0.11170690 0.39437076
vt 0.11415936 0.39715359
vt 0.11661183 0.39437076
vt 0.11415936 0.39040273
vt 0.11661183 0.39437076
vt 0.11833168 0.39040273
vt 0.11170690 0.39437076
vt 0.11661183 0.39437076
vt 0.11415936 0.39040273
vt 0.10998704 0.39040273
vt 0.11415936 0.39040273
vt 0.11170690 0.38643471
vt 0.11415936 0.39040273
vt 0.11833168 0.39040273
vt 0.11661183 0.38643471
vt 0.11170690 0.38643471
vt 0.11661183 0.38643471
vt 0.11415936 0.38365210
vt 0.11415936 0.39040273
vt 0.11661183 0.38643471
vt 0.11170690 0.38643471
vt 0.10998704 0.39040273
vt 0.11170690 0.38643471
vt 0.10773887 0.38795049
vt 0.11170690 0.37836856
vt 0.11415936 0.37676406
vt 0.11019134 0.37553661
vt 0.13795049 0.37661826
vt 0.13398247 0.37553661
vt 0.13623064 0.37378631
vt 0.13643471 0.37836856
vt 0.13398247 0.37553661
vt 0.13795049 0.37661826
vt 0.14040273 0.37860434
vt 0.13795049 0.37661826
vt 0.14285520 0.37661826
vt 0.13795049 0.37661826
vt 0.13623064 0.37378631
vt 0.14040273 0.37378631
vt 0.14285520 0.37661826
vt 0.14040273 0.37378631
vt 0.14457505 0.37378631
vt 0.13795049 0.37661826
vt 0.14040273 0.37378631
vt 0.14285520 0.37661826
vt 0.11833168 0.39040273
vt 0.11661183 0.39437076
vt 0.12057985 0.39285520
vt 0.11661183 0.37836856
vt 0.11415936 0.37676406
vt 0.11812738 0.37553661
vt 0.14285520 0.37661826
vt 0.14682322 0.37553661
vt 0.14457505 0.37378631
vt 0.11661183 0.39437076
vt 0.11812738 0.39682322
vt 0.12057985 0.39285520
vt 0.11415936 0.37676406
vt 0.11019134 0.37553661
vt 0.11415936 0.37378631
vt 0.11019134 0.37553661
vt 0.10740851 0.37378631
vt 0.11019134 0.37203600
vt 0.11415936 0.37378631
vt 0.11019134 0.37203600
vt 0.11415936 0.37080855
vt 0.11019134 0.37553661
vt 0.11019134 0.37203600
vt 0.11415936 0.37378631
vt 0.14457505 0.37378631
vt 0.14040273 0.37378631
vt 0.14285520 0.37095436
vt 0.14040273 0.37378631
vt 0.13623064 0.37378631
vt 0.13795049 0.37095436
vt 0.14285520 0.37095436
vt 0.13795049 0.37095436
vt 0.14040273 0.36896827
vt 0.14040273 0.37378631
vt 0.13795049 0.37095436
vt 0.14285520 0.37095436
vt 0.10740851 0.37378631
vt 0.11019134 0.37553661
vt 0.11019134 0.37203600
vt 0.11019134 0.37553661
vt 0.11415936 0.37676406
vt 0.11415936 0.37378631
vt 0.11019134 0.37203600
vt 0.11415936 0.37378631
vt 0.11415936 0.37080855
vt 0.11019134 0.37553661
vt 0.11415936 0.37378631
vt 0.11019134 0.37203600
vt 0.11415936 0.37676406
vt 0.11661183 0.37836856
vt 0.11812738 0.37553661
vt 0.11661183 0.38643471
vt 0.11833168 0.39040273
vt 0.12057985 0.38795049
vt 0.13398247 0.37553661
vt 0.13795049 0.37661826
vt 0.13623064 0.37378631
vt 0.13643471 0.37836856
vt 0.13795049 0.37661826
vt 0.13398247 0.37553661
vt 0.11833168 0.39040273
vt 0.12057985 0.39285520
vt 0.11661183 0.39437076
vt 0.14285520 0.37095436
vt 0.14457505 0.37378631
vt 0.14682322 0.37203600
vt 0.11661183 0.36920405
vt 0.11812738 0.37203600
vt 0.11415936 0.37080855
vt 0.14285520 0.37095436
vt 0.14682322 0.37203600
vt 0.14437076 0.36920405
vt 0.11833168 0.39040273
vt 0.11661183 0.39437076
vt 0.11415936 0.39040273
vt 0.11661183 0.39437076
vt 0.11415936 0.39715359
vt 0.11170690 0.39437076
vt 0.11415936 0.39040273
vt 0.11170690 0.39437076
vt 0.10998704 0.39040273
vt 0.11661183 0.39437076
vt 0.11170690 0.39437076
vt 0.11415936 0.39040273
vt 0.11833168 0.39040273
vt 0.11415936 0.39040273
vt 0.11661183 0.38643471
vt 0.11415936 0.39040273
vt 0.10998704 0.39040273
vt 0.11170690 0.38643471
vt 0.11661183 0.38643471
vt 0.11170690 0.38643471
vt 0.11415936 0.38365210
vt 0.11415936 0.39040273
vt 0.11170690 0.38643471
vt 0.11661183 0.38643471
vt 0.11833168 0.39040273
vt 0.11661183 0.38643471
vt 0.12057985 0.38795049
vt 0.11661183 0.36920405
vt 0.11415936 0.37080855
vt 0.11812738 0.37203600
vt 0.13795049 0.37095436
vt 0.13398247 0.37203600
vt 0.13623064 0.37378631
vt 0.13643471 0.36920405
vt 0.13398247 0.37203600
vt 0.13795049 0.37095436
vt 0.14040273 0.36896827
vt 0.13795049 0.37095436
vt 0.14285520 0.37095436
vt 0.13795049 0.37095436
vt 0.13623064 0.37378631
vt 0.14040273 0.37378631
vt 0.14285520 0.37095436
vt 0.14040273 0.37378631
vt 0.14457505 0.37378631
vt 0.13795049 0.37095436
vt 0.14040273 0.37378631
vt 0.14285520 0.37095436
vt 0.11415936 0.37080855
vt 0.11812738 0.37203600
vt 0.11415936 0.37378631
vt 0.11812738 0.37203600
vt 0.12091022 0.37378631
vt 0.11812738 0.37553661
vt 0.11415936 0.37378631
vt 0.11812738 0.37553661
vt 0.11415936 0.37676406
vt 0.11812738 0.37203600
vt 0.11812738 0.37553661
vt 0.11415936 0.37378631
vt 0.10998704 0.39040273
vt 0.11170690 0.39437076
vt 0.10773887 0.39285520
vt 0.11170690 0.36920405
vt 0.11415936 0.37080855
vt 0.11019134 0.37203600
vt 0.14285520 0.37095436
vt 0.14682322 0.37203600
vt 0.14457505 0.37378631
vt 0.14437076 0.36920405
vt 0.14682322 0.37203600
vt 0.14285520 0.37095436
vt 0.11415936 0.37080855
vt 0.11170690 0.36920405
vt 0.11019134 0.37203600
vt 0.11170690 0.38643471
vt 0.10998704 0.39040273
vt 0.10773887 0.38795049
vt 0.13398247 0.37203600
vt 0.13795049 0.37095436
vt 0.13623064 0.37378631
vt 0.13643471 0.36920405
vt 0.13795049 0.37095436
vt 0.13398247 0.37203600
vt 0.12091022 0.37378631
vt 0.11812738 0.37203600
vt 0.11812738 0.37553661
vt 0.11812738 0.37203600
vt 0.11415936 0.37080855
vt 0.11415936 0.37378631
vt 0.11812738 0.37553661
vt 0.11415936 0.37378631
vt 0.11415936 0.37676406
vt 0.11812738 0.37203600
vt 0.11415936 0.37378631
vt 0.11812738 0.37553661
vt 0.14457505 0.37378631
vt 0.14040273 0.37378631
vt 0.14285520 0.37661826
vt 0.14040273 0.37378631
vt 0.13623064 0.37378631
vt 0.13795049 0.37661826
vt 0.14285520 0.37661826
vt 0.13795049 0.37661826
vt 0.14040273 0.37860434
vt 0.14040273 0.37378631
vt 0.13795049 0.37661826
vt 0.14285520 0.37661826
vt 0.86047794 0.54478426
vt 0.85822977 0.54723672
vt 0.86219780 0.54875228
vt 0.79723672 0.53599585
vt 0.79895658 0.53316390
vt 0.80120474 0.53491421
vt 0.86219780 0.53774616
vt 0.86068224 0.53491421
vt 0.86465026 0.53614166
vt 0.85822977 0.53599585
vt 0.86068224 0.53491421
vt 0.86219780 0.53774616
vt 0.86047794 0.54478426
vt 0.86219780 0.54875228
vt 0.86465026 0.54478426
vt 0.86219780 0.54875228
vt 0.86465026 0.55153511
vt 0.86710250 0.54875228
vt 0.86465026 0.54478426
vt 0.86710250 0.54875228
vt 0.86882235 0.54478426
vt 0.86219780 0.54875228
vt 0.86710250 0.54875228
vt 0.86465026 0.54478426
vt 0.86047794 0.54478426
vt 0.86465026 0.54478426
vt 0.86219780 0.54081623
vt 0.86465026 0.54478426
vt 0.86882235 0.54478426
vt 0.86710250 0.54081623
vt 0.86219780 0.54081623
vt 0.86710250 0.54081623
vt 0.86465026 0.53803340
vt 0.86465026 0.54478426
vt 0.86710250 0.54081623
vt 0.86219780 0.54081623
vt 0.86047794 0.54478426
vt 0.86219780 0.54081623
vt 0.85822977 0.54233179
vt 0.86219780 0.53774616
vt 0.86465026 0.53614166
vt 0.86068224 0.53491421
vt 0.79233179 0.53599585
vt 0.78836377 0.53491421
vt 0.79061194 0.53316390
vt 0.86219780 0.53774616
vt 0.86068224 0.53491421
vt 0.85822977 0.53599585
vt 0.79478426 0.53798194
vt 0.79233179 0.53599585
vt 0.79723672 0.53599585
vt 0.79233179 0.53599585
vt 0.79061194 0.53316390
vt 0.79478426 0.53316390
vt 0.79723672 0.53599585
vt 0.79478426 0.53316390
vt 0.79895658 0.53316390
vt 0.79233179 0.53599585
vt 0.79478426 0.53316390
vt 0.79723672 0.53599585
vt 0.86882235 0.54478426
vt 0.86710250 0.54875228
vt 0.87107052 0.54723672
vt 0.86710250 0.53774616
vt 0.86465026 0.53614166
vt 0.86861828 0.53491421
vt 0.79723672 0.53599585
vt 0.80120474 0.53491421
vt 0.79895658 0.53316390
vt 0.86710250 0.54875228
vt 0.86861828 0.55120474
vt 0.87107052 0.54723672
vt 0.86465026 0.53614166
vt 0.86068224 0.53491421
vt 0.86465026 0.53316390
vt 0.86068224 0.53491421
vt 0.85789941 0.53316390
vt 0.86068224 0.53141359
vt 0.86465026 0.53316390
vt 0.86068224 0.53141359
vt 0.86465026 0.53018615
vt 0.86068224 0.53491421
vt 0.86068224 0.53141359
vt 0.86465026 0.53316390
vt 0.79895658 0.53316390
vt 0.79478426 0.53316390
vt 0.79723672 0.53033195
vt 0.79478426 0.53316390
vt 0.79061194 0.53316390
vt 0.79233179 0.53033195
vt 0.79723672 0.53033195
vt 0.79233179 0.53033195
vt 0.79478426 0.52834586
vt 0.79478426 0.53316390
vt 0.79233179 0.53033195
vt 0.79723672 0.53033195
vt 0.85789941 0.53316390
vt 0.86068224 0.53491421
vt 0.86068224 0.53141359
vt 0.86068224 0.53491421
vt 0.86465026 0.53614166
vt 0.86465026 0.53316390
vt 0.86068224 0.53141359
vt 0.86465026 0.53316390
vt 0.86465026 0.53018615
vt 0.86068224 0.53491421
vt 0.86465026 0.53316390
vt 0.86068224 0.53141359
vt 0.86465026 0.53614166
vt 0.86710250 0.53774616
vt 0.86861828 0.53491421
vt 0.86710250 0.54081623
vt 0.86882235 0.54478426
vt 0.87107052 0.54233179
vt 0.78836377 0.53491421
vt 0.79233179 0.53599585
vt 0.79061194 0.53316390
vt 0.86710250 0.54081623
vt 0.87107052 0.54233179
vt 0.86861828 0.53836377
vt 0.86882235 0.54478426
vt 0.87107052 0.54723672
vt 0.86710250 0.54875228
vt 0.79723672 0.53033195
vt 0.79895658 0.53316390
vt 0.80120474 0.53141359
vt 0.86710250 0.52858164
vt 0.86861828 0.53141359
vt 0.86465026 0.53018615
vt 0.87107052 0.54723672
vt 0.86861828 0.55120474
vt 0.86710250 0.54875228
vt 0.86882235 0.54478426
vt 0.86710250 0.54875228
vt 0.86465026 0.54478426
vt 0.86710250 0.54875228
vt 0.86465026 0.55153511
vt 0.86219780 0.54875228
vt 0.86465026 0.54478426
vt 0.86219780 0.54875228
vt 0.86047794 0.54478426
vt 0.86710250 0.54875228
vt 0.86219780 0.54875228
vt 0.86465026 0.54478426
vt 0.86882235 0.54478426
vt 0.86465026 0.54478426
vt 0.86710250 0.54081623
vt 0.86465026 0.54478426
vt 0.86047794 0.54478426
vt 0.86219780 0.54081623
vt 0.86710250 0.54081623
vt 0.86219780 0.54081623
vt 0.86465026 0.53803340
vt 0.86465026 0.54478426
vt 0.86219780 0.54081623
vt 0.86710250 0.54081623
vt 0.86882235 0.54478426
vt 0.86710250 0.54081623
vt 0.87107052 0.54233179
vt 0.86710250 0.52858164
vt 0.86465026 0.53018615
vt 0.86861828 0.53141359
vt 0.79233179 0.53033195
vt 0.78836377 0.53141359
vt 0.79061194 0.53316390
vt 0.86710250 0.54081623
vt 0.86861828 0.53836377
vt 0.87107052 0.54233179
vt 0.79478426 0.52834586
vt 0.79233179 0.53033195
vt 0.79723672 0.53033195
vt 0.79233179 0.53033195
vt 0.79061194 0.53316390
vt 0.79478426 0.53316390
vt 0.79723672 0.53033195
vt 0.79478426 0.53316390
vt 0.79895658 0.53316390
vt 0.79233179 0.53033195
vt 0.79478426 0.53316390
vt 0.79723672 0.53033195
vt 0.86465026 0.53018615
vt 0.86861828 0.53141359
vt 0.86465026 0.53316390
vt 0.86861828 0.53141359
vt 0.87140112 0.53316390
vt 0.86861828 0.53491421
vt 0.86465026 0.53316390
vt 0.86861828 0.53491421
vt 0.86465026 0.53614166
vt 0.86861828 0.53141359
vt 0.86861828 0.53491421
vt 0.86465026 0.53316390
vt 0.86047794 0.54478426
vt 0.86219780 0.54875228
vt 0.85822977 0.54723672
vt 0.86219780 0.52858164
vt 0.86465026 0.53018615
vt 0.86068224 0.53141359
vt 0.79723672 0.53033195
vt 0.80120474 0.53141359
vt 0.79895658 0.53316390
vt 0.86219780 0.52858164
vt 0.86068224 0.53141359
vt 0.85822977 0.53033195
vt 0.86465026 0.53018615
vt 0.86219780 0.52858164
vt 0.86068224 0.53141359
vt 0.86219780 0.54081623
vt 0.86047794 0.54478426
vt 0.85822977 0.54233179
vt 0.78836377 0.53141359
vt 0.79233179 0.53033195
vt 0.79061194 0.53316390
vt 0.86219780 0.52858164
vt 0.85822977 0.53033195
vt 0.86068224 0.53141359
vt 0.87140112 0.53316390
vt 0.86861828 0.53141359
vt 0.86861828 0.53491421
vt 0.86861828 0.53141359
vt 0.86465026 0.53018615
vt 0.86465026 0.53316390
vt 0.86861828 0.53491421
vt 0.86465026 0.53316390
vt 0.86465026 0.53614166
vt 0.86861828 0.53141359
vt 0.86465026 0.53316390
vt 0.86861828 0.53491421
vt 0.79895658 0.53316390
vt 0.79478426 0.53316390
vt 0.79723672 0.53599585
vt 0.79478426 0.53316390
vt 0.79061194 0.53316390
vt 0.79233179 0.53599585
vt 0.79723672 0.53599585
vt 0.79233179 0.53599585
vt 0.79478426 0.53798194
vt 0.79478426 0.53316390
vt 0.79233179 0.53599585
vt 0.79723672 0.53599585
vt 0.67078759 0.66715651
vt 0.66853942 0.66960874
vt 0.67250744 0.67112453
vt 0.66960874 0.55865145
vt 0.67132860 0.55581950
vt 0.67357677 0.55756981
vt 0.67250744 0.56040176
vt 0.67099166 0.55756981
vt 0.67495968 0.55879726
vt 0.66960874 0.55865145
vt 0.67357677 0.55756981
vt 0.67112453 0.56040176
vt 0.67078759 0.66715651
vt 0.67250744 0.67112453
vt 0.67495968 0.66715651
vt 0.67250744 0.67112453
vt 0.67495968 0.67390736
vt 0.67741215 0.67112453
vt 0.67495968 0.66715651
vt 0.67741215 0.67112453
vt 0.67913200 0.66715651
vt 0.67250744 0.67112453
vt 0.67741215 0.67112453
vt 0.67495968 0.66715651
vt 0.67078759 0.66715651
vt 0.67495968 0.66715651
vt 0.67250744 0.66318848
vt 0.67495968 0.66715651
vt 0.67913200 0.66715651
vt 0.67741215 0.66318848
vt 0.67250744 0.66318848
vt 0.67741215 0.66318848
vt 0.67495968 0.66040565
vt 0.67495968 0.66715651
vt 0.67741215 0.66318848
vt 0.67250744 0.66318848
vt 0.67078759 0.66715651
vt 0.67250744 0.66318848
vt 0.66853942 0.66470404
vt 0.67250744 0.56040176
vt 0.67495968 0.55879726
vt 0.67099166 0.55756981
vt 0.66470404 0.55865145
vt 0.66073602 0.55756981
vt 0.66298419 0.55581950
vt 0.67250744 0.66318848
vt 0.67099166 0.66073602
vt 0.66853942 0.66470404
vt 0.66715651 0.56063754
vt 0.66470404 0.55865145
vt 0.66960874 0.55865145
vt 0.66470404 0.55865145
vt 0.66298419 0.55581950
vt 0.66715651 0.55581950
vt 0.66960874 0.55865145
vt 0.66715651 0.55581950
vt 0.67132860 0.55581950
vt 0.66470404 0.55865145
vt 0.66715651 0.55581950
vt 0.66960874 0.55865145
vt 0.67913200 0.66715651
vt 0.67741215 0.67112453
vt 0.68138017 0.66960874
vt 0.67741215 0.56040176
vt 0.67495968 0.55879726
vt 0.67892770 0.55756981
vt 0.66960874 0.55865145
vt 0.67357677 0.55756981
vt 0.67132860 0.55581950
vt 0.67112453 0.56040176
vt 0.67357677 0.55756981
vt 0.66960874 0.55865145
vt 0.67495968 0.55879726
vt 0.67099166 0.55756981
vt 0.67495968 0.55581950
vt 0.67099166 0.55756981
vt 0.66820905 0.55581950
vt 0.67099166 0.55406920
vt 0.67495968 0.55581950
vt 0.67099166 0.55406920
vt 0.67495968 0.55284175
vt 0.67099166 0.55756981
vt 0.67099166 0.55406920
vt 0.67495968 0.55581950
vt 0.67132860 0.55581950
vt 0.66715651 0.55581950
vt 0.66960874 0.55298755
vt 0.66715651 0.55581950
vt 0.66298419 0.55581950
vt 0.66470404 0.55298755
vt 0.66960874 0.55298755
vt 0.66470404 0.55298755
vt 0.66715651 0.55100146
vt 0.66715651 0.55581950
vt 0.66470404 0.55298755
vt 0.66960874 0.55298755
vt 0.66820905 0.55581950
vt 0.67099166 0.55756981
vt 0.67099166 0.55406920
vt 0.67099166 0.55756981
vt 0.67495968 0.55879726
vt 0.67495968 0.55581950
vt 0.67099166 0.55406920
vt 0.67495968 0.55581950
vt 0.67495968 0.55284175
vt 0.67099166 0.55756981
vt 0.67495968 0.55581950
vt 0.67099166 0.55406920
vt 0.67495968 0.55879726
vt 0.67741215 0.56040176
vt 0.67892770 0.55756981
vt 0.67741215 0.66318848
vt 0.67913200 0.66715651
vt 0.68138017 0.66470404
vt 0.66073602 0.55756981
vt 0.66470404 0.55865145
vt 0.66298419 0.55581950
vt 0.67741215 0.56040176
vt 0.68138017 0.55865145
vt 0.67892770 0.55756981
vt 0.67913200 0.66715651
vt 0.68138017 0.66960874
vt 0.67741215 0.67112453
vt 0.66960874 0.55298755
vt 0.67132860 0.55581950
vt 0.67357677 0.55406920
vt 0.67741215 0.55123724
vt 0.67892770 0.55406920
vt 0.67495968 0.55284175
vt 0.66960874 0.55298755
vt 0.67357677 0.55406920
vt 0.67112453 0.55123724
vt 0.67913200 0.66715651
vt 0.67741215 0.67112453
vt 0.67495968 0.66715651
vt 0.67741215 0.67112453
vt 0.67495968 0.67390736
vt 0.67250744 0.67112453
vt 0.67495968 0.66715651
vt 0.67250744 0.67112453
vt 0.67078759 0.66715651
vt 0.67741215 0.67112453
vt 0.67250744 0.67112453
vt 0.67495968 0.66715651
vt 0.67913200 0.66715651
vt 0.67495968 0.66715651
vt 0.67741215 0.66318848
vt 0.67495968 0.66715651
vt 0.67078759 0.66715651
vt 0.67250744 0.66318848
vt 0.67741215 0.66318848
vt 0.67250744 0.66318848
vt 0.67495968 0.66040565
vt 0.67495968 0.66715651
vt 0.67250744 0.66318848
vt 0.67741215 0.66318848
vt 0.67913200 0.66715651
vt 0.67741215 0.66318848
vt 0.68138017 0.66470404
vt 0.67741215 0.55123724
vt 0.67495968 0.55284175
vt 0.67892770 0.55406920
vt 0.66470404 0.55298755
vt 0.66073602 0.55406920
vt 0.66298419 0.55581950
vt 0.67741215 0.66318848
vt 0.67892770 0.66073602
vt 0.68138017 0.66470404
vt 0.66715651 0.55100146
vt 0.66470404 0.55298755
vt 0.66960874 0.55298755
vt 0.66470404 0.55298755
vt 0.66298419 0.55581950
vt 0.66715651 0.55581950
vt 0.66960874 0.55298755
vt 0.66715651 0.55581950
vt 0.67132860 0.55581950
vt 0.66470404 0.55298755
vt 0.66715651 0.55581950
vt 0.66960874 0.55298755
vt 0.67495968 0.55284175
vt 0.67892770 0.55406920
vt 0.67495968 0.55581950
vt 0.67892770 0.55406920
vt 0.68171053 0.55581950
vt 0.67892770 0.55756981
vt 0.67495968 0.55581950
vt 0.67892770 0.55756981
vt 0.67495968 0.55879726
vt 0.67892770 0.55406920
vt 0.67892770 0.55756981
vt 0.67495968 0.55581950
vt 0.67078759 0.66715651
vt 0.67250744 0.67112453
vt 0.66853942 0.66960874
vt 0.67250744 0.55123724
vt 0.67495968 0.55284175
vt 0.67099166 0.55406920
vt 0.66960874 0.55298755
vt 0.67357677 0.55406920
vt 0.67132860 0.55581950
vt 0.67112453 0.55123724
vt 0.67357677 0.55406920
vt 0.66960874 0.55298755
vt 0.67495968 0.55284175
vt 0.67250744 0.55123724
vt 0.67099166 0.55406920
vt 0.67250744 0.66318848
vt 0.67078759 0.66715651
vt 0.66853942 0.66470404
vt 0.66073602 0.55406920
vt 0.66470404 0.55298755
vt 0.66298419 0.55581950
vt 0.67250744 0.66318848
vt 0.66853942 0.66470404
vt 0.67099166 0.66073602
vt 0.68171053 0.55581950
vt 0.67892770 0.55406920
vt 0.67892770 0.55756981
vt 0.67892770 0.55406920
vt 0.67495968 0.55284175
vt 0.67495968 0.55581950
vt 0.67892770 0.55756981
vt 0.67495968 0.55581950
vt 0.67495968 0.55879726
vt 0.67892770 0.55406920
vt 0.67495968 0.55581950
vt 0.67892770 0.55756981
vt 0.67132860 0.55581950
vt 0.66715651 0.55581950
vt 0.66960874 0.55865145
vt 0.66715651 0.55581950
vt 0.66298419 0.55581950
vt 0.66470404 0.55865145
vt 0.66960874 0.55865145
vt 0.66470404 0.55865145
vt 0.66715651 0.56063754
vt 0.66715651 0.55581950
vt 0.66470404 0.55865145
vt 0.66960874 0.55865145
vt 0.32101108 0.62702891
vt 0.31876291 0.62948115
vt 0.32273093 0.63099693
vt 0.37948115 0.58130705
vt 0.38120100 0.57847510
vt 0.38344917 0.58022541
vt 0.32273093 0.58305736
vt 0.32121537 0.58022541
vt 0.32518340 0.58145286
vt 0.37948115 0.58130705
vt 0.38344917 0.58022541
vt 0.38099693 0.58305736
vt 0.32101108 0.62702891
vt 0.32273093 0.63099693
vt 0.32518340 0.62702891
vt 0.32273093 0.63099693
vt 0.32518340 0.63377976
vt 0.32763563 0.63099693
vt 0.32518340 0.62702891
vt 0.32763563 0.63099693
vt 0.32935549 0.62702891
vt 0.32273093 0.63099693
vt 0.32763563 0.63099693
vt 0.32518340 0.62702891
vt 0.32101108 0.62702891
vt 0.32518340 0.62702891
vt 0.32273093 0.62306088
vt 0.32518340 0.62702891
vt 0.32935549 0.62702891
vt 0.32763563 0.62306088
vt 0.32273093 0.62306088
vt 0.32763563 0.62306088
vt 0.32518340 0.62027805
vt 0.32518340 0.62702891
vt 0.32763563 0.62306088
vt 0.32273093 0.62306088
vt 0.32101108 0.62702891
vt 0.32273093 0.62306088
vt 0.31876291 0.62457644
vt 0.32273093 0.58305736
vt 0.32518340 0.58145286
vt 0.32121537 0.58022541
vt 0.37457644 0.58130705
vt 0.37060842 0.58022541
vt 0.37285659 0.57847510
vt 0.32273093 0.58305736
vt 0.32121537 0.58022541
vt 0.31876291 0.58130705
vt 0.37702891 0.58329314
vt 0.37457644 0.58130705
vt 0.37948115 0.58130705
vt 0.37457644 0.58130705
vt 0.37285659 0.57847510
vt 0.37702891 0.57847510
vt 0.37948115 0.58130705
vt 0.37702891 0.57847510
vt 0.38120100 0.57847510
vt 0.37457644 0.58130705
vt 0.37702891 0.57847510
vt 0.37948115 0.58130705
vt 0.32935549 0.62702891
vt 0.32763563 0.63099693
vt 0.33160366 0.62948115
vt 0.32763563 0.58305736
vt 0.32518340 0.58145286
vt 0.32915142 0.58022541
vt 0.37948115 0.58130705
vt 0.38344917 0.58022541
vt 0.38120100 0.57847510
vt 0.38099693 0.58305736
vt 0.38344917 0.58022541
vt 0.37948115 0.58130705
vt 0.32518340 0.58145286
vt 0.32121537 0.58022541
vt 0.32518340 0.57847510
vt 0.32121537 0.58022541
vt 0.31843254 0.57847510
vt 0.32121537 0.57672480
vt 0.32518340 0.57847510
vt 0.32121537 0.57672480
vt 0.32518340 0.57549735
vt 0.32121537 0.58022541
vt 0.32121537 0.57672480
vt 0.32518340 0.57847510
vt 0.38120100 0.57847510
vt 0.37702891 0.57847510
vt 0.37948115 0.57564315
vt 0.37702891 0.57847510
vt 0.37285659 0.57847510
vt 0.37457644 0.57564315
vt 0.37948115 0.57564315
vt 0.37457644 0.57564315
vt 0.37702891 0.57365707
vt 0.37702891 0.57847510
vt 0.37457644 0.57564315
vt 0.37948115 0.57564315
vt 0.31843254 0.57847510
vt 0.32121537 0.58022541
vt 0.32121537 0.57672480
vt 0.32121537 0.58022541
vt 0.32518340 0.58145286
vt 0.32518340 0.57847510
vt 0.32121537 0.57672480
vt 0.32518340 0.57847510
vt 0.32518340 0.57549735
vt 0.32121537 0.58022541
vt 0.32518340 0.57847510
vt 0.32121537 0.57672480
vt 0.32518340 0.58145286
vt 0.32763563 0.58305736
vt 0.32915142 0.58022541
vt 0.32763563 0.62306088
vt 0.32935549 0.62702891
vt 0.33160366 0.62457644
vt 0.37060842 0.58022541
vt 0.37457644 0.58130705
vt 0.37285659 0.57847510
vt 0.32763563 0.62306088
vt 0.33160366 0.62457644
vt 0.32915142 0.62060842
vt 0.32935549 0.62702891
vt 0.33160366 0.62948115
vt 0.32763563 0.63099693
vt 0.37948115 0.57564315
vt 0.38120100 0.57847510
vt 0.38344917 0.57672480
vt 0.32763563 0.57389285
vt 0.32915142 0.57672480
vt 0.32518340 0.57549735
vt 0.37948115 0.57564315
vt 0.38344917 0.57672480
vt 0.38099693 0.57389285
vt 0.32935549 0.62702891
vt 0.32763563 0.63099693
vt 0.32518340 0.62702891
vt 0.32763563 0.63099693
vt 0.32518340 0.63377976
vt 0.32273093 0.63099693
vt 0.32518340 0.62702891
vt 0.32273093 0.63099693
vt 0.32101108 0.62702891
vt 0.32763563 0.63099693
vt 0.32273093 0.63099693
vt 0.32518340 0.62702891
vt 0.32935549 0.62702891
vt 0.32518340 0.62702891
vt 0.32763563 0.62306088
vt 0.32518340 0.62702891
vt 0.32101108 0.62702891
vt 0.32273093 0.62306088
vt 0.32763563 0.62306088
vt 0.32273093 0.62306088
vt 0.32518340 0.62027805
vt 0.32518340 0.62702891
vt 0.32273093 0.62306088
vt 0.32763563 0.62306088
vt 0.32935549 0.62702891
vt 0.32763563 0.62306088
vt 0.33160366 0.62457644
vt 0.32763563 0.57389285
vt 0.32518340 0.57549735
vt 0.32915142 0.57672480
vt 0.37457644 0.57564315
vt 0.37060842 0.57672480
vt 0.37285659 0.57847510
vt 0.32763563 0.62306088
vt 0.32915142 0.62060842
vt 0.33160366 0.62457644
vt 0.37702891 0.57365707
vt 0.37457644 0.57564315
vt 0.37948115 0.57564315
vt 0.37457644 0.57564315
vt 0.37285659 0.57847510
vt 0.37702891 0.57847510
vt 0.37948115 0.57564315
vt 0.37702891 0.57847510
vt 0.38120100 0.57847510
vt 0.37457644 0.57564315
vt 0.37702891 0.57847510
vt 0.37948115 0.57564315
vt 0.32518340 0.57549735
vt 0.32915142 0.57672480
vt 0.32518340 0.57847510
vt 0.32915142 0.57672480
vt 0.33193425 0.57847510
vt 0.32915142 0.58022541
vt 0.32518340 0.57847510
vt 0.32915142 0.58022541
vt 0.32518340 0.58145286
vt 0.32915142 0.57672480
vt 0.32915142 0.58022541
vt 0.32518340 0.57847510
vt 0.32101108 0.62702891
vt 0.32273093 0.63099693
vt 0.31876291 0.62948115
vt 0.32273093 0.57389285
vt 0.32518340 0.57549735
vt 0.32121537 0.57672480
vt 0.37948115 0.57564315
vt 0.38344917 0.57672480
vt 0.38120100 0.57847510
vt 0.38099693 0.57389285
vt 0.38344917 0.57672480
vt 0.37948115 0.57564315
vt 0.32518340 0.57549735
vt 0.32273093 0.57389285
vt 0.32121537 0.57672480
vt 0.32273093 0.62306088
vt 0.32101108 0.62702891
vt 0.31876291 0.62457644
vt 0.37060842 0.57672480
vt 0.37457644 0.57564315
vt 0.37285659 0.57847510
vt 0.32273093 0.57389285
vt 0.31876291 0.57564315
vt 0.32121537 0.57672480
vt 0.33193425 0.57847510
vt 0.32915142 0.57672480
vt 0.32915142 0.58022541
vt 0.32915142 0.57672480
vt 0.32518340 0.57549735
vt 0.32518340 0.57847510
vt 0.32915142 0.58022541
vt 0.32518340 0.57847510
vt 0.32518340 0.58145286
vt 0.32915142 0.57672480
vt 0.32518340 0.57847510
vt 0.32915142 0.58022541
vt 0.38120100 0.57847510
vt 0.37702891 0.57847510
vt 0.37948115 0.58130705
vt 0.37702891 0.57847510
vt 0.37285659 0.57847510
vt 0.37457644 0.58130705
vt 0.37948115 0.58130705
vt 0.37457644 0.58130705
vt 0.37702891 0.58329314
vt 0.37702891 0.57847510
vt 0.37457644 0.58130705
vt 0.37948115 0.58130705
f 2/1/2 1/2/1 4/3/4
f 2/4/2 4/5/4 3/6/3
f 4/7/4 1/8/1 5/9/5
f 4/10/4 5/11/5 3/12/3
f 5/13/5 1/14/1 6/15/6
f 5/16/5 6/17/6 3/18/3
f 6/19/6 1/20/1 7/21/7
f 6/22/6 7/23/7 3/24/3
f 7/25/7 1/26/1 8/27/8
f 7/28/7 8/29/8 3/30/3
f 8/31/8 1/32/1 9/33/9
f 8/34/8 9/35/9 3/36/3
f 9/37/9 1/38/1 10/39/10
f 9/40/9 10/41/10 3/42/3
f 10/43/10 1/44/1 11/45/11
f 10/46/10 11/47/11 3/48/3
f 11/49/11 1/50/1 12/51/12
f 11/52/11 12/53/12 3/54/3
f 12/55/12 1/56/1 13/57/13
f 12/58/12 13/59/13 3/60/3
f 13/61/13 1/62/1 14/63/14
f 13/64/13 14/65/14 3/66/3
f 14/67/14 1/68/1 15/69/15
f 14/70/14 15/71/15 3/72/3
f 15/73/15 1/74/1 16/75/16
f 15/76/15 16/77/16 3/78/3
f 16/79/16 1/80/1 17/81/17
f 16/82/16 17/83/17 3/84/3
f 17/85/17 1/86/1 18/87/18
f 17/88/17 18/89/18 3/90/3
f 18/91/18 1/92/1 19/93/19
f 18/94/18 19/95/19 3/96/3
f 19/97/19 1/98/1 20/99/20
f 19/100/19 20/101/20 3/102/3
f 20/103/20 1/104/1 21/105/21
f 20/106/20 21/107/21 3/108/3
f 21/109/21 1/110/1 22/111/22
f 21/112/21 22/113/22 3/114/3
f 22/115/22 1/116/1 23/117/23
f 22/118/22 23/119/23 3/120/3
f 23/121/23 1/122/1 24/123/24
f 23/124/23 24/125/24 3/126/3
f 24/127/24 1/128/1 25/129/25
f 24/130/24 25/131/25 3/132/3
f 25/133/25 1/134/1 26/135/26
f 25/136/25 26/137/26 3/138/3
f 26/139/26 1/140/1 27/141/27
f 26/142/26 27/143/27 3/144/3
f 27/145/27 1/146/1 28/147/28
f 27/148/27 28/149/28 3/150/3
f 28/151/28 1/152/1 29/153/29
f 28/154/28 29/155/29 3/156/3
f 29/157/29 1/158/1 30/159/30
f 29/160/29 30/161/30 3/162/3
f 30/163/30 1/164/1 31/165/31
f 30/166/30 31/167/31 3/168/3
f 31/169/31 1/170/1 32/171/32
f 31/172/31 32/173/32 3/174/3
f 32/175/32 1/176/1 33/177/33
f 32/178/32 33/179/33 3/180/3
f 33/181/33 1/182/1 34/183/34
f 33/184/33 34/185/34 3/186/3
f 34/187/34 1/188/1 2/189/2
f 34/190/34 2/191/2 3/192/3
usemtl amarillo
f 35/193/35 172/194/172 88/195/88
f 172/196/172 72/197/72 174/198/174
f 88/199/88 174/200/174 51/201/51
f 172/202/172 174/203/174 88/204/88
f 72/205/72 173/206/173 189/207/189
f 173/208/173 46/209/46 186/210/186
f 189/211/189 186/212/186 75/213/75
f 173/214/173 186/215/186 189/216/189
f 51/217/51 187/218/187 89/219/89
f 187/220/187 75/221/75 185/222/185
f 89/223/89 185/224/185 40/225/40
f 187/226/187 185/227/185 89/228/89
f 72/229/72 189/230/189 174/231/174
f 189/232/189 75/233/75 187/234/187
f 174/235/174 187/236/187 51/237/51
f 189/238/189 187/239/187 174/240/174
f 35/241/35 88/242/88 77/243/77
f 88/244/88 51/245/51 90/246/90
f 77/247/77 90/248/90 47/249/47
f 88/250/88 90/251/90 77/252/77
f 51/253/51 89/254/89 94/255/94
f 89/256/89 40/257/40 92/258/92
f 94/259/94 92/260/92 52/261/52
f 89/262/89 92/263/92 94/264/94
f 47/265/47 93/266/93 78/267/78
f 93/268/93 52/269/52 91/270/91
f 78/271/78 91/272/91 36/273/36
f 93/274/93 91/275/91 78/276/78
f 51/277/51 94/278/94 90/279/90
f 94/280/94 52/281/52 93/282/93
f 90/283/90 93/284/93 47/285/47
f 94/286/94 93/287/93 90/288/90
f 35/289/35 77/290/77 104/291/104
f 77/292/77 47/293/47 106/294/106
f 104/295/104 106/296/106 56/297/56
f 77/298/77 106/299/106 104/300/104
f 47/301/47 78/302/78 109/303/109
f 78/304/78 36/305/36 107/306/107
f 109/307/109 107/308/107 57/309/57
f 78/310/78 107/311/107 109/312/109
f 56/313/56 110/314/110 105/315/105
f 110/316/110 57/317/57 108/318/108
f 105/319/105 108/320/108 42/321/42
f 110/322/110 108/323/108 105/324/105
f 47/325/47 109/326/109 106/327/106
f 109/328/109 57/329/57 110/330/110
f 106/331/106 110/332/110 56/333/56
f 109/334/109 110/335/110 106/336/106
f 35/337/35 104/338/104 155/339/155
f 104/340/104 56/341/56 157/342/157
f 155/343/155 157/344/157 68/345/68
f 104/346/104 157/347/157 155/348/155
f 56/349/56 105/350/105 168/351/168
f 105/352/105 42/353/42 166/354/166
f 168/355/168 166/356/166 71/357/71
f 105/358/105 166/359/166 168/360/168
f 68/361/68 170/362/170 156/363/156
f 170/364/170 71/365/71 167/366/167
f 156/367/156 167/368/167 45/369/45
f 170/370/170 167/371/167 156/372/156
f 56/373/56 168/374/168 157/375/157
f 168/376/168 71/377/71 170/378/170
f 157/379/157 170/380/170 68/381/68
f 168/382/168 170/383/170 157/384/157
f 35/385/35 155/386/155 172/387/172
f 155/388/155 68/389/68 175/390/175
f 172/391/172 175/392/175 72/393/72
f 155/394/155 175/395/175 172/396/172
f 68/397/68 156/398/156 193/399/193
f 156/400/156 45/401/45 191/402/191
f 193/403/193 191/404/191 76/405/76
f 156/406/156 191/407/191 193/408/193
f 72/409/72 195/410/195 173/411/173
f 195/412/195 76/413/76 192/414/192
f 173/415/173 192/416/192 46/417/46
f 195/418/195 192/419/192 173/420/173
f 68/421/68 193/422/193 175/423/175
f 193/424/193 76/425/76 195/426/195
f 175/427/175 195/428/195 72/429/72
f 193/430/193 195/431/195 175/432/175
f 36/433/36 91/434/91 130/435/130
f 91/436/91 52/437/52 132/438/132
f 130/439/130 132/440/132 63/441/63
f 91/442/91 132/443/132 130/444/130
f 52/445/52 92/446/92 145/447/145
f 92/448/92 40/449/40 143/450/143
f 145/451/145 143/452/143 66/453/66
f 92/454/92 143/455/143 145/456/145
f 63/457/63 147/458/147 131/459/131
f 147/460/147 66/461/66 144/462/144
f 131/463/131 144/464/144 44/465/44
f 147/466/147 144/467/144 131/468/131
f 52/469/52 145/470/145 132/471/132
f 145/472/145 66/473/66 147/474/147
f 132/475/132 147/476/147 63/477/63
f 145/478/145 147/479/147 132/480/132
f 40/481/40 185/482/185 96/483/96
f 185/484/185 75/485/75 188/486/188
f 96/487/96 188/488/188 53/489/53
f 185/490/185 188/491/188 96/492/96
f 75/493/75 186/494/186 190/495/190
f 186/496/186 46/497/46 181/498/181
f 190/499/190 181/500/181 74/501/74
f 186/502/186 181/503/181 190/504/190
f 53/505/53 183/506/183 95/507/95
f 183/508/183 74/509/74 180/510/180
f 95/511/95 180/512/180 39/513/39
f 183/514/183 180/515/180 95/516/95
f 75/517/75 190/518/190 188/519/188
f 190/520/190 74/521/74 183/522/183
f 188/523/188 183/524/183 53/525/53
f 190/526/190 183/527/183 188/528/188
f 46/529/46 192/530/192 177/531/177
f 192/532/192 76/533/76 196/534/196
f 177/535/177 196/536/196 73/537/73
f 192/538/192 196/539/196 177/540/177
f 76/541/76 191/542/191 194/543/194
f 191/544/191 45/545/45 159/546/159
f 194/547/194 159/548/159 69/549/69
f 191/550/191 159/551/159 194/552/194
f 73/553/73 179/554/179 176/555/176
f 179/556/179 69/557/69 158/558/158
f 176/559/176 158/560/158 37/561/37
f 179/562/179 158/563/158 176/564/176
f 76/565/76 194/566/194 196/567/196
f 194/568/194 69/569/69 179/570/179
f 196/571/196 179/572/179 73/573/73
f 194/574/194 179/575/179 196/576/196
f 45/577/45 167/578/167 162/579/162
f 167/580/167 71/581/71 171/582/171
f 162/583/162 171/584/171 70/585/70
f 167/586/167 171/587/171 162/588/162
f 71/589/71 166/590/166 169/591/169
f 166/592/166 42/593/42 112/594/112
f 169/595/169 112/596/112 58/597/58
f 166/598/166 112/599/112 169/600/169
f 70/601/70 164/602/164 161/603/161
f 164/604/164 58/605/58 111/606/111
f 161/607/161 111/608/111 41/609/41
f 164/610/164 111/611/111 161/612/161
f 71/613/71 169/614/169 171/615/171
f 169/616/169 58/617/58 164/618/164
f 171/619/171 164/620/164 70/621/70
f 169/622/169 164/623/164 171/624/171
f 42/625/42 108/626/108 124/627/124
f 108/628/108 57/629/57 126/630/126
f 124/631/124 126/632/126 62/633/62
f 108/634/108 126/635/126 124/636/124
f 57/637/57 107/638/107 115/639/115
f 107/640/107 36/641/36 113/642/113
f 115/643/115 113/644/113 59/645/59
f 107/646/107 113/647/113 115/648/115
f 62/649/62 128/650/128 125/651/125
f 128/652/128 59/653/59 114/654/114
f 125/655/125 114/656/114 43/657/43
f 128/658/128 114/659/114 125/660/125
f 57/661/57 115/662/115 126/663/126
f 115/664/115 59/665/59 128/666/128
f 126/667/126 128/668/128 62/669/62
f 115/670/115 128/671/128 126/672/126
f 38/673/38 134/674/134 84/675/84
f 134/676/134 64/677/64 136/678/136
f 84/679/84 136/680/136 50/681/50
f 134/682/134 136/683/136 84/684/84
f 64/685/64 135/686/135 142/687/142
f 135/688/135 44/689/44 139/690/139
f 142/691/142 139/692/139 65/693/65
f 135/694/135 139/695/139 142/696/142
f 50/697/50 140/698/140 85/699/85
f 140/700/140 65/701/65 138/702/138
f 85/703/85 138/704/138 39/705/39
f 140/706/140 138/707/138 85/708/85
f 64/709/64 142/710/142 136/711/136
f 142/712/142 65/713/65 140/714/140
f 136/715/136 140/716/140 50/717/50
f 142/718/142 140/719/140 136/720/136
f 38/721/38 84/722/84 80/723/80
f 84/724/84 50/725/50 86/726/86
f 80/727/80 86/728/86 48/729/48
f 84/730/84 86/731/86 80/732/80
f 50/733/50 85/734/85 87/735/87
f 85/736/85 39/737/39 82/738/82
f 87/739/87 82/740/82 49/741/49
f 85/742/85 82/743/82 87/744/87
f 48/745/48 83/746/83 79/747/79
f 83/748/83 49/749/49 81/750/81
f 79/751/79 81/752/81 37/753/37
f 83/754/83 81/755/81 79/756/79
f 50/757/50 87/758/87 86/759/86
f 87/760/87 49/761/49 83/762/83
f 86/763/86 83/764/83 48/765/48
f 87/766/87 83/767/83 86/768/86
f 38/769/38 80/770/80 100/771/100
f 80/772/80 48/773/48 102/774/102
f 100/775/100 102/776/102 55/777/55
f 80/778/80 102/779/102 100/780/100
f 48/781/48 79/782/79 99/783/99
f 79/784/79 37/785/37 97/786/97
f 99/787/99 97/788/97 54/789/54
f 79/790/79 97/791/97 99/792/99
f 55/793/55 103/794/103 101/795/101
f 103/796/103 54/797/54 98/798/98
f 101/799/101 98/800/98 41/801/41
f 103/802/103 98/803/98 101/804/101
f 48/805/48 99/806/99 102/807/102
f 99/808/99 54/809/54 103/810/103
f 102/811/102 103/812/103 55/813/55
f 99/814/99 103/815/103 102/816/102
f 38/817/38 100/818/100 116/819/116
f 100/820/100 55/821/55 118/822/118
f 116/823/116 118/824/118 60/825/60
f 100/826/100 118/827/118 116/828/116
f 55/829/55 101/830/101 121/831/121
f 101/832/101 41/833/41 119/834/119
f 121/835/121 119/836/119 61/837/61
f 101/838/101 119/839/119 121/840/121
f 60/841/60 123/842/123 117/843/117
f 123/844/123 61/845/61 120/846/120
f 117/847/117 120/848/120 43/849/43
f 123/850/123 120/851/120 117/852/117
f 55/853/55 121/854/121 118/855/118
f 121/856/121 61/857/61 123/858/123
f 118/859/118 123/860/123 60/861/60
f 121/862/121 123/863/123 118/864/118
f 38/865/38 116/866/116 134/867/134
f 116/868/116 60/869/60 137/870/137
f 134/871/134 137/872/137 64/873/64
f 116/874/116 137/875/137 134/876/134
f 60/877/60 117/878/117 152/879/152
f 117/880/117 43/881/43 149/882/149
f 152/883/152 149/884/149 67/885/67
f 117/886/117 149/887/149 152/888/152
f 64/889/64 154/890/154 135/891/135
f 154/892/154 67/893/67 150/894/150
f 135/895/135 150/896/150 44/897/44
f 154/898/154 150/899/150 135/900/135
f 60/901/60 152/902/152 137/903/137
f 152/904/152 67/905/67 154/906/154
f 137/907/137 154/908/154 64/909/64
f 152/910/152 154/911/154 137/912/137
f 39/913/39 138/914/138 95/915/95
f 138/916/138 65/917/65 141/918/141
f 95/919/95 141/920/141 53/921/53
f 138/922/138 141/923/141 95/924/95
f 65/925/65 139/926/139 148/927/148
f 139/928/139 44/929/44 144/930/144
f 148/931/148 144/932/144 66/933/66
f 139/934/139 144/935/144 148/936/148
f 53/937/53 146/938/146 96/939/96
f 146/940/146 66/941/66 143/942/143
f 96/943/96 143/944/143 40/945/40
f 146/946/146 143/947/143 96/948/96
f 65/949/65 148/950/148 141/951/141
f 148/952/148 66/953/66 146/954/146
f 141/955/141 146/956/146 53/957/53
f 148/958/148 146/959/146 141/960/141
f 37/961/37 81/962/81 176/963/176
f 81/964/81 49/965/49 178/966/178
f 176/967/176 178/968/178 73/969/73
f 81/970/81 178/971/178 176/972/176
f 49/973/49 82/974/82 182/975/182
f 82/976/82 39/977/39 180/978/180
f 182/979/182 180/980/180 74/981/74
f 82/982/82 180/983/180 182/984/182
f 73/985/73 184/986/184 177/987/177
f 184/988/184 74/989/74 181/990/181
f 177/991/177 181/992/181 46/993/46
f 184/994/184 181/995/181 177/996/177
f 49/997/49 182/998/182 178/999/178
f 182/1000/182 74/1001/74 184/1002/184
f 178/1003/178 184/1004/184 73/1005/73
f 182/1006/182 184/1007/184 178/1008/178
f 41/1009/41 98/1010/98 161/1011/161
f 98/1012/98 54/1013/54 163/1014/163
f 161/1015/161 163/1016/163 70/1017/70
f 98/1018/98 163/1019/163 161/1020/161
f 54/1021/54 97/1022/97 160/1023/160
f 97/1024/97 37/1025/37 158/1026/158
f 160/1027/160 158/1028/158 69/1029/69
f 97/1030/97 158/1031/158 160/1032/160
f 70/1033/70 165/1034/165 162/1035/162
f 165/1036/165 69/1037/69 159/1038/159
f 162/1039/162 159/1040/159 45/1041/45
f 165/1042/165 159/1043/159 162/1044/162
f 54/1045/54 160/1046/160 163/1047/163
f 160/1048/160 69/1049/69 165/1050/165
f 163/1051/163 165/1052/165 70/1053/70
f 160/1054/160 165/1055/165 163/1056/163
f 43/1057/43 120/1058/120 125/1059/125
f 120/1060/120 61/1061/61 129/1062/129
f 125/1063/125 129/1064/129 62/1065/62
f 120/1066/120 129/1067/129 125/1068/125
f 61/1069/61 119/1070/119 122/1071/122
f 119/1072/119 41/1073/41 111/1074/111
f 122/1075/122 111/1076/111 58/1077/58
f 119/1078/119 111/1079/111 122/1080/122
f 62/1081/62 127/1082/127 124/1083/124
f 127/1084/127 58/1085/58 112/1086/112
f 124/1087/124 112/1088/112 42/1089/42
f 127/1090/127 112/1091/112 124/1092/124
f 61/1093/61 122/1094/122 129/1095/129
f 122/1096/122 58/1097/58 127/1098/127
f 129/1099/129 127/1100/127 62/1101/62
f 122/1102/122 127/1103/127 129/1104/129
f 44/1105/44 150/1106/150 131/1107/131
f 150/1108/150 67/1109/67 153/1110/153
f 131/1111/131 153/1112/153 63/1113/63
f 150/1114/150 153/1115/153 131/1116/131
f 67/1117/67 149/1118/149 151/1119/151
f 149/1120/149 43/1121/43 114/1122/114
f 151/1123/151 114/1124/114 59/1125/59
f 149/1126/149 114/1127/114 151/1128/151
f 63/1129/63 133/1130/133 130/1131/130
f 133/1132/133 59/1133/59 113/1134/113
f 130/1135/130 113/1136/113 36/1137/36
f 133/1138/133 113/1139/113 130/1140/130
f 67/1141/67 151/1142/151 153/1143/153
f 151/1144/151 59/1145/59 133/1146/133
f 153/1147/153 133/1148/133 63/1149/63
f 151/1150/151 133/1151/133 153/1152/153
usemtl azul
f 197/1153/197 234/1154/234 213/1155/213
f 234/1156/234 208/1157/208 237/1158/237
f 213/1159/213 237/1160/237 202/1161/202
f 234/1162/234 237/1163/237 213/1164/213
f 197/1165/197 213/1166/213 209/1167/209
f 213/1168/213 202/1169/202 214/1170/214
f 209/1171/209 214/1172/214 198/1173/198
f 213/1174/213 214/1175/214 209/1176/209
f 197/1177/197 209/1178/209 218/1179/218
f 209/1180/209 198/1181/198 219/1182/219
f 218/1183/218 219/1184/219 204/1185/204
f 209/1186/209 219/1187/219 218/1188/218
f 197/1189/197 218/1190/218 230/1191/230
f 218/1192/218 204/1193/204 233/1194/233
f 230/1195/230 233/1196/233 207/1197/207
f 218/1198/218 233/1199/233 230/1200/230
f 197/1201/197 230/1202/230 234/1203/234
f 230/1204/230 207/1205/207 238/1206/238
f 234/1207/234 238/1208/238 208/1209/208
f 230/1210/230 238/1211/238 234/1212/234
f 198/1213/198 214/1214/214 225/1215/225
f 214/1216/214 202/1217/202 228/1218/228
f 225/1219/225 228/1220/228 206/1221/206
f 214/1222/214 228/1223/228 225/1224/225
f 202/1225/202 237/1226/237 215/1227/215
f 237/1228/237 208/1229/208 236/1230/236
f 215/1231/215 236/1232/236 201/1233/201
f 237/1234/237 236/1235/236 215/1236/215
f 208/1237/208 238/1238/238 235/1239/235
f 238/1240/238 207/1241/207 231/1242/231
f 235/1243/235 231/1244/231 199/1245/199
f 238/1246/238 231/1247/231 235/1248/235
f 207/1249/207 233/1250/233 232/1251/232
f 233/1252/233 204/1253/204 220/1254/220
f 232/1255/232 220/1256/220 203/1257/203
f 233/1258/233 220/1259/220 232/1260/232
f 204/1261/204 219/1262/219 224/1263/224
f 219/1264/219 198/1265/198 221/1266/221
f 224/1267/224 221/1268/221 205/1269/205
f 219/1270/219 221/1271/221 224/1272/224
f 200/1273/200 226/1274/226 212/1275/212
f 226/1276/226 206/1277/206 227/1278/227
f 212/1279/212 227/1280/227 201/1281/201
f 226/1282/226 227/1283/227 212/1284/212
f 200/1285/200 212/1286/212 210/1287/210
f 212/1288/212 201/1289/201 211/1290/211
f 210/1291/210 211/1292/211 199/1293/199
f 212/1294/212 211/1295/211 210/1296/210
f 200/1297/200 210/1298/210 217/1299/217
f 210/1300/210 199/1301/199 216/1302/216
f 217/1303/217 216/1304/216 203/1305/203
f 210/1306/210 216/1307/216 217/1308/217
f 200/1309/200 217/1310/217 222/1311/222
f 217/1312/217 203/1313/203 223/1314/223
f 222/1315/222 223/1316/223 205/1317/205
f 217/1318/217 223/1319/223 222/1320/222
f 200/1321/200 222/1322/222 226/1323/226
f 222/1324/222 205/1325/205 229/1326/229
f 226/1327/226 229/1328/229 206/1329/206
f 222/1330/222 229/1331/229 226/1332/226
f 201/1333/201 227/1334/227 215/1335/215
f 227/1336/227 206/1337/206 228/1338/228
f 215/1339/215 228/1340/228 202/1341/202
f 227/1342/227 228/1343/228 215/1344/215
f 199/1345/199 211/1346/211 235/1347/235
f 211/1348/211 201/1349/201 236/1350/236
f 235/1351/235 236/1352/236 208/1353/208
f 211/1354/211 236/1355/236 235/1356/235
f 203/1357/203 216/1358/216 232/1359/232
f 216/1360/216 199/1361/199 231/1362/231
f 232/1363/232 231/1364/231 207/1365/207
f 216/1366/216 231/1367/231 232/1368/232
f 205/1369/205 223/1370/223 224/1371/224
f 223/1372/223 203/1373/203 220/1374/220
f 224/1375/224 220/1376/220 204/1377/204
f 223/1378/223 220/1379/220 224/1380/224
f 206/1381/206 229/1382/229 225/1383/225
f 229/1384/229 205/1385/205 221/1386/221
f 225/1387/225 221/1388/221 198/1389/198
f 229/1390/229 221/1391/221 225/1392/225
usemtl amarillo
f 239/1393/239 276/1394/276 255/1395/255
f 276/1396/276 250/1397/250 279/1398/279
f 255/1399/255 279/1400/279 244/1401/244
f 276/1402/276 279/1403/279 255/1404/255
f 239/1405/239 255/1406/255 251/1407/251
f 255/1408/255 244/1409/244 256/1410/256
f 251/1411/251 256/1412/256 240/1413/240
f 255/1414/255 256/1415/256 251/1416/251
f 239/1417/239 251/1418/251 260/1419/260
f 251/1420/251 240/1421/240 261/1422/261
f 260/1423/260 261/1424/261 246/1425/246
f 251/1426/251 261/1427/261 260/1428/260
f 239/1429/239 260/1430/260 272/1431/272
f 260/1432/260 246/1433/246 275/1434/275
f 272/1435/272 275/1436/275 249/1437/249
f 260/1438/260 275/1439/275 272/1440/272
f 239/1441/239 272/1442/272 276/1443/276
f 272/1444/272 249/1445/249 280/1446/280
f 276/1447/276 280/1448/280 250/1449/250
f 272/1450/272 280/1451/280 276/1452/276
f 240/1453/240 256/1454/256 267/1455/267
f 256/1456/256 244/1457/244 270/1458/270
f 267/1459/267 270/1460/270 248/1461/248
f 256/1462/256 270/1463/270 267/1464/267
f 244/1465/244 279/1466/279 257/1467/257
f 279/1468/279 250/1469/250 278/1470/278
f 257/1471/257 278/1472/278 243/1473/243
f 279/1474/279 278/1475/278 257/1476/257
f 250/1477/250 280/1478/280 277/1479/277
f 280/1480/280 249/1481/249 273/1482/273
f 277/1483/277 273/1484/273 241/1485/241
f 280/1486/280 273/1487/273 277/1488/277
f 249/1489/249 275/1490/275 274/1491/274
f 275/1492/275 246/1493/246 262/1494/262
f 274/1495/274 262/1496/262 245/1497/245
f 275/1498/275 262/1499/262 274/1500/274
f 246/1501/246 261/1502/261 266/1503/266
f 261/1504/261 240/1505/240 263/1506/263
f 266/1507/266 263/1508/263 247/1509/247
f 261/1510/261 263/1511/263 266/1512/266
f 242/1513/242 268/1514/268 254/1515/254
f 268/1516/268 248/1517/248 269/1518/269
f 254/1519/254 269/1520/269 243/1521/243
f 268/1522/268 269/1523/269 254/1524/254
f 242/1525/242 254/1526/254 252/1527/252
f 254/1528/254 243/1529/243 253/1530/253
f 252/1531/252 253/1532/253 241/1533/241
f 254/1534/254 253/1535/253 252/1536/252
f 242/1537/242 252/1538/252 259/1539/259
f 252/1540/252 241/1541/241 258/1542/258
f 259/1543/259 258/1544/258 245/1545/245
f 252/1546/252 258/1547/258 259/1548/259
f 242/1549/242 259/1550/259 264/1551/264
f 259/1552/259 245/1553/245 265/1554/265
f 264/1555/264 265/1556/265 247/1557/247
f 259/1558/259 265/1559/265 264/1560/264
f 242/1561/242 264/1562/264 268/1563/268
f 264/1564/264 247/1565/247 271/1566/271
f 268/1567/268 271/1568/271 248/1569/248
f 264/1570/264 271/1571/271 268/1572/268
f 243/1573/243 269/1574/269 257/1575/257
f 269/1576/269 248/1577/248 270/1578/270
f 257/1579/257 270/1580/270 244/1581/244
f 269/1582/269 270/1583/270 257/1584/257
f 241/1585/241 253/1586/253 277/1587/277
f 253/1588/253 243/1589/243 278/1590/278
f 277/1591/277 278/1592/278 250/1593/250
f 253/1594/253 278/1595/278 277/1596/277
f 245/1597/245 258/1598/258 274/1599/274
f 258/1600/258 241/1601/241 273/1602/273
f 274/1603/274 273/1604/273 249/1605/249
f 258/1606/258 273/1607/273 274/1608/274
f 247/1609/247 265/1610/265 266/1611/266
f 265/1612/265 245/1613/245 262/1614/262
f 266/1615/266 262/1616/262 246/1617/246
f 265/1618/265 262/1619/262 266/1620/266
f 248/1621/248 271/1622/271 267/1623/267
f 271/1624/271 247/1625/247 263/1626/263
f 267/1627/267 263/1628/263 240/1629/240
f 271/1630/271 263/1631/263 267/1632/267
usemtl lila
f 281/1633/281 318/1634/318 297/1635/297
f 318/1636/318 292/1637/292 321/1638/321
f 297/1639/297 321/1640/321 286/1641/286
f 318/1642/318 321/1643/321 297/1644/297
f 281/1645/281 297/1646/297 293/1647/293
f 297/1648/297 286/1649/286 298/1650/298
f 293/1651/293 298/1652/298 282/1653/282
f 297/1654/297 298/1655/298 293/1656/293
f 281/1657/281 293/1658/293 302/1659/302
f 293/1660/293 282/1661/282 303/1662/303
f 302/1663/302 303/1664/303 288/1665/288
f 293/1666/293 303/1667/303 302/1668/302
f 281/1669/281 302/1670/302 314/1671/314
f 302/1672/302 288/1673/288 317/1674/317
f 314/1675/314 317/1676/317 291/1677/291
f 302/1678/302 317/1679/317 314/1680/314
f 281/1681/281 314/1682/314 318/1683/318
f 314/1684/314 291/1685/291 322/1686/322
f 318/1687/318 322/1688/322 292/1689/292
f 314/1690/314 322/1691/322 318/1692/318
f 282/1693/282 298/1694/298 309/1695/309
f 298/1696/298 286/1697/286 312/1698/312
f 309/1699/309 312/1700/312 290/1701/290
f 298/1702/298 312/1703/312 309/1704/309
f 286/1705/286 321/1706/321 299/1707/299
f 321/1708/321 292/1709/292 320/1710/320
f 299/1711/299 320/1712/320 285/1713/285
f 321/1714/321 320/1715/320 299/1716/299
f 292/1717/292 322/1718/322 319/1719/319
f 322/1720/322 291/1721/291 315/1722/315
f 319/1723/319 315/1724/315 283/1725/283
f 322/1726/322 315/1727/315 319/1728/319
f 291/1729/291 317/1730/317 316/1731/316
f 317/1732/317 288/1733/288 304/1734/304
f 316/1735/316 304/1736/304 287/1737/287
f 317/1738/317 304/1739/304 316/1740/316
f 288/1741/288 303/1742/303 308/1743/308
f 303/1744/303 282/1745/282 305/1746/305
f 308/1747/308 305/1748/305 289/1749/289
f 303/1750/303 305/1751/305 308/1752/308
f 284/1753/284 310/1754/310 296/1755/296
f 310/1756/310 290/1757/290 311/1758/311
f 296/1759/296 311/1760/311 285/1761/285
f 310/1762/310 311/1763/311 296/1764/296
f 284/1765/284 296/1766/296 294/1767/294
f 296/1768/296 285/1769/285 295/1770/295
f 294/1771/294 295/1772/295 283/1773/283
f 296/1774/296 295/1775/295 294/1776/294
f 284/1777/284 294/1778/294 301/1779/301
f 294/1780/294 283/1781/283 300/1782/300
f 301/1783/301 300/1784/300 287/1785/287
f 294/1786/294 300/1787/300 301/1788/301
f 284/1789/284 301/1790/301 306/1791/306
f 301/1792/301 287/1793/287 307/1794/307
f 306/1795/306 307/1796/307 289/1797/289
f 301/1798/301 307/1799/307 306/1800/306
f 284/1801/284 306/1802/306 310/1803/310
f 306/1804/306 289/1805/289 313/1806/313
f 310/1807/310 313/1808/313 290/1809/290
f 306/1810/306 313/1811/313 310/1812/310
f 285/1813/285 311/1814/311 299/1815/299
f 311/1816/311 290/1817/290 312/1818/312
f 299/1819/299 312/1820/312 286/1821/286
f 311/1822/311 312/1823/312 299/1824/299
f 283/1825/283 295/1826/295 319/1827/319
f 295/1828/295 285/1829/285 320/1830/320
f 319/1831/319 320/1832/320 292/1833/292
f 295/1834/295 320/1835/320 319/1836/319
f 287/1837/287 300/1838/300 316/1839/316
f 300/1840/300 283/1841/283 315/1842/315
f 316/1843/316 315/1844/315 291/1845/291
f 300/1846/300 315/1847/315 316/1848/316
f 289/1849/289 307/1850/307 308/1851/308
f 307/1852/307 287/1853/287 304/1854/304
f 308/1855/308 304/1856/304 288/1857/288
f 307/1858/307 304/1859/304 308/1860/308
f 290/1861/290 313/1862/313 309/1863/309
f 313/1864/313 289/1865/289 305/1866/305
f 309/1867/309 305/1868/305 282/1869/282
f 313/1870/313 305/1871/305 309/1872/309
usemtl menta
f 323/1873/323 360/1874/360 339/1875/339
f 360/1876/360 334/1877/334 363/1878/363
f 339/1879/339 363/1880/363 328/1881/328
f 360/1882/360 363/1883/363 339/1884/339
f 323/1885/323 339/1886/339 335/1887/335
f 339/1888/339 328/1889/328 340/1890/340
f 335/1891/335 340/1892/340 324/1893/324
f 339/1894/339 340/1895/340 335/1896/335
f 323/1897/323 335/1898/335 344/1899/344
f 335/1900/335 324/1901/324 345/1902/345
f 344/1903/344 345/1904/345 330/1905/330
f 335/1906/335 345/1907/345 344/1908/344
f 323/1909/323 344/1910/344 356/1911/356
f 344/1912/344 330/1913/330 359/1914/359
f 356/1915/356 359/1916/359 333/1917/333
f 344/1918/344 359/1919/359 356/1920/356
f 323/1921/323 356/1922/356 360/1923/360
f 356/1924/356 333/1925/333 364/1926/364
f 360/1927/360 364/1928/364 334/1929/334
f 356/1930/356 364/1931/364 360/1932/360
f 324/1933/324 340/1934/340 351/1935/351
f 340/1936/340 328/1937/328 354/1938/354
f 351/1939/351 354/1940/354 332/1941/332
f 340/1942/340 354/1943/354 351/1944/351
f 328/1945/328 363/1946/363 341/1947/341
f 363/1948/363 334/1949/334 362/1950/362
f 341/1951/341 362/1952/362 327/1953/327
f 363/1954/363 362/1955/362 341/1956/341
f 334/1957/334 364/1958/364 361/1959/361
f 364/1960/364 333/1961/333 357/1962/357
f 361/1963/361 357/1964/357 325/1965/325
f 364/1966/364 357/1967/357 361/1968/361
f 333/1969/333 359/1970/359 358/1971/358
f 359/1972/359 330/1973/330 346/1974/346
f 358/1975/358 346/1976/346 329/1977/329
f 359/1978/359 346/1979/346 358/1980/358
f 330/1981/330 345/1982/345 350/1983/350
f 345/1984/345 324/1985/324 347/1986/347
f 350/1987/350 347/1988/347 331/1989/331
f 345/1990/345 347/1991/347 350/1992/350
f 326/1993/326 352/1994/352 338/1995/338
f 352/1996/352 332/1997/332 353/1998/353
f 338/1999/338 353/2000/353 327/2001/327
f 352/2002/352 353/2003/353 338/2004/338
f 326/2005/326 338/2006/338 336/2007/336
f 338/2008/338 327/2009/327 337/2010/337
f 336/2011/336 337/2012/337 325/2013/325
f 338/2014/338 337/2015/337 336/2016/336
f 326/2017/326 336/2018/336 343/2019/343
f 336/2020/336 325/2021/325 342/2022/342
f 343/2023/343 342/2024/342 329/2025/329
f 336/2026/336 342/2027/342 343/2028/343
f 326/2029/326 343/2030/343 348/2031/348
f 343/2032/343 329/2033/329 349/2034/349
f 348/2035/348 349/2036/349 331/2037/331
f 343/2038/343 349/2039/349 348/2040/348
f 326/2041/326 348/2042/348 352/2043/352
f 348/2044/348 331/2045/331 355/2046/355
f 352/2047/352 355/2048/355 332/2049/332
f 348/2050/348 355/2051/355 352/2052/352
f 327/2053/327 353/2054/353 341/2055/341
f 353/2056/353 332/2057/332 354/2058/354
f 341/2059/341 354/2060/354 328/2061/328
f 353/2062/353 354/2063/354 341/2064/341
f 325/2065/325 337/2066/337 361/2067/361
f 337/2068/337 327/2069/327 362/2070/362
f 361/2071/361 362/2072/362 334/2073/334
f 337/2074/337 362/2075/362 361/2076/361
f 329/2077/329 342/2078/342 358/2079/358
f 342/2080/342 325/2081/325 357/2082/357
f 358/2083/358 357/2084/357 333/2085/333
f 342/2086/342 357/2087/357 358/2088/358
f 331/2089/331 349/2090/349 350/2091/350
f 349/2092/349 329/2093/329 346/2094/346
f 350/2095/350 346/2096/346 330/2097/330
f 349/2098/349 346/2099/346 350/2100/350
f 332/2101/332 355/2102/355 351/2103/351
f 355/2104/355 331/2105/331 347/2106/347
f 351/2107/351 347/2108/347 324/2109/324
f 355/2110/355 347/2111/347 351/2112/351
usemtl azul
f 365/2113/365 402/2114/402 381/2115/381
f 402/2116/402 376/2117/376 405/2118/405
f 381/2119/381 405/2120/405 370/2121/370
f 402/2122/402 405/2123/405 381/2124/381
f 365/2125/365 381/2126/381 377/2127/377
f 381/2128/381 370/2129/370 382/2130/382
f 377/2131/377 382/2132/382 366/2133/366
f 381/2134/381 382/2135/382 377/2136/377
f 365/2137/365 377/2138/377 386/2139/386
f 377/2140/377 366/2141/366 387/2142/387
f 386/2143/386 387/2144/387 372/2145/372
f 377/2146/377 387/2147/387 386/2148/386
f 365/2149/365 386/2150/386 398/2151/398
f 386/2152/386 372/2153/372 401/2154/401
f 398/2155/398 401/2156/401 375/2157/375
f 386/2158/386 401/2159/401 398/2160/398
f 365/2161/365 398/2162/398 402/2163/402
f 398/2164/398 375/2165/375 406/2166/406
f 402/2167/402 406/2168/406 376/2169/376
f 398/2170/398 406/2171/406 402/2172/402
f 366/2173/366 382/2174/382 393/2175/393
f 382/2176/382 370/2177/370 396/2178/396
f 393/2179/393 396/2180/396 374/2181/374
f 382/2182/382 396/2183/396 393/2184/393
f 370/2185/370 405/2186/405 383/2187/383
f 405/2188/405 376/2189/376 404/2190/404
f 383/2191/383 404/2192/404 369/2193/369
f 405/2194/405 404/2195/404 383/2196/383
f 376/2197/376 406/2198/406 403/2199/403
f 406/2200/406 375/2201/375 399/2202/399
f 403/2203/403 399/2204/399 367/2205/367
f 406/2206/406 399/2207/399 403/2208/403
f 375/2209/375 401/2210/401 400/2211/400
f 401/2212/401 372/2213/372 388/2214/388
f 400/2215/400 388/2216/388 371/2217/371
f 401/2218/401 388/2219/388 400/2220/400
f 372/2221/372 387/2222/387 392/2223/392
f 387/2224/387 366/2225/366 389/2226/389
f 392/2227/392 389/2228/389 373/2229/373
f 387/2230/387 389/2231/389 392/2232/392
f 368/2233/368 394/2234/394 380/2235/380
f 394/2236/394 374/2237/374 395/2238/395
f 380/2239/380 395/2240/395 369/2241/369
f 394/2242/394 395/2243/395 380/2244/380
f 368/2245/368 380/2246/380 378/2247/378
f 380/2248/380 369/2249/369 379/2250/379
f 378/2251/378 379/2252/379 367/2253/367
f 380/2254/380 379/2255/379 378/2256/378
f 368/2257/368 378/2258/378 385/2259/385
f 378/2260/378 367/2261/367 384/2262/384
f 385/2263/385 384/2264/384 371/2265/371
f 378/2266/378 384/2267/384 385/2268/385
f 368/2269/368 385/2270/385 390/2271/390
f 385/2272/385 371/2273/371 391/2274/391
f 390/2275/390 391/2276/391 373/2277/373
f 385/2278/385 391/2279/391 390/2280/390
f 368/2281/368 390/2282/390 394/2283/394
f 390/2284/390 373/2285/373 397/2286/397
f 394/2287/394 397/2288/397 374/2289/374
f 390/2290/390 397/2291/397 394/2292/394
f 369/2293/369 395/2294/395 383/2295/383
f 395/2296/395 374/2297/374 396/2298/396
f 383/2299/383 396/2300/396 370/2301/370
f 395/2302/395 396/2303/396 383/2304/383
f 367/2305/367 379/2306/379 403/2307/403
f 379/2308/379 369/2309/369 404/2310/404
f 403/2311/403 404/2312/404 376/2313/376
f 379/2314/379 404/2315/404 403/2316/403
f 371/2317/371 384/2318/384 400/2319/400
f 384/2320/384 367/2321/367 399/2322/399
f 400/2323/400 399/2324/399 375/2325/375
f 384/2326/384 399/2327/399 400/2328/400
f 373/2329/373 391/2330/391 392/2331/392
f 391/2332/391 371/2333/371 388/2334/388
f 392/2335/392 388/2336/388 372/2337/372
f 391/2338/391 388/2339/388 392/2340/392
f 374/2341/374 397/2342/397 393/2343/393
f 397/2344/397 373/2345/373 389/2346/389
f 393/2347/393 389/2348/389 366/2349/366
f 397/2350/397 389/2351/389 393/2352/393
usemtl amarillo
f 407/2353/407 444/2354/444 423/2355/423
f 444/2356/444 418/2357/418 447/2358/447
f 423/2359/423 447/2360/447 412/2361/412
f 444/2362/444 447/2363/447 423/2364/423
f 407/2365/407 423/2366/423 419/2367/419
f 423/2368/423 412/2369/412 424/2370/424
f 419/2371/419 424/2372/424 408/2373/408
f 423/2374/423 424/2375/424 419/2376/419
f 407/2377/407 419/2378/419 428/2379/428
f 419/2380/419 408/2381/408 429/2382/429
f 428/2383/428 429/2384/429 414/2385/414
f 419/2386/419 429/2387/429 428/2388/428
f 407/2389/407 428/2390/428 440/2391/440
f 428/2392/428 414/2393/414 443/2394/443
f 440/2395/440 443/2396/443 417/2397/417
f 428/2398/428 443/2399/443 440/2400/440
f 407/2401/407 440/2402/440 444/2403/444
f 440/2404/440 417/2405/417 448/2406/448
f 444/2407/444 448/2408/448 418/2409/418
f 440/2410/440 448/2411/448 444/2412/444
f 408/2413/408 424/2414/424 435/2415/435
f 424/2416/424 412/2417/412 438/2418/438
f 435/2419/435 438/2420/438 416/2421/416
f 424/2422/424 438/2423/438 435/2424/435
f 412/2425/412 447/2426/447 425/2427/425
f 447/2428/447 418/2429/418 446/2430/446
f 425/2431/425 446/2432/446 411/2433/411
f 447/2434/447 446/2435/446 425/2436/425
f 418/2437/418 448/2438/448 445/2439/445
f 448/2440/448 417/2441/417 441/2442/441
f 445/2443/445 441/2444/441 409/2445/409
f 448/2446/448 441/2447/441 445/2448/445
f 417/2449/417 443/2450/443 442/2451/442
f 443/2452/443 414/2453/414 430/2454/430
f 442/2455/442 430/2456/430 413/2457/413
f 443/2458/443 430/2459/430 442/2460/442
f 414/2461/414 429/2462/429 434/2463/434
f 429/2464/429 408/2465/408 431/2466/431
f 434/2467/434 431/2468/431 415/2469/415
f 429/2470/429 431/2471/431 434/2472/434
f 410/2473/410 436/2474/436 422/2475/422
f 436/2476/436 416/2477/416 437/2478/437
f 422/2479/422 437/2480/437 411/2481/411
f 436/2482/436 437/2483/437 422/2484/422
f 410/2485/410 422/2486/422 420/2487/420
f 422/2488/422 411/2489/411 421/2490/421
f 420/2491/420 421/2492/421 409/2493/409
f 422/2494/422 421/2495/421 420/2496/420
f 410/2497/410 420/2498/420 427/2499/427
f 420/2500/420 409/2501/409 426/2502/426
f 427/2503/427 426/2504/426 413/2505/413
f 420/2506/420 426/2507/426 427/2508/427
f 410/2509/410 427/2510/427 432/2511/432
f 427/2512/427 413/2513/413 433/2514/433
f 432/2515/432 433/2516/433 415/2517/415
f 427/2518/427 433/2519/433 432/2520/432
f 410/2521/410 432/2522/432 436/2523/436
f 432/2524/432 415/2525/415 439/2526/439
f 436/2527/436 439/2528/439 416/2529/416
f 432/2530/432 439/2531/439 436/2532/436
f 411/2533/411 437/2534/437 425/2535/425
f 437/2536/437 416/2537/416 438/2538/438
f 425/2539/425 438/2540/438 412/2541/412
f 437/2542/437 438/2543/438 425/2544/425
f 409/2545/409 421/2546/421 445/2547/445
f 421/2548/421 411/2549/411 446/2550/446
f 445/2551/445 446/2552/446 418/2553/418
f 421/2554/421 446/2555/446 445/2556/445
f 413/2557/413 426/2558/426 442/2559/442
f 426/2560/426 409/2561/409 441/2562/441
f 442/2563/442 441/2564/441 417/2565/417
f 426/2566/426 441/2567/441 442/2568/442
f 415/2569/415 433/2570/433 434/2571/434
f 433/2572/433 413/2573/413 430/2574/430
f 434/2575/434 430/2576/430 414/2577/414
f 433/2578/433 430/2579/430 434/2580/434
f 416/2581/416 439/2582/439 435/2583/435
f 439/2584/439 415/2585/415 431/2586/431
f 435/2587/435 431/2588/431 408/2589/408
f 439/2590/439 431/2591/431 435/2592/435
usemtl lila
f 449/2593/449 486/2594/486 465/2595/465
f 486/2596/486 460/2597/460 489/2598/489
f 465/2599/465 489/2600/489 454/2601/454
f 486/2602/486 489/2603/489 465/2604/465
f 449/2605/449 465/2606/465 461/2607/461
f 465/2608/465 454/2609/454 466/2610/466
f 461/2611/461 466/2612/466 450/2613/450
f 465/2614/465 466/2615/466 461/2616/461
f 449/2617/449 461/2618/461 470/2619/470
f 461/2620/461 450/2621/450 471/2622/471
f 470/2623/470 471/2624/471 456/2625/456
f 461/2626/461 471/2627/471 470/2628/470
f 449/2629/449 470/2630/470 482/2631/482
f 470/2632/470 456/2633/456 485/2634/485
f 482/2635/482 485/2636/485 459/2637/459
f 470/2638/470 485/2639/485 482/2640/482
f 449/2641/449 482/2642/482 486/2643/486
f 482/2644/482 459/2645/459 490/2646/490
f 486/2647/486 490/2648/490 460/2649/460
f 482/2650/482 490/2651/490 486/2652/486
f 450/2653/450 466/2654/466 477/2655/477
f 466/2656/466 454/2657/454 480/2658/480
f 477/2659/477 480/2660/480 458/2661/458
f 466/2662/466 480/2663/480 477/2664/477
f 454/2665/454 489/2666/489 467/2667/467
f 489/2668/489 460/2669/460 488/2670/488
f 467/2671/467 488/2672/488 453/2673/453
f 489/2674/489 488/2675/488 467/2676/467
f 460/2677/460 490/2678/490 487/2679/487
f 490/2680/490 459/2681/459 483/2682/483
f 487/2683/487 483/2684/483 451/2685/451
f 490/2686/490 483/2687/483 487/2688/487
f 459/2689/459 485/2690/485 484/2691/484
f 485/2692/485 456/2693/456 472/2694/472
f 484/2695/484 472/2696/472 455/2697/455
f 485/2698/485 472/2699/472 484/2700/484
f 456/2701/456 471/2702/471 476/2703/476
f 471/2704/471 450/2705/450 473/2706/473
f 476/2707/476 473/2708/473 457/2709/457
f 471/2710/471 473/2711/473 476/2712/476
f 452/2713/452 478/2714/478 464/2715/464
f 478/2716/478 458/2717/458 479/2718/479
f 464/2719/464 479/2720/479 453/2721/453
f 478/2722/478 479/2723/479 464/2724/464
f 452/2725/452 464/2726/464 462/2727/462
f 464/2728/464 453/2729/453 463/2730/463
f 462/2731/462 463/2732/463 451/2733/451
f 464/2734/464 463/2735/463 462/2736/462
f 452/2737/452 462/2738/462 469/2739/469
f 462/2740/462 451/2741/451 468/2742/468
f 469/2743/469 468/2744/468 455/2745/455
f 462/2746/462 468/2747/468 469/2748/469
f 452/2749/452 469/2750/469 474/2751/474
f 469/2752/469 455/2753/455 475/2754/475
f 474/2755/474 475/2756/475 457/2757/457
f 469/2758/469 475/2759/475 474/2760/474
f 452/2761/452 474/2762/474 478/2763/478
f 474/2764/474 457/2765/457 481/2766/481
f 478/2767/478 481/2768/481 458/2769/458
f 474/2770/474 481/2771/481 478/2772/478
f 453/2773/453 479/2774/479 467/2775/467
f 479/2776/479 458/2777/458 480/2778/480
f 467/2779/467 480/2780/480 454/2781/454
f 479/2782/479 480/2783/480 467/2784/467
f 451/2785/451 463/2786/463 487/2787/487
f 463/2788/463 453/2789/453 488/2790/488
f 487/2791/487 488/2792/488 460/2793/460
f 463/2794/463 488/2795/488 487/2796/487
f 455/2797/455 468/2798/468 484/2799/484
f 468/2800/468 451/2801/451 483/2802/483
f 484/2803/484 483/2804/483 459/2805/459
f 468/2806/468 483/2807/483 484/2808/484
f 457/2809/457 475/2810/475 476/2811/476
f 475/2812/475 455/2813/455 472/2814/472
f 476/2815/476 472/2816/472 456/2817/456
f 475/2818/475 472/2819/472 476/2820/476
f 458/2821/458 481/2822/481 477/2823/477
f 481/2824/481 457/2825/457 473/2826/473
f 477/2827/477 473/2828/473 450/2829/450
f 481/2830/481 473/2831/473 477/2832/477
usemtl menta
f 491/2833/491 528/2834/528 507/2835/507
f 528/2836/528 502/2837/502 531/2838/531
f 507/2839/507 531/2840/531 496/2841/496
f 528/2842/528 531/2843/531 507/2844/507
f 491/2845/491 507/2846/507 503/2847/503
f 507/2848/507 496/2849/496 508/2850/508
f 503/2851/503 508/2852/508 492/2853/492
f 507/2854/507 508/2855/508 503/2856/503
f 491/2857/491 503/2858/503 512/2859/512
f 503/2860/503 492/2861/492 513/2862/513
f 512/2863/512 513/2864/513 498/2865/498
f 503/2866/503 513/2867/513 512/2868/512
f 491/2869/491 512/2870/512 524/2871/524
f 512/2872/512 498/2873/498 527/2874/527
f 524/2875/524 527/2876/527 501/2877/501
f 512/2878/512 527/2879/527 524/2880/524
f 491/2881/491 524/2882/524 528/2883/528
f 524/2884/524 501/2885/501 532/2886/532
f 528/2887/528 532/2888/532 502/2889/502
f 524/2890/524 532/2891/532 528/2892/528
f 492/2893/492 508/2894/508 519/2895/519
f 508/2896/508 496/2897/496 522/2898/522
f 519/2899/519 522/2900/522 500/2901/500
f 508/2902/508 522/2903/522 519/2904/519
f 496/2905/496 531/2906/531 509/2907/509
f 531/2908/531 502/2909/502 530/2910/530
f 509/2911/509 530/2912/530 495/2913/495
f 531/2914/531 530/2915/530 509/2916/509
f 502/2917/502 532/2918/532 529/2919/529
f 532/2920/532 501/2921/501 525/2922/525
f 529/2923/529 525/2924/525 493/2925/493
f 532/2926/532 525/2927/525 529/2928/529
f 501/2929/501 527/2930/527 526/2931/526
f 527/2932/527 498/2933/498 514/2934/514
f 526/2935/526 514/2936/514 497/2937/497
f 527/2938/527 514/2939/514 526/2940/526
f 498/2941/498 513/2942/513 518/2943/518
f 513/2944/513 492/2945/492 515/2946/515
f 518/2947/518 515/2948/515 499/2949/499
f 513/2950/513 515/2951/515 518/2952/518
f 494/2953/494 520/2954/520 506/2955/506
f 520/2956/520 500/2957/500 521/2958/521
f 506/2959/506 521/2960/521 495/2961/495
f 520/2962/520 521/2963/521 506/2964/506
f 494/2965/494 506/2966/506 504/2967/504
f 506/2968/506 495/2969/495 505/2970/505
f 504/2971/504 505/2972/505 493/2973/493
f 506/2974/506 505/2975/505 504/2976/504
f 494/2977/494 504/2978/504 511/2979/511
f 504/2980/504 493/2981/493 510/2982/510
f 511/2983/511 510/2984/510 497/2985/497
f 504/2986/504 510/2987/510 511/2988/511
f 494/2989/494 511/2990/511 516/2991/516
f 511/2992/511 497/2993/497 517/2994/517
f 516/2995/516 517/2996/517 499/2997/499
f 511/2998/511 517/2999/517 516/3000/516
f 494/3001/494 516/3002/516 520/3003/520
f 516/3004/516 499/3005/499 523/3006/523
f 520/3007/520 523/3008/523 500/3009/500
f 516/3010/516 523/3011/523 520/3012/520
f 495/3013/495 521/3014/521 509/3015/509
f 521/3016/521 500/3017/500 522/3018/522
f 509/3019/509 522/3020/522 496/3021/496
f 521/3022/521 522/3023/522 509/3024/509
f 493/3025/493 505/3026/505 529/3027/529
f 505/3028/505 495/3029/495 530/3030/530
f 529/3031/529 530/3032/530 502/3033/502
f 505/3034/505 530/3035/530 529/3036/529
f 497/3037/497 510/3038/510 526/3039/526
f 510/3040/510 493/3041/493 525/3042/525
f 526/3043/526 525/3044/525 501/3045/501
f 510/3046/510 525/3047/525 526/3048/526
f 499/3049/499 517/3050/517 518/3051/518
f 517/3052/517 497/3053/497 514/3054/514
f 518/3055/518 514/3056/514 498/3057/498
f 517/3058/517 514/3059/514 518/3060/518
f 500/3061/500 523/3062/523 519/3063/519
f 523/3064/523 499/3065/499 515/3066/515
f 519/3067/519 515/3068/515 492/3069/492
f 523/3070/523 515/3071/515 519/3072/519
usemtl azul
f 533/3073/533 570/3074/570 549/3075/549
f 570/3076/570 544/3077/544 573/3078/573
f 549/3079/549 573/3080/573 538/3081/538
f 570/3082/570 573/3083/573 549/3084/549
f 533/3085/533 549/3086/549 545/3087/545
f 549/3088/549 538/3089/538 550/3090/550
f 545/3091/545 550/3092/550 534/3093/534
f 549/3094/549 550/3095/550 545/3096/545
f 533/3097/533 545/3098/545 554/3099/554
f 545/3100/545 534/3101/534 555/3102/555
f 554/3103/554 555/3104/555 540/3105/540
f 545/3106/545 555/3107/555 554/3108/554
f 533/3109/533 554/3110/554 566/3111/566
f 554/3112/554 540/3113/540 569/3114/569
f 566/3115/566 569/3116/569 543/3117/543
f 554/3118/554 569/3119/569 566/3120/566
f 533/3121/533 566/3122/566 570/3123/570
f 566/3124/566 543/3125/543 574/3126/574
f 570/3127/570 574/3128/574 544/3129/544
f 566/3130/566 574/3131/574 570/3132/570
f 534/3133/534 550/3134/550 561/3135/561
f 550/3136/550 538/3137/538 564/3138/564
f 561/3139/561 564/3140/564 542/3141/542
f 550/3142/550 564/3143/564 561/3144/561
f 538/3145/538 573/3146/573 551/3147/551
f 573/3148/573 544/3149/544 572/3150/572
f 551/3151/551 572/3152/572 537/3153/537
f 573/3154/573 572/3155/572 551/3156/551
f 544/3157/544 574/3158/574 571/3159/571
f 574/3160/574 543/3161/543 567/3162/567
f 571/3163/571 567/3164/567 535/3165/535
f 574/3166/574 567/3167/567 571/3168/571
f 543/3169/543 569/3170/569 568/3171/568
f 569/3172/569 540/3173/540 556/3174/556
f 568/3175/568 556/3176/556 539/3177/539
f 569/3178/569 556/3179/556 568/3180/568
f 540/3181/540 555/3182/555 560/3183/560
f 555/3184/555 534/3185/534 557/3186/557
f 560/3187/560 557/3188/557 541/3189/541
f 555/3190/555 557/3191/557 560/3192/560
f 536/3193/536 562/3194/562 548/3195/548
f 562/3196/562 542/3197/542 563/3198/563
f 548/3199/548 563/3200/563 537/3201/537
f 562/3202/562 563/3203/563 548/3204/548
f 536/3205/536 548/3206/548 546/3207/546
f 548/3208/548 537/3209/537 547/3210/547
f 546/3211/546 547/3212/547 535/3213/535
f 548/3214/548 547/3215/547 546/3216/546
f 536/3217/536 546/3218/546 553/3219/553
f 546/3220/546 535/3221/535 552/3222/552
f 553/3223/553 552/3224/552 539/3225/539
f 546/3226/546 552/3227/552 553/3228/553
f 536/3229/536 553/3230/553 558/3231/558
f 553/3232/553 539/3233/539 559/3234/559
f 558/3235/558 559/3236/559 541/3237/541
f 553/3238/553 559/3239/559 558/3240/558
f 536/3241/536 558/3242/558 562/3243/562
f 558/3244/558 541/3245/541 565/3246/565
f 562/3247/562 565/3248/565 542/3249/542
f 558/3250/558 565/3251/565 562/3252/562
f 537/3253/537 563/3254/563 551/3255/551
f 563/3256/563 542/3257/542 564/3258/564
f 551/3259/551 564/3260/564 538/3261/538
f 563/3262/563 564/3263/564 551/3264/551
f 535/3265/535 547/3266/547 571/3267/571
f 547/3268/547 537/3269/537 572/3270/572
f 571/3271/571 572/3272/572 544/3273/544
f 547/3274/547 572/3275/572 571/3276/571
f 539/3277/539 552/3278/552 568/3279/568
f 552/3280/552 535/3281/535 567/3282/567
f 568/3283/568 567/3284/567 543/3285/543
f 552/3286/552 567/3287/567 568/3288/568
f 541/3289/541 559/3290/559 560/3291/560
f 559/3292/559 539/3293/539 556/3294/556
f 560/3295/560 556/3296/556 540/3297/540
f 559/3298/559 556/3299/556 560/3300/560
f 542/3301/542 565/3302/565 561/3303/561
f 565/3304/565 541/3305/541 557/3306/557
f 561/3307/561 557/3308/557 534/3309/534
f 565/3310/565 557/3311/557 561/3312/561
usemtl amarillo
f 575/3313/575 612/3314/612 591/3315/591
f 612/3316/612 586/3317/586 615/3318/615
f 591/3319/591 615/3320/615 580/3321/580
f 612/3322/612 615/3323/615 591/3324/591
f 575/3325/575 591/3326/591 587/3327/587
f 591/3328/591 580/3329/580 592/3330/592
f 587/3331/587 592/3332/592 576/3333/576
f 591/3334/591 592/3335/592 587/3336/587
f 575/3337/575 587/3338/587 596/3339/596
f 587/3340/587 576/3341/576 597/3342/597
f 596/3343/596 597/3344/597 582/3345/582
f 587/3346/587 597/3347/597 596/3348/596
f 575/3349/575 596/3350/596 608/3351/608
f 596/3352/596 582/3353/582 611/3354/611
f 608/3355/608 611/3356/611 585/3357/585
f 596/3358/596 611/3359/611 608/3360/608
f 575/3361/575 608/3362/608 612/3363/612
f 608/3364/608 585/3365/585 616/3366/616
f 612/3367/612 616/3368/616 586/3369/586
f 608/3370/608 616/3371/616 612/3372/612
f 576/3373/576 592/3374/592 603/3375/603
f 592/3376/592 580/3377/580 606/3378/606
f 603/3379/603 606/3380/606 584/3381/584
f 592/3382/592 606/3383/606 603/3384/603
f 580/3385/580 615/3386/615 593/3387/593
f 615/3388/615 586/3389/586 614/3390/614
f 593/3391/593 614/3392/614 579/3393/579
f 615/3394/615 614/3395/614 593/3396/593
f 586/3397/586 616/3398/616 613/3399/613
f 616/3400/616 585/3401/585 609/3402/609
f 613/3403/613 609/3404/609 577/3405/577
f 616/3406/616 609/3407/609 613/3408/613
f 585/3409/585 611/3410/611 610/3411/610
f 611/3412/611 582/3413/582 598/3414/598
f 610/3415/610 598/3416/598 581/3417/581
f 611/3418/611 598/3419/598 610/3420/610
f 582/3421/582 597/3422/597 602/3423/602
f 597/3424/597 576/3425/576 599/3426/599
f 602/3427/602 599/3428/599 583/3429/583
f 597/3430/597 599/3431/599 602/3432/602
f 578/3433/578 604/3434/604 590/3435/590
f 604/3436/604 584/3437/584 605/3438/605
f 590/3439/590 605/3440/605 579/3441/579
f 604/3442/604 605/3443/605 590/3444/590
f 578/3445/578 590/3446/590 588/3447/588
f 590/3448/590 579/3449/579 589/3450/589
f 588/3451/588 589/3452/589 577/3453/577
f 590/3454/590 589/3455/589 588/3456/588
f 578/3457/578 588/3458/588 595/3459/595
f 588/3460/588 577/3461/577 594/3462/594
f 595/3463/595 594/3464/594 581/3465/581
f 588/3466/588 594/3467/594 595/3468/595
f 578/3469/578 595/3470/595 600/3471/600
f 595/3472/595 581/3473/581 601/3474/601
f 600/3475/600 601/3476/601 583/3477/583
f 595/3478/595 601/3479/601 600/3480/600
f 578/3481/578 600/3482/600 604/3483/604
f 600/3484/600 583/3485/583 607/3486/607
f 604/3487/604 607/3488/607 584/3489/584
f 600/3490/600 607/3491/607 604/3492/604
f 579/3493/579 605/3494/605 593/3495/593
f 605/3496/605 584/3497/584 606/3498/606
f 593/3499/593 606/3500/606 580/3501/580
f 605/3502/605 606/3503/606 593/3504/593
f 577/3505/577 589/3506/589 613/3507/613
f 589/3508/589 579/3509/579 614/3510/614
f 613/3511/613 614/3512/614 586/3513/586
f 589/3514/589 614/3515/614 613/3516/613
f 581/3517/581 594/3518/594 610/3519/610
f 594/3520/594 577/3521/577 609/3522/609
f 610/3523/610 609/3524/609 585/3525/585
f 594/3526/594 609/3527/609 610/3528/610
f 583/3529/583 601/3530/601 602/3531/602
f 601/3532/601 581/3533/581 598/3534/598
f 602/3535/602 598/3536/598 582/3537/582
f 601/3538/601 598/3539/598 602/3540/602
f 584/3541/584 607/3542/607 603/3543/603
f 607/3544/607 583/3545/583 599/3546/599
f 603/3547/603 599/3548/599 576/3549/576
f 607/3550/607 599/3551/599 603/3552/603
usemtl lila
f 617/3553/617 654/3554/654 633/3555/633
f 654/3556/654 628/3557/628 657/3558/657
f 633/3559/633 657/3560/657 622/3561/622
f 654/3562/654 657/3563/657 633/3564/633
f 617/3565/617 633/3566/633 629/3567/629
f 633/3568/633 622/3569/622 634/3570/634
f 629/3571/629 634/3572/634 618/3573/618
f 633/3574/633 634/3575/634 629/3576/629
f 617/3577/617 629/3578/629 638/3579/638
f 629/3580/629 618/3581/618 639/3582/639
f 638/3583/638 639/3584/639 624/3585/624
f 629/3586/629 639/3587/639 638/3588/638
f 617/3589/617 638/3590/638 650/3591/650
f 638/3592/638 624/3593/624 653/3594/653
f 650/3595/650 653/3596/653 627/3597/627
f 638/3598/638 653/3599/653 650/3600/650
f 617/3601/617 650/3602/650 654/3603/654
f 650/3604/650 627/3605/627 658/3606/658
f 654/3607/654 658/3608/658 628/3609/628
f 650/3610/650 658/3611/658 654/3612/654
f 618/3613/618 634/3614/634 645/3615/645
f 634/3616/634 622/3617/622 648/3618/648
f 645/3619/645 648/3620/648 626/3621/626
f 634/3622/634 648/3623/648 645/3624/645
f 622/3625/622 657/3626/657 635/3627/635
f 657/3628/657 628/3629/628 656/3630/656
f 635/3631/635 656/3632/656 621/3633/621
f 657/3634/657 656/3635/656 635/3636/635
f 628/3637/628 658/3638/658 655/3639/655
f 658/3640/658 627/3641/627 651/3642/651
f 655/3643/655 651/3644/651 619/3645/619
f 658/3646/658 651/3647/651 655/3648/655
f 627/3649/627 653/3650/653 652/3651/652
f 653/3652/653 624/3653/624 640/3654/640
f 652/3655/652 640/3656/640 623/3657/623
f 653/3658/653 640/3659/640 652/3660/652
f 624/3661/624 639/3662/639 644/3663/644
f 639/3664/639 618/3665/618 641/3666/641
f 644/3667/644 641/3668/641 625/3669/625
f 639/3670/639 641/3671/641 644/3672/644
f 620/3673/620 646/3674/646 632/3675/632
f 646/3676/646 626/3677/626 647/3678/647
f 632/3679/632 647/3680/647 621/3681/621
f 646/3682/646 647/3683/647 632/3684/632
f 620/3685/620 632/3686/632 630/3687/630
f 632/3688/632 621/3689/621 631/3690/631
f 630/3691/630 631/3692/631 619/3693/619
f 632/3694/632 631/3695/631 630/3696/630
f 620/3697/620 630/3698/630 637/3699/637
f 630/3700/630 619/3701/619 636/3702/636
f 637/3703/637 636/3704/636 623/3705/623
f 630/3706/630 636/3707/636 637/3708/637
f 620/3709/620 637/3710/637 642/3711/642
f 637/3712/637 623/3713/623 643/3714/643
f 642/3715/642 643/3716/643 625/3717/625
f 637/3718/637 643/3719/643 642/3720/642
f 620/3721/620 642/3722/642 646/3723/646
f 642/3724/642 625/3725/625 649/3726/649
f 646/3727/646 649/3728/649 626/3729/626
f 642/3730/642 649/3731/649 646/3732/646
f 621/3733/621 647/3734/647 635/3735/635
f 647/3736/647 626/3737/626 648/3738/648
f 635/3739/635 648/3740/648 622/3741/622
f 647/3742/647 648/3743/648 635/3744/635
f 619/3745/619 631/3746/631 655/3747/655
f 631/3748/631 621/3749/621 656/3750/656
f 655/3751/655 656/3752/656 628/3753/628
f 631/3754/631 656/3755/656 655/3756/655
f 623/3757/623 636/3758/636 652/3759/652
f 636/3760/636 619/3761/619 651/3762/651
f 652/3763/652 651/3764/651 627/3765/627
f 636/3766/636 651/3767/651 652/3768/652
f 625/3769/625 643/3770/643 644/3771/644
f 643/3772/643 623/3773/623 640/3774/640
f 644/3775/644 640/3776/640 624/3777/624
f 643/3778/643 640/3779/640 644/3780/644
f 626/3781/626 649/3782/649 645/3783/645
f 649/3784/649 625/3785/625 641/3786/641
f 645/3787/645 641/3788/641 618/3789/618
f 649/3790/649 641/3791/641 645/3792/645
usemtl menta
f 659/3793/659 696/3794/696 675/3795/675
f 696/3796/696 670/3797/670 699/3798/699
f 675/3799/675 699/3800/699 664/3801/664
f 696/3802/696 699/3803/699 675/3804/675
f 659/3805/659 675/3806/675 671/3807/671
f 675/3808/675 664/3809/664 676/3810/676
f 671/3811/671 676/3812/676 660/3813/660
f 675/3814/675 676/3815/676 671/3816/671
f 659/3817/659 671/3818/671 680/3819/680
f 671/3820/671 660/3821/660 681/3822/681
f 680/3823/680 681/3824/681 666/3825/666
f 671/3826/671 681/3827/681 680/3828/680
f 659/3829/659 680/3830/680 692/3831/692
f 680/3832/680 666/3833/666 695/3834/695
f 692/3835/692 695/3836/695 669/3837/669
f 680/3838/680 695/3839/695 692/3840/692
f 659/3841/659 692/3842/692 696/3843/696
f 692/3844/692 669/3845/669 700/3846/700
f 696/3847/696 700/3848/700 670/3849/670
f 692/3850/692 700/3851/700 696/3852/696
f 660/3853/660 676/3854/676 687/3855/687
f 676/3856/676 664/3857/664 690/3858/690
f 687/3859/687 690/3860/690 668/3861/668
f 676/3862/676 690/3863/690 687/3864/687
f 664/3865/664 699/3866/699 677/3867/677
f 699/3868/699 670/3869/670 698/3870/698
f 677/3871/677 698/3872/698 663/3873/663
f 699/3874/699 698/3875/698 677/3876/677
f 670/3877/670 700/3878/700 697/3879/697
f 700/3880/700 669/3881/669 693/3882/693
f 697/3883/697 693/3884/693 661/3885/661
f 700/3886/700 693/3887/693 697/3888/697
f 669/3889/669 695/3890/695 694/3891/694
f 695/3892/695 666/3893/666 682/3894/682
f 694/3895/694 682/3896/682 665/3897/665
f 695/3898/695 682/3899/682 694/3900/694
f 666/3901/666 681/3902/681 686/3903/686
f 681/3904/681 660/3905/660 683/3906/683
f 686/3907/686 683/3908/683 667/3909/667
f 681/3910/681 683/3911/683 686/3912/686
f 662/3913/662 688/3914/688 674/3915/674
f 688/3916/688 668/3917/668 689/3918/689
f 674/3919/674 689/3920/689 663/3921/663
f 688/3922/688 689/3923/689 674/3924/674
f 662/3925/662 674/3926/674 672/3927/672
f 674/3928/674 663/3929/663 673/3930/673
f 672/3931/672 673/3932/673 661/3933/661
f 674/3934/674 673/3935/673 672/3936/672
f 662/3937/662 672/3938/672 679/3939/679
f 672/3940/672 661/3941/661 678/3942/678
f 679/3943/679 678/3944/678 665/3945/665
f 672/3946/672 678/3947/678 679/3948/679
f 662/3949/662 679/3950/679 684/3951/684
f 679/3952/679 665/3953/665 685/3954/685
f 684/3955/684 685/3956/685 667/3957/667
f 679/3958/679 685/3959/685 684/3960/684
f 662/3961/662 684/3962/684 688/3963/688
f 684/3964/684 667/3965/667 691/3966/691
f 688/3967/688 691/3968/691 668/3969/668
f 684/3970/684 691/3971/691 688/3972/688
f 663/3973/663 689/3974/689 677/3975/677
f 689/3976/689 668/3977/668 690/3978/690
f 677/3979/677 690/3980/690 664/3981/664
f 689/3982/689 690/3983/690 677/3984/677
f 661/3985/661 673/3986/673 697/3987/697
f 673/3988/673 663/3989/663 698/3990/698
f 697/3991/697 698/3992/698 670/3993/670
f 673/3994/673 698/3995/698 697/3996/697
f 665/3997/665 678/3998/678 694/3999/694
f 678/4000/678 661/4001/661 693/4002/693
f 694/4003/694 693/4004/693 669/4005/669
f 678/4006/678 693/4007/693 694/4008/694
f 667/4009/667 685/4010/685 686/4011/686
f 685/4012/685 665/4013/665 682/4014/682
f 686/4015/686 682/4016/682 666/4017/666
f 685/4018/685 682/4019/682 686/4020/686
f 668/4021/668 691/4022/691 687/4023/687
f 691/4024/691 667/4025/667 683/4026/683
f 687/4027/687 683/4028/683 660/4029/660
f 691/4030/691 683/4031/683 687/4032/687
usemtl azul
f 701/4033/701 738/4034/738 717/4035/717
f 738/4036/738 712/4037/712 741/4038/741
f 717/4039/717 741/4040/741 706/4041/706
f 738/4042/738 741/4043/741 717/4044/717
f 701/4045/701 717/4046/717 713/4047/713
f 717/4048/717 706/4049/706 718/4050/718
f 713/4051/713 718/4052/718 702/4053/702
f 717/4054/717 718/4055/718 713/4056/713
f 701/4057/701 713/4058/713 722/4059/722
f 713/4060/713 702/4061/702 723/4062/723
f 722/4063/722 723/4064/723 708/4065/708
f 713/4066/713 723/4067/723 722/4068/722
f 701/4069/701 722/4070/722 734/4071/734
f 722/4072/722 708/4073/708 737/4074/737
f 734/4075/734 737/4076/737 711/4077/711
f 722/4078/722 737/4079/737 734/4080/734
f 701/4081/701 734/4082/734 738/4083/738
f 734/4084/734 711/4085/711 742/4086/742
f 738/4087/738 742/4088/742 712/4089/712
f 734/4090/734 742/4091/742 738/4092/738
f 702/4093/702 718/4094/718 729/4095/729
f 718/4096/718 706/4097/706 732/4098/732
f 729/4099/729 732/4100/732 710/4101/710
f 718/4102/718 732/4103/732 729/4104/729
f 706/4105/706 741/4106/741 719/4107/719
f 741/4108/741 712/4109/712 740/4110/740
f 719/4111/719 740/4112/740 705/4113/705
f 741/4114/741 740/4115/740 719/4116/719
f 712/4117/712 742/4118/742 739/4119/739
f 742/4120/742 711/4121/711 735/4122/735
f 739/4123/739 735/4124/735 703/4125/703
f 742/4126/742 735/4127/735 739/4128/739
f 711/4129/711 737/4130/737 736/4131/736
f 737/4132/737 708/4133/708 724/4134/724
f 736/4135/736 724/4136/724 707/4137/707
f 737/4138/737 724/4139/724 736/4140/736
f 708/4141/708 723/4142/723 728/4143/728
f 723/4144/723 702/4145/702 725/4146/725
f 728/4147/728 725/4148/725 709/4149/709
f 723/4150/723 725/4151/725 728/4152/728
f 704/4153/704 730/4154/730 716/4155/716
f 730/4156/730 710/4157/710 731/4158/731
f 716/4159/716 731/4160/731 705/4161/705
f 730/4162/730 731/4163/731 716/4164/716
f 704/4165/704 716/4166/716 714/4167/714
f 716/4168/716 705/4169/705 715/4170/715
f 714/4171/714 715/4172/715 703/4173/703
f 716/4174/716 715/4175/715 714/4176/714
f 704/4177/704 714/4178/714 721/4179/721
f 714/4180/714 703/4181/703 720/4182/720
f 721/4183/721 720/4184/720 707/4185/707
f 714/4186/714 720/4187/720 721/4188/721
f 704/4189/704 721/4190/721 726/4191/726
f 721/4192/721 707/4193/707 727/4194/727
f 726/4195/726 727/4196/727 709/4197/709
f 721/4198/721 727/4199/727 726/4200/726
f 704/4201/704 726/4202/726 730/4203/730
f 726/4204/726 709/4205/709 733/4206/733
f 730/4207/730 733/4208/733 710/4209/710
f 726/4210/726 733/4211/733 730/4212/730
f 705/4213/705 731/4214/731 719/4215/719
f 731/4216/731 710/4217/710 732/4218/732
f 719/4219/719 732/4220/732 706/4221/706
f 731/4222/731 732/4223/732 719/4224/719
f 703/4225/703 715/4226/715 739/4227/739
f 715/4228/715 705/4229/705 740/4230/740
f 739/4231/739 740/4232/740 712/4233/712
f 715/4234/715 740/4235/740 739/4236/739
f 707/4237/707 720/4238/720 736/4239/736
f 720/4240/720 703/4241/703 735/4242/735
f 736/4243/736 735/4244/735 711/4245/711
f 720/4246/720 735/4247/735 736/4248/736
f 709/4249/709 727/4250/727 728/4251/728
f 727/4252/727 707/4253/707 724/4254/724
f 728/4255/728 724/4256/724 708/4257/708
f 727/4258/727 724/4259/724 728/4260/728
f 710/4261/710 733/4262/733 729/4263/729
f 733/4264/733 709/4265/709 725/4266/725
f 729/4267/729 725/4268/725 702/4269/702
f 733/4270/733 725/4271/725 729/4272/729
usemtl amarillo
f 743/4273/743 780/4274/780 759/4275/759
f 780/4276/780 754/4277/754 783/4278/783
f 759/4279/759 783/4280/783 748/4281/748
f 780/4282/780 783/4283/783 759/4284/759
f 743/4285/743 759/4286/759 755/4287/755
f 759/4288/759 748/4289/748 760/4290/760
f 755/4291/755 760/4292/760 744/4293/744
f 759/4294/759 760/4295/760 755/4296/755
f 743/4297/743 755/4298/755 764/4299/764
f 755/4300/755 744/4301/744 765/4302/765
f 764/4303/764 765/4304/765 750/4305/750
f 755/4306/755 765/4307/765 764/4308/764
f 743/4309/743 764/4310/764 776/4311/776
f 764/4312/764 750/4313/750 779/4314/779
f 776/4315/776 779/4316/779 753/4317/753
f 764/4318/764 779/4319/779 776/4320/776
f 743/4321/743 776/4322/776 780/4323/780
f 776/4324/776 753/4325/753 784/4326/784
f 780/4327/780 784/4328/784 754/4329/754
f 776/4330/776 784/4331/784 780/4332/780
f 744/4333/744 760/4334/760 771/4335/771
f 760/4336/760 748/4337/748 774/4338/774
f 771/4339/771 774/4340/774 752/4341/752
f 760/4342/760 774/4343/774 771/4344/771
f 748/4345/748 783/4346/783 761/4347/761
f 783/4348/783 754/4349/754 782/4350/782
f 761/4351/761 782/4352/782 747/4353/747
f 783/4354/783 782/4355/782 761/4356/761
f 754/4357/754 784/4358/784 781/4359/781
f 784/4360/784 753/4361/753 777/4362/777
f 781/4363/781 777/4364/777 745/4365/745
f 784/4366/784 777/4367/777 781/4368/781
f 753/4369/753 779/4370/779 778/4371/778
f 779/4372/779 750/4373/750 766/4374/766
f 778/4375/778 766/4376/766 749/4377/749
f 779/4378/779 766/4379/766 778/4380/778
f 750/4381/750 765/4382/765 770/4383/770
f 765/4384/765 744/4385/744 767/4386/767
f 770/4387/770 767/4388/767 751/4389/751
f 765/4390/765 767/4391/767 770/4392/770
f 746/4393/746 772/4394/772 758/4395/758
f 772/4396/772 752/4397/752 773/4398/773
f 758/4399/758 773/4400/773 747/4401/747
f 772/4402/772 773/4403/773 758/4404/758
f 746/4405/746 758/4406/758 756/4407/756
f 758/4408/758 747/4409/747 757/4410/757
f 756/4411/756 757/4412/757 745/4413/745
f 758/4414/758 757/4415/757 756/4416/756
f 746/4417/746 756/4418/756 763/4419/763
f 756/4420/756 745/4421/745 762/4422/762
f 763/4423/763 762/4424/762 749/4425/749
f 756/4426/756 762/4427/762 763/4428/763
f 746/4429/746 763/4430/763 768/4431/768
f 763/4432/763 749/4433/749 769/4434/769
f 768/4435/768 769/4436/769 751/4437/751
f 763/4438/763 769/4439/769 768/4440/768
f 746/4441/746 768/4442/768 772/4443/772
f 768/4444/768 751/4445/751 775/4446/775
f 772/4447/772 775/4448/775 752/4449/752
f 768/4450/768 775/4451/775 772/4452/772
f 747/4453/747 773/4454/773 761/4455/761
f 773/4456/773 752/4457/752 774/4458/774
f 761/4459/761 774/4460/774 748/4461/748
f 773/4462/773 774/4463/774 761/4464/761
f 745/4465/745 757/4466/757 781/4467/781
f 757/4468/757 747/4469/747 782/4470/782
f 781/4471/781 782/4472/782 754/4473/754
f 757/4474/757 782/4475/782 781/4476/781
f 749/4477/749 762/4478/762 778/4479/778
f 762/4480/762 745/4481/745 777/4482/777
f 778/4483/778 777/4484/777 753/4485/753
f 762/4486/762 777/4487/777 778/4488/778
f 751/4489/751 769/4490/769 770/4491/770
f 769/4492/769 749/4493/749 766/4494/766
f 770/4495/770 766/4496/766 750/4497/750
f 769/4498/769 766/4499/766 770/4500/770
f 752/4501/752 775/4502/775 771/4503/771
f 775/4504/775 751/4505/751 767/4506/767
f 771/4507/771 767/4508/767 744/4509/744
f 775/4510/775 767/4511/767 771/4512/771
usemtl lila
f 785/4513/785 822/4514/822 801/4515/801
f 822/4516/822 796/4517/796 825/4518/825
f 801/4519/801 825/4520/825 790/4521/790
f 822/4522/822 825/4523/825 801/4524/801
f 785/4525/785 801/4526/801 797/4527/797
f 801/4528/801 790/4529/790 802/4530/802
f 797/4531/797 802/4532/802 786/4533/786
f 801/4534/801 802/4535/802 797/4536/797
f 785/4537/785 797/4538/797 806/4539/806
f 797/4540/797 786/4541/786 807/4542/807
f 806/4543/806 807/4544/807 792/4545/792
f 797/4546/797 807/4547/807 806/4548/806
f 785/4549/785 806/4550/806 818/4551/818
f 806/4552/806 792/4553/792 821/4554/821
f 818/4555/818 821/4556/821 795/4557/795
f 806/4558/806 821/4559/821 818/4560/818
f 785/4561/785 818/4562/818 822/4563/822
f 818/4564/818 795/4565/795 826/4566/826
f 822/4567/822 826/4568/826 796/4569/796
f 818/4570/818 826/4571/826 822/4572/822
f 786/4573/786 802/4574/802 813/4575/813
f 802/4576/802 790/4577/790 816/4578/816
f 813/4579/813 816/4580/816 794/4581/794
f 802/4582/802 816/4583/816 813/4584/813
f 790/4585/790 825/4586/825 803/4587/803
f 825/4588/825 796/4589/796 824/4590/824
f 803/4591/803 824/4592/824 789/4593/789
f 825/4594/825 824/4595/824 803/4596/803
f 796/4597/796 826/4598/826 823/4599/823
f 826/4600/826 795/4601/795 819/4602/819
f 823/4603/823 819/4604/819 787/4605/787
f 826/4606/826 819/4607/819 823/4608/823
f 795/4609/795 821/4610/821 820/4611/820
f 821/4612/821 792/4613/792 808/4614/808
f 820/4615/820 808/4616/808 791/4617/791
f 821/4618/821 808/4619/808 820/4620/820
f 792/4621/792 807/4622/807 812/4623/812
f 807/4624/807 786/4625/786 809/4626/809
f 812/4627/812 809/4628/809 793/4629/793
f 807/4630/807 809/4631/809 812/4632/812
f 788/4633/788 814/4634/814 800/4635/800
f 814/4636/814 794/4637/794 815/4638/815
f 800/4639/800 815/4640/815 789/4641/789
f 814/4642/814 815/4643/815 800/4644/800
f 788/4645/788 800/4646/800 798/4647/798
f 800/4648/800 789/4649/789 799/4650/799
f 798/4651/798 799/4652/799 787/4653/787
f 800/4654/800 799/4655/799 798/4656/798
f 788/4657/788 798/4658/798 805/4659/805
f 798/4660/798 787/4661/787 804/4662/804
f 805/4663/805 804/4664/804 791/4665/791
f 798/4666/798 804/4667/804 805/4668/805
f 788/4669/788 805/4670/805 810/4671/810
f 805/4672/805 791/4673/791 811/4674/811
f 810/4675/810 811/4676/811 793/4677/793
f 805/4678/805 811/4679/811 810/4680/810
f 788/4681/788 810/4682/810 814/4683/814
f 810/4684/810 793/4685/793 817/4686/817
f 814/4687/814 817/4688/817 794/4689/794
f 810/4690/810 817/4691/817 814/4692/814
f 789/4693/789 815/4694/815 803/4695/803
f 815/4696/815 794/4697/794 816/4698/816
f 803/4699/803 816/4700/816 790/4701/790
f 815/4702/815 816/4703/816 803/4704/803
f 787/4705/787 799/4706/799 823/4707/823
f 799/4708/799 789/4709/789 824/4710/824
f 823/4711/823 824/4712/824 796/4713/796
f 799/4714/799 824/4715/824 823/4716/823
f 791/4717/791 804/4718/804 820/4719/820
f 804/4720/804 787/4721/787 819/4722/819
f 820/4723/820 819/4724/819 795/4725/795
f 804/4726/804 819/4727/819 820/4728/820
f 793/4729/793 811/4730/811 812/4731/812
f 811/4732/811 791/4733/791 808/4734/808
f 812/4735/812 808/4736/808 792/4737/792
f 811/4738/811 808/4739/808 812/4740/812
f 794/4741/794 817/4742/817 813/4743/813
f 817/4744/817 793/4745/793 809/4746/809
f 813/4747/813 809/4748/809 786/4749/786
f 817/4750/817 809/4751/809 813/4752/813
usemtl menta
f 827/4753/827 864/4754/864 843/4755/843
f 864/4756/864 838/4757/838 867/4758/867
f 843/4759/843 867/4760/867 832/4761/832
f 864/4762/864 867/4763/867 843/4764/843
f 827/4765/827 843/4766/843 839/4767/839
f 843/4768/843 832/4769/832 844/4770/844
f 839/4771/839 844/4772/844 828/4773/828
f 843/4774/843 844/4775/844 839/4776/839
f 827/4777/827 839/4778/839 848/4779/848
f 839/4780/839 828/4781/828 849/4782/849
f 848/4783/848 849/4784/849 834/4785/834
f 839/4786/839 849/4787/849 848/4788/848
f 827/4789/827 848/4790/848 860/4791/860
f 848/4792/848 834/4793/834 863/4794/863
f 860/4795/860 863/4796/863 837/4797/837
f 848/4798/848 863/4799/863 860/4800/860
f 827/4801/827 860/4802/860 864/4803/864
f 860/4804/860 837/4805/837 868/4806/868
f 864/4807/864 868/4808/868 838/4809/838
f 860/4810/860 868/4811/868 864/4812/864
f 828/4813/828 844/4814/844 855/4815/855
f 844/4816/844 832/4817/832 858/4818/858
f 855/4819/855 858/4820/858 836/4821/836
f 844/4822/844 858/4823/858 855/4824/855
f 832/4825/832 867/4826/867 845/4827/845
f 867/4828/867 838/4829/838 866/4830/866
f 845/4831/845 866/4832/866 831/4833/831
f 867/4834/867 866/4835/866 845/4836/845
f 838/4837/838 868/4838/868 865/4839/865
f 868/4840/868 837/4841/837 861/4842/861
f 865/4843/865 861/4844/861 829/4845/829
f 868/4846/868 861/4847/861 865/4848/865
f 837/4849/837 863/4850/863 862/4851/862
f 863/4852/863 834/4853/834 850/4854/850
f 862/4855/862 850/4856/850 833/4857/833
f 863/4858/863 850/4859/850 862/4860/862
f 834/4861/834 849/4862/849 854/4863/854
f 849/4864/849 828/4865/828 851/4866/851
f 854/4867/854 851/4868/851 835/4869/835
f 849/4870/849 851/4871/851 854/4872/854
f 830/4873/830 856/4874/856 842/4875/842
f 856/4876/856 836/4877/836 857/4878/857
f 842/4879/842 857/4880/857 831/4881/831
f 856/4882/856 857/4883/857 842/4884/842
f 830/4885/830 842/4886/842 840/4887/840
f 842/4888/842 831/4889/831 841/4890/841
f 840/4891/840 841/4892/841 829/4893/829
f 842/4894/842 841/4895/841 840/4896/840
f 830/4897/830 840/4898/840 847/4899/847
f 840/4900/840 829/4901/829 846/4902/846
f 847/4903/847 846/4904/846 833/4905/833
f 840/4906/840 846/4907/846 847/4908/847
f 830/4909/830 847/4910/847 852/4911/852
f 847/4912/847 833/4913/833 853/4914/853
f 852/4915/852 853/4916/853 835/4917/835
f 847/4918/847 853/4919/853 852/4920/852
f 830/4921/830 852/4922/852 856/4923/856
f 852/4924/852 835/4925/835 859/4926/859
f 856/4927/856 859/4928/859 836/4929/836
f 852/4930/852 859/4931/859 856/4932/856
f 831/4933/831 857/4934/857 845/4935/845
f 857/4936/857 836/4937/836 858/4938/858
f 845/4939/845 858/4940/858 832/4941/832
f 857/4942/857 858/4943/858 845/4944/845
f 829/4945/829 841/4946/841 865/4947/865
f 841/4948/841 831/4949/831 866/4950/866
f 865/4951/865 866/4952/866 838/4953/838
f 841/4954/841 866/4955/866 865/4956/865
f 833/4957/833 846/4958/846 862/4959/862
f 846/4960/846 829/4961/829 861/4962/861
f 862/4963/862 861/4964/861 837/4965/837
f 846/4966/846 861/4967/861 862/4968/862
f 835/4969/835 853/4970/853 854/4971/854
f 853/4972/853 833/4973/833 850/4974/850
f 854/4975/854 850/4976/850 834/4977/834
f 853/4978/853 850/4979/850 854/4980/854
f 836/4981/836 859/4982/859 855/4983/855
f 859/4984/859 835/4985/835 851/4986/851
f 855/4987/855 851/4988/851 828/4989/828
f 859/4990/859 851/4991/851 855/4992/855
usemtl azul
f 869/4993/869 906/4994/906 885/4995/885
f 906/4996/906 880/4997/880 909/4998/909
f 885/4999/885 909/5000/909 874/5001/874
f 906/5002/906 909/5003/909 885/5004/885
f 869/5005/869 885/5006/885 881/5007/881
f 885/5008/885 874/5009/874 886/5010/886
f 881/5011/881 886/5012/886 870/5013/870
f 885/5014/885 886/5015/886 881/5016/881
f 869/5017/869 881/5018/881 890/5019/890
f 881/5020/881 870/5021/870 891/5022/891
f 890/5023/890 891/5024/891 876/5025/876
f 881/5026/881 891/5027/891 890/5028/890
f 869/5029/869 890/5030/890 902/5031/902
f 890/5032/890 876/5033/876 905/5034/905
f 902/5035/902 905/5036/905 879/5037/879
f 890/5038/890 905/5039/905 902/5040/902
f 869/5041/869 902/5042/902 906/5043/906
f 902/5044/902 879/5045/879 910/5046/910
f 906/5047/906 910/5048/910 880/5049/880
f 902/5050/902 910/5051/910 906/5052/906
f 870/5053/870 886/5054/886 897/5055/897
f 886/5056/886 874/5057/874 900/5058/900
f 897/5059/897 900/5060/900 878/5061/878
f 886/5062/886 900/5063/900 897/5064/897
f 874/5065/874 909/5066/909 887/5067/887
f 909/5068/909 880/5069/880 908/5070/908
f 887/5071/887 908/5072/908 873/5073/873
f 909/5074/909 908/5075/908 887/5076/887
f 880/5077/880 910/5078/910 907/5079/907
f 910/5080/910 879/5081/879 903/5082/903
f 907/5083/907 903/5084/903 871/5085/871
f 910/5086/910 903/5087/903 907/5088/907
f 879/5089/879 905/5090/905 904/5091/904
f 905/5092/905 876/5093/876 892/5094/892
f 904/5095/904 892/5096/892 875/5097/875
f 905/5098/905 892/5099/892 904/5100/904
f 876/5101/876 891/5102/891 896/5103/896
f 891/5104/891 870/5105/870 893/5106/893
f 896/5107/896 893/5108/893 877/5109/877
f 891/5110/891 893/5111/893 896/5112/896
f 872/5113/872 898/5114/898 884/5115/884
f 898/5116/898 878/5117/878 899/5118/899
f 884/5119/884 899/5120/899 873/5121/873
f 898/5122/898 899/5123/899 884/5124/884
f 872/5125/872 884/5126/884 882/5127/882
f 884/5128/884 873/5129/873 883/5130/883
f 882/5131/882 883/5132/883 871/5133/871
f 884/5134/884 883/5135/883 882/5136/882
f 872/5137/872 882/5138/882 889/5139/889
f 882/5140/882 871/5141/871 888/5142/888
f 889/5143/889 888/5144/888 875/5145/875
f 882/5146/882 888/5147/888 889/5148/889
f 872/5149/872 889/5150/889 894/5151/894
f 889/5152/889 875/5153/875 895/5154/895
f 894/5155/894 895/5156/895 877/5157/877
f 889/5158/889 895/5159/895 894/5160/894
f 872/5161/872 894/5162/894 898/5163/898
f 894/5164/894 877/5165/877 901/5166/901
f 898/5167/898 901/5168/901 878/5169/878
f 894/5170/894 901/5171/901 898/5172/898
f 873/5173/873 899/5174/899 887/5175/887
f 899/5176/899 878/5177/878 900/5178/900
f 887/5179/887 900/5180/900 874/5181/874
f 899/5182/899 900/5183/900 887/5184/887
f 871/5185/871 883/5186/883 907/5187/907
f 883/5188/883 873/5189/873 908/5190/908
f 907/5191/907 908/5192/908 880/5193/880
f 883/5194/883 908/5195/908 907/5196/907
f 875/5197/875 888/5198/888 904/5199/904
f 888/5200/888 871/5201/871 903/5202/903
f 904/5203/904 903/5204/903 879/5205/879
f 888/5206/888 903/5207/903 904/5208/904
f 877/5209/877 895/5210/895 896/5211/896
f 895/5212/895 875/5213/875 892/5214/892
f 896/5215/896 892/5216/892 876/5217/876
f 895/5218/895 892/5219/892 896/5220/896
f 878/5221/878 901/5222/901 897/5223/897
f 901/5224/901 877/5225/877 893/5226/893
f 897/5227/897 893/5228/893 870/5229/870
f 901/5230/901 893/5231/893 897/5232/897
usemtl amarillo
f 911/5233/911 948/5234/948 927/5235/927
f 948/5236/948 922/5237/922 951/5238/951
f 927/5239/927 951/5240/951 916/5241/916
f 948/5242/948 951/5243/951 927/5244/927
f 911/5245/911 927/5246/927 923/5247/923
f 927/5248/927 916/5249/916 928/5250/928
f 923/5251/923 928/5252/928 912/5253/912
f 927/5254/927 928/5255/928 923/5256/923
f 911/5257/911 923/5258/923 932/5259/932
f 923/5260/923 912/5261/912 933/5262/933
f 932/5263/932 933/5264/933 918/5265/918
f 923/5266/923 933/5267/933 932/5268/932
f 911/5269/911 932/5270/932 944/5271/944
f 932/5272/932 918/5273/918 947/5274/947
f 944/5275/944 947/5276/947 921/5277/921
f 932/5278/932 947/5279/947 944/5280/944
f 911/5281/911 944/5282/944 948/5283/948
f 944/5284/944 921/5285/921 952/5286/952
f 948/5287/948 952/5288/952 922/5289/922
f 944/5290/944 952/5291/952 948/5292/948
f 912/5293/912 928/5294/928 939/5295/939
f 928/5296/928 916/5297/916 942/5298/942
f 939/5299/939 942/5300/942 920/5301/920
f 928/5302/928 942/5303/942 939/5304/939
f 916/5305/916 951/5306/951 929/5307/929
f 951/5308/951 922/5309/922 950/5310/950
f 929/5311/929 950/5312/950 915/5313/915
f 951/5314/951 950/5315/950 929/5316/929
f 922/5317/922 952/5318/952 949/5319/949
f 952/5320/952 921/5321/921 945/5322/945
f 949/5323/949 945/5324/945 913/5325/913
f 952/5326/952 945/5327/945 949/5328/949
f 921/5329/921 947/5330/947 946/5331/946
f 947/5332/947 918/5333/918 934/5334/934
f 946/5335/946 934/5336/934 917/5337/917
f 947/5338/947 934/5339/934 946/5340/946
f 918/5341/918 933/5342/933 938/5343/938
f 933/5344/933 912/5345/912 935/5346/935
f 938/5347/938 935/5348/935 919/5349/919
f 933/5350/933 935/5351/935 938/5352/938
f 914/5353/914 940/5354/940 926/5355/926
f 940/5356/940 920/5357/920 941/5358/941
f 926/5359/926 941/5360/941 915/5361/915
f 940/5362/940 941/5363/941 926/5364/926
f 914/5365/914 926/5366/926 924/5367/924
f 926/5368/926 915/5369/915 925/5370/925
f 924/5371/924 925/5372/925 913/5373/913
f 926/5374/926 925/5375/925 924/5376/924
f 914/5377/914 924/5378/924 931/5379/931
f 924/5380/924 913/5381/913 930/5382/930
f 931/5383/931 930/5384/930 917/5385/917
f 924/5386/924 930/5387/930 931/5388/931
f 914/5389/914 931/5390/931 936/5391/936
f 931/5392/931 917/5393/917 937/5394/937
f 936/5395/936 937/5396/937 919/5397/919
f 931/5398/931 937/5399/937 936/5400/936
f 914/5401/914 936/5402/936 940/5403/940
f 936/5404/936 919/5405/919 943/5406/943
f 940/5407/940 943/5408/943 920/5409/920
f 936/5410/936 943/5411/943 940/5412/940
f 915/5413/915 941/5414/941 929/5415/929
f 941/5416/941 920/5417/920 942/5418/942
f 929/5419/929 942/5420/942 916/5421/916
f 941/5422/941 942/5423/942 929/5424/929
f 913/5425/913 925/5426/925 949/5427/949
f 925/5428/925 915/5429/915 950/5430/950
f 949/5431/949 950/5432/950 922/5433/922
f 925/5434/925 950/5435/950 949/5436/949
f 917/5437/917 930/5438/930 946/5439/946
f 930/5440/930 913/5441/913 945/5442/945
f 946/5443/946 945/5444/945 921/5445/921
f 930/5446/930 945/5447/945 946/5448/946
f 919/5449/919 937/5450/937 938/5451/938
f 937/5452/937 917/5453/917 934/5454/934
f 938/5455/938 934/5456/934 918/5457/918
f 937/5458/937 934/5459/934 938/5460/938
f 920/5461/920 943/5462/943 939/5463/939
f 943/5464/943 919/5465/919 935/5466/935
f 939/5467/939 935/5468/935 912/5469/912
f 943/5470/943 935/5471/935 939/5472/939
