# Compatible con Model.h, Mesh.h y modelLoading.frag
mtllib ramo_globos.mtl
o ramo_globos
v -0.628234 2.057273 0.000000
v -0.291766 2.057273 0.000000
v -0.628234 1.342727 0.000000
v -0.291766 1.342727 0.000000
v -0.460000 1.479193 0.255195
v -0.460000 1.920807 0.255195
v -0.460000 1.479193 -0.255195
v -0.460000 1.920807 -0.255195
v -0.187792 1.700000 -0.157719
v -0.187792 1.700000 0.157719
v -0.732208 1.700000 -0.157719
v -0.732208 1.700000 0.157719
v -0.460000 2.120000 0.000000
v -0.460000 1.280000 0.000000
v -0.558885 1.360213 0.150000
v -0.361115 1.360213 0.150000
v -0.558885 2.039787 0.150000
v -0.361115 2.039787 0.150000
v -0.460000 1.700000 0.300000
v -0.558885 1.360213 -0.150000
v -0.361115 1.360213 -0.150000
v -0.558885 2.039787 -0.150000
v -0.361115 2.039787 -0.150000
v -0.460000 1.700000 -0.300000
v -0.201115 1.910000 -0.092705
v -0.201115 1.490000 -0.092705
v -0.300000 1.570213 -0.242705
v -0.300000 1.829787 -0.242705
v -0.201115 1.910000 0.092705
v -0.201115 1.490000 0.092705
v -0.300000 1.570213 0.242705
v -0.300000 1.829787 0.242705
v -0.140000 1.700000 0.000000
v -0.718885 1.910000 -0.092705
v -0.718885 1.490000 -0.092705
v -0.620000 1.570213 -0.242705
v -0.620000 1.829787 -0.242705
v -0.718885 1.910000 0.092705
v -0.718885 1.490000 0.092705
v -0.620000 1.570213 0.242705
v -0.620000 1.829787 0.242705
v -0.780000 1.700000 0.000000
v -0.547445 2.104014 0.000000
v -0.372555 2.104014 0.000000
v -0.547445 1.295986 0.000000
v -0.372555 1.295986 0.000000
v -0.598844 1.337679 0.077968
v -0.511399 1.408612 0.210614
v -0.511987 1.300556 0.078860
v -0.321156 1.337679 0.077968
v -0.408601 1.408612 0.210614
v -0.408013 1.300556 0.078860
v -0.460000 1.342727 0.157719
v -0.598844 2.062321 0.077968
v -0.511399 1.991388 0.210614
v -0.511987 2.099444 0.078860
v -0.321156 2.062321 0.077968
v -0.408601 1.991388 0.210614
v -0.408013 2.099444 0.078860
v -0.460000 2.057273 0.157719
v -0.460000 1.585228 0.288582
v -0.460000 1.814772 0.288582
v -0.598844 1.337679 -0.077968
v -0.511399 1.408612 -0.210614
v -0.511987 1.300556 -0.078860
v -0.321156 1.337679 -0.077968
v -0.408601 1.408612 -0.210614
v -0.408013 1.300556 -0.078860
v -0.460000 1.342727 -0.157719
v -0.598844 2.062321 -0.077968
v -0.511399 1.991388 -0.210614
v -0.511987 2.099444 -0.078860
v -0.321156 2.062321 -0.077968
v -0.408601 1.991388 -0.210614
v -0.408013 2.099444 -0.078860
v -0.460000 2.057273 -0.157719
v -0.460000 1.585228 -0.288582
v -0.460000 1.814772 -0.288582
v -0.237990 1.994860 -0.048187
v -0.183946 1.809155 -0.130167
v -0.271909 1.989040 -0.127598
v -0.237990 1.405140 -0.048187
v -0.183946 1.590845 -0.130167
v -0.271909 1.410960 -0.127598
v -0.376835 1.517767 -0.258801
v -0.235345 1.632539 -0.208134
v -0.323896 1.453130 -0.206457
v -0.375883 1.631767 -0.285317
v -0.239779 1.521363 -0.176336
v -0.376835 1.882233 -0.258801
v -0.235345 1.767461 -0.208134
v -0.323896 1.946870 -0.206457
v -0.375883 1.768233 -0.285317
v -0.239779 1.878637 -0.176336
v -0.291766 1.700000 -0.255195
v -0.237990 1.994860 0.048187
v -0.183946 1.809155 0.130167
v -0.271909 1.989040 0.127598
v -0.187792 1.920807 0.000000
v -0.237990 1.405140 0.048187
v -0.183946 1.590845 0.130167
v -0.271909 1.410960 0.127598
v -0.187792 1.479193 0.000000
v -0.376835 1.517767 0.258801
v -0.235345 1.632539 0.208134
v -0.323896 1.453130 0.206457
v -0.375883 1.631767 0.285317
v -0.239779 1.521363 0.176336
v -0.376835 1.882233 0.258801
v -0.235345 1.767461 0.208134
v -0.323896 1.946870 0.206457
v -0.375883 1.768233 0.285317
v -0.239779 1.878637 0.176336
v -0.291766 1.700000 0.255195
v -0.152180 1.700000 -0.081980
v -0.152180 1.700000 0.081980
v -0.155662 1.810404 -0.048738
v -0.155662 1.589596 -0.048738
v -0.155662 1.810404 0.048738
v -0.155662 1.589596 0.048738
v -0.682010 1.994860 -0.048187
v -0.736054 1.809155 -0.130167
v -0.648091 1.989040 -0.127598
v -0.682010 1.405140 -0.048187
v -0.736054 1.590845 -0.130167
v -0.648091 1.410960 -0.127598
v -0.543165 1.517767 -0.258801
v -0.684655 1.632539 -0.208134
v -0.596104 1.453130 -0.206457
v -0.544117 1.631767 -0.285317
v -0.680221 1.521363 -0.176336
v -0.543165 1.882233 -0.258801
v -0.684655 1.767461 -0.208134
v -0.596104 1.946870 -0.206457
v -0.544117 1.768233 -0.285317
v -0.680221 1.878637 -0.176336
v -0.628234 1.700000 -0.255195
v -0.682010 1.994860 0.048187
v -0.736054 1.809155 0.130167
v -0.648091 1.989040 0.127598
v -0.732208 1.920807 0.000000
v -0.682010 1.405140 0.048187
v -0.736054 1.590845 0.130167
v -0.648091 1.410960 0.127598
v -0.732208 1.479193 0.000000
v -0.543165 1.517767 0.258801
v -0.684655 1.632539 0.208134
v -0.596104 1.453130 0.206457
v -0.544117 1.631767 0.285317
v -0.680221 1.521363 0.176336
v -0.543165 1.882233 0.258801
v -0.684655 1.767461 0.208134
v -0.596104 1.946870 0.206457
v -0.544117 1.768233 0.285317
v -0.680221 1.878637 0.176336
v -0.628234 1.700000 0.255195
v -0.767820 1.700000 -0.081980
v -0.767820 1.700000 0.081980
v -0.764338 1.810404 -0.048738
v -0.764338 1.589596 -0.048738
v -0.764338 1.810404 0.048738
v -0.764338 1.589596 0.048738
v -0.460000 1.220000 0.000000
v -0.405000 1.220000 0.000000
v -0.460000 1.310000 0.000000
v -0.406057 1.220000 -0.010730
v -0.409187 1.220000 -0.021048
v -0.414269 1.220000 -0.030556
v -0.421109 1.220000 -0.038891
v -0.429444 1.220000 -0.045731
v -0.438952 1.220000 -0.050813
v -0.449270 1.220000 -0.053943
v -0.460000 1.220000 -0.055000
v -0.470730 1.220000 -0.053943
v -0.481048 1.220000 -0.050813
v -0.490556 1.220000 -0.045731
v -0.498891 1.220000 -0.038891
v -0.505731 1.220000 -0.030556
v -0.510813 1.220000 -0.021048
v -0.513943 1.220000 -0.010730
v -0.515000 1.220000 -0.000000
v -0.513943 1.220000 0.010730
v -0.510813 1.220000 0.021048
v -0.505731 1.220000 0.030556
v -0.498891 1.220000 0.038891
v -0.490556 1.220000 0.045731
v -0.481048 1.220000 0.050813
v -0.470730 1.220000 0.053943
v -0.460000 1.220000 0.055000
v -0.449270 1.220000 0.053943
v -0.438952 1.220000 0.050813
v -0.429444 1.220000 0.045731
v -0.421109 1.220000 0.038891
v -0.414269 1.220000 0.030556
v -0.409187 1.220000 0.021048
v -0.406057 1.220000 0.010730
v -0.460000 1.190000 0.000000
v -0.460000 1.190000 -0.008000
v -0.253000 0.700000 -0.008000
v -0.253000 0.700000 0.000000
v -0.454789 1.192201 -0.005657
v -0.247789 0.702201 -0.005657
v -0.452631 1.193113 -0.000000
v -0.245631 0.703113 -0.000000
v -0.454789 1.192201 0.005657
v -0.247789 0.702201 0.005657
v -0.460000 1.190000 0.008000
v -0.253000 0.700000 0.008000
v -0.465211 1.187799 0.005657
v -0.258211 0.697799 0.005657
v -0.467369 1.186887 0.000000
v -0.260369 0.696887 0.000000
v -0.465211 1.187799 -0.005657
v -0.258211 0.697799 -0.005657
v -0.253000 0.700000 0.000000
v -0.253000 0.700000 -0.008000
v 0.000000 0.000000 -0.008000
v 0.000000 0.000000 0.000000
v -0.247680 0.701923 -0.005657
v 0.005320 0.001923 -0.005657
v -0.245476 0.702719 -0.000000
v 0.007524 0.002719 -0.000000
v -0.247680 0.701923 0.005657
v 0.005320 0.001923 0.005657
v -0.253000 0.700000 0.008000
v 0.000000 0.000000 0.008000
v -0.258320 0.698077 0.005657
v -0.005320 -0.001923 0.005657
v -0.260524 0.697281 0.000000
v -0.007524 -0.002719 0.000000
v -0.258320 0.698077 -0.005657
v -0.005320 -0.001923 -0.005657
v 0.311766 2.237273 0.000000
v 0.648234 2.237273 0.000000
v 0.311766 1.522727 0.000000
v 0.648234 1.522727 0.000000
v 0.480000 1.659193 0.255195
v 0.480000 2.100807 0.255195
v 0.480000 1.659193 -0.255195
v 0.480000 2.100807 -0.255195
v 0.752208 1.880000 -0.157719
v 0.752208 1.880000 0.157719
v 0.207792 1.880000 -0.157719
v 0.207792 1.880000 0.157719
v 0.480000 2.300000 0.000000
v 0.480000 1.460000 0.000000
v 0.381115 1.540213 0.150000
v 0.578885 1.540213 0.150000
v 0.381115 2.219787 0.150000
v 0.578885 2.219787 0.150000
v 0.480000 1.880000 0.300000
v 0.381115 1.540213 -0.150000
v 0.578885 1.540213 -0.150000
v 0.381115 2.219787 -0.150000
v 0.578885 2.219787 -0.150000
v 0.480000 1.880000 -0.300000
v 0.738885 2.090000 -0.092705
v 0.738885 1.670000 -0.092705
v 0.640000 1.750213 -0.242705
v 0.640000 2.009787 -0.242705
v 0.738885 2.090000 0.092705
v 0.738885 1.670000 0.092705
v 0.640000 1.750213 0.242705
v 0.640000 2.009787 0.242705
v 0.800000 1.880000 0.000000
v 0.221115 2.090000 -0.092705
v 0.221115 1.670000 -0.092705
v 0.320000 1.750213 -0.242705
v 0.320000 2.009787 -0.242705
v 0.221115 2.090000 0.092705
v 0.221115 1.670000 0.092705
v 0.320000 1.750213 0.242705
v 0.320000 2.009787 0.242705
v 0.160000 1.880000 0.000000
v 0.392555 2.284014 0.000000
v 0.567445 2.284014 0.000000
v 0.392555 1.475986 0.000000
v 0.567445 1.475986 0.000000
v 0.341156 1.517679 0.077968
v 0.428601 1.588612 0.210614
v 0.428013 1.480556 0.078860
v 0.618844 1.517679 0.077968
v 0.531399 1.588612 0.210614
v 0.531987 1.480556 0.078860
v 0.480000 1.522727 0.157719
v 0.341156 2.242321 0.077968
v 0.428601 2.171388 0.210614
v 0.428013 2.279444 0.078860
v 0.618844 2.242321 0.077968
v 0.531399 2.171388 0.210614
v 0.531987 2.279444 0.078860
v 0.480000 2.237273 0.157719
v 0.480000 1.765228 0.288582
v 0.480000 1.994772 0.288582
v 0.341156 1.517679 -0.077968
v 0.428601 1.588612 -0.210614
v 0.428013 1.480556 -0.078860
v 0.618844 1.517679 -0.077968
v 0.531399 1.588612 -0.210614
v 0.531987 1.480556 -0.078860
v 0.480000 1.522727 -0.157719
v 0.341156 2.242321 -0.077968
v 0.428601 2.171388 -0.210614
v 0.428013 2.279444 -0.078860
v 0.618844 2.242321 -0.077968
v 0.531399 2.171388 -0.210614
v 0.531987 2.279444 -0.078860
v 0.480000 2.237273 -0.157719
v 0.480000 1.765228 -0.288582
v 0.480000 1.994772 -0.288582
v 0.702010 2.174860 -0.048187
v 0.756054 1.989155 -0.130167
v 0.668091 2.169040 -0.127598
v 0.702010 1.585140 -0.048187
v 0.756054 1.770845 -0.130167
v 0.668091 1.590960 -0.127598
v 0.563165 1.697767 -0.258801
v 0.704655 1.812539 -0.208134
v 0.616104 1.633130 -0.206457
v 0.564117 1.811767 -0.285317
v 0.700221 1.701363 -0.176336
v 0.563165 2.062233 -0.258801
v 0.704655 1.947461 -0.208134
v 0.616104 2.126870 -0.206457
v 0.564117 1.948233 -0.285317
v 0.700221 2.058637 -0.176336
v 0.648234 1.880000 -0.255195
v 0.702010 2.174860 0.048187
v 0.756054 1.989155 0.130167
v 0.668091 2.169040 0.127598
v 0.752208 2.100807 0.000000
v 0.702010 1.585140 0.048187
v 0.756054 1.770845 0.130167
v 0.668091 1.590960 0.127598
v 0.752208 1.659193 0.000000
v 0.563165 1.697767 0.258801
v 0.704655 1.812539 0.208134
v 0.616104 1.633130 0.206457
v 0.564117 1.811767 0.285317
v 0.700221 1.701363 0.176336
v 0.563165 2.062233 0.258801
v 0.704655 1.947461 0.208134
v 0.616104 2.126870 0.206457
v 0.564117 1.948233 0.285317
v 0.700221 2.058637 0.176336
v 0.648234 1.880000 0.255195
v 0.787820 1.880000 -0.081980
v 0.787820 1.880000 0.081980
v 0.784338 1.990404 -0.048738
v 0.784338 1.769596 -0.048738
v 0.784338 1.990404 0.048738
v 0.784338 1.769596 0.048738
v 0.257990 2.174860 -0.048187
v 0.203946 1.989155 -0.130167
v 0.291909 2.169040 -0.127598
v 0.257990 1.585140 -0.048187
v 0.203946 1.770845 -0.130167
v 0.291909 1.590960 -0.127598
v 0.396835 1.697767 -0.258801
v 0.255345 1.812539 -0.208134
v 0.343896 1.633130 -0.206457
v 0.395883 1.811767 -0.285317
v 0.259779 1.701363 -0.176336
v 0.396835 2.062233 -0.258801
v 0.255345 1.947461 -0.208134
v 0.343896 2.126870 -0.206457
v 0.395883 1.948233 -0.285317
v 0.259779 2.058637 -0.176336
v 0.311766 1.880000 -0.255195
v 0.257990 2.174860 0.048187
v 0.203946 1.989155 0.130167
v 0.291909 2.169040 0.127598
v 0.207792 2.100807 0.000000
v 0.257990 1.585140 0.048187
v 0.203946 1.770845 0.130167
v 0.291909 1.590960 0.127598
v 0.207792 1.659193 0.000000
v 0.396835 1.697767 0.258801
v 0.255345 1.812539 0.208134
v 0.343896 1.633130 0.206457
v 0.395883 1.811767 0.285317
v 0.259779 1.701363 0.176336
v 0.396835 2.062233 0.258801
v 0.255345 1.947461 0.208134
v 0.343896 2.126870 0.206457
v 0.395883 1.948233 0.285317
v 0.259779 2.058637 0.176336
v 0.311766 1.880000 0.255195
v 0.172180 1.880000 -0.081980
v 0.172180 1.880000 0.081980
v 0.175662 1.990404 -0.048738
v 0.175662 1.769596 -0.048738
v 0.175662 1.990404 0.048738
v 0.175662 1.769596 0.048738
v 0.480000 1.400000 0.000000
v 0.535000 1.400000 0.000000
v 0.480000 1.490000 0.000000
v 0.533943 1.400000 -0.010730
v 0.530813 1.400000 -0.021048
v 0.525731 1.400000 -0.030556
v 0.518891 1.400000 -0.038891
v 0.510556 1.400000 -0.045731
v 0.501048 1.400000 -0.050813
v 0.490730 1.400000 -0.053943
v 0.480000 1.400000 -0.055000
v 0.469270 1.400000 -0.053943
v 0.458952 1.400000 -0.050813
v 0.449444 1.400000 -0.045731
v 0.441109 1.400000 -0.038891
v 0.434269 1.400000 -0.030556
v 0.429187 1.400000 -0.021048
v 0.426057 1.400000 -0.010730
v 0.425000 1.400000 -0.000000
v 0.426057 1.400000 0.010730
v 0.429187 1.400000 0.021048
v 0.434269 1.400000 0.030556
v 0.441109 1.400000 0.038891
v 0.449444 1.400000 0.045731
v 0.458952 1.400000 0.050813
v 0.469270 1.400000 0.053943
v 0.480000 1.400000 0.055000
v 0.490730 1.400000 0.053943
v 0.501048 1.400000 0.050813
v 0.510556 1.400000 0.045731
v 0.518891 1.400000 0.038891
v 0.525731 1.400000 0.030556
v 0.530813 1.400000 0.021048
v 0.533943 1.400000 0.010730
v 0.480000 1.370000 0.000000
v 0.480000 1.370000 0.008000
v 0.264000 0.700000 0.008000
v 0.264000 0.700000 0.000000
v 0.474616 1.371736 0.005657
v 0.258616 0.701736 0.005657
v 0.472386 1.372455 0.000000
v 0.256386 0.702455 0.000000
v 0.474616 1.371736 -0.005657
v 0.258616 0.701736 -0.005657
v 0.480000 1.370000 -0.008000
v 0.264000 0.700000 -0.008000
v 0.485384 1.368264 -0.005657
v 0.269384 0.698264 -0.005657
v 0.487614 1.367545 -0.000000
v 0.271614 0.697545 -0.000000
v 0.485384 1.368264 0.005657
v 0.269384 0.698264 0.005657
v 0.264000 0.700000 0.000000
v 0.264000 0.700000 0.008000
v 0.000000 0.000000 0.008000
v 0.000000 0.000000 0.000000
v 0.258707 0.701996 0.005657
v -0.005293 0.001996 0.005657
v 0.256515 0.702823 0.000000
v -0.007485 0.002823 0.000000
v 0.258707 0.701996 -0.005657
v -0.005293 0.001996 -0.005657
v 0.264000 0.700000 -0.008000
v 0.000000 0.000000 -0.008000
v 0.269293 0.698004 -0.005657
v 0.005293 -0.001996 -0.005657
v 0.271485 0.697177 -0.000000
v 0.007485 -0.002823 -0.000000
v 0.269293 0.698004 0.005657
v 0.005293 -0.001996 0.005657
v -0.168234 1.757273 0.260000
v 0.168234 1.757273 0.260000
v -0.168234 1.042727 0.260000
v 0.168234 1.042727 0.260000
v 0.000000 1.179193 0.515195
v 0.000000 1.620807 0.515195
v 0.000000 1.179193 0.004805
v 0.000000 1.620807 0.004805
v 0.272208 1.400000 0.102281
v 0.272208 1.400000 0.417719
v -0.272208 1.400000 0.102281
v -0.272208 1.400000 0.417719
v 0.000000 1.820000 0.260000
v 0.000000 0.980000 0.260000
v -0.098885 1.060213 0.410000
v 0.098885 1.060213 0.410000
v -0.098885 1.739787 0.410000
v 0.098885 1.739787 0.410000
v 0.000000 1.400000 0.560000
v -0.098885 1.060213 0.110000
v 0.098885 1.060213 0.110000
v -0.098885 1.739787 0.110000
v 0.098885 1.739787 0.110000
v 0.000000 1.400000 -0.040000
v 0.258885 1.610000 0.167295
v 0.258885 1.190000 0.167295
v 0.160000 1.270213 0.017295
v 0.160000 1.529787 0.017295
v 0.258885 1.610000 0.352705
v 0.258885 1.190000 0.352705
v 0.160000 1.270213 0.502705
v 0.160000 1.529787 0.502705
v 0.320000 1.400000 0.260000
v -0.258885 1.610000 0.167295
v -0.258885 1.190000 0.167295
v -0.160000 1.270213 0.017295
v -0.160000 1.529787 0.017295
v -0.258885 1.610000 0.352705
v -0.258885 1.190000 0.352705
v -0.160000 1.270213 0.502705
v -0.160000 1.529787 0.502705
v -0.320000 1.400000 0.260000
v -0.087445 1.804014 0.260000
v 0.087445 1.804014 0.260000
v -0.087445 0.995986 0.260000
v 0.087445 0.995986 0.260000
v -0.138844 1.037679 0.337968
v -0.051399 1.108612 0.470614
v -0.051987 1.000556 0.338860
v 0.138844 1.037679 0.337968
v 0.051399 1.108612 0.470614
v 0.051987 1.000556 0.338860
v 0.000000 1.042727 0.417719
v -0.138844 1.762321 0.337968
v -0.051399 1.691388 0.470614
v -0.051987 1.799444 0.338860
v 0.138844 1.762321 0.337968
v 0.051399 1.691388 0.470614
v 0.051987 1.799444 0.338860
v 0.000000 1.757273 0.417719
v 0.000000 1.285228 0.548582
v 0.000000 1.514772 0.548582
v -0.138844 1.037679 0.182032
v -0.051399 1.108612 0.049386
v -0.051987 1.000556 0.181140
v 0.138844 1.037679 0.182032
v 0.051399 1.108612 0.049386
v 0.051987 1.000556 0.181140
v 0.000000 1.042727 0.102281
v -0.138844 1.762321 0.182032
v -0.051399 1.691388 0.049386
v -0.051987 1.799444 0.181140
v 0.138844 1.762321 0.182032
v 0.051399 1.691388 0.049386
v 0.051987 1.799444 0.181140
v 0.000000 1.757273 0.102281
v 0.000000 1.285228 -0.028582
v 0.000000 1.514772 -0.028582
v 0.222010 1.694860 0.211813
v 0.276054 1.509155 0.129833
v 0.188091 1.689040 0.132402
v 0.222010 1.105140 0.211813
v 0.276054 1.290845 0.129833
v 0.188091 1.110960 0.132402
v 0.083165 1.217767 0.001199
v 0.224655 1.332539 0.051866
v 0.136104 1.153130 0.053543
v 0.084117 1.331767 -0.025317
v 0.220221 1.221363 0.083664
v 0.083165 1.582233 0.001199
v 0.224655 1.467461 0.051866
v 0.136104 1.646870 0.053543
v 0.084117 1.468233 -0.025317
v 0.220221 1.578637 0.083664
v 0.168234 1.400000 0.004805
v 0.222010 1.694860 0.308187
v 0.276054 1.509155 0.390167
v 0.188091 1.689040 0.387598
v 0.272208 1.620807 0.260000
v 0.222010 1.105140 0.308187
v 0.276054 1.290845 0.390167
v 0.188091 1.110960 0.387598
v 0.272208 1.179193 0.260000
v 0.083165 1.217767 0.518801
v 0.224655 1.332539 0.468134
v 0.136104 1.153130 0.466457
v 0.084117 1.331767 0.545317
v 0.220221 1.221363 0.436336
v 0.083165 1.582233 0.518801
v 0.224655 1.467461 0.468134
v 0.136104 1.646870 0.466457
v 0.084117 1.468233 0.545317
v 0.220221 1.578637 0.436336
v 0.168234 1.400000 0.515195
v 0.307820 1.400000 0.178020
v 0.307820 1.400000 0.341980
v 0.304338 1.510404 0.211262
v 0.304338 1.289596 0.211262
v 0.304338 1.510404 0.308738
v 0.304338 1.289596 0.308738
v -0.222010 1.694860 0.211813
v -0.276054 1.509155 0.129833
v -0.188091 1.689040 0.132402
v -0.222010 1.105140 0.211813
v -0.276054 1.290845 0.129833
v -0.188091 1.110960 0.132402
v -0.083165 1.217767 0.001199
v -0.224655 1.332539 0.051866
v -0.136104 1.153130 0.053543
v -0.084117 1.331767 -0.025317
v -0.220221 1.221363 0.083664
v -0.083165 1.582233 0.001199
v -0.224655 1.467461 0.051866
v -0.136104 1.646870 0.053543
v -0.084117 1.468233 -0.025317
v -0.220221 1.578637 0.083664
v -0.168234 1.400000 0.004805
v -0.222010 1.694860 0.308187
v -0.276054 1.509155 0.390167
v -0.188091 1.689040 0.387598
v -0.272208 1.620807 0.260000
v -0.222010 1.105140 0.308187
v -0.276054 1.290845 0.390167
v -0.188091 1.110960 0.387598
v -0.272208 1.179193 0.260000
v -0.083165 1.217767 0.518801
v -0.224655 1.332539 0.468134
v -0.136104 1.153130 0.466457
v -0.084117 1.331767 0.545317
v -0.220221 1.221363 0.436336
v -0.083165 1.582233 0.518801
v -0.224655 1.467461 0.468134
v -0.136104 1.646870 0.466457
v -0.084117 1.468233 0.545317
v -0.220221 1.578637 0.436336
v -0.168234 1.400000 0.515195
v -0.307820 1.400000 0.178020
v -0.307820 1.400000 0.341980
v -0.304338 1.510404 0.211262
v -0.304338 1.289596 0.211262
v -0.304338 1.510404 0.308738
v -0.304338 1.289596 0.308738
v 0.000000 0.920000 0.260000
v 0.055000 0.920000 0.260000
v 0.000000 1.010000 0.260000
v 0.053943 0.920000 0.249270
v 0.050813 0.920000 0.238952
v 0.045731 0.920000 0.229444
v 0.038891 0.920000 0.221109
v 0.030556 0.920000 0.214269
v 0.021048 0.920000 0.209187
v 0.010730 0.920000 0.206057
v 0.000000 0.920000 0.205000
v -0.010730 0.920000 0.206057
v -0.021048 0.920000 0.209187
v -0.030556 0.920000 0.214269
v -0.038891 0.920000 0.221109
v -0.045731 0.920000 0.229444
v -0.050813 0.920000 0.238952
v -0.053943 0.920000 0.249270
v -0.055000 0.920000 0.260000
v -0.053943 0.920000 0.270730
v -0.050813 0.920000 0.281048
v -0.045731 0.920000 0.290556
v -0.038891 0.920000 0.298891
v -0.030556 0.920000 0.305731
v -0.021048 0.920000 0.310813
v -0.010730 0.920000 0.313943
v -0.000000 0.920000 0.315000
v 0.010730 0.920000 0.313943
v 0.021048 0.920000 0.310813
v 0.030556 0.920000 0.305731
v 0.038891 0.920000 0.298891
v 0.045731 0.920000 0.290556
v 0.050813 0.920000 0.281048
v 0.053943 0.920000 0.270730
v 0.000000 0.890000 0.260000
v -0.004517 0.893728 0.254551
v -0.004517 0.703728 0.124551
v 0.000000 0.700000 0.130000
v 0.001474 0.894440 0.253511
v 0.001474 0.704440 0.123511
v 0.006602 0.892551 0.256272
v 0.006602 0.702551 0.126272
v 0.007863 0.889167 0.261217
v 0.007863 0.699167 0.131217
v 0.004517 0.886272 0.265449
v 0.004517 0.696272 0.135449
v -0.001474 0.885560 0.266489
v -0.001474 0.695560 0.136489
v -0.006602 0.887449 0.263728
v -0.006602 0.697449 0.133728
v -0.007863 0.890833 0.258783
v -0.007863 0.700833 0.128783
v 0.000000 0.700000 0.130000
v -0.001461 0.701436 0.122267
v -0.001461 0.001436 -0.007733
v 0.000000 0.000000 0.000000
v 0.004529 0.701204 0.123516
v 0.004529 0.001204 -0.006484
v 0.007866 0.700267 0.128564
v 0.007866 0.000267 -0.001436
v 0.006595 0.699173 0.134453
v 0.006595 -0.000827 0.004453
v 0.001461 0.698564 0.137733
v 0.001461 -0.001436 0.007733
v -0.004529 0.698796 0.136484
v -0.004529 -0.001204 0.006484
v -0.007866 0.699733 0.131436
v -0.007866 -0.000267 0.001436
v -0.006595 0.700827 0.125547
v -0.006595 0.000827 -0.004453
v -0.368234 2.497273 -0.220000
v -0.031766 2.497273 -0.220000
v -0.368234 1.782727 -0.220000
v -0.031766 1.782727 -0.220000
v -0.200000 1.919193 0.035195
v -0.200000 2.360807 0.035195
v -0.200000 1.919193 -0.475195
v -0.200000 2.360807 -0.475195
v 0.072208 2.140000 -0.377719
v 0.072208 2.140000 -0.062281
v -0.472208 2.140000 -0.377719
v -0.472208 2.140000 -0.062281
v -0.200000 2.560000 -0.220000
v -0.200000 1.720000 -0.220000
v -0.298885 1.800213 -0.070000
v -0.101115 1.800213 -0.070000
v -0.298885 2.479787 -0.070000
v -0.101115 2.479787 -0.070000
v -0.200000 2.140000 0.080000
v -0.298885 1.800213 -0.370000
v -0.101115 1.800213 -0.370000
v -0.298885 2.479787 -0.370000
v -0.101115 2.479787 -0.370000
v -0.200000 2.140000 -0.520000
v 0.058885 2.350000 -0.312705
v 0.058885 1.930000 -0.312705
v -0.040000 2.010213 -0.462705
v -0.040000 2.269787 -0.462705
v 0.058885 2.350000 -0.127295
v 0.058885 1.930000 -0.127295
v -0.040000 2.010213 0.022705
v -0.040000 2.269787 0.022705
v 0.120000 2.140000 -0.220000
v -0.458885 2.350000 -0.312705
v -0.458885 1.930000 -0.312705
v -0.360000 2.010213 -0.462705
v -0.360000 2.269787 -0.462705
v -0.458885 2.350000 -0.127295
v -0.458885 1.930000 -0.127295
v -0.360000 2.010213 0.022705
v -0.360000 2.269787 0.022705
v -0.520000 2.140000 -0.220000
v -0.287445 2.544014 -0.220000
v -0.112555 2.544014 -0.220000
v -0.287445 1.735986 -0.220000
v -0.112555 1.735986 -0.220000
v -0.338844 1.777679 -0.142032
v -0.251399 1.848612 -0.009386
v -0.251987 1.740556 -0.141140
v -0.061156 1.777679 -0.142032
v -0.148601 1.848612 -0.009386
v -0.148013 1.740556 -0.141140
v -0.200000 1.782727 -0.062281
v -0.338844 2.502321 -0.142032
v -0.251399 2.431388 -0.009386
v -0.251987 2.539444 -0.141140
v -0.061156 2.502321 -0.142032
v -0.148601 2.431388 -0.009386
v -0.148013 2.539444 -0.141140
v -0.200000 2.497273 -0.062281
v -0.200000 2.025228 0.068582
v -0.200000 2.254772 0.068582
v -0.338844 1.777679 -0.297968
v -0.251399 1.848612 -0.430614
v -0.251987 1.740556 -0.298860
v -0.061156 1.777679 -0.297968
v -0.148601 1.848612 -0.430614
v -0.148013 1.740556 -0.298860
v -0.200000 1.782727 -0.377719
v -0.338844 2.502321 -0.297968
v -0.251399 2.431388 -0.430614
v -0.251987 2.539444 -0.298860
v -0.061156 2.502321 -0.297968
v -0.148601 2.431388 -0.430614
v -0.148013 2.539444 -0.298860
v -0.200000 2.497273 -0.377719
v -0.200000 2.025228 -0.508582
v -0.200000 2.254772 -0.508582
v 0.022010 2.434860 -0.268187
v 0.076054 2.249155 -0.350167
v -0.011909 2.429040 -0.347598
v 0.022010 1.845140 -0.268187
v 0.076054 2.030845 -0.350167
v -0.011909 1.850960 -0.347598
v -0.116835 1.957767 -0.478801
v 0.024655 2.072539 -0.428134
v -0.063896 1.893130 -0.426457
v -0.115883 2.071767 -0.505317
v 0.020221 1.961363 -0.396336
v -0.116835 2.322233 -0.478801
v 0.024655 2.207461 -0.428134
v -0.063896 2.386870 -0.426457
v -0.115883 2.208233 -0.505317
v 0.020221 2.318637 -0.396336
v -0.031766 2.140000 -0.475195
v 0.022010 2.434860 -0.171813
v 0.076054 2.249155 -0.089833
v -0.011909 2.429040 -0.092402
v 0.072208 2.360807 -0.220000
v 0.022010 1.845140 -0.171813
v 0.076054 2.030845 -0.089833
v -0.011909 1.850960 -0.092402
v 0.072208 1.919193 -0.220000
v -0.116835 1.957767 0.038801
v 0.024655 2.072539 -0.011866
v -0.063896 1.893130 -0.013543
v -0.115883 2.071767 0.065317
v 0.020221 1.961363 -0.043664
v -0.116835 2.322233 0.038801
v 0.024655 2.207461 -0.011866
v -0.063896 2.386870 -0.013543
v -0.115883 2.208233 0.065317
v 0.020221 2.318637 -0.043664
v -0.031766 2.140000 0.035195
v 0.107820 2.140000 -0.301980
v 0.107820 2.140000 -0.138020
v 0.104338 2.250404 -0.268738
v 0.104338 2.029596 -0.268738
v 0.104338 2.250404 -0.171262
v 0.104338 2.029596 -0.171262
v -0.422010 2.434860 -0.268187
v -0.476054 2.249155 -0.350167
v -0.388091 2.429040 -0.347598
v -0.422010 1.845140 -0.268187
v -0.476054 2.030845 -0.350167
v -0.388091 1.850960 -0.347598
v -0.283165 1.957767 -0.478801
v -0.424655 2.072539 -0.428134
v -0.336104 1.893130 -0.426457
v -0.284117 2.071767 -0.505317
v -0.420221 1.961363 -0.396336
v -0.283165 2.322233 -0.478801
v -0.424655 2.207461 -0.428134
v -0.336104 2.386870 -0.426457
v -0.284117 2.208233 -0.505317
v -0.420221 2.318637 -0.396336
v -0.368234 2.140000 -0.475195
v -0.422010 2.434860 -0.171813
v -0.476054 2.249155 -0.089833
v -0.388091 2.429040 -0.092402
v -0.472208 2.360807 -0.220000
v -0.422010 1.845140 -0.171813
v -0.476054 2.030845 -0.089833
v -0.388091 1.850960 -0.092402
v -0.472208 1.919193 -0.220000
v -0.283165 1.957767 0.038801
v -0.424655 2.072539 -0.011866
v -0.336104 1.893130 -0.013543
v -0.284117 2.071767 0.065317
v -0.420221 1.961363 -0.043664
v -0.283165 2.322233 0.038801
v -0.424655 2.207461 -0.011866
v -0.336104 2.386870 -0.013543
v -0.284117 2.208233 0.065317
v -0.420221 2.318637 -0.043664
v -0.368234 2.140000 0.035195
v -0.507820 2.140000 -0.301980
v -0.507820 2.140000 -0.138020
v -0.504338 2.250404 -0.268738
v -0.504338 2.029596 -0.268738
v -0.504338 2.250404 -0.171262
v -0.504338 2.029596 -0.171262
v -0.200000 1.660000 -0.220000
v -0.145000 1.660000 -0.220000
v -0.200000 1.750000 -0.220000
v -0.146057 1.660000 -0.230730
v -0.149187 1.660000 -0.241048
v -0.154269 1.660000 -0.250556
v -0.161109 1.660000 -0.258891
v -0.169444 1.660000 -0.265731
v -0.178952 1.660000 -0.270813
v -0.189270 1.660000 -0.273943
v -0.200000 1.660000 -0.275000
v -0.210730 1.660000 -0.273943
v -0.221048 1.660000 -0.270813
v -0.230556 1.660000 -0.265731
v -0.238891 1.660000 -0.258891
v -0.245731 1.660000 -0.250556
v -0.250813 1.660000 -0.241048
v -0.253943 1.660000 -0.230730
v -0.255000 1.660000 -0.220000
v -0.253943 1.660000 -0.209270
v -0.250813 1.660000 -0.198952
v -0.245731 1.660000 -0.189444
v -0.238891 1.660000 -0.181109
v -0.230556 1.660000 -0.174269
v -0.221048 1.660000 -0.169187
v -0.210730 1.660000 -0.166057
v -0.200000 1.660000 -0.165000
v -0.189270 1.660000 -0.166057
v -0.178952 1.660000 -0.169187
v -0.169444 1.660000 -0.174269
v -0.161109 1.660000 -0.181109
v -0.154269 1.660000 -0.189444
v -0.149187 1.660000 -0.198952
v -0.146057 1.660000 -0.209270
v -0.200000 1.630000 -0.220000
v -0.199065 1.629156 -0.227900
v -0.109065 0.699156 -0.117900
v -0.110000 0.700000 -0.110000
v -0.193747 1.630015 -0.224990
v -0.103747 0.700015 -0.114990
v -0.192092 1.630865 -0.219156
v -0.102092 0.700865 -0.109156
v -0.195069 1.631208 -0.213817
v -0.105069 0.701208 -0.103817
v -0.200935 1.630844 -0.212100
v -0.110935 0.700844 -0.102100
v -0.206253 1.629985 -0.215010
v -0.116253 0.699985 -0.105010
v -0.207908 1.629135 -0.220844
v -0.117908 0.699135 -0.110844
v -0.204931 1.628792 -0.226183
v -0.114931 0.698792 -0.116183
v -0.110000 0.700000 -0.110000
v -0.108773 0.698961 -0.117837
v 0.001227 -0.001039 -0.007837
v 0.000000 -0.000000 0.000000
v -0.103610 0.700249 -0.114807
v 0.006390 0.000249 -0.004807
v -0.102191 0.701390 -0.108961
v 0.007809 0.001390 0.001039
v -0.105346 0.701718 -0.103724
v 0.004654 0.001718 0.006276
v -0.111227 0.701039 -0.102163
v -0.001227 0.001039 0.007837
v -0.116390 0.699751 -0.105193
v -0.006390 -0.000249 0.004807
v -0.117809 0.698610 -0.111039
v -0.007809 -0.001390 -0.001039
v -0.114654 0.698282 -0.116276
v -0.004654 -0.001718 -0.006276
v 0.061766 2.657273 -0.190000
v 0.398234 2.657273 -0.190000
v 0.061766 1.942727 -0.190000
v 0.398234 1.942727 -0.190000
v 0.230000 2.079193 0.065195
v 0.230000 2.520807 0.065195
v 0.230000 2.079193 -0.445195
v 0.230000 2.520807 -0.445195
v 0.502208 2.300000 -0.347719
v 0.502208 2.300000 -0.032281
v -0.042208 2.300000 -0.347719
v -0.042208 2.300000 -0.032281
v 0.230000 2.720000 -0.190000
v 0.230000 1.880000 -0.190000
v 0.131115 1.960213 -0.040000
v 0.328885 1.960213 -0.040000
v 0.131115 2.639787 -0.040000
v 0.328885 2.639787 -0.040000
v 0.230000 2.300000 0.110000
v 0.131115 1.960213 -0.340000
v 0.328885 1.960213 -0.340000
v 0.131115 2.639787 -0.340000
v 0.328885 2.639787 -0.340000
v 0.230000 2.300000 -0.490000
v 0.488885 2.510000 -0.282705
v 0.488885 2.090000 -0.282705
v 0.390000 2.170213 -0.432705
v 0.390000 2.429787 -0.432705
v 0.488885 2.510000 -0.097295
v 0.488885 2.090000 -0.097295
v 0.390000 2.170213 0.052705
v 0.390000 2.429787 0.052705
v 0.550000 2.300000 -0.190000
v -0.028885 2.510000 -0.282705
v -0.028885 2.090000 -0.282705
v 0.070000 2.170213 -0.432705
v 0.070000 2.429787 -0.432705
v -0.028885 2.510000 -0.097295
v -0.028885 2.090000 -0.097295
v 0.070000 2.170213 0.052705
v 0.070000 2.429787 0.052705
v -0.090000 2.300000 -0.190000
v 0.142555 2.704014 -0.190000
v 0.317445 2.704014 -0.190000
v 0.142555 1.895986 -0.190000
v 0.317445 1.895986 -0.190000
v 0.091156 1.937679 -0.112032
v 0.178601 2.008612 0.020614
v 0.178013 1.900556 -0.111140
v 0.368844 1.937679 -0.112032
v 0.281399 2.008612 0.020614
v 0.281987 1.900556 -0.111140
v 0.230000 1.942727 -0.032281
v 0.091156 2.662321 -0.112032
v 0.178601 2.591388 0.020614
v 0.178013 2.699444 -0.111140
v 0.368844 2.662321 -0.112032
v 0.281399 2.591388 0.020614
v 0.281987 2.699444 -0.111140
v 0.230000 2.657273 -0.032281
v 0.230000 2.185228 0.098582
v 0.230000 2.414772 0.098582
v 0.091156 1.937679 -0.267968
v 0.178601 2.008612 -0.400614
v 0.178013 1.900556 -0.268860
v 0.368844 1.937679 -0.267968
v 0.281399 2.008612 -0.400614
v 0.281987 1.900556 -0.268860
v 0.230000 1.942727 -0.347719
v 0.091156 2.662321 -0.267968
v 0.178601 2.591388 -0.400614
v 0.178013 2.699444 -0.268860
v 0.368844 2.662321 -0.267968
v 0.281399 2.591388 -0.400614
v 0.281987 2.699444 -0.268860
v 0.230000 2.657273 -0.347719
v 0.230000 2.185228 -0.478582
v 0.230000 2.414772 -0.478582
v 0.452010 2.594860 -0.238187
v 0.506054 2.409155 -0.320167
v 0.418091 2.589040 -0.317598
v 0.452010 2.005140 -0.238187
v 0.506054 2.190845 -0.320167
v 0.418091 2.010960 -0.317598
v 0.313165 2.117767 -0.448801
v 0.454655 2.232539 -0.398134
v 0.366104 2.053130 -0.396457
v 0.314117 2.231767 -0.475317
v 0.450221 2.121363 -0.366336
v 0.313165 2.482233 -0.448801
v 0.454655 2.367461 -0.398134
v 0.366104 2.546870 -0.396457
v 0.314117 2.368233 -0.475317
v 0.450221 2.478637 -0.366336
v 0.398234 2.300000 -0.445195
v 0.452010 2.594860 -0.141813
v 0.506054 2.409155 -0.059833
v 0.418091 2.589040 -0.062402
v 0.502208 2.520807 -0.190000
v 0.452010 2.005140 -0.141813
v 0.506054 2.190845 -0.059833
v 0.418091 2.010960 -0.062402
v 0.502208 2.079193 -0.190000
v 0.313165 2.117767 0.068801
v 0.454655 2.232539 0.018134
v 0.366104 2.053130 0.016457
v 0.314117 2.231767 0.095317
v 0.450221 2.121363 -0.013664
v 0.313165 2.482233 0.068801
v 0.454655 2.367461 0.018134
v 0.366104 2.546870 0.016457
v 0.314117 2.368233 0.095317
v 0.450221 2.478637 -0.013664
v 0.398234 2.300000 0.065195
v 0.537820 2.300000 -0.271980
v 0.537820 2.300000 -0.108020
v 0.534338 2.410404 -0.238738
v 0.534338 2.189596 -0.238738
v 0.534338 2.410404 -0.141262
v 0.534338 2.189596 -0.141262
v 0.007990 2.594860 -0.238187
v -0.046054 2.409155 -0.320167
v 0.041909 2.589040 -0.317598
v 0.007990 2.005140 -0.238187
v -0.046054 2.190845 -0.320167
v 0.041909 2.010960 -0.317598
v 0.146835 2.117767 -0.448801
v 0.005345 2.232539 -0.398134
v 0.093896 2.053130 -0.396457
v 0.145883 2.231767 -0.475317
v 0.009779 2.121363 -0.366336
v 0.146835 2.482233 -0.448801
v 0.005345 2.367461 -0.398134
v 0.093896 2.546870 -0.396457
v 0.145883 2.368233 -0.475317
v 0.009779 2.478637 -0.366336
v 0.061766 2.300000 -0.445195
v 0.007990 2.594860 -0.141813
v -0.046054 2.409155 -0.059833
v 0.041909 2.589040 -0.062402
v -0.042208 2.520807 -0.190000
v 0.007990 2.005140 -0.141813
v -0.046054 2.190845 -0.059833
v 0.041909 2.010960 -0.062402
v -0.042208 2.079193 -0.190000
v 0.146835 2.117767 0.068801
v 0.005345 2.232539 0.018134
v 0.093896 2.053130 0.016457
v 0.145883 2.231767 0.095317
v 0.009779 2.121363 -0.013664
v 0.146835 2.482233 0.068801
v 0.005345 2.367461 0.018134
v 0.093896 2.546870 0.016457
v 0.145883 2.368233 0.095317
v 0.009779 2.478637 -0.013664
v 0.061766 2.300000 0.065195
v -0.077820 2.300000 -0.271980
v -0.077820 2.300000 -0.108020
v -0.074338 2.410404 -0.238738
v -0.074338 2.189596 -0.238738
v -0.074338 2.410404 -0.141262
v -0.074338 2.189596 -0.141262
v 0.230000 1.820000 -0.190000
v 0.285000 1.820000 -0.190000
v 0.230000 1.910000 -0.190000
v 0.283943 1.820000 -0.200730
v 0.280813 1.820000 -0.211048
v 0.275731 1.820000 -0.220556
v 0.268891 1.820000 -0.228891
v 0.260556 1.820000 -0.235731
v 0.251048 1.820000 -0.240813
v 0.240730 1.820000 -0.243943
v 0.230000 1.820000 -0.245000
v 0.219270 1.820000 -0.243943
v 0.208952 1.820000 -0.240813
v 0.199444 1.820000 -0.235731
v 0.191109 1.820000 -0.228891
v 0.184269 1.820000 -0.220556
v 0.179187 1.820000 -0.211048
v 0.176057 1.820000 -0.200730
v 0.175000 1.820000 -0.190000
v 0.176057 1.820000 -0.179270
v 0.179187 1.820000 -0.168952
v 0.184269 1.820000 -0.159444
v 0.191109 1.820000 -0.151109
v 0.199444 1.820000 -0.144269
v 0.208952 1.820000 -0.139187
v 0.219270 1.820000 -0.136057
v 0.230000 1.820000 -0.135000
v 0.240730 1.820000 -0.136057
v 0.251048 1.820000 -0.139187
v 0.260556 1.820000 -0.144269
v 0.268891 1.820000 -0.151109
v 0.275731 1.820000 -0.159444
v 0.280813 1.820000 -0.168952
v 0.283943 1.820000 -0.179270
v 0.230000 1.790000 -0.190000
v 0.230692 1.790627 -0.182055
v 0.127192 0.700627 -0.087055
v 0.126500 0.700000 -0.095000
v 0.224879 1.791015 -0.183939
v 0.121379 0.701015 -0.088939
v 0.222066 1.790808 -0.189373
v 0.118566 0.700808 -0.094373
v 0.223901 1.790128 -0.195175
v 0.120401 0.700128 -0.100175
v 0.229308 1.789373 -0.197945
v 0.125808 0.699373 -0.102945
v 0.235121 1.788985 -0.196061
v 0.131621 0.698985 -0.101061
v 0.237934 1.789192 -0.190627
v 0.134434 0.699192 -0.095627
v 0.236099 1.789872 -0.184825
v 0.132599 0.699872 -0.089825
v 0.126500 0.700000 -0.095000
v 0.127559 0.700878 -0.087119
v 0.001059 0.000878 0.007881
v 0.000000 0.000000 -0.000000
v 0.121731 0.701702 -0.088806
v -0.004769 0.001702 0.006194
v 0.118697 0.701529 -0.094122
v -0.007803 0.001529 0.000878
v 0.120233 0.700460 -0.099952
v -0.006267 0.000460 -0.004952
v 0.125441 0.699122 -0.102881
v -0.001059 -0.000878 -0.007881
v 0.131269 0.698298 -0.101194
v 0.004769 -0.001702 -0.006194
v 0.134303 0.698471 -0.095878
v 0.007803 -0.001529 -0.000878
v 0.132767 0.699540 -0.090048
v 0.006267 -0.000460 0.004952
vn -0.6299663 0.7766225 -0.0000000
vn 0.6299663 0.7766225 0.0000000
vn -0.6299663 -0.7766225 0.0000000
vn 0.6299663 -0.7766225 0.0000000
vn 0.0000000 -0.4038534 0.9148237
vn 0.0000000 0.4038534 0.9148237
vn 0.0000000 -0.4038534 -0.9148237
vn -0.0000000 0.4038534 -0.9148237
vn 0.8349026 -0.0000000 -0.5503977
vn 0.8349026 0.0000000 0.5503977
vn -0.8349026 -0.0000000 -0.5503977
vn -0.8349026 0.0000000 0.5503977
vn 0.0000000 1.0000000 0.0000000
vn 0.0000000 -1.0000000 -0.0000000
vn -0.3544942 -0.7071086 0.6118262
vn 0.3544942 -0.7071086 0.6118262
vn -0.3544942 0.7071086 0.6118262
vn 0.3544942 0.7071086 0.6118262
vn 0.0000000 0.0000000 1.0000000
vn -0.3544942 -0.7071086 -0.6118262
vn 0.3544942 -0.7071086 -0.6118262
vn -0.3544942 0.7071086 -0.6118262
vn 0.3544942 0.7071086 -0.6118262
vn 0.0000000 0.0000000 -1.0000000
vn 0.8488823 0.3997247 -0.3458598
vn 0.8488823 -0.3997247 -0.3458598
vn 0.4879224 -0.2297539 -0.8421074
vn 0.4879224 0.2297539 -0.8421074
vn 0.8488823 0.3997247 0.3458598
vn 0.8488823 -0.3997247 0.3458598
vn 0.4879224 -0.2297539 0.8421074
vn 0.4879224 0.2297539 0.8421074
vn 1.0000000 -0.0000000 0.0000000
vn -0.8488823 0.3997247 -0.3458598
vn -0.8488823 -0.3997247 -0.3458598
vn -0.4879224 -0.2297539 -0.8421074
vn -0.4879224 0.2297539 -0.8421074
vn -0.8488823 0.3997247 0.3458598
vn -0.8488823 -0.3997247 0.3458598
vn -0.4879224 -0.2297539 0.8421074
vn -0.4879224 0.2297539 0.8421074
vn -1.0000000 0.0000000 0.0000000
vn -0.3646199 0.9311565 -0.0000000
vn 0.3646199 0.9311565 0.0000000
vn -0.3646199 -0.9311565 0.0000000
vn 0.3646199 -0.9311565 0.0000000
vn -0.5264388 -0.7889173 0.3169725
vn -0.1640688 -0.5605830 0.8116823
vn -0.1791250 -0.9118010 0.3695040
vn 0.5264388 -0.7889173 0.3169725
vn 0.1640688 -0.5605830 0.8116823
vn 0.1791250 -0.9118010 0.3695040
vn -0.0000000 -0.7732021 0.6341597
vn -0.5264388 0.7889173 0.3169725
vn -0.1640688 0.5605830 0.8116823
vn -0.1791250 0.9118010 0.3695040
vn 0.5264388 0.7889173 0.3169725
vn 0.1640688 0.5605830 0.8116823
vn 0.1791250 0.9118010 0.3695040
vn 0.0000000 0.7732021 0.6341597
vn -0.0000000 -0.2084221 0.9780390
vn 0.0000000 0.2084221 0.9780390
vn -0.5264388 -0.7889173 -0.3169725
vn -0.1640688 -0.5605830 -0.8116823
vn -0.1791250 -0.9118010 -0.3695040
vn 0.5264388 -0.7889173 -0.3169725
vn 0.1640688 -0.5605830 -0.8116823
vn 0.1791250 -0.9118010 -0.3695040
vn 0.0000000 -0.7732021 -0.6341597
vn -0.5264388 0.7889173 -0.3169725
vn -0.1640688 0.5605830 -0.8116823
vn -0.1791250 0.9118010 -0.3695040
vn 0.5264388 0.7889173 -0.3169725
vn 0.1640688 0.5605830 -0.8116823
vn 0.1791250 0.9118010 -0.3695040
vn 0.0000000 0.7732021 -0.6341597
vn -0.0000000 -0.2084221 -0.9780390
vn -0.0000000 0.2084221 -0.9780390
vn 0.7720910 0.6083981 -0.1836498
vn 0.8632540 0.1887551 -0.4681497
vn 0.6427313 0.5629982 -0.5195474
vn 0.7720910 -0.6083981 -0.1836498
vn 0.8632540 -0.1887551 -0.4681497
vn 0.6427313 -0.5629982 -0.5195474
vn 0.2451737 -0.3309251 -0.9112510
vn 0.6916009 -0.1136102 -0.7132888
vn 0.4647641 -0.4672729 -0.7520973
vn 0.2605164 -0.1026344 -0.9599986
vn 0.6879343 -0.3454921 -0.6382645
vn 0.2451737 0.3309251 -0.9112510
vn 0.6916009 0.1136102 -0.7132888
vn 0.4647641 0.4672729 -0.7520973
vn 0.2605164 0.1026344 -0.9599986
vn 0.6879343 0.3454921 -0.6382645
vn 0.4813956 0.0000000 -0.8765034
vn 0.7720910 0.6083981 0.1836498
vn 0.8632540 0.1887551 0.4681497
vn 0.6427313 0.5629982 0.5195474
vn 0.9131646 0.4075909 0.0000000
vn 0.7720910 -0.6083981 0.1836498
vn 0.8632540 -0.1887551 0.4681497
vn 0.6427313 -0.5629982 0.5195474
vn 0.9131646 -0.4075909 0.0000000
vn 0.2451737 -0.3309251 0.9112510
vn 0.6916009 -0.1136102 0.7132888
vn 0.4647641 -0.4672729 0.7520973
vn 0.2605164 -0.1026344 0.9599986
vn 0.6879343 -0.3454921 0.6382645
vn 0.2451737 0.3309251 0.9112510
vn 0.6916009 0.1136102 0.7132888
vn 0.4647641 0.4672729 0.7520973
vn 0.2605164 0.1026344 0.9599986
vn 0.6879343 0.3454921 0.6382645
vn 0.4813956 0.0000000 0.8765034
vn 0.9529116 0.0000000 -0.3032482
vn 0.9529116 0.0000000 0.3032482
vn 0.9648766 0.2127961 -0.1540483
vn 0.9648766 -0.2127961 -0.1540483
vn 0.9648766 0.2127961 0.1540483
vn 0.9648766 -0.2127961 0.1540483
vn -0.7720910 0.6083981 -0.1836498
vn -0.8632540 0.1887551 -0.4681497
vn -0.6427313 0.5629982 -0.5195474
vn -0.7720910 -0.6083981 -0.1836498
vn -0.8632540 -0.1887551 -0.4681497
vn -0.6427313 -0.5629982 -0.5195474
vn -0.2451737 -0.3309251 -0.9112510
vn -0.6916009 -0.1136102 -0.7132888
vn -0.4647641 -0.4672729 -0.7520973
vn -0.2605164 -0.1026344 -0.9599986
vn -0.6879343 -0.3454921 -0.6382645
vn -0.2451737 0.3309251 -0.9112510
vn -0.6916009 0.1136102 -0.7132888
vn -0.4647641 0.4672729 -0.7520973
vn -0.2605164 0.1026344 -0.9599986
vn -0.6879343 0.3454921 -0.6382645
vn -0.4813956 0.0000000 -0.8765034
vn -0.7720910 0.6083981 0.1836498
vn -0.8632540 0.1887551 0.4681497
vn -0.6427313 0.5629982 0.5195474
vn -0.9131646 0.4075909 -0.0000000
vn -0.7720910 -0.6083981 0.1836498
vn -0.8632540 -0.1887551 0.4681497
vn -0.6427313 -0.5629982 0.5195474
vn -0.9131646 -0.4075909 -0.0000000
vn -0.2451737 -0.3309251 0.9112510
vn -0.6916009 -0.1136102 0.7132888
vn -0.4647641 -0.4672729 0.7520973
vn -0.2605164 -0.1026344 0.9599986
vn -0.6879343 -0.3454921 0.6382645
vn -0.2451737 0.3309251 0.9112510
vn -0.6916009 0.1136102 0.7132888
vn -0.4647641 0.4672729 0.7520973
vn -0.2605164 0.1026344 0.9599986
vn -0.6879343 0.3454921 0.6382645
vn -0.4813956 0.0000000 0.8765034
vn -0.9529116 -0.0000000 -0.3032482
vn -0.9529116 0.0000000 0.3032482
vn -0.9648766 0.2127961 -0.1540483
vn -0.9648766 -0.2127961 -0.1540483
vn -0.9648766 0.2127961 0.1540483
vn -0.9648766 -0.2127961 0.1540483
vn 0.0000000 -1.0000000 0.0000000
vn 1.0000000 0.0000000 0.0000000
vn 0.0000000 1.0000000 -0.0000000
vn 0.9807827 0.0000000 -0.1951034
vn 0.9238828 0.0000000 -0.3826756
vn 0.8314763 0.0000000 -0.5555602
vn 0.7071068 0.0000000 -0.7071068
vn 0.5555602 0.0000000 -0.8314763
vn 0.3826756 0.0000000 -0.9238828
vn 0.1951034 0.0000000 -0.9807827
vn 0.0000000 0.0000000 -1.0000000
vn -0.1951034 0.0000000 -0.9807827
vn -0.3826756 0.0000000 -0.9238828
vn -0.5555602 0.0000000 -0.8314763
vn -0.7071068 0.0000000 -0.7071068
vn -0.8314763 0.0000000 -0.5555602
vn -0.9238828 0.0000000 -0.3826756
vn -0.9807827 0.0000000 -0.1951034
vn -1.0000000 0.0000000 0.0000000
vn -0.9807827 0.0000000 0.1951034
vn -0.9238828 0.0000000 0.3826756
vn -0.8314763 0.0000000 0.5555602
vn -0.7071068 0.0000000 0.7071068
vn -0.5555602 0.0000000 0.8314763
vn -0.3826756 0.0000000 0.9238828
vn -0.1951034 0.0000000 0.9807827
vn 0.0000000 0.0000000 1.0000000
vn 0.1951034 0.0000000 0.9807827
vn 0.3826756 0.0000000 0.9238828
vn 0.5555602 0.0000000 0.8314763
vn 0.7071068 0.0000000 0.7071068
vn 0.8314763 0.0000000 0.5555602
vn 0.9238828 0.0000000 0.3826756
vn 0.9807827 0.0000000 0.1951034
vn -0.3891193 0.9211874 -0.0000000
vn -0.1298449 -0.0440713 -0.9905544
vn 0.1298449 0.0440713 -0.9905544
vn 0.3891193 -0.9211874 0.0000000
vn 0.5522740 0.2440892 -0.7971285
vn 0.7381896 0.3010659 -0.6036849
vn 0.9086111 0.3946228 -0.1367436
vn 0.9163405 0.3763261 0.1367436
vn 0.7304597 0.3193635 0.6036850
vn 0.5600038 0.2257914 0.7971286
vn 0.1221162 0.0623694 0.9905542
vn -0.1221162 -0.0623694 0.9905542
vn -0.5600038 -0.2257914 0.7971286
vn -0.7304597 -0.3193635 0.6036850
vn -0.9163405 -0.3763261 0.1367436
vn -0.9086111 -0.3946228 -0.1367436
vn -0.7381896 -0.3010659 -0.6036849
vn -0.5522740 -0.2440892 -0.7971285
vn -0.3399027 0.9404606 0.0000000
vn -0.1310310 -0.0398111 -0.9905786
vn 0.1310310 0.0398111 -0.9905786
vn 0.3399027 -0.9404606 -0.0000000
vn 0.5653615 0.2118852 -0.7971644
vn 0.7520958 0.2642816 -0.6037443
vn 0.9291832 0.3433808 -0.1367777
vn 0.9340086 0.3300299 0.1367778
vn 0.7472708 0.2776323 0.6037439
vn 0.5701865 0.1985343 0.7971646
vn 0.1262053 0.0531615 0.9905787
vn -0.1262053 -0.0531615 0.9905787
vn -0.5701865 -0.1985343 0.7971646
vn -0.7472708 -0.2776323 0.6037439
vn -0.9340086 -0.3300299 0.1367778
vn -0.9291832 -0.3433808 -0.1367777
vn -0.7520958 -0.2642816 -0.6037443
vn -0.5653615 -0.2118852 -0.7971644
vn -0.6299663 0.7766225 0.0000000
vn 0.6299663 0.7766225 0.0000000
vn -0.6299663 -0.7766225 0.0000000
vn 0.6299663 -0.7766225 0.0000000
vn 0.0000000 -0.4038534 0.9148237
vn 0.0000000 0.4038534 0.9148237
vn 0.0000000 -0.4038534 -0.9148237
vn 0.0000000 0.4038534 -0.9148237
vn 0.8349026 0.0000000 -0.5503977
vn 0.8349026 0.0000000 0.5503977
vn -0.8349026 0.0000000 -0.5503977
vn -0.8349026 0.0000000 0.5503977
vn 0.0000000 1.0000000 -0.0000000
vn 0.0000000 -1.0000000 -0.0000000
vn -0.3544942 -0.7071086 0.6118262
vn 0.3544942 -0.7071086 0.6118262
vn -0.3544942 0.7071086 0.6118262
vn 0.3544942 0.7071086 0.6118262
vn 0.0000000 0.0000000 1.0000000
vn -0.3544942 -0.7071086 -0.6118262
vn 0.3544942 -0.7071086 -0.6118262
vn -0.3544942 0.7071086 -0.6118262
vn 0.3544942 0.7071086 -0.6118262
vn 0.0000000 0.0000000 -1.0000000
vn 0.8488823 0.3997247 -0.3458598
vn 0.8488823 -0.3997247 -0.3458598
vn 0.4879224 -0.2297539 -0.8421074
vn 0.4879224 0.2297539 -0.8421074
vn 0.8488823 0.3997247 0.3458598
vn 0.8488823 -0.3997247 0.3458598
vn 0.4879224 -0.2297539 0.8421074
vn 0.4879224 0.2297539 0.8421074
vn 1.0000000 -0.0000000 0.0000000
vn -0.8488823 0.3997247 -0.3458598
vn -0.8488823 -0.3997247 -0.3458598
vn -0.4879224 -0.2297539 -0.8421074
vn -0.4879224 0.2297539 -0.8421074
vn -0.8488823 0.3997247 0.3458598
vn -0.8488823 -0.3997247 0.3458598
vn -0.4879224 -0.2297539 0.8421074
vn -0.4879224 0.2297539 0.8421074
vn -1.0000000 0.0000000 0.0000000
vn -0.3646199 0.9311565 0.0000000
vn 0.3646199 0.9311565 0.0000000
vn -0.3646199 -0.9311565 -0.0000000
vn 0.3646199 -0.9311565 0.0000000
vn -0.5264388 -0.7889173 0.3169725
vn -0.1640688 -0.5605830 0.8116823
vn -0.1791250 -0.9118010 0.3695040
vn 0.5264388 -0.7889173 0.3169725
vn 0.1640688 -0.5605830 0.8116823
vn 0.1791250 -0.9118010 0.3695040
vn -0.0000000 -0.7732021 0.6341597
vn -0.5264388 0.7889173 0.3169725
vn -0.1640688 0.5605830 0.8116823
vn -0.1791250 0.9118010 0.3695040
vn 0.5264388 0.7889173 0.3169725
vn 0.1640688 0.5605830 0.8116823
vn 0.1791250 0.9118010 0.3695040
vn 0.0000000 0.7732021 0.6341597
vn -0.0000000 -0.2084221 0.9780390
vn 0.0000000 0.2084221 0.9780390
vn -0.5264388 -0.7889173 -0.3169725
vn -0.1640688 -0.5605830 -0.8116823
vn -0.1791250 -0.9118010 -0.3695040
vn 0.5264388 -0.7889173 -0.3169725
vn 0.1640688 -0.5605830 -0.8116823
vn 0.1791250 -0.9118010 -0.3695040
vn 0.0000000 -0.7732021 -0.6341597
vn -0.5264388 0.7889173 -0.3169725
vn -0.1640688 0.5605830 -0.8116823
vn -0.1791250 0.9118010 -0.3695040
vn 0.5264388 0.7889173 -0.3169725
vn 0.1640688 0.5605830 -0.8116823
vn 0.1791250 0.9118010 -0.3695040
vn 0.0000000 0.7732021 -0.6341597
vn -0.0000000 -0.2084221 -0.9780390
vn 0.0000000 0.2084221 -0.9780390
vn 0.7720910 0.6083981 -0.1836498
vn 0.8632540 0.1887551 -0.4681497
vn 0.6427313 0.5629982 -0.5195474
vn 0.7720910 -0.6083981 -0.1836498
vn 0.8632540 -0.1887551 -0.4681497
vn 0.6427313 -0.5629982 -0.5195474
vn 0.2451737 -0.3309251 -0.9112510
vn 0.6916009 -0.1136102 -0.7132888
vn 0.4647641 -0.4672729 -0.7520973
vn 0.2605164 -0.1026344 -0.9599986
vn 0.6879343 -0.3454921 -0.6382645
vn 0.2451737 0.3309251 -0.9112510
vn 0.6916009 0.1136102 -0.7132888
vn 0.4647641 0.4672729 -0.7520973
vn 0.2605164 0.1026344 -0.9599986
vn 0.6879343 0.3454921 -0.6382645
vn 0.4813956 0.0000000 -0.8765034
vn 0.7720910 0.6083981 0.1836498
vn 0.8632540 0.1887551 0.4681497
vn 0.6427313 0.5629982 0.5195474
vn 0.9131646 0.4075909 0.0000000
vn 0.7720910 -0.6083981 0.1836498
vn 0.8632540 -0.1887551 0.4681497
vn 0.6427313 -0.5629982 0.5195474
vn 0.9131646 -0.4075909 -0.0000000
vn 0.2451737 -0.3309251 0.9112510
vn 0.6916009 -0.1136102 0.7132888
vn 0.4647641 -0.4672729 0.7520973
vn 0.2605164 -0.1026344 0.9599986
vn 0.6879343 -0.3454921 0.6382645
vn 0.2451737 0.3309251 0.9112510
vn 0.6916009 0.1136102 0.7132888
vn 0.4647641 0.4672729 0.7520973
vn 0.2605164 0.1026344 0.9599986
vn 0.6879343 0.3454921 0.6382645
vn 0.4813956 0.0000000 0.8765034
vn 0.9529116 0.0000000 -0.3032482
vn 0.9529116 0.0000000 0.3032482
vn 0.9648766 0.2127961 -0.1540483
vn 0.9648766 -0.2127961 -0.1540483
vn 0.9648766 0.2127961 0.1540483
vn 0.9648766 -0.2127961 0.1540483
vn -0.7720910 0.6083981 -0.1836498
vn -0.8632540 0.1887551 -0.4681497
vn -0.6427313 0.5629982 -0.5195474
vn -0.7720910 -0.6083981 -0.1836498
vn -0.8632540 -0.1887551 -0.4681497
vn -0.6427313 -0.5629982 -0.5195474
vn -0.2451737 -0.3309251 -0.9112510
vn -0.6916009 -0.1136102 -0.7132888
vn -0.4647641 -0.4672729 -0.7520973
vn -0.2605164 -0.1026344 -0.9599986
vn -0.6879343 -0.3454921 -0.6382645
vn -0.2451737 0.3309251 -0.9112510
vn -0.6916009 0.1136102 -0.7132888
vn -0.4647641 0.4672729 -0.7520973
vn -0.2605164 0.1026344 -0.9599986
vn -0.6879343 0.3454921 -0.6382645
vn -0.4813956 0.0000000 -0.8765034
vn -0.7720910 0.6083981 0.1836498
vn -0.8632540 0.1887551 0.4681497
vn -0.6427313 0.5629982 0.5195474
vn -0.9131646 0.4075909 0.0000000
vn -0.7720910 -0.6083981 0.1836498
vn -0.8632540 -0.1887551 0.4681497
vn -0.6427313 -0.5629982 0.5195474
vn -0.9131646 -0.4075909 0.0000000
vn -0.2451737 -0.3309251 0.9112510
vn -0.6916009 -0.1136102 0.7132888
vn -0.4647641 -0.4672729 0.7520973
vn -0.2605164 -0.1026344 0.9599986
vn -0.6879343 -0.3454921 0.6382645
vn -0.2451737 0.3309251 0.9112510
vn -0.6916009 0.1136102 0.7132888
vn -0.4647641 0.4672729 0.7520973
vn -0.2605164 0.1026344 0.9599986
vn -0.6879343 0.3454921 0.6382645
vn -0.4813956 -0.0000000 0.8765034
vn -0.9529116 -0.0000000 -0.3032482
vn -0.9529116 0.0000000 0.3032482
vn -0.9648766 0.2127961 -0.1540483
vn -0.9648766 -0.2127961 -0.1540483
vn -0.9648766 0.2127961 0.1540483
vn -0.9648766 -0.2127961 0.1540483
vn 0.0000000 -1.0000000 0.0000000
vn 1.0000000 0.0000000 0.0000000
vn 0.0000000 1.0000000 0.0000000
vn 0.9807827 0.0000000 -0.1951034
vn 0.9238828 0.0000000 -0.3826756
vn 0.8314763 0.0000000 -0.5555602
vn 0.7071068 0.0000000 -0.7071068
vn 0.5555602 0.0000000 -0.8314763
vn 0.3826756 0.0000000 -0.9238828
vn 0.1951034 0.0000000 -0.9807827
vn 0.0000000 0.0000000 -1.0000000
vn -0.1951034 0.0000000 -0.9807827
vn -0.3826756 0.0000000 -0.9238828
vn -0.5555602 0.0000000 -0.8314763
vn -0.7071068 0.0000000 -0.7071068
vn -0.8314763 0.0000000 -0.5555602
vn -0.9238828 0.0000000 -0.3826756
vn -0.9807827 0.0000000 -0.1951034
vn -1.0000000 0.0000000 0.0000000
vn -0.9807827 0.0000000 0.1951034
vn -0.9238828 0.0000000 0.3826756
vn -0.8314763 0.0000000 0.5555602
vn -0.7071068 0.0000000 0.7071068
vn -0.5555602 0.0000000 0.8314763
vn -0.3826756 0.0000000 0.9238828
vn -0.1951034 0.0000000 0.9807827
vn 0.0000000 0.0000000 1.0000000
vn 0.1951034 0.0000000 0.9807827
vn 0.3826756 0.0000000 0.9238828
vn 0.5555602 0.0000000 0.8314763
vn 0.7071068 0.0000000 0.7071068
vn 0.8314763 0.0000000 0.5555602
vn 0.9238828 0.0000000 0.3826756
vn 0.9807827 0.0000000 0.1951034
vn 0.3068769 0.9517492 0.0000000
vn 0.1324651 -0.0348200 0.9905759
vn -0.1324651 0.0348200 0.9905759
vn -0.3068769 -0.9517492 -0.0000000
vn -0.5722975 0.1923872 0.7971592
vn -0.7610083 0.2374547 0.6037231
vn -0.9404897 0.3110878 0.1367606
vn -0.9450952 0.2968022 -0.1367605
vn -0.7564025 0.2517405 -0.6037234
vn -0.5769035 0.1781014 -0.7971589
vn -0.1278590 0.0491054 -0.9905760
vn 0.1278590 -0.0491054 -0.9905760
vn 0.5769035 -0.1781014 -0.7971589
vn 0.7564025 -0.2517405 -0.6037234
vn 0.9450952 -0.2968022 -0.1367605
vn 0.9404897 -0.3110878 0.1367606
vn 0.7610083 -0.2374547 0.6037231
vn 0.5722975 -0.1923872 0.7971592
vn 0.3528685 0.9356729 -0.0000000
vn 0.1304557 -0.0416532 0.9905788
vn -0.1304557 0.0416532 0.9905788
vn -0.3528685 -0.9356729 0.0000000
vn -0.5624061 0.2196548 0.7971519
vn -0.7483855 0.2747009 0.6037040
vn -0.9243632 0.3561639 0.1367480
vn -0.9293469 0.3429496 -0.1367479
vn -0.7434015 0.2879159 -0.6037042
vn -0.5673901 0.2064398 -0.7971519
vn -0.1254723 0.0548683 -0.9905787
vn 0.1254723 -0.0548683 -0.9905787
vn 0.5673901 -0.2064398 -0.7971519
vn 0.7434015 -0.2879159 -0.6037042
vn 0.9293469 -0.3429496 -0.1367479
vn 0.9243632 -0.3561639 0.1367480
vn 0.7483855 -0.2747009 0.6037040
vn 0.5624061 -0.2196548 0.7971519
vn -0.6299663 0.7766225 0.0000000
vn 0.6299663 0.7766225 0.0000000
vn -0.6299663 -0.7766225 0.0000000
vn 0.6299663 -0.7766225 0.0000000
vn 0.0000000 -0.4038534 0.9148237
vn 0.0000000 0.4038534 0.9148237
vn -0.0000000 -0.4038534 -0.9148237
vn 0.0000000 0.4038534 -0.9148237
vn 0.8349026 0.0000000 -0.5503977
vn 0.8349026 0.0000000 0.5503977
vn -0.8349026 -0.0000000 -0.5503977
vn -0.8349026 -0.0000000 0.5503977
vn 0.0000000 1.0000000 0.0000000
vn 0.0000000 -1.0000000 0.0000000
vn -0.3544942 -0.7071086 0.6118262
vn 0.3544942 -0.7071086 0.6118262
vn -0.3544942 0.7071086 0.6118262
vn 0.3544942 0.7071086 0.6118262
vn 0.0000000 0.0000000 1.0000000
vn -0.3544942 -0.7071086 -0.6118262
vn 0.3544942 -0.7071086 -0.6118262
vn -0.3544942 0.7071086 -0.6118262
vn 0.3544942 0.7071086 -0.6118262
vn 0.0000000 0.0000000 -1.0000000
vn 0.8488823 0.3997247 -0.3458598
vn 0.8488823 -0.3997247 -0.3458598
vn 0.4879224 -0.2297539 -0.8421074
vn 0.4879224 0.2297539 -0.8421074
vn 0.8488823 0.3997247 0.3458598
vn 0.8488823 -0.3997247 0.3458598
vn 0.4879224 -0.2297539 0.8421074
vn 0.4879224 0.2297539 0.8421074
vn 1.0000000 0.0000000 0.0000000
vn -0.8488823 0.3997247 -0.3458598
vn -0.8488823 -0.3997247 -0.3458598
vn -0.4879224 -0.2297539 -0.8421074
vn -0.4879224 0.2297539 -0.8421074
vn -0.8488823 0.3997247 0.3458598
vn -0.8488823 -0.3997247 0.3458598
vn -0.4879224 -0.2297539 0.8421074
vn -0.4879224 0.2297539 0.8421074
vn -1.0000000 -0.0000000 0.0000000
vn -0.3646199 0.9311565 -0.0000000
vn 0.3646199 0.9311565 0.0000000
vn -0.3646199 -0.9311565 0.0000000
vn 0.3646199 -0.9311565 -0.0000000
vn -0.5264388 -0.7889173 0.3169725
vn -0.1640688 -0.5605830 0.8116823
vn -0.1791250 -0.9118010 0.3695040
vn 0.5264388 -0.7889173 0.3169725
vn 0.1640688 -0.5605830 0.8116823
vn 0.1791250 -0.9118010 0.3695040
vn 0.0000000 -0.7732021 0.6341597
vn -0.5264388 0.7889173 0.3169725
vn -0.1640688 0.5605830 0.8116823
vn -0.1791250 0.9118010 0.3695040
vn 0.5264388 0.7889173 0.3169725
vn 0.1640688 0.5605830 0.8116823
vn 0.1791250 0.9118010 0.3695040
vn 0.0000000 0.7732021 0.6341597
vn 0.0000000 -0.2084221 0.9780390
vn 0.0000000 0.2084221 0.9780390
vn -0.5264388 -0.7889173 -0.3169725
vn -0.1640688 -0.5605830 -0.8116823
vn -0.1791250 -0.9118010 -0.3695040
vn 0.5264388 -0.7889173 -0.3169725
vn 0.1640688 -0.5605830 -0.8116823
vn 0.1791250 -0.9118010 -0.3695040
vn 0.0000000 -0.7732021 -0.6341597
vn -0.5264388 0.7889173 -0.3169725
vn -0.1640688 0.5605830 -0.8116823
vn -0.1791250 0.9118010 -0.3695040
vn 0.5264388 0.7889173 -0.3169725
vn 0.1640688 0.5605830 -0.8116823
vn 0.1791250 0.9118010 -0.3695040
vn 0.0000000 0.7732021 -0.6341597
vn 0.0000000 -0.2084221 -0.9780390
vn 0.0000000 0.2084221 -0.9780390
vn 0.7720910 0.6083981 -0.1836498
vn 0.8632540 0.1887551 -0.4681497
vn 0.6427313 0.5629982 -0.5195474
vn 0.7720910 -0.6083981 -0.1836498
vn 0.8632540 -0.1887551 -0.4681497
vn 0.6427313 -0.5629982 -0.5195474
vn 0.2451737 -0.3309251 -0.9112510
vn 0.6916009 -0.1136102 -0.7132888
vn 0.4647641 -0.4672729 -0.7520973
vn 0.2605164 -0.1026344 -0.9599986
vn 0.6879343 -0.3454921 -0.6382645
vn 0.2451737 0.3309251 -0.9112510
vn 0.6916009 0.1136102 -0.7132888
vn 0.4647641 0.4672729 -0.7520973
vn 0.2605164 0.1026344 -0.9599986
vn 0.6879343 0.3454921 -0.6382645
vn 0.4813956 0.0000000 -0.8765034
vn 0.7720910 0.6083981 0.1836498
vn 0.8632540 0.1887551 0.4681497
vn 0.6427313 0.5629982 0.5195474
vn 0.9131646 0.4075909 0.0000000
vn 0.7720910 -0.6083981 0.1836498
vn 0.8632540 -0.1887551 0.4681497
vn 0.6427313 -0.5629982 0.5195474
vn 0.9131646 -0.4075909 0.0000000
vn 0.2451737 -0.3309251 0.9112510
vn 0.6916009 -0.1136102 0.7132888
vn 0.4647641 -0.4672729 0.7520973
vn 0.2605164 -0.1026344 0.9599986
vn 0.6879343 -0.3454921 0.6382645
vn 0.2451737 0.3309251 0.9112510
vn 0.6916009 0.1136102 0.7132888
vn 0.4647641 0.4672729 0.7520973
vn 0.2605164 0.1026344 0.9599986
vn 0.6879343 0.3454921 0.6382645
vn 0.4813956 0.0000000 0.8765034
vn 0.9529116 0.0000000 -0.3032482
vn 0.9529116 0.0000000 0.3032482
vn 0.9648766 0.2127961 -0.1540483
vn 0.9648766 -0.2127961 -0.1540483
vn 0.9648766 0.2127961 0.1540483
vn 0.9648766 -0.2127961 0.1540483
vn -0.7720910 0.6083981 -0.1836498
vn -0.8632540 0.1887551 -0.4681497
vn -0.6427313 0.5629982 -0.5195474
vn -0.7720910 -0.6083981 -0.1836498
vn -0.8632540 -0.1887551 -0.4681497
vn -0.6427313 -0.5629982 -0.5195474
vn -0.2451737 -0.3309251 -0.9112510
vn -0.6916009 -0.1136102 -0.7132888
vn -0.4647641 -0.4672729 -0.7520973
vn -0.2605164 -0.1026344 -0.9599986
vn -0.6879343 -0.3454921 -0.6382645
vn -0.2451737 0.3309251 -0.9112510
vn -0.6916009 0.1136102 -0.7132888
vn -0.4647641 0.4672729 -0.7520973
vn -0.2605164 0.1026344 -0.9599986
vn -0.6879343 0.3454921 -0.6382645
vn -0.4813956 0.0000000 -0.8765034
vn -0.7720910 0.6083981 0.1836498
vn -0.8632540 0.1887551 0.4681497
vn -0.6427313 0.5629982 0.5195474
vn -0.9131646 0.4075909 0.0000000
vn -0.7720910 -0.6083981 0.1836498
vn -0.8632540 -0.1887551 0.4681497
vn -0.6427313 -0.5629982 0.5195474
vn -0.9131646 -0.4075909 0.0000000
vn -0.2451737 -0.3309251 0.9112510
vn -0.6916009 -0.1136102 0.7132888
vn -0.4647641 -0.4672729 0.7520973
vn -0.2605164 -0.1026344 0.9599986
vn -0.6879343 -0.3454921 0.6382645
vn -0.2451737 0.3309251 0.9112510
vn -0.6916009 0.1136102 0.7132888
vn -0.4647641 0.4672729 0.7520973
vn -0.2605164 0.1026344 0.9599986
vn -0.6879343 0.3454921 0.6382645
vn -0.4813956 0.0000000 0.8765034
vn -0.9529116 -0.0000000 -0.3032482
vn -0.9529116 -0.0000000 0.3032482
vn -0.9648766 0.2127961 -0.1540483
vn -0.9648766 -0.2127961 -0.1540483
vn -0.9648766 0.2127961 0.1540483
vn -0.9648766 -0.2127961 0.1540483
vn 0.0000000 -1.0000000 0.0000000
vn 1.0000000 0.0000000 0.0000000
vn 0.0000000 1.0000000 -0.0000000
vn 0.9807827 0.0000000 -0.1951034
vn 0.9238828 0.0000000 -0.3826756
vn 0.8314763 0.0000000 -0.5555602
vn 0.7071068 0.0000000 -0.7071068
vn 0.5555602 0.0000000 -0.8314763
vn 0.3826756 0.0000000 -0.9238828
vn 0.1951034 0.0000000 -0.9807827
vn 0.0000000 0.0000000 -1.0000000
vn -0.1951034 0.0000000 -0.9807827
vn -0.3826756 0.0000000 -0.9238828
vn -0.5555602 0.0000000 -0.8314763
vn -0.7071068 0.0000000 -0.7071068
vn -0.8314763 0.0000000 -0.5555602
vn -0.9238828 0.0000000 -0.3826756
vn -0.9807827 0.0000000 -0.1951034
vn -1.0000000 0.0000000 0.0000000
vn -0.9807827 0.0000000 0.1951034
vn -0.9238828 0.0000000 0.3826756
vn -0.8314763 0.0000000 0.5555602
vn -0.7071068 0.0000000 0.7071068
vn -0.5555602 0.0000000 0.8314763
vn -0.3826756 0.0000000 0.9238828
vn -0.1951034 0.0000000 0.9807827
vn 0.0000000 0.0000000 1.0000000
vn 0.1951034 0.0000000 0.9807827
vn 0.3826756 0.0000000 0.9238828
vn 0.5555602 0.0000000 0.8314763
vn 0.7071068 0.0000000 0.7071068
vn 0.8314763 0.0000000 0.5555602
vn 0.9238828 0.0000000 0.3826756
vn 0.9807827 0.0000000 0.1951034
vn -0.0000044 0.8253030 0.5646901
vn -0.6720255 0.4368971 -0.5979153
vn -0.4463586 0.4862095 -0.7512418
vn 0.0000044 -0.8253030 -0.5646901
vn 0.0481253 0.5828150 -0.8111785
vn 0.3169163 0.5164862 -0.7954910
vn 0.7401169 0.3984506 -0.5417233
vn 0.8945346 0.2331470 -0.3813795
vn 0.9985797 -0.0082190 0.0526413
vn 0.9481645 -0.1979123 0.2486259
vn 0.6720260 -0.3990297 0.6238240
vn 0.4463583 -0.5240779 0.7253321
vn -0.0481271 -0.5449466 0.8370884
vn -0.3169148 -0.5543536 0.7695825
vn -0.7401159 -0.3605832 0.5676338
vn -0.8945354 -0.2710128 0.3554694
vn -0.9985797 0.0460881 -0.0267306
vn -0.9481645 0.1600415 -0.2745373
vn -0.0000137 0.9831910 0.1825800
vn -0.3152952 0.1805691 -0.9316565
vn -0.0464212 0.1750950 -0.9834566
vn 0.0000137 -0.9831910 -0.1825800
vn 0.4479692 0.1705366 -0.8776337
vn 0.6734878 0.1276693 -0.7280898
vn 0.9489439 0.0648778 -0.3087009
vn 0.9988953 0.0011767 -0.0469774
vn 0.8939768 -0.0745149 0.4418745
vn 0.7390996 -0.1302820 0.6608769
vn 0.3152954 -0.1659780 0.9343662
vn 0.0464210 -0.1896856 0.9807469
vn -0.4479697 -0.1559449 0.8803433
vn -0.6734873 -0.1422609 0.7253804
vn -0.9489440 -0.0502858 0.3114106
vn -0.9988953 -0.0157689 0.0442676
vn -0.8939769 0.0891066 -0.4391644
vn -0.7390995 0.1156899 -0.6635871
vn -0.6299663 0.7766225 0.0000000
vn 0.6299663 0.7766225 0.0000000
vn -0.6299663 -0.7766225 0.0000000
vn 0.6299663 -0.7766225 0.0000000
vn -0.0000000 -0.4038534 0.9148237
vn -0.0000000 0.4038534 0.9148237
vn 0.0000000 -0.4038534 -0.9148237
vn 0.0000000 0.4038534 -0.9148237
vn 0.8349026 0.0000000 -0.5503977
vn 0.8349026 0.0000000 0.5503977
vn -0.8349026 0.0000000 -0.5503977
vn -0.8349026 0.0000000 0.5503977
vn 0.0000000 1.0000000 0.0000000
vn 0.0000000 -1.0000000 -0.0000000
vn -0.3544942 -0.7071086 0.6118262
vn 0.3544942 -0.7071086 0.6118262
vn -0.3544942 0.7071086 0.6118262
vn 0.3544942 0.7071086 0.6118262
vn 0.0000000 0.0000000 1.0000000
vn -0.3544942 -0.7071086 -0.6118262
vn 0.3544942 -0.7071086 -0.6118262
vn -0.3544942 0.7071086 -0.6118262
vn 0.3544942 0.7071086 -0.6118262
vn 0.0000000 0.0000000 -1.0000000
vn 0.8488823 0.3997247 -0.3458598
vn 0.8488823 -0.3997247 -0.3458598
vn 0.4879224 -0.2297539 -0.8421074
vn 0.4879224 0.2297539 -0.8421074
vn 0.8488823 0.3997247 0.3458598
vn 0.8488823 -0.3997247 0.3458598
vn 0.4879224 -0.2297539 0.8421074
vn 0.4879224 0.2297539 0.8421074
vn 1.0000000 0.0000000 0.0000000
vn -0.8488823 0.3997247 -0.3458598
vn -0.8488823 -0.3997247 -0.3458598
vn -0.4879224 -0.2297539 -0.8421074
vn -0.4879224 0.2297539 -0.8421074
vn -0.8488823 0.3997247 0.3458598
vn -0.8488823 -0.3997247 0.3458598
vn -0.4879224 -0.2297539 0.8421074
vn -0.4879224 0.2297539 0.8421074
vn -1.0000000 0.0000000 0.0000000
vn -0.3646199 0.9311565 -0.0000000
vn 0.3646199 0.9311565 0.0000000
vn -0.3646199 -0.9311565 -0.0000000
vn 0.3646199 -0.9311565 0.0000000
vn -0.5264388 -0.7889173 0.3169725
vn -0.1640688 -0.5605830 0.8116823
vn -0.1791250 -0.9118010 0.3695040
vn 0.5264388 -0.7889173 0.3169725
vn 0.1640688 -0.5605830 0.8116823
vn 0.1791250 -0.9118010 0.3695040
vn -0.0000000 -0.7732021 0.6341597
vn -0.5264388 0.7889173 0.3169725
vn -0.1640688 0.5605830 0.8116823
vn -0.1791250 0.9118010 0.3695040
vn 0.5264388 0.7889173 0.3169725
vn 0.1640688 0.5605830 0.8116823
vn 0.1791250 0.9118010 0.3695040
vn 0.0000000 0.7732021 0.6341597
vn -0.0000000 -0.2084221 0.9780390
vn -0.0000000 0.2084221 0.9780390
vn -0.5264388 -0.7889173 -0.3169725
vn -0.1640688 -0.5605830 -0.8116823
vn -0.1791250 -0.9118010 -0.3695040
vn 0.5264388 -0.7889173 -0.3169725
vn 0.1640688 -0.5605830 -0.8116823
vn 0.1791250 -0.9118010 -0.3695040
vn 0.0000000 -0.7732021 -0.6341597
vn -0.5264388 0.7889173 -0.3169725
vn -0.1640688 0.5605830 -0.8116823
vn -0.1791250 0.9118010 -0.3695040
vn 0.5264388 0.7889173 -0.3169725
vn 0.1640688 0.5605830 -0.8116823
vn 0.1791250 0.9118010 -0.3695040
vn 0.0000000 0.7732021 -0.6341597
vn -0.0000000 -0.2084221 -0.9780390
vn -0.0000000 0.2084221 -0.9780390
vn 0.7720910 0.6083981 -0.1836498
vn 0.8632540 0.1887551 -0.4681497
vn 0.6427313 0.5629982 -0.5195474
vn 0.7720910 -0.6083981 -0.1836498
vn 0.8632540 -0.1887551 -0.4681497
vn 0.6427313 -0.5629982 -0.5195474
vn 0.2451737 -0.3309251 -0.9112510
vn 0.6916009 -0.1136102 -0.7132888
vn 0.4647641 -0.4672729 -0.7520973
vn 0.2605164 -0.1026344 -0.9599986
vn 0.6879343 -0.3454921 -0.6382645
vn 0.2451737 0.3309251 -0.9112510
vn 0.6916009 0.1136102 -0.7132888
vn 0.4647641 0.4672729 -0.7520973
vn 0.2605164 0.1026344 -0.9599986
vn 0.6879343 0.3454921 -0.6382645
vn 0.4813956 0.0000000 -0.8765034
vn 0.7720910 0.6083981 0.1836498
vn 0.8632540 0.1887551 0.4681497
vn 0.6427313 0.5629982 0.5195474
vn 0.9131646 0.4075909 0.0000000
vn 0.7720910 -0.6083981 0.1836498
vn 0.8632540 -0.1887551 0.4681497
vn 0.6427313 -0.5629982 0.5195474
vn 0.9131646 -0.4075909 0.0000000
vn 0.2451737 -0.3309251 0.9112510
vn 0.6916009 -0.1136102 0.7132888
vn 0.4647641 -0.4672729 0.7520973
vn 0.2605164 -0.1026344 0.9599986
vn 0.6879343 -0.3454921 0.6382645
vn 0.2451737 0.3309251 0.9112510
vn 0.6916009 0.1136102 0.7132888
vn 0.4647641 0.4672729 0.7520973
vn 0.2605164 0.1026344 0.9599986
vn 0.6879343 0.3454921 0.6382645
vn 0.4813956 0.0000000 0.8765034
vn 0.9529116 -0.0000000 -0.3032482
vn 0.9529116 0.0000000 0.3032482
vn 0.9648766 0.2127961 -0.1540483
vn 0.9648766 -0.2127961 -0.1540483
vn 0.9648766 0.2127961 0.1540483
vn 0.9648766 -0.2127961 0.1540483
vn -0.7720910 0.6083981 -0.1836498
vn -0.8632540 0.1887551 -0.4681497
vn -0.6427313 0.5629982 -0.5195474
vn -0.7720910 -0.6083981 -0.1836498
vn -0.8632540 -0.1887551 -0.4681497
vn -0.6427313 -0.5629982 -0.5195474
vn -0.2451737 -0.3309251 -0.9112510
vn -0.6916009 -0.1136102 -0.7132888
vn -0.4647641 -0.4672729 -0.7520973
vn -0.2605164 -0.1026344 -0.9599986
vn -0.6879343 -0.3454921 -0.6382645
vn -0.2451737 0.3309251 -0.9112510
vn -0.6916009 0.1136102 -0.7132888
vn -0.4647641 0.4672729 -0.7520973
vn -0.2605164 0.1026344 -0.9599986
vn -0.6879343 0.3454921 -0.6382645
vn -0.4813956 0.0000000 -0.8765034
vn -0.7720910 0.6083981 0.1836498
vn -0.8632540 0.1887551 0.4681497
vn -0.6427313 0.5629982 0.5195474
vn -0.9131646 0.4075909 0.0000000
vn -0.7720910 -0.6083981 0.1836498
vn -0.8632540 -0.1887551 0.4681497
vn -0.6427313 -0.5629982 0.5195474
vn -0.9131646 -0.4075909 -0.0000000
vn -0.2451737 -0.3309251 0.9112510
vn -0.6916009 -0.1136102 0.7132888
vn -0.4647641 -0.4672729 0.7520973
vn -0.2605164 -0.1026344 0.9599986
vn -0.6879343 -0.3454921 0.6382645
vn -0.2451737 0.3309251 0.9112510
vn -0.6916009 0.1136102 0.7132888
vn -0.4647641 0.4672729 0.7520973
vn -0.2605164 0.1026344 0.9599986
vn -0.6879343 0.3454921 0.6382645
vn -0.4813956 0.0000000 0.8765034
vn -0.9529116 -0.0000000 -0.3032482
vn -0.9529116 0.0000000 0.3032482
vn -0.9648766 0.2127961 -0.1540483
vn -0.9648766 -0.2127961 -0.1540483
vn -0.9648766 0.2127961 0.1540483
vn -0.9648766 -0.2127961 0.1540483
vn 0.0000000 -1.0000000 0.0000000
vn 1.0000000 0.0000000 0.0000000
vn 0.0000000 1.0000000 -0.0000000
vn 0.9807827 0.0000000 -0.1951034
vn 0.9238828 0.0000000 -0.3826756
vn 0.8314763 0.0000000 -0.5555602
vn 0.7071068 0.0000000 -0.7071068
vn 0.5555602 0.0000000 -0.8314763
vn 0.3826756 0.0000000 -0.9238828
vn 0.1951034 0.0000000 -0.9807827
vn 0.0000000 0.0000000 -1.0000000
vn -0.1951034 0.0000000 -0.9807827
vn -0.3826756 0.0000000 -0.9238828
vn -0.5555602 0.0000000 -0.8314763
vn -0.7071068 0.0000000 -0.7071068
vn -0.8314763 0.0000000 -0.5555602
vn -0.9238828 0.0000000 -0.3826756
vn -0.9807827 0.0000000 -0.1951034
vn -1.0000000 0.0000000 0.0000000
vn -0.9807827 0.0000000 0.1951034
vn -0.9238828 0.0000000 0.3826756
vn -0.8314763 0.0000000 0.5555602
vn -0.7071068 0.0000000 0.7071068
vn -0.5555602 0.0000000 0.8314763
vn -0.3826756 0.0000000 0.9238828
vn -0.1951034 0.0000000 0.9807827
vn 0.0000000 0.0000000 1.0000000
vn 0.1951034 0.0000000 0.9807827
vn 0.3826756 0.0000000 0.9238828
vn 0.5555602 0.0000000 0.8314763
vn 0.7071068 0.0000000 0.7071068
vn 0.8314763 0.0000000 0.5555602
vn 0.9238828 0.0000000 0.3826756
vn 0.9807827 0.0000000 0.1951034
vn -0.0956403 0.9885281 -0.1168979
vn -0.0199411 -0.1137375 -0.9933107
vn 0.2514955 -0.0952644 -0.9631587
vn 0.0956403 -0.9885281 0.1168979
vn 0.6894493 -0.0132577 -0.7242126
vn 0.8591393 0.0169666 -0.5114605
vn 0.9946712 0.0982396 -0.0312770
vn 0.9637842 0.1159919 0.2401372
vn 0.7169105 0.1554440 0.6796150
vn 0.5041388 0.1438291 0.8515616
vn 0.0188671 0.1248395 0.9919975
vn -0.2504215 0.0841623 0.9644718
vn -0.6905237 0.0243603 0.7228995
vn -0.8580649 -0.0280685 0.5127735
vn -0.9957455 -0.0871378 0.0299645
vn -0.9627096 -0.1270944 -0.2388246
vn -0.7179849 -0.1443413 -0.6809282
vn -0.5030646 -0.1549315 -0.8502483
vn -0.1534010 0.9761806 -0.1534260
vn 0.0173203 -0.1451846 -0.9892530
vn 0.2866234 -0.1120233 -0.9514714
vn 0.1534010 -0.9761806 0.1534260
vn 0.7105286 0.0086336 -0.7036154
vn 0.8719456 0.0529869 -0.4867271
vn 0.9868339 0.1616090 -0.0064373
vn 0.9471308 0.1827310 0.2637282
vn 0.6844527 0.2241224 0.6937533
vn 0.4682356 0.2012357 0.8603834
vn -0.0195816 0.1595694 0.9869925
vn -0.2843622 0.0976395 0.9537320
vn -0.7127888 0.0057505 0.7013551
vn -0.8696853 -0.0673714 0.4889873
vn -0.9890941 -0.1472259 0.0041770
vn -0.9448707 -0.1971143 -0.2614677
vn -0.6867124 -0.2097385 -0.6960143
vn -0.4659758 -0.2156199 -0.8581227
vn -0.6299663 0.7766225 0.0000000
vn 0.6299663 0.7766225 -0.0000000
vn -0.6299663 -0.7766225 0.0000000
vn 0.6299663 -0.7766225 -0.0000000
vn -0.0000000 -0.4038534 0.9148237
vn 0.0000000 0.4038534 0.9148237
vn 0.0000000 -0.4038534 -0.9148237
vn 0.0000000 0.4038534 -0.9148237
vn 0.8349026 0.0000000 -0.5503977
vn 0.8349026 0.0000000 0.5503977
vn -0.8349026 -0.0000000 -0.5503977
vn -0.8349026 -0.0000000 0.5503977
vn 0.0000000 1.0000000 0.0000000
vn 0.0000000 -1.0000000 0.0000000
vn -0.3544942 -0.7071086 0.6118262
vn 0.3544942 -0.7071086 0.6118262
vn -0.3544942 0.7071086 0.6118262
vn 0.3544942 0.7071086 0.6118262
vn 0.0000000 0.0000000 1.0000000
vn -0.3544942 -0.7071086 -0.6118262
vn 0.3544942 -0.7071086 -0.6118262
vn -0.3544942 0.7071086 -0.6118262
vn 0.3544942 0.7071086 -0.6118262
vn 0.0000000 0.0000000 -1.0000000
vn 0.8488823 0.3997247 -0.3458598
vn 0.8488823 -0.3997247 -0.3458598
vn 0.4879224 -0.2297539 -0.8421074
vn 0.4879224 0.2297539 -0.8421074
vn 0.8488823 0.3997247 0.3458598
vn 0.8488823 -0.3997247 0.3458598
vn 0.4879224 -0.2297539 0.8421074
vn 0.4879224 0.2297539 0.8421074
vn 1.0000000 -0.0000000 0.0000000
vn -0.8488823 0.3997247 -0.3458598
vn -0.8488823 -0.3997247 -0.3458598
vn -0.4879224 -0.2297539 -0.8421074
vn -0.4879224 0.2297539 -0.8421074
vn -0.8488823 0.3997247 0.3458598
vn -0.8488823 -0.3997247 0.3458598
vn -0.4879224 -0.2297539 0.8421074
vn -0.4879224 0.2297539 0.8421074
vn -1.0000000 0.0000000 0.0000000
vn -0.3646199 0.9311565 0.0000000
vn 0.3646199 0.9311565 0.0000000
vn -0.3646199 -0.9311565 0.0000000
vn 0.3646199 -0.9311565 0.0000000
vn -0.5264388 -0.7889173 0.3169725
vn -0.1640688 -0.5605830 0.8116823
vn -0.1791250 -0.9118010 0.3695040
vn 0.5264388 -0.7889173 0.3169725
vn 0.1640688 -0.5605830 0.8116823
vn 0.1791250 -0.9118010 0.3695040
vn -0.0000000 -0.7732021 0.6341597
vn -0.5264388 0.7889173 0.3169725
vn -0.1640688 0.5605830 0.8116823
vn -0.1791250 0.9118010 0.3695040
vn 0.5264388 0.7889173 0.3169725
vn 0.1640688 0.5605830 0.8116823
vn 0.1791250 0.9118010 0.3695040
vn 0.0000000 0.7732021 0.6341597
vn 0.0000000 -0.2084221 0.9780390
vn 0.0000000 0.2084221 0.9780390
vn -0.5264388 -0.7889173 -0.3169725
vn -0.1640688 -0.5605830 -0.8116823
vn -0.1791250 -0.9118010 -0.3695040
vn 0.5264388 -0.7889173 -0.3169725
vn 0.1640688 -0.5605830 -0.8116823
vn 0.1791250 -0.9118010 -0.3695040
vn 0.0000000 -0.7732021 -0.6341597
vn -0.5264388 0.7889173 -0.3169725
vn -0.1640688 0.5605830 -0.8116823
vn -0.1791250 0.9118010 -0.3695040
vn 0.5264388 0.7889173 -0.3169725
vn 0.1640688 0.5605830 -0.8116823
vn 0.1791250 0.9118010 -0.3695040
vn 0.0000000 0.7732021 -0.6341597
vn -0.0000000 -0.2084221 -0.9780390
vn 0.0000000 0.2084221 -0.9780390
vn 0.7720910 0.6083981 -0.1836498
vn 0.8632540 0.1887551 -0.4681497
vn 0.6427313 0.5629982 -0.5195474
vn 0.7720910 -0.6083981 -0.1836498
vn 0.8632540 -0.1887551 -0.4681497
vn 0.6427313 -0.5629982 -0.5195474
vn 0.2451737 -0.3309251 -0.9112510
vn 0.6916009 -0.1136102 -0.7132888
vn 0.4647641 -0.4672729 -0.7520973
vn 0.2605164 -0.1026344 -0.9599986
vn 0.6879343 -0.3454921 -0.6382645
vn 0.2451737 0.3309251 -0.9112510
vn 0.6916009 0.1136102 -0.7132888
vn 0.4647641 0.4672729 -0.7520973
vn 0.2605164 0.1026344 -0.9599986
vn 0.6879343 0.3454921 -0.6382645
vn 0.4813956 0.0000000 -0.8765034
vn 0.7720910 0.6083981 0.1836498
vn 0.8632540 0.1887551 0.4681497
vn 0.6427313 0.5629982 0.5195474
vn 0.9131646 0.4075909 -0.0000000
vn 0.7720910 -0.6083981 0.1836498
vn 0.8632540 -0.1887551 0.4681497
vn 0.6427313 -0.5629982 0.5195474
vn 0.9131646 -0.4075909 -0.0000000
vn 0.2451737 -0.3309251 0.9112510
vn 0.6916009 -0.1136102 0.7132888
vn 0.4647641 -0.4672729 0.7520973
vn 0.2605164 -0.1026344 0.9599986
vn 0.6879343 -0.3454921 0.6382645
vn 0.2451737 0.3309251 0.9112510
vn 0.6916009 0.1136102 0.7132888
vn 0.4647641 0.4672729 0.7520973
vn 0.2605164 0.1026344 0.9599986
vn 0.6879343 0.3454921 0.6382645
vn 0.4813956 0.0000000 0.8765034
vn 0.9529116 0.0000000 -0.3032482
vn 0.9529116 0.0000000 0.3032482
vn 0.9648766 0.2127961 -0.1540483
vn 0.9648766 -0.2127961 -0.1540483
vn 0.9648766 0.2127961 0.1540483
vn 0.9648766 -0.2127961 0.1540483
vn -0.7720910 0.6083981 -0.1836498
vn -0.8632540 0.1887551 -0.4681497
vn -0.6427313 0.5629982 -0.5195474
vn -0.7720910 -0.6083981 -0.1836498
vn -0.8632540 -0.1887551 -0.4681497
vn -0.6427313 -0.5629982 -0.5195474
vn -0.2451737 -0.3309251 -0.9112510
vn -0.6916009 -0.1136102 -0.7132888
vn -0.4647641 -0.4672729 -0.7520973
vn -0.2605164 -0.1026344 -0.9599986
vn -0.6879343 -0.3454921 -0.6382645
vn -0.2451737 0.3309251 -0.9112510
vn -0.6916009 0.1136102 -0.7132888
vn -0.4647641 0.4672729 -0.7520973
vn -0.2605164 0.1026344 -0.9599986
vn -0.6879343 0.3454921 -0.6382645
vn -0.4813956 0.0000000 -0.8765034
vn -0.7720910 0.6083981 0.1836498
vn -0.8632540 0.1887551 0.4681497
vn -0.6427313 0.5629982 0.5195474
vn -0.9131646 0.4075909 0.0000000
vn -0.7720910 -0.6083981 0.1836498
vn -0.8632540 -0.1887551 0.4681497
vn -0.6427313 -0.5629982 0.5195474
vn -0.9131646 -0.4075909 0.0000000
vn -0.2451737 -0.3309251 0.9112510
vn -0.6916009 -0.1136102 0.7132888
vn -0.4647641 -0.4672729 0.7520973
vn -0.2605164 -0.1026344 0.9599986
vn -0.6879343 -0.3454921 0.6382645
vn -0.2451737 0.3309251 0.9112510
vn -0.6916009 0.1136102 0.7132888
vn -0.4647641 0.4672729 0.7520973
vn -0.2605164 0.1026344 0.9599986
vn -0.6879343 0.3454921 0.6382645
vn -0.4813956 0.0000000 0.8765034
vn -0.9529116 0.0000000 -0.3032482
vn -0.9529116 -0.0000000 0.3032482
vn -0.9648766 0.2127961 -0.1540483
vn -0.9648766 -0.2127961 -0.1540483
vn -0.9648766 0.2127961 0.1540483
vn -0.9648766 -0.2127961 0.1540483
vn 0.0000000 -1.0000000 0.0000000
vn 1.0000000 0.0000000 0.0000000
vn 0.0000000 1.0000000 -0.0000000
vn 0.9807827 0.0000000 -0.1951034
vn 0.9238828 0.0000000 -0.3826756
vn 0.8314763 0.0000000 -0.5555602
vn 0.7071068 0.0000000 -0.7071068
vn 0.5555602 0.0000000 -0.8314763
vn 0.3826756 0.0000000 -0.9238828
vn 0.1951034 0.0000000 -0.9807827
vn 0.0000000 0.0000000 -1.0000000
vn -0.1951034 0.0000000 -0.9807827
vn -0.3826756 0.0000000 -0.9238828
vn -0.5555602 0.0000000 -0.8314763
vn -0.7071068 0.0000000 -0.7071068
vn -0.8314763 0.0000000 -0.5555602
vn -0.9238828 0.0000000 -0.3826756
vn -0.9807827 0.0000000 -0.1951034
vn -1.0000000 0.0000000 0.0000000
vn -0.9807827 0.0000000 0.1951034
vn -0.9238828 0.0000000 0.3826756
vn -0.8314763 0.0000000 0.5555602
vn -0.7071068 0.0000000 0.7071068
vn -0.5555602 0.0000000 0.8314763
vn -0.3826756 0.0000000 0.9238828
vn -0.1951034 0.0000000 0.9807827
vn 0.0000000 0.0000000 1.0000000
vn 0.1951034 0.0000000 0.9807827
vn 0.3826756 0.0000000 0.9238828
vn 0.5555602 0.0000000 0.8314763
vn 0.7071068 0.0000000 0.7071068
vn 0.8314763 0.0000000 0.5555602
vn 0.9238828 0.0000000 0.3826756
vn 0.9807827 0.0000000 0.1951034
vn 0.0941879 0.9917910 -0.0864831
vn 0.2217079 0.0685713 0.9726991
vn -0.0505067 0.0866656 0.9949564
vn -0.0941879 -0.9917910 0.0864831
vn -0.5294054 0.1282069 0.8386256
vn -0.7388576 0.1230544 0.6625307
vn -0.9701854 0.1155387 0.2130519
vn -0.9947390 0.0845693 -0.0578126
vn -0.8423810 0.0379841 -0.5375420
vn -0.6681804 -0.0062421 -0.7439731
vn -0.2208021 -0.0590360 -0.9735303
vn 0.0496011 -0.0962004 -0.9941254
vn 0.5303106 -0.1186723 -0.8394567
vn 0.7379525 -0.1325894 -0.6616995
vn 0.9710907 -0.1060035 -0.2138834
vn 0.9938336 -0.0941040 0.0586441
vn 0.8432865 -0.0284494 0.5367108
vn 0.6672748 -0.0032933 0.7448043
vn 0.1762153 0.9754122 -0.1323600
vn 0.2658030 0.0897767 0.9598380
vn -0.0035606 0.1276983 0.9918067
vn -0.1762153 -0.9754122 0.1323600
vn -0.4820668 0.2100986 0.8505705
vn -0.6989656 0.2114817 0.6831710
vn -0.9468108 0.2115563 0.2424731
vn -0.9856105 0.1671787 -0.0249650
vn -0.8561911 0.0933087 -0.5081637
vn -0.6956896 0.0207246 -0.7180435
vn -0.2632088 -0.0754152 -0.9617867
vn 0.0009664 -0.1420599 -0.9898576
vn 0.4846620 -0.1957368 -0.8525197
vn 0.6963703 -0.2258431 -0.6812219
vn 0.9494059 -0.1971958 -0.2444222
vn 0.9830153 -0.1815394 0.0269139
vn 0.8587863 -0.0789466 0.5062150
vn 0.6930946 -0.0350866 0.7199922
usemtl amarillo
vt 0.29623061 0.62138889
vt 0.28959370 0.63008932
vt 0.29985786 0.63546644
vt 0.38008932 0.67056776
vt 0.38812729 0.66449035
vt 0.39442742 0.67015095
vt 0.29985786 0.63546644
vt 0.29377991 0.64442742
vt 0.30478951 0.64847222
vt 0.28959370 0.63008932
vt 0.29377991 0.64442742
vt 0.29985786 0.63546644
vt 0.38812729 0.66449035
vt 0.39489126 0.65726815
vt 0.40322733 0.66224423
vt 0.39489126 0.65726815
vt 0.39986593 0.64945082
vt 0.40896864 0.65428216
vt 0.28981450 0.66224423
vt 0.28926726 0.65428216
vt 0.29724684 0.65874575
vt 0.39489126 0.65726815
vt 0.40896864 0.65428216
vt 0.40322733 0.66224423
vt 0.30478951 0.67378529
vt 0.30019603 0.66713087
vt 0.31065012 0.67031911
vt 0.30019603 0.66713087
vt 0.29724684 0.65874575
vt 0.30672964 0.66250177
vt 0.31065012 0.67031911
vt 0.30672964 0.66250177
vt 0.31699367 0.66526432
vt 0.30019603 0.66713087
vt 0.30672964 0.66250177
vt 0.31065012 0.67031911
vt 0.38812729 0.66449035
vt 0.40322733 0.66224423
vt 0.39442742 0.67015095
vt 0.28981450 0.66224423
vt 0.29724684 0.65874575
vt 0.30019603 0.66713087
vt 0.29377991 0.67015095
vt 0.30019603 0.66713087
vt 0.30478951 0.67378529
vt 0.28981450 0.66224423
vt 0.30019603 0.66713087
vt 0.29377991 0.67015095
vt 0.29623061 0.62138889
vt 0.29985786 0.63546644
vt 0.30620141 0.62138889
vt 0.29985786 0.63546644
vt 0.30478951 0.64847222
vt 0.31057755 0.63562750
vt 0.30620141 0.62138889
vt 0.31057755 0.63562750
vt 0.31699367 0.62138889
vt 0.29985786 0.63546644
vt 0.31057755 0.63562750
vt 0.30620141 0.62138889
vt 0.30478951 0.64847222
vt 0.31065012 0.65941642
vt 0.31699367 0.64986593
vt 0.31065012 0.67031911
vt 0.31699367 0.66526432
vt 0.32333722 0.67031911
vt 0.31699367 0.64986593
vt 0.32333722 0.65941642
vt 0.32919783 0.64847222
vt 0.31065012 0.67031911
vt 0.32333722 0.67031911
vt 0.31699367 0.67503758
vt 0.31699367 0.62138889
vt 0.32340979 0.63562750
vt 0.32778593 0.62138889
vt 0.32340979 0.63562750
vt 0.32919783 0.64847222
vt 0.33412948 0.63546644
vt 0.32778593 0.62138889
vt 0.33412948 0.63546644
vt 0.33775673 0.62138889
vt 0.32340979 0.63562750
vt 0.33412948 0.63546644
vt 0.32778593 0.62138889
vt 0.30478951 0.64847222
vt 0.31699367 0.64986593
vt 0.31057755 0.63562750
vt 0.31699367 0.64986593
vt 0.32919783 0.64847222
vt 0.32340979 0.63562750
vt 0.31057755 0.63562750
vt 0.32340979 0.63562750
vt 0.31699367 0.62138889
vt 0.31699367 0.64986593
vt 0.32340979 0.63562750
vt 0.31057755 0.63562750
vt 0.29623061 0.62138889
vt 0.30620141 0.62138889
vt 0.29985786 0.60731133
vt 0.30620141 0.62138889
vt 0.31699367 0.62138889
vt 0.31057755 0.60715028
vt 0.29985786 0.60731133
vt 0.31057755 0.60715028
vt 0.30478951 0.59430556
vt 0.30620141 0.62138889
vt 0.31057755 0.60715028
vt 0.29985786 0.60731133
vt 0.31699367 0.62138889
vt 0.32778593 0.62138889
vt 0.32340979 0.60715028
vt 0.32778593 0.62138889
vt 0.33775673 0.62138889
vt 0.33412948 0.60731133
vt 0.32340979 0.60715028
vt 0.33412948 0.60731133
vt 0.32919783 0.59430556
vt 0.32778593 0.62138889
vt 0.33412948 0.60731133
vt 0.32340979 0.60715028
vt 0.30478951 0.59430556
vt 0.31699367 0.59291185
vt 0.31065012 0.58336136
vt 0.31699367 0.59291185
vt 0.32919783 0.59430556
vt 0.32333722 0.58336136
vt 0.31065012 0.67031911
vt 0.32333722 0.67031911
vt 0.31699367 0.66526432
vt 0.31699367 0.67503758
vt 0.32333722 0.67031911
vt 0.31065012 0.67031911
vt 0.31699367 0.62138889
vt 0.32340979 0.60715028
vt 0.31057755 0.60715028
vt 0.32340979 0.60715028
vt 0.32919783 0.59430556
vt 0.31699367 0.59291185
vt 0.31057755 0.60715028
vt 0.31699367 0.59291185
vt 0.30478951 0.59430556
vt 0.32340979 0.60715028
vt 0.31699367 0.59291185
vt 0.31057755 0.60715028
vt 0.29623061 0.62138889
vt 0.29985786 0.60731133
vt 0.28959370 0.61268846
vt 0.29985786 0.60731133
vt 0.30478951 0.59430556
vt 0.29377991 0.59835036
vt 0.36268846 0.67056776
vt 0.34835036 0.67015095
vt 0.35465049 0.66449035
vt 0.29985786 0.60731133
vt 0.29377991 0.59835036
vt 0.28959370 0.61268846
vt 0.30478951 0.67378529
vt 0.31065012 0.67031911
vt 0.30019603 0.66713087
vt 0.31065012 0.67031911
vt 0.31699367 0.66526432
vt 0.30672964 0.66250177
vt 0.30019603 0.66713087
vt 0.30672964 0.66250177
vt 0.29724684 0.65874575
vt 0.31065012 0.67031911
vt 0.30672964 0.66250177
vt 0.30019603 0.66713087
vt 0.35465049 0.66449035
vt 0.33955044 0.66224423
vt 0.34788651 0.65726815
vt 0.28981450 0.66224423
vt 0.29724684 0.65874575
vt 0.28926726 0.65428216
vt 0.34788651 0.65726815
vt 0.33380914 0.65428216
vt 0.34291185 0.64945082
vt 0.33955044 0.66224423
vt 0.33380914 0.65428216
vt 0.34788651 0.65726815
vt 0.30478951 0.67378529
vt 0.30019603 0.66713087
vt 0.29377991 0.67015095
vt 0.30019603 0.66713087
vt 0.29724684 0.65874575
vt 0.28981450 0.66224423
vt 0.34835036 0.67015095
vt 0.33955044 0.66224423
vt 0.35465049 0.66449035
vt 0.30019603 0.66713087
vt 0.28981450 0.66224423
vt 0.29377991 0.67015095
vt 0.37138889 0.67503758
vt 0.36268846 0.67056776
vt 0.38008932 0.67056776
vt 0.36268846 0.67056776
vt 0.35465049 0.66449035
vt 0.37138889 0.66526432
vt 0.38008932 0.67056776
vt 0.37138889 0.66526432
vt 0.38812729 0.66449035
vt 0.36268846 0.67056776
vt 0.37138889 0.66526432
vt 0.38008932 0.67056776
vt 0.35465049 0.66449035
vt 0.34788651 0.65726815
vt 0.36258897 0.65735760
vt 0.34788651 0.65726815
vt 0.34291185 0.64945082
vt 0.35658694 0.64945082
vt 0.36258897 0.65735760
vt 0.35658694 0.64945082
vt 0.37138889 0.64945082
vt 0.34788651 0.65726815
vt 0.35658694 0.64945082
vt 0.36258897 0.65735760
vt 0.38812729 0.66449035
vt 0.38018881 0.65735760
vt 0.39489126 0.65726815
vt 0.38018881 0.65735760
vt 0.37138889 0.64945082
vt 0.38619083 0.64945082
vt 0.39489126 0.65726815
vt 0.38619083 0.64945082
vt 0.39986593 0.64945082
vt 0.38018881 0.65735760
vt 0.38619083 0.64945082
vt 0.39489126 0.65726815
vt 0.35465049 0.66449035
vt 0.36258897 0.65735760
vt 0.37138889 0.66526432
vt 0.36258897 0.65735760
vt 0.37138889 0.64945082
vt 0.38018881 0.65735760
vt 0.37138889 0.66526432
vt 0.38018881 0.65735760
vt 0.38812729 0.66449035
vt 0.36258897 0.65735760
vt 0.38018881 0.65735760
vt 0.37138889 0.66526432
vt 0.33775673 0.62138889
vt 0.33412948 0.63546644
vt 0.34439364 0.63008932
vt 0.33412948 0.63546644
vt 0.32919783 0.64847222
vt 0.34020743 0.64442742
vt 0.38008932 0.67056776
vt 0.39442742 0.67015095
vt 0.38812729 0.66449035
vt 0.33412948 0.63546644
vt 0.34020743 0.64442742
vt 0.34439364 0.63008932
vt 0.32919783 0.67378529
vt 0.32333722 0.67031911
vt 0.33379132 0.66713087
vt 0.32333722 0.67031911
vt 0.31699367 0.66526432
vt 0.32725771 0.66250177
vt 0.33379132 0.66713087
vt 0.32725771 0.66250177
vt 0.33674051 0.65874575
vt 0.32333722 0.67031911
vt 0.32725771 0.66250177
vt 0.33379132 0.66713087
vt 0.38812729 0.66449035
vt 0.40322733 0.66224423
vt 0.39489126 0.65726815
vt 0.34417284 0.66224423
vt 0.33674051 0.65874575
vt 0.34472008 0.65428216
vt 0.39489126 0.65726815
vt 0.40896864 0.65428216
vt 0.39986593 0.64945082
vt 0.40322733 0.66224423
vt 0.40896864 0.65428216
vt 0.39489126 0.65726815
vt 0.32919783 0.67378529
vt 0.33379132 0.66713087
vt 0.34020743 0.67015095
vt 0.33379132 0.66713087
vt 0.33674051 0.65874575
vt 0.34417284 0.66224423
vt 0.39442742 0.67015095
vt 0.40322733 0.66224423
vt 0.38812729 0.66449035
vt 0.33379132 0.66713087
vt 0.34417284 0.66224423
vt 0.34020743 0.67015095
vt 0.31699367 0.66526432
vt 0.30672964 0.66250177
vt 0.31699367 0.65767042
vt 0.30672964 0.66250177
vt 0.29724684 0.65874575
vt 0.30661214 0.65433745
vt 0.31699367 0.65767042
vt 0.30661214 0.65433745
vt 0.31699367 0.64945082
vt 0.30672964 0.66250177
vt 0.30661214 0.65433745
vt 0.31699367 0.65767042
vt 0.29724684 0.65874575
vt 0.28926726 0.65428216
vt 0.29623061 0.64945082
vt 0.40896864 0.65428216
vt 0.39986593 0.64945082
vt 0.40896864 0.64461947
vt 0.29623061 0.64945082
vt 0.28926726 0.64461947
vt 0.29724684 0.64015588
vt 0.28926726 0.65428216
vt 0.28926726 0.64461947
vt 0.29623061 0.64945082
vt 0.31699367 0.64945082
vt 0.30661214 0.64456418
vt 0.31699367 0.64123121
vt 0.30661214 0.64456418
vt 0.29724684 0.64015588
vt 0.30672964 0.63639986
vt 0.31699367 0.64123121
vt 0.30672964 0.63639986
vt 0.31699367 0.63363731
vt 0.30661214 0.64456418
vt 0.30672964 0.63639986
vt 0.31699367 0.64123121
vt 0.29724684 0.65874575
vt 0.29623061 0.64945082
vt 0.30661214 0.65433745
vt 0.29623061 0.64945082
vt 0.29724684 0.64015588
vt 0.30661214 0.64456418
vt 0.30661214 0.65433745
vt 0.30661214 0.64456418
vt 0.31699367 0.64945082
vt 0.29623061 0.64945082
vt 0.30661214 0.64456418
vt 0.30661214 0.65433745
vt 0.39986593 0.64945082
vt 0.38619083 0.64945082
vt 0.39489126 0.64163348
vt 0.38619083 0.64945082
vt 0.37138889 0.64945082
vt 0.38018881 0.64154403
vt 0.39489126 0.64163348
vt 0.38018881 0.64154403
vt 0.38812729 0.63441128
vt 0.38619083 0.64945082
vt 0.38018881 0.64154403
vt 0.39489126 0.64163348
vt 0.37138889 0.64945082
vt 0.35658694 0.64945082
vt 0.36258897 0.64154403
vt 0.35658694 0.64945082
vt 0.34291185 0.64945082
vt 0.34788651 0.64163348
vt 0.36258897 0.64154403
vt 0.34788651 0.64163348
vt 0.35465049 0.63441128
vt 0.35658694 0.64945082
vt 0.34788651 0.64163348
vt 0.36258897 0.64154403
vt 0.38812729 0.63441128
vt 0.37138889 0.63363731
vt 0.38008932 0.62833387
vt 0.37138889 0.63363731
vt 0.35465049 0.63441128
vt 0.36268846 0.62833387
vt 0.38008932 0.62833387
vt 0.36268846 0.62833387
vt 0.37138889 0.62386405
vt 0.37138889 0.63363731
vt 0.36268846 0.62833387
vt 0.38008932 0.62833387
vt 0.37138889 0.64945082
vt 0.36258897 0.64154403
vt 0.38018881 0.64154403
vt 0.36258897 0.64154403
vt 0.35465049 0.63441128
vt 0.37138889 0.63363731
vt 0.38018881 0.64154403
vt 0.37138889 0.63363731
vt 0.38812729 0.63441128
vt 0.36258897 0.64154403
vt 0.37138889 0.63363731
vt 0.38018881 0.64154403
vt 0.34291185 0.64945082
vt 0.33380914 0.65428216
vt 0.33380914 0.64461947
vt 0.28926726 0.65428216
vt 0.29724684 0.65874575
vt 0.29623061 0.64945082
vt 0.28926726 0.64461947
vt 0.29623061 0.64945082
vt 0.29724684 0.64015588
vt 0.28926726 0.65428216
vt 0.29623061 0.64945082
vt 0.28926726 0.64461947
vt 0.29724684 0.65874575
vt 0.30672964 0.66250177
vt 0.30661214 0.65433745
vt 0.30672964 0.66250177
vt 0.31699367 0.66526432
vt 0.31699367 0.65767042
vt 0.30661214 0.65433745
vt 0.31699367 0.65767042
vt 0.31699367 0.64945082
vt 0.30672964 0.66250177
vt 0.31699367 0.65767042
vt 0.30661214 0.65433745
vt 0.29724684 0.64015588
vt 0.30661214 0.64456418
vt 0.30672964 0.63639986
vt 0.30661214 0.64456418
vt 0.31699367 0.64945082
vt 0.31699367 0.64123121
vt 0.30672964 0.63639986
vt 0.31699367 0.64123121
vt 0.31699367 0.63363731
vt 0.30661214 0.64456418
vt 0.31699367 0.64123121
vt 0.30672964 0.63639986
vt 0.29724684 0.65874575
vt 0.30661214 0.65433745
vt 0.29623061 0.64945082
vt 0.30661214 0.65433745
vt 0.31699367 0.64945082
vt 0.30661214 0.64456418
vt 0.29623061 0.64945082
vt 0.30661214 0.64456418
vt 0.29724684 0.64015588
vt 0.30661214 0.65433745
vt 0.30661214 0.64456418
vt 0.29623061 0.64945082
vt 0.31699367 0.66526432
vt 0.32333722 0.67031911
vt 0.32725771 0.66250177
vt 0.32333722 0.67031911
vt 0.32919783 0.67378529
vt 0.33379132 0.66713087
vt 0.32725771 0.66250177
vt 0.33379132 0.66713087
vt 0.33674051 0.65874575
vt 0.32333722 0.67031911
vt 0.33379132 0.66713087
vt 0.32725771 0.66250177
vt 0.32919783 0.59430556
vt 0.33412948 0.60731133
vt 0.34020743 0.59835036
vt 0.33412948 0.60731133
vt 0.33775673 0.62138889
vt 0.34439364 0.61268846
vt 0.34835036 0.67015095
vt 0.36268846 0.67056776
vt 0.35465049 0.66449035
vt 0.33412948 0.60731133
vt 0.34439364 0.61268846
vt 0.34020743 0.59835036
vt 0.33674051 0.65874575
vt 0.34417284 0.66224423
vt 0.34472008 0.65428216
vt 0.33955044 0.66224423
vt 0.35465049 0.66449035
vt 0.34788651 0.65726815
vt 0.33380914 0.65428216
vt 0.34788651 0.65726815
vt 0.34291185 0.64945082
vt 0.33955044 0.66224423
vt 0.34788651 0.65726815
vt 0.33380914 0.65428216
vt 0.32919783 0.67378529
vt 0.34020743 0.67015095
vt 0.33379132 0.66713087
vt 0.34835036 0.67015095
vt 0.35465049 0.66449035
vt 0.33955044 0.66224423
vt 0.33379132 0.66713087
vt 0.34417284 0.66224423
vt 0.33674051 0.65874575
vt 0.34020743 0.67015095
vt 0.34417284 0.66224423
vt 0.33379132 0.66713087
vt 0.33775673 0.62138889
vt 0.34439364 0.63008932
vt 0.33412948 0.63546644
vt 0.38008932 0.62833387
vt 0.38812729 0.63441128
vt 0.39442742 0.62875068
vt 0.33412948 0.63546644
vt 0.34020743 0.64442742
vt 0.32919783 0.64847222
vt 0.34439364 0.63008932
vt 0.34020743 0.64442742
vt 0.33412948 0.63546644
vt 0.38812729 0.63441128
vt 0.39489126 0.64163348
vt 0.40322733 0.63665740
vt 0.39489126 0.64163348
vt 0.39986593 0.64945082
vt 0.40896864 0.64461947
vt 0.34417284 0.63665740
vt 0.34472008 0.64461947
vt 0.33674051 0.64015588
vt 0.39489126 0.64163348
vt 0.40896864 0.64461947
vt 0.40322733 0.63665740
vt 0.32919783 0.62511634
vt 0.33379132 0.63177076
vt 0.32333722 0.62858253
vt 0.33379132 0.63177076
vt 0.33674051 0.64015588
vt 0.32725771 0.63639986
vt 0.32333722 0.62858253
vt 0.32725771 0.63639986
vt 0.31699367 0.63363731
vt 0.33379132 0.63177076
vt 0.32725771 0.63639986
vt 0.32333722 0.62858253
vt 0.38812729 0.63441128
vt 0.40322733 0.63665740
vt 0.39442742 0.62875068
vt 0.34417284 0.63665740
vt 0.33674051 0.64015588
vt 0.33379132 0.63177076
vt 0.34020743 0.62875068
vt 0.33379132 0.63177076
vt 0.32919783 0.62511634
vt 0.34417284 0.63665740
vt 0.33379132 0.63177076
vt 0.34020743 0.62875068
vt 0.33775673 0.62138889
vt 0.33412948 0.63546644
vt 0.32778593 0.62138889
vt 0.33412948 0.63546644
vt 0.32919783 0.64847222
vt 0.32340979 0.63562750
vt 0.32778593 0.62138889
vt 0.32340979 0.63562750
vt 0.31699367 0.62138889
vt 0.33412948 0.63546644
vt 0.32340979 0.63562750
vt 0.32778593 0.62138889
vt 0.32919783 0.64847222
vt 0.32333722 0.65941642
vt 0.31699367 0.64986593
vt 0.32333722 0.62858253
vt 0.31699367 0.63363731
vt 0.31065012 0.62858253
vt 0.31699367 0.64986593
vt 0.31065012 0.65941642
vt 0.30478951 0.64847222
vt 0.32333722 0.62858253
vt 0.31065012 0.62858253
vt 0.31699367 0.62386405
vt 0.31699367 0.62138889
vt 0.31057755 0.63562750
vt 0.30620141 0.62138889
vt 0.31057755 0.63562750
vt 0.30478951 0.64847222
vt 0.29985786 0.63546644
vt 0.30620141 0.62138889
vt 0.29985786 0.63546644
vt 0.29623061 0.62138889
vt 0.31057755 0.63562750
vt 0.29985786 0.63546644
vt 0.30620141 0.62138889
vt 0.32919783 0.64847222
vt 0.31699367 0.64986593
vt 0.32340979 0.63562750
vt 0.31699367 0.64986593
vt 0.30478951 0.64847222
vt 0.31057755 0.63562750
vt 0.32340979 0.63562750
vt 0.31057755 0.63562750
vt 0.31699367 0.62138889
vt 0.31699367 0.64986593
vt 0.31057755 0.63562750
vt 0.32340979 0.63562750
vt 0.33775673 0.62138889
vt 0.32778593 0.62138889
vt 0.33412948 0.60731133
vt 0.32778593 0.62138889
vt 0.31699367 0.62138889
vt 0.32340979 0.60715028
vt 0.33412948 0.60731133
vt 0.32340979 0.60715028
vt 0.32919783 0.59430556
vt 0.32778593 0.62138889
vt 0.32340979 0.60715028
vt 0.33412948 0.60731133
vt 0.31699367 0.62138889
vt 0.30620141 0.62138889
vt 0.31057755 0.60715028
vt 0.30620141 0.62138889
vt 0.29623061 0.62138889
vt 0.29985786 0.60731133
vt 0.31057755 0.60715028
vt 0.29985786 0.60731133
vt 0.30478951 0.59430556
vt 0.30620141 0.62138889
vt 0.29985786 0.60731133
vt 0.31057755 0.60715028
vt 0.32919783 0.59430556
vt 0.31699367 0.59291185
vt 0.32333722 0.58336136
vt 0.31699367 0.59291185
vt 0.30478951 0.59430556
vt 0.31065012 0.58336136
vt 0.32333722 0.62858253
vt 0.31065012 0.62858253
vt 0.31699367 0.63363731
vt 0.31699367 0.62386405
vt 0.31065012 0.62858253
vt 0.32333722 0.62858253
vt 0.31699367 0.62138889
vt 0.31057755 0.60715028
vt 0.32340979 0.60715028
vt 0.31057755 0.60715028
vt 0.30478951 0.59430556
vt 0.31699367 0.59291185
vt 0.32340979 0.60715028
vt 0.31699367 0.59291185
vt 0.32919783 0.59430556
vt 0.31057755 0.60715028
vt 0.31699367 0.59291185
vt 0.32340979 0.60715028
vt 0.33775673 0.62138889
vt 0.33412948 0.60731133
vt 0.34439364 0.61268846
vt 0.33412948 0.60731133
vt 0.32919783 0.59430556
vt 0.34020743 0.59835036
vt 0.36268846 0.62833387
vt 0.34835036 0.62875068
vt 0.35465049 0.63441128
vt 0.33412948 0.60731133
vt 0.34020743 0.59835036
vt 0.34439364 0.61268846
vt 0.32919783 0.62511634
vt 0.32333722 0.62858253
vt 0.33379132 0.63177076
vt 0.32333722 0.62858253
vt 0.31699367 0.63363731
vt 0.32725771 0.63639986
vt 0.33379132 0.63177076
vt 0.32725771 0.63639986
vt 0.33674051 0.64015588
vt 0.32333722 0.62858253
vt 0.32725771 0.63639986
vt 0.33379132 0.63177076
vt 0.35465049 0.63441128
vt 0.33955044 0.63665740
vt 0.34788651 0.64163348
vt 0.34417284 0.63665740
vt 0.33674051 0.64015588
vt 0.34472008 0.64461947
vt 0.34788651 0.64163348
vt 0.33380914 0.64461947
vt 0.34291185 0.64945082
vt 0.33955044 0.63665740
vt 0.33380914 0.64461947
vt 0.34788651 0.64163348
vt 0.32919783 0.62511634
vt 0.33379132 0.63177076
vt 0.34020743 0.62875068
vt 0.33379132 0.63177076
vt 0.33674051 0.64015588
vt 0.34417284 0.63665740
vt 0.34835036 0.62875068
vt 0.33955044 0.63665740
vt 0.35465049 0.63441128
vt 0.33379132 0.63177076
vt 0.34417284 0.63665740
vt 0.34020743 0.62875068
vt 0.37138889 0.62386405
vt 0.36268846 0.62833387
vt 0.38008932 0.62833387
vt 0.36268846 0.62833387
vt 0.35465049 0.63441128
vt 0.37138889 0.63363731
vt 0.38008932 0.62833387
vt 0.37138889 0.63363731
vt 0.38812729 0.63441128
vt 0.36268846 0.62833387
vt 0.37138889 0.63363731
vt 0.38008932 0.62833387
vt 0.35465049 0.63441128
vt 0.34788651 0.64163348
vt 0.36258897 0.64154403
vt 0.34788651 0.64163348
vt 0.34291185 0.64945082
vt 0.35658694 0.64945082
vt 0.36258897 0.64154403
vt 0.35658694 0.64945082
vt 0.37138889 0.64945082
vt 0.34788651 0.64163348
vt 0.35658694 0.64945082
vt 0.36258897 0.64154403
vt 0.38812729 0.63441128
vt 0.38018881 0.64154403
vt 0.39489126 0.64163348
vt 0.38018881 0.64154403
vt 0.37138889 0.64945082
vt 0.38619083 0.64945082
vt 0.39489126 0.64163348
vt 0.38619083 0.64945082
vt 0.39986593 0.64945082
vt 0.38018881 0.64154403
vt 0.38619083 0.64945082
vt 0.39489126 0.64163348
vt 0.35465049 0.63441128
vt 0.36258897 0.64154403
vt 0.37138889 0.63363731
vt 0.36258897 0.64154403
vt 0.37138889 0.64945082
vt 0.38018881 0.64154403
vt 0.37138889 0.63363731
vt 0.38018881 0.64154403
vt 0.38812729 0.63441128
vt 0.36258897 0.64154403
vt 0.38018881 0.64154403
vt 0.37138889 0.63363731
vt 0.31699367 0.63363731
vt 0.32725771 0.63639986
vt 0.31699367 0.64123121
vt 0.32725771 0.63639986
vt 0.33674051 0.64015588
vt 0.32737520 0.64456418
vt 0.31699367 0.64123121
vt 0.32737520 0.64456418
vt 0.31699367 0.64945082
vt 0.32725771 0.63639986
vt 0.32737520 0.64456418
vt 0.31699367 0.64123121
vt 0.33674051 0.64015588
vt 0.34472008 0.64461947
vt 0.33775673 0.64945082
vt 0.40896864 0.64461947
vt 0.39986593 0.64945082
vt 0.40896864 0.65428216
vt 0.33775673 0.64945082
vt 0.34472008 0.65428216
vt 0.33674051 0.65874575
vt 0.34472008 0.64461947
vt 0.34472008 0.65428216
vt 0.33775673 0.64945082
vt 0.31699367 0.64945082
vt 0.32737520 0.65433745
vt 0.31699367 0.65767042
vt 0.32737520 0.65433745
vt 0.33674051 0.65874575
vt 0.32725771 0.66250177
vt 0.31699367 0.65767042
vt 0.32725771 0.66250177
vt 0.31699367 0.66526432
vt 0.32737520 0.65433745
vt 0.32725771 0.66250177
vt 0.31699367 0.65767042
vt 0.33674051 0.64015588
vt 0.33775673 0.64945082
vt 0.32737520 0.64456418
vt 0.33775673 0.64945082
vt 0.33674051 0.65874575
vt 0.32737520 0.65433745
vt 0.32737520 0.64456418
vt 0.32737520 0.65433745
vt 0.31699367 0.64945082
vt 0.33775673 0.64945082
vt 0.32737520 0.65433745
vt 0.32737520 0.64456418
vt 0.29623061 0.62138889
vt 0.29985786 0.63546644
vt 0.28959370 0.63008932
vt 0.29985786 0.63546644
vt 0.30478951 0.64847222
vt 0.29377991 0.64442742
vt 0.38008932 0.62833387
vt 0.39442742 0.62875068
vt 0.38812729 0.63441128
vt 0.29985786 0.63546644
vt 0.29377991 0.64442742
vt 0.28959370 0.63008932
vt 0.30478951 0.62511634
vt 0.31065012 0.62858253
vt 0.30019603 0.63177076
vt 0.31065012 0.62858253
vt 0.31699367 0.63363731
vt 0.30672964 0.63639986
vt 0.30019603 0.63177076
vt 0.30672964 0.63639986
vt 0.29724684 0.64015588
vt 0.31065012 0.62858253
vt 0.30672964 0.63639986
vt 0.30019603 0.63177076
vt 0.38812729 0.63441128
vt 0.40322733 0.63665740
vt 0.39489126 0.64163348
vt 0.28981450 0.63665740
vt 0.29724684 0.64015588
vt 0.28926726 0.64461947
vt 0.39489126 0.64163348
vt 0.40896864 0.64461947
vt 0.39986593 0.64945082
vt 0.40322733 0.63665740
vt 0.40896864 0.64461947
vt 0.39489126 0.64163348
vt 0.30478951 0.62511634
vt 0.30019603 0.63177076
vt 0.29377991 0.62875068
vt 0.30019603 0.63177076
vt 0.29724684 0.64015588
vt 0.28981450 0.63665740
vt 0.39442742 0.62875068
vt 0.40322733 0.63665740
vt 0.38812729 0.63441128
vt 0.30019603 0.63177076
vt 0.28981450 0.63665740
vt 0.29377991 0.62875068
vt 0.31699367 0.63363731
vt 0.31065012 0.62858253
vt 0.30672964 0.63639986
vt 0.31065012 0.62858253
vt 0.30478951 0.62511634
vt 0.30019603 0.63177076
vt 0.30672964 0.63639986
vt 0.30019603 0.63177076
vt 0.29724684 0.64015588
vt 0.31065012 0.62858253
vt 0.30019603 0.63177076
vt 0.30672964 0.63639986
vt 0.30478951 0.59430556
vt 0.29985786 0.60731133
vt 0.29377991 0.59835036
vt 0.29985786 0.60731133
vt 0.29623061 0.62138889
vt 0.28959370 0.61268846
vt 0.34835036 0.62875068
vt 0.36268846 0.62833387
vt 0.35465049 0.63441128
vt 0.29985786 0.60731133
vt 0.28959370 0.61268846
vt 0.29377991 0.59835036
vt 0.29724684 0.64015588
vt 0.28981450 0.63665740
vt 0.28926726 0.64461947
vt 0.33955044 0.63665740
vt 0.35465049 0.63441128
vt 0.34788651 0.64163348
vt 0.33380914 0.64461947
vt 0.34788651 0.64163348
vt 0.34291185 0.64945082
vt 0.33955044 0.63665740
vt 0.34788651 0.64163348
vt 0.33380914 0.64461947
vt 0.30478951 0.62511634
vt 0.29377991 0.62875068
vt 0.30019603 0.63177076
vt 0.34835036 0.62875068
vt 0.35465049 0.63441128
vt 0.33955044 0.63665740
vt 0.30019603 0.63177076
vt 0.28981450 0.63665740
vt 0.29724684 0.64015588
vt 0.29377991 0.62875068
vt 0.28981450 0.63665740
vt 0.30019603 0.63177076
vt 0.34291185 0.64945082
vt 0.33380914 0.64461947
vt 0.33380914 0.65428216
vt 0.34472008 0.64461947
vt 0.33674051 0.64015588
vt 0.33775673 0.64945082
vt 0.34472008 0.65428216
vt 0.33775673 0.64945082
vt 0.33674051 0.65874575
vt 0.34472008 0.64461947
vt 0.33775673 0.64945082
vt 0.34472008 0.65428216
vt 0.33674051 0.64015588
vt 0.32725771 0.63639986
vt 0.32737520 0.64456418
vt 0.32725771 0.63639986
vt 0.31699367 0.63363731
vt 0.31699367 0.64123121
vt 0.32737520 0.64456418
vt 0.31699367 0.64123121
vt 0.31699367 0.64945082
vt 0.32725771 0.63639986
vt 0.31699367 0.64123121
vt 0.32737520 0.64456418
vt 0.33674051 0.65874575
vt 0.32737520 0.65433745
vt 0.32725771 0.66250177
vt 0.32737520 0.65433745
vt 0.31699367 0.64945082
vt 0.31699367 0.65767042
vt 0.32725771 0.66250177
vt 0.31699367 0.65767042
vt 0.31699367 0.66526432
vt 0.32737520 0.65433745
vt 0.31699367 0.65767042
vt 0.32725771 0.66250177
vt 0.33674051 0.64015588
vt 0.32737520 0.64456418
vt 0.33775673 0.64945082
vt 0.32737520 0.64456418
vt 0.31699367 0.64945082
vt 0.32737520 0.65433745
vt 0.33775673 0.64945082
vt 0.32737520 0.65433745
vt 0.33674051 0.65874575
vt 0.32737520 0.64456418
vt 0.32737520 0.65433745
vt 0.33775673 0.64945082
vt 0.39986593 0.64945082
vt 0.38619083 0.64945082
vt 0.39489126 0.65726815
vt 0.38619083 0.64945082
vt 0.37138889 0.64945082
vt 0.38018881 0.65735760
vt 0.39489126 0.65726815
vt 0.38018881 0.65735760
vt 0.38812729 0.66449035
vt 0.38619083 0.64945082
vt 0.38018881 0.65735760
vt 0.39489126 0.65726815
vt 0.37138889 0.64945082
vt 0.35658694 0.64945082
vt 0.36258897 0.65735760
vt 0.35658694 0.64945082
vt 0.34291185 0.64945082
vt 0.34788651 0.65726815
vt 0.36258897 0.65735760
vt 0.34788651 0.65726815
vt 0.35465049 0.66449035
vt 0.35658694 0.64945082
vt 0.34788651 0.65726815
vt 0.36258897 0.65735760
vt 0.38812729 0.66449035
vt 0.37138889 0.66526432
vt 0.38008932 0.67056776
vt 0.37138889 0.66526432
vt 0.35465049 0.66449035
vt 0.36268846 0.67056776
vt 0.38008932 0.67056776
vt 0.36268846 0.67056776
vt 0.37138889 0.67503758
vt 0.37138889 0.66526432
vt 0.36268846 0.67056776
vt 0.38008932 0.67056776
vt 0.37138889 0.64945082
vt 0.36258897 0.65735760
vt 0.38018881 0.65735760
vt 0.36258897 0.65735760
vt 0.35465049 0.66449035
vt 0.37138889 0.66526432
vt 0.38018881 0.65735760
vt 0.37138889 0.66526432
vt 0.38812729 0.66449035
vt 0.36258897 0.65735760
vt 0.37138889 0.66526432
vt 0.38018881 0.65735760
vt 0.32378165 0.62138889
vt 0.31699367 0.62138889
vt 0.32365119 0.61945153
vt 0.37138889 0.61507473
vt 0.36945153 0.61507473
vt 0.37138889 0.62152024
vt 0.32365119 0.61945153
vt 0.31699367 0.62138889
vt 0.32326490 0.61758856
vt 0.36945153 0.61507473
vt 0.36758856 0.61507473
vt 0.37138889 0.62152024
vt 0.32326490 0.61758856
vt 0.31699367 0.62138889
vt 0.32263769 0.61587183
vt 0.36758856 0.61507473
vt 0.36587183 0.61507473
vt 0.37138889 0.62152024
vt 0.32263769 0.61587183
vt 0.31699367 0.62138889
vt 0.32179351 0.61436690
vt 0.36587183 0.61507473
vt 0.36436690 0.61507473
vt 0.37138889 0.62152024
vt 0.32179351 0.61436690
vt 0.31699367 0.62138889
vt 0.32076482 0.61313190
vt 0.32179351 0.61507473
vt 0.32076482 0.61507473
vt 0.31699367 0.62152024
vt 0.32076482 0.61313190
vt 0.31699367 0.62138889
vt 0.31959137 0.61221432
vt 0.32076482 0.61507473
vt 0.31959137 0.61507473
vt 0.31699367 0.62152024
vt 0.31959137 0.61221432
vt 0.31699367 0.62138889
vt 0.31831794 0.61164918
vt 0.31959137 0.61507473
vt 0.31831794 0.61507473
vt 0.31699367 0.62152024
vt 0.31831794 0.61164918
vt 0.31699367 0.62138889
vt 0.31699367 0.61145833
vt 0.31831794 0.61507473
vt 0.31699367 0.61507473
vt 0.31699367 0.62152024
vt 0.31699367 0.61145833
vt 0.31699367 0.62138889
vt 0.31566940 0.61164918
vt 0.31699367 0.61507473
vt 0.31566940 0.61507473
vt 0.31699367 0.62152024
vt 0.31566940 0.61164918
vt 0.31699367 0.62138889
vt 0.31439597 0.61221432
vt 0.31566940 0.61507473
vt 0.31439597 0.61507473
vt 0.31699367 0.62152024
vt 0.31439597 0.61221432
vt 0.31699367 0.62138889
vt 0.31322252 0.61313190
vt 0.31439597 0.61507473
vt 0.31322252 0.61507473
vt 0.31699367 0.62152024
vt 0.31322252 0.61313190
vt 0.31699367 0.62138889
vt 0.31219383 0.61436690
vt 0.31322252 0.61507473
vt 0.31219383 0.61507473
vt 0.31699367 0.62152024
vt 0.31219383 0.61436690
vt 0.31699367 0.62138889
vt 0.31134966 0.61587183
vt 0.36436690 0.61507473
vt 0.36587183 0.61507473
vt 0.37138889 0.62152024
vt 0.31134966 0.61587183
vt 0.31699367 0.62138889
vt 0.31072245 0.61758856
vt 0.36587183 0.61507473
vt 0.36758856 0.61507473
vt 0.37138889 0.62152024
vt 0.31072245 0.61758856
vt 0.31699367 0.62138889
vt 0.31033615 0.61945153
vt 0.36758856 0.61507473
vt 0.36945153 0.61507473
vt 0.37138889 0.62152024
vt 0.31033615 0.61945153
vt 0.31699367 0.62138889
vt 0.31020570 0.62138889
vt 0.36945153 0.61507473
vt 0.37138889 0.61507473
vt 0.37138889 0.62152024
vt 0.31020570 0.62138889
vt 0.31699367 0.62138889
vt 0.31033615 0.62332625
vt 0.37138889 0.61507473
vt 0.37332625 0.61507473
vt 0.37138889 0.62152024
vt 0.31033615 0.62332625
vt 0.31699367 0.62138889
vt 0.31072245 0.62518922
vt 0.37332625 0.61507473
vt 0.37518922 0.61507473
vt 0.37138889 0.62152024
vt 0.31072245 0.62518922
vt 0.31699367 0.62138889
vt 0.31134966 0.62690594
vt 0.37518922 0.61507473
vt 0.37690594 0.61507473
vt 0.37138889 0.62152024
vt 0.31134966 0.62690594
vt 0.31699367 0.62138889
vt 0.31219383 0.62841088
vt 0.37690594 0.61507473
vt 0.37841087 0.61507473
vt 0.37138889 0.62152024
vt 0.31219383 0.62841088
vt 0.31699367 0.62138889
vt 0.31322252 0.62964588
vt 0.31219383 0.61507473
vt 0.31322252 0.61507473
vt 0.31699367 0.62152024
vt 0.31322252 0.62964588
vt 0.31699367 0.62138889
vt 0.31439597 0.63056346
vt 0.31322252 0.61507473
vt 0.31439597 0.61507473
vt 0.31699367 0.62152024
vt 0.31439597 0.63056346
vt 0.31699367 0.62138889
vt 0.31566940 0.63112860
vt 0.31439597 0.61507473
vt 0.31566940 0.61507473
vt 0.31699367 0.62152024
vt 0.31566940 0.63112860
vt 0.31699367 0.62138889
vt 0.31699367 0.63131944
vt 0.31566940 0.61507473
vt 0.31699367 0.61507473
vt 0.31699367 0.62152024
vt 0.31699367 0.63131944
vt 0.31699367 0.62138889
vt 0.31831794 0.63112860
vt 0.31699367 0.61507473
vt 0.31831794 0.61507473
vt 0.31699367 0.62152024
vt 0.31831794 0.63112860
vt 0.31699367 0.62138889
vt 0.31959137 0.63056346
vt 0.31831794 0.61507473
vt 0.31959137 0.61507473
vt 0.31699367 0.62152024
vt 0.31959137 0.63056346
vt 0.31699367 0.62138889
vt 0.32076482 0.62964588
vt 0.31959137 0.61507473
vt 0.32076482 0.61507473
vt 0.31699367 0.62152024
vt 0.32076482 0.62964588
vt 0.31699367 0.62138889
vt 0.32179351 0.62841088
vt 0.32076482 0.61507473
vt 0.32179351 0.61507473
vt 0.31699367 0.62152024
vt 0.32179351 0.62841088
vt 0.31699367 0.62138889
vt 0.32263769 0.62690594
vt 0.37841087 0.61507473
vt 0.37690594 0.61507473
vt 0.37138889 0.62152024
vt 0.32263769 0.62690594
vt 0.31699367 0.62138889
vt 0.32326490 0.62518922
vt 0.37690594 0.61507473
vt 0.37518922 0.61507473
vt 0.37138889 0.62152024
vt 0.32326490 0.62518922
vt 0.31699367 0.62138889
vt 0.32365119 0.62332625
vt 0.37518922 0.61507473
vt 0.37332625 0.61507473
vt 0.37138889 0.62152024
vt 0.32365119 0.62332625
vt 0.31699367 0.62138889
vt 0.32378165 0.62138889
vt 0.37332625 0.61507473
vt 0.37138889 0.61507473
vt 0.37138889 0.62152024
vt 0.56699367 0.11994444
vt 0.56699367 0.12138889
vt 0.56763680 0.12036749
vt 0.56699367 0.11292622
vt 0.56763680 0.11308385
vt 0.59254114 0.07783397
vt 0.59254114 0.07783397
vt 0.56763680 0.11308385
vt 0.59318427 0.07799160
vt 0.59254114 0.11994444
vt 0.59318427 0.12036749
vt 0.59254114 0.12138889
vt 0.56763680 0.12036749
vt 0.56699367 0.12138889
vt 0.56790314 0.12138889
vt 0.62036749 0.11308385
vt 0.62138889 0.11314917
vt 0.62036749 0.07799160
vt 0.62036749 0.07799160
vt 0.62138889 0.11314917
vt 0.62138889 0.07805691
vt 0.59318427 0.12036749
vt 0.59345060 0.12138889
vt 0.59254114 0.12138889
vt 0.56790314 0.12138889
vt 0.56699367 0.12138889
vt 0.56763680 0.12241029
vt 0.62138889 0.11314917
vt 0.62241029 0.11308385
vt 0.62138889 0.07805691
vt 0.62138889 0.07805691
vt 0.62241029 0.11308385
vt 0.62241029 0.07799160
vt 0.59345060 0.12138889
vt 0.59318427 0.12241029
vt 0.59254114 0.12138889
vt 0.56763680 0.12241029
vt 0.56699367 0.12138889
vt 0.56699367 0.12283333
vt 0.56763680 0.11308385
vt 0.56699367 0.11292622
vt 0.59318427 0.07799160
vt 0.59318427 0.07799160
vt 0.56699367 0.11292622
vt 0.59254114 0.07783397
vt 0.59318427 0.12241029
vt 0.59254114 0.12283333
vt 0.59254114 0.12138889
vt 0.56699367 0.12283333
vt 0.56699367 0.12138889
vt 0.56635054 0.12241029
vt 0.56699367 0.11292622
vt 0.56635054 0.11276859
vt 0.59254114 0.07783397
vt 0.59254114 0.07783397
vt 0.56635054 0.11276859
vt 0.59189801 0.07767634
vt 0.59254114 0.12283333
vt 0.59189801 0.12241029
vt 0.59254114 0.12138889
vt 0.56635054 0.12241029
vt 0.56699367 0.12138889
vt 0.56608421 0.12138889
vt 0.62241029 0.11276859
vt 0.62138889 0.11270328
vt 0.62241029 0.07767634
vt 0.62241029 0.07767634
vt 0.62138889 0.11270328
vt 0.62138889 0.07761102
vt 0.59189801 0.12241029
vt 0.59163167 0.12138889
vt 0.59254114 0.12138889
vt 0.56608421 0.12138889
vt 0.56699367 0.12138889
vt 0.56635054 0.12036749
vt 0.62138889 0.11270328
vt 0.62036749 0.11276859
vt 0.62138889 0.07761102
vt 0.62138889 0.07761102
vt 0.62036749 0.11276859
vt 0.62036749 0.07767634
vt 0.59163167 0.12138889
vt 0.59189801 0.12036749
vt 0.59254114 0.12138889
vt 0.56635054 0.12036749
vt 0.56699367 0.12138889
vt 0.56699367 0.11994444
vt 0.56635054 0.11276859
vt 0.56699367 0.11292622
vt 0.59189801 0.07767634
vt 0.59189801 0.07767634
vt 0.56699367 0.11292622
vt 0.59254114 0.07783397
vt 0.59189801 0.12036749
vt 0.59254114 0.11994444
vt 0.59254114 0.12138889
vt 0.59254114 0.11994444
vt 0.59254114 0.12138889
vt 0.59319772 0.12036749
vt 0.59254114 0.07783397
vt 0.59319772 0.07797169
vt 0.62376582 0.02770217
vt 0.62376582 0.02770217
vt 0.59319772 0.07797169
vt 0.62442241 0.02783989
vt 0.62376582 0.11994444
vt 0.62442241 0.12036749
vt 0.62376582 0.12138889
vt 0.59319772 0.12036749
vt 0.59254114 0.12138889
vt 0.59346973 0.12138889
vt 0.62036749 0.07797169
vt 0.62138889 0.07802869
vt 0.62036749 0.02783989
vt 0.62036749 0.02783989
vt 0.62138889 0.07802869
vt 0.62138889 0.02789690
vt 0.62442241 0.12036749
vt 0.62469442 0.12138889
vt 0.62376582 0.12138889
vt 0.59346973 0.12138889
vt 0.59254114 0.12138889
vt 0.59319772 0.12241029
vt 0.62138889 0.07802869
vt 0.62241029 0.07797169
vt 0.62138889 0.02789690
vt 0.62138889 0.02789690
vt 0.62241029 0.07797169
vt 0.62241029 0.02783989
vt 0.62469442 0.12138889
vt 0.62442241 0.12241029
vt 0.62376582 0.12138889
vt 0.59319772 0.12241029
vt 0.59254114 0.12138889
vt 0.59254114 0.12283333
vt 0.59319772 0.07797169
vt 0.59254114 0.07783397
vt 0.62442241 0.02783989
vt 0.62442241 0.02783989
vt 0.59254114 0.07783397
vt 0.62376582 0.02770217
vt 0.62442241 0.12241029
vt 0.62376582 0.12283333
vt 0.62376582 0.12138889
vt 0.59254114 0.12283333
vt 0.59254114 0.12138889
vt 0.59188456 0.12241029
vt 0.59254114 0.07783397
vt 0.59188456 0.07769625
vt 0.62376582 0.02770217
vt 0.62376582 0.02770217
vt 0.59188456 0.07769625
vt 0.62310924 0.02756446
vt 0.62376582 0.12283333
vt 0.62310924 0.12241029
vt 0.62376582 0.12138889
vt 0.59188456 0.12241029
vt 0.59254114 0.12138889
vt 0.59161254 0.12138889
vt 0.62241029 0.07769625
vt 0.62138889 0.07763924
vt 0.62241029 0.02756446
vt 0.62241029 0.02756446
vt 0.62138889 0.07763924
vt 0.62138889 0.02750745
vt 0.62310924 0.12241029
vt 0.62283723 0.12138889
vt 0.62376582 0.12138889
vt 0.59161254 0.12138889
vt 0.59254114 0.12138889
vt 0.59188456 0.12036749
vt 0.62138889 0.07763924
vt 0.62036749 0.07769625
vt 0.62138889 0.02750745
vt 0.62138889 0.02750745
vt 0.62036749 0.07769625
vt 0.62036749 0.02756446
vt 0.62283723 0.12138889
vt 0.62310924 0.12036749
vt 0.62376582 0.12138889
vt 0.59188456 0.12036749
vt 0.59254114 0.12138889
vt 0.59254114 0.11994444
vt 0.59188456 0.07769625
vt 0.59254114 0.07783397
vt 0.62310924 0.02756446
vt 0.62310924 0.02756446
vt 0.59254114 0.07783397
vt 0.62376582 0.02770217
vt 0.62310924 0.12036749
vt 0.62376582 0.11994444
vt 0.62376582 0.12138889
vt 0.16224327 0.87138889
vt 0.15560636 0.88008932
vt 0.16587052 0.88546644
vt 0.13008932 0.93345879
vt 0.13812729 0.92738139
vt 0.14442742 0.93304198
vt 0.16587052 0.88546644
vt 0.15979257 0.89442742
vt 0.17080217 0.89847222
vt 0.15560636 0.88008932
vt 0.15979257 0.89442742
vt 0.16587052 0.88546644
vt 0.13812729 0.92738139
vt 0.14489126 0.92015918
vt 0.15322733 0.92513527
vt 0.14489126 0.92015918
vt 0.14986593 0.91234185
vt 0.15896864 0.91717319
vt 0.15582716 0.92513527
vt 0.15527992 0.91717319
vt 0.16325949 0.92163678
vt 0.14489126 0.92015918
vt 0.15896864 0.91717319
vt 0.15322733 0.92513527
vt 0.17080217 0.93667632
vt 0.16620868 0.93002190
vt 0.17666278 0.93321014
vt 0.16620868 0.93002190
vt 0.16325949 0.92163678
vt 0.17274229 0.92539280
vt 0.17666278 0.93321014
vt 0.17274229 0.92539280
vt 0.18300633 0.92815535
vt 0.16620868 0.93002190
vt 0.17274229 0.92539280
vt 0.17666278 0.93321014
vt 0.13812729 0.92738139
vt 0.15322733 0.92513527
vt 0.14442742 0.93304198
vt 0.15582716 0.92513527
vt 0.16325949 0.92163678
vt 0.16620868 0.93002190
vt 0.15979257 0.93304198
vt 0.16620868 0.93002190
vt 0.17080217 0.93667632
vt 0.15582716 0.92513527
vt 0.16620868 0.93002190
vt 0.15979257 0.93304198
vt 0.16224327 0.87138889
vt 0.16587052 0.88546644
vt 0.17221407 0.87138889
vt 0.16587052 0.88546644
vt 0.17080217 0.89847222
vt 0.17659021 0.88562750
vt 0.17221407 0.87138889
vt 0.17659021 0.88562750
vt 0.18300633 0.87138889
vt 0.16587052 0.88546644
vt 0.17659021 0.88562750
vt 0.17221407 0.87138889
vt 0.17080217 0.89847222
vt 0.17666278 0.90941642
vt 0.18300633 0.89986593
vt 0.17666278 0.93321014
vt 0.18300633 0.92815535
vt 0.18934988 0.93321014
vt 0.18300633 0.89986593
vt 0.18934988 0.90941642
vt 0.19521049 0.89847222
vt 0.17666278 0.93321014
vt 0.18934988 0.93321014
vt 0.18300633 0.93792861
vt 0.18300633 0.87138889
vt 0.18942245 0.88562750
vt 0.19379859 0.87138889
vt 0.18942245 0.88562750
vt 0.19521049 0.89847222
vt 0.20014214 0.88546644
vt 0.19379859 0.87138889
vt 0.20014214 0.88546644
vt 0.20376939 0.87138889
vt 0.18942245 0.88562750
vt 0.20014214 0.88546644
vt 0.19379859 0.87138889
vt 0.17080217 0.89847222
vt 0.18300633 0.89986593
vt 0.17659021 0.88562750
vt 0.18300633 0.89986593
vt 0.19521049 0.89847222
vt 0.18942245 0.88562750
vt 0.17659021 0.88562750
vt 0.18942245 0.88562750
vt 0.18300633 0.87138889
vt 0.18300633 0.89986593
vt 0.18942245 0.88562750
vt 0.17659021 0.88562750
vt 0.16224327 0.87138889
vt 0.17221407 0.87138889
vt 0.16587052 0.85731133
vt 0.17221407 0.87138889
vt 0.18300633 0.87138889
vt 0.17659021 0.85715028
vt 0.16587052 0.85731133
vt 0.17659021 0.85715028
vt 0.17080217 0.84430556
vt 0.17221407 0.87138889
vt 0.17659021 0.85715028
vt 0.16587052 0.85731133
vt 0.18300633 0.87138889
vt 0.19379859 0.87138889
vt 0.18942245 0.85715028
vt 0.19379859 0.87138889
vt 0.20376939 0.87138889
vt 0.20014214 0.85731133
vt 0.18942245 0.85715028
vt 0.20014214 0.85731133
vt 0.19521049 0.84430556
vt 0.19379859 0.87138889
vt 0.20014214 0.85731133
vt 0.18942245 0.85715028
vt 0.17080217 0.84430556
vt 0.18300633 0.84291185
vt 0.17666278 0.83336136
vt 0.18300633 0.84291185
vt 0.19521049 0.84430556
vt 0.18934988 0.83336136
vt 0.17666278 0.93321014
vt 0.18934988 0.93321014
vt 0.18300633 0.92815535
vt 0.18300633 0.93792861
vt 0.18934988 0.93321014
vt 0.17666278 0.93321014
vt 0.18300633 0.87138889
vt 0.18942245 0.85715028
vt 0.17659021 0.85715028
vt 0.18942245 0.85715028
vt 0.19521049 0.84430556
vt 0.18300633 0.84291185
vt 0.17659021 0.85715028
vt 0.18300633 0.84291185
vt 0.17080217 0.84430556
vt 0.18942245 0.85715028
vt 0.18300633 0.84291185
vt 0.17659021 0.85715028
vt 0.16224327 0.87138889
vt 0.16587052 0.85731133
vt 0.15560636 0.86268846
vt 0.16587052 0.85731133
vt 0.17080217 0.84430556
vt 0.15979257 0.84835036
vt 0.11268846 0.93345879
vt 0.09835036 0.93304198
vt 0.10465049 0.92738139
vt 0.16587052 0.85731133
vt 0.15979257 0.84835036
vt 0.15560636 0.86268846
vt 0.17080217 0.93667632
vt 0.17666278 0.93321014
vt 0.16620868 0.93002190
vt 0.17666278 0.93321014
vt 0.18300633 0.92815535
vt 0.17274229 0.92539280
vt 0.16620868 0.93002190
vt 0.17274229 0.92539280
vt 0.16325949 0.92163678
vt 0.17666278 0.93321014
vt 0.17274229 0.92539280
vt 0.16620868 0.93002190
vt 0.10465049 0.92738139
vt 0.08955044 0.92513527
vt 0.09788651 0.92015918
vt 0.15582716 0.92513527
vt 0.16325949 0.92163678
vt 0.15527992 0.91717319
vt 0.09788651 0.92015918
vt 0.08380914 0.91717319
vt 0.09291185 0.91234185
vt 0.08955044 0.92513527
vt 0.08380914 0.91717319
vt 0.09788651 0.92015918
vt 0.17080217 0.93667632
vt 0.16620868 0.93002190
vt 0.15979257 0.93304198
vt 0.16620868 0.93002190
vt 0.16325949 0.92163678
vt 0.15582716 0.92513527
vt 0.09835036 0.93304198
vt 0.08955044 0.92513527
vt 0.10465049 0.92738139
vt 0.16620868 0.93002190
vt 0.15582716 0.92513527
vt 0.15979257 0.93304198
vt 0.12138889 0.93792861
vt 0.11268846 0.93345879
vt 0.13008932 0.93345879
vt 0.11268846 0.93345879
vt 0.10465049 0.92738139
vt 0.12138889 0.92815535
vt 0.13008932 0.93345879
vt 0.12138889 0.92815535
vt 0.13812729 0.92738139
vt 0.11268846 0.93345879
vt 0.12138889 0.92815535
vt 0.13008932 0.93345879
vt 0.10465049 0.92738139
vt 0.09788651 0.92015918
vt 0.11258897 0.92024863
vt 0.09788651 0.92015918
vt 0.09291185 0.91234185
vt 0.10658694 0.91234185
vt 0.11258897 0.92024863
vt 0.10658694 0.91234185
vt 0.12138889 0.91234185
vt 0.09788651 0.92015918
vt 0.10658694 0.91234185
vt 0.11258897 0.92024863
vt 0.13812729 0.92738139
vt 0.13018881 0.92024863
vt 0.14489126 0.92015918
vt 0.13018881 0.92024863
vt 0.12138889 0.91234185
vt 0.13619083 0.91234185
vt 0.14489126 0.92015918
vt 0.13619083 0.91234185
vt 0.14986593 0.91234185
vt 0.13018881 0.92024863
vt 0.13619083 0.91234185
vt 0.14489126 0.92015918
vt 0.10465049 0.92738139
vt 0.11258897 0.92024863
vt 0.12138889 0.92815535
vt 0.11258897 0.92024863
vt 0.12138889 0.91234185
vt 0.13018881 0.92024863
vt 0.12138889 0.92815535
vt 0.13018881 0.92024863
vt 0.13812729 0.92738139
vt 0.11258897 0.92024863
vt 0.13018881 0.92024863
vt 0.12138889 0.92815535
vt 0.20376939 0.87138889
vt 0.20014214 0.88546644
vt 0.21040630 0.88008932
vt 0.20014214 0.88546644
vt 0.19521049 0.89847222
vt 0.20622009 0.89442742
vt 0.13008932 0.93345879
vt 0.14442742 0.93304198
vt 0.13812729 0.92738139
vt 0.20014214 0.88546644
vt 0.20622009 0.89442742
vt 0.21040630 0.88008932
vt 0.19521049 0.93667632
vt 0.18934988 0.93321014
vt 0.19980397 0.93002190
vt 0.18934988 0.93321014
vt 0.18300633 0.92815535
vt 0.19327036 0.92539280
vt 0.19980397 0.93002190
vt 0.19327036 0.92539280
vt 0.20275316 0.92163678
vt 0.18934988 0.93321014
vt 0.19327036 0.92539280
vt 0.19980397 0.93002190
vt 0.13812729 0.92738139
vt 0.15322733 0.92513527
vt 0.14489126 0.92015918
vt 0.21018550 0.92513527
vt 0.20275316 0.92163678
vt 0.21073274 0.91717319
vt 0.14489126 0.92015918
vt 0.15896864 0.91717319
vt 0.14986593 0.91234185
vt 0.15322733 0.92513527
vt 0.15896864 0.91717319
vt 0.14489126 0.92015918
vt 0.19521049 0.93667632
vt 0.19980397 0.93002190
vt 0.20622009 0.93304198
vt 0.19980397 0.93002190
vt 0.20275316 0.92163678
vt 0.21018550 0.92513527
vt 0.14442742 0.93304198
vt 0.15322733 0.92513527
vt 0.13812729 0.92738139
vt 0.19980397 0.93002190
vt 0.21018550 0.92513527
vt 0.20622009 0.93304198
vt 0.18300633 0.92815535
vt 0.17274229 0.92539280
vt 0.18300633 0.92056146
vt 0.17274229 0.92539280
vt 0.16325949 0.92163678
vt 0.17262480 0.91722848
vt 0.18300633 0.92056146
vt 0.17262480 0.91722848
vt 0.18300633 0.91234185
vt 0.17274229 0.92539280
vt 0.17262480 0.91722848
vt 0.18300633 0.92056146
vt 0.16325949 0.92163678
vt 0.15527992 0.91717319
vt 0.16224327 0.91234185
vt 0.15896864 0.91717319
vt 0.14986593 0.91234185
vt 0.15896864 0.90751050
vt 0.16224327 0.91234185
vt 0.15527992 0.90751050
vt 0.16325949 0.90304691
vt 0.15527992 0.91717319
vt 0.15527992 0.90751050
vt 0.16224327 0.91234185
vt 0.18300633 0.91234185
vt 0.17262480 0.90745522
vt 0.18300633 0.90412224
vt 0.17262480 0.90745522
vt 0.16325949 0.90304691
vt 0.17274229 0.89929089
vt 0.18300633 0.90412224
vt 0.17274229 0.89929089
vt 0.18300633 0.89652835
vt 0.17262480 0.90745522
vt 0.17274229 0.89929089
vt 0.18300633 0.90412224
vt 0.16325949 0.92163678
vt 0.16224327 0.91234185
vt 0.17262480 0.91722848
vt 0.16224327 0.91234185
vt 0.16325949 0.90304691
vt 0.17262480 0.90745522
vt 0.17262480 0.91722848
vt 0.17262480 0.90745522
vt 0.18300633 0.91234185
vt 0.16224327 0.91234185
vt 0.17262480 0.90745522
vt 0.17262480 0.91722848
vt 0.14986593 0.91234185
vt 0.13619083 0.91234185
vt 0.14489126 0.90452451
vt 0.13619083 0.91234185
vt 0.12138889 0.91234185
vt 0.13018881 0.90443506
vt 0.14489126 0.90452451
vt 0.13018881 0.90443506
vt 0.13812729 0.89730231
vt 0.13619083 0.91234185
vt 0.13018881 0.90443506
vt 0.14489126 0.90452451
vt 0.12138889 0.91234185
vt 0.10658694 0.91234185
vt 0.11258897 0.90443506
vt 0.10658694 0.91234185
vt 0.09291185 0.91234185
vt 0.09788651 0.90452451
vt 0.11258897 0.90443506
vt 0.09788651 0.90452451
vt 0.10465049 0.89730231
vt 0.10658694 0.91234185
vt 0.09788651 0.90452451
vt 0.11258897 0.90443506
vt 0.13812729 0.89730231
vt 0.12138889 0.89652835
vt 0.13008932 0.89122490
vt 0.12138889 0.89652835
vt 0.10465049 0.89730231
vt 0.11268846 0.89122490
vt 0.13008932 0.89122490
vt 0.11268846 0.89122490
vt 0.12138889 0.88675508
vt 0.12138889 0.89652835
vt 0.11268846 0.89122490
vt 0.13008932 0.89122490
vt 0.12138889 0.91234185
vt 0.11258897 0.90443506
vt 0.13018881 0.90443506
vt 0.11258897 0.90443506
vt 0.10465049 0.89730231
vt 0.12138889 0.89652835
vt 0.13018881 0.90443506
vt 0.12138889 0.89652835
vt 0.13812729 0.89730231
vt 0.11258897 0.90443506
vt 0.12138889 0.89652835
vt 0.13018881 0.90443506
vt 0.09291185 0.91234185
vt 0.08380914 0.91717319
vt 0.08380914 0.90751050
vt 0.15527992 0.91717319
vt 0.16325949 0.92163678
vt 0.16224327 0.91234185
vt 0.15527992 0.90751050
vt 0.16224327 0.91234185
vt 0.16325949 0.90304691
vt 0.15527992 0.91717319
vt 0.16224327 0.91234185
vt 0.15527992 0.90751050
vt 0.16325949 0.92163678
vt 0.17274229 0.92539280
vt 0.17262480 0.91722848
vt 0.17274229 0.92539280
vt 0.18300633 0.92815535
vt 0.18300633 0.92056146
vt 0.17262480 0.91722848
vt 0.18300633 0.92056146
vt 0.18300633 0.91234185
vt 0.17274229 0.92539280
vt 0.18300633 0.92056146
vt 0.17262480 0.91722848
vt 0.16325949 0.90304691
vt 0.17262480 0.90745522
vt 0.17274229 0.89929089
vt 0.17262480 0.90745522
vt 0.18300633 0.91234185
vt 0.18300633 0.90412224
vt 0.17274229 0.89929089
vt 0.18300633 0.90412224
vt 0.18300633 0.89652835
vt 0.17262480 0.90745522
vt 0.18300633 0.90412224
vt 0.17274229 0.89929089
vt 0.16325949 0.92163678
vt 0.17262480 0.91722848
vt 0.16224327 0.91234185
vt 0.17262480 0.91722848
vt 0.18300633 0.91234185
vt 0.17262480 0.90745522
vt 0.16224327 0.91234185
vt 0.17262480 0.90745522
vt 0.16325949 0.90304691
vt 0.17262480 0.91722848
vt 0.17262480 0.90745522
vt 0.16224327 0.91234185
vt 0.18300633 0.92815535
vt 0.18934988 0.93321014
vt 0.19327036 0.92539280
vt 0.18934988 0.93321014
vt 0.19521049 0.93667632
vt 0.19980397 0.93002190
vt 0.19327036 0.92539280
vt 0.19980397 0.93002190
vt 0.20275316 0.92163678
vt 0.18934988 0.93321014
vt 0.19980397 0.93002190
vt 0.19327036 0.92539280
vt 0.19521049 0.84430556
vt 0.20014214 0.85731133
vt 0.20622009 0.84835036
vt 0.20014214 0.85731133
vt 0.20376939 0.87138889
vt 0.21040630 0.86268846
vt 0.09835036 0.93304198
vt 0.11268846 0.93345879
vt 0.10465049 0.92738139
vt 0.20014214 0.85731133
vt 0.21040630 0.86268846
vt 0.20622009 0.84835036
vt 0.20275316 0.92163678
vt 0.21018550 0.92513527
vt 0.21073274 0.91717319
vt 0.08955044 0.92513527
vt 0.10465049 0.92738139
vt 0.09788651 0.92015918
vt 0.08380914 0.91717319
vt 0.09788651 0.92015918
vt 0.09291185 0.91234185
vt 0.08955044 0.92513527
vt 0.09788651 0.92015918
vt 0.08380914 0.91717319
vt 0.19521049 0.93667632
vt 0.20622009 0.93304198
vt 0.19980397 0.93002190
vt 0.09835036 0.93304198
vt 0.10465049 0.92738139
vt 0.08955044 0.92513527
vt 0.19980397 0.93002190
vt 0.21018550 0.92513527
vt 0.20275316 0.92163678
vt 0.20622009 0.93304198
vt 0.21018550 0.92513527
vt 0.19980397 0.93002190
vt 0.20376939 0.87138889
vt 0.21040630 0.88008932
vt 0.20014214 0.88546644
vt 0.13008932 0.89122490
vt 0.13812729 0.89730231
vt 0.14442742 0.89164171
vt 0.20014214 0.88546644
vt 0.20622009 0.89442742
vt 0.19521049 0.89847222
vt 0.21040630 0.88008932
vt 0.20622009 0.89442742
vt 0.20014214 0.88546644
vt 0.13812729 0.89730231
vt 0.14489126 0.90452451
vt 0.15322733 0.89954843
vt 0.14489126 0.90452451
vt 0.14986593 0.91234185
vt 0.15896864 0.90751050
vt 0.21018550 0.89954843
vt 0.21073274 0.90751050
vt 0.20275316 0.90304691
vt 0.14489126 0.90452451
vt 0.15896864 0.90751050
vt 0.15322733 0.89954843
vt 0.19521049 0.88800737
vt 0.19980397 0.89466180
vt 0.18934988 0.89147356
vt 0.19980397 0.89466180
vt 0.20275316 0.90304691
vt 0.19327036 0.89929089
vt 0.18934988 0.89147356
vt 0.19327036 0.89929089
vt 0.18300633 0.89652835
vt 0.19980397 0.89466180
vt 0.19327036 0.89929089
vt 0.18934988 0.89147356
vt 0.13812729 0.89730231
vt 0.15322733 0.89954843
vt 0.14442742 0.89164171
vt 0.21018550 0.89954843
vt 0.20275316 0.90304691
vt 0.19980397 0.89466180
vt 0.20622009 0.89164171
vt 0.19980397 0.89466180
vt 0.19521049 0.88800737
vt 0.21018550 0.89954843
vt 0.19980397 0.89466180
vt 0.20622009 0.89164171
vt 0.20376939 0.87138889
vt 0.20014214 0.88546644
vt 0.19379859 0.87138889
vt 0.20014214 0.88546644
vt 0.19521049 0.89847222
vt 0.18942245 0.88562750
vt 0.19379859 0.87138889
vt 0.18942245 0.88562750
vt 0.18300633 0.87138889
vt 0.20014214 0.88546644
vt 0.18942245 0.88562750
vt 0.19379859 0.87138889
vt 0.19521049 0.89847222
vt 0.18934988 0.90941642
vt 0.18300633 0.89986593
vt 0.18934988 0.89147356
vt 0.18300633 0.89652835
vt 0.17666278 0.89147356
vt 0.18300633 0.89986593
vt 0.17666278 0.90941642
vt 0.17080217 0.89847222
vt 0.18934988 0.89147356
vt 0.17666278 0.89147356
vt 0.18300633 0.88675508
vt 0.18300633 0.87138889
vt 0.17659021 0.88562750
vt 0.17221407 0.87138889
vt 0.17659021 0.88562750
vt 0.17080217 0.89847222
vt 0.16587052 0.88546644
vt 0.17221407 0.87138889
vt 0.16587052 0.88546644
vt 0.16224327 0.87138889
vt 0.17659021 0.88562750
vt 0.16587052 0.88546644
vt 0.17221407 0.87138889
vt 0.19521049 0.89847222
vt 0.18300633 0.89986593
vt 0.18942245 0.88562750
vt 0.18300633 0.89986593
vt 0.17080217 0.89847222
vt 0.17659021 0.88562750
vt 0.18942245 0.88562750
vt 0.17659021 0.88562750
vt 0.18300633 0.87138889
vt 0.18300633 0.89986593
vt 0.17659021 0.88562750
vt 0.18942245 0.88562750
vt 0.20376939 0.87138889
vt 0.19379859 0.87138889
vt 0.20014214 0.85731133
vt 0.19379859 0.87138889
vt 0.18300633 0.87138889
vt 0.18942245 0.85715028
vt 0.20014214 0.85731133
vt 0.18942245 0.85715028
vt 0.19521049 0.84430556
vt 0.19379859 0.87138889
vt 0.18942245 0.85715028
vt 0.20014214 0.85731133
vt 0.18300633 0.87138889
vt 0.17221407 0.87138889
vt 0.17659021 0.85715028
vt 0.17221407 0.87138889
vt 0.16224327 0.87138889
vt 0.16587052 0.85731133
vt 0.17659021 0.85715028
vt 0.16587052 0.85731133
vt 0.17080217 0.84430556
vt 0.17221407 0.87138889
vt 0.16587052 0.85731133
vt 0.17659021 0.85715028
vt 0.19521049 0.84430556
vt 0.18300633 0.84291185
vt 0.18934988 0.83336136
vt 0.18300633 0.84291185
vt 0.17080217 0.84430556
vt 0.17666278 0.83336136
vt 0.18934988 0.89147356
vt 0.17666278 0.89147356
vt 0.18300633 0.89652835
vt 0.18300633 0.88675508
vt 0.17666278 0.89147356
vt 0.18934988 0.89147356
vt 0.18300633 0.87138889
vt 0.17659021 0.85715028
vt 0.18942245 0.85715028
vt 0.17659021 0.85715028
vt 0.17080217 0.84430556
vt 0.18300633 0.84291185
vt 0.18942245 0.85715028
vt 0.18300633 0.84291185
vt 0.19521049 0.84430556
vt 0.17659021 0.85715028
vt 0.18300633 0.84291185
vt 0.18942245 0.85715028
vt 0.20376939 0.87138889
vt 0.20014214 0.85731133
vt 0.21040630 0.86268846
vt 0.20014214 0.85731133
vt 0.19521049 0.84430556
vt 0.20622009 0.84835036
vt 0.11268846 0.89122490
vt 0.09835036 0.89164171
vt 0.10465049 0.89730231
vt 0.20014214 0.85731133
vt 0.20622009 0.84835036
vt 0.21040630 0.86268846
vt 0.19521049 0.88800737
vt 0.18934988 0.89147356
vt 0.19980397 0.89466180
vt 0.18934988 0.89147356
vt 0.18300633 0.89652835
vt 0.19327036 0.89929089
vt 0.19980397 0.89466180
vt 0.19327036 0.89929089
vt 0.20275316 0.90304691
vt 0.18934988 0.89147356
vt 0.19327036 0.89929089
vt 0.19980397 0.89466180
vt 0.10465049 0.89730231
vt 0.08955044 0.89954843
vt 0.09788651 0.90452451
vt 0.21018550 0.89954843
vt 0.20275316 0.90304691
vt 0.21073274 0.90751050
vt 0.09788651 0.90452451
vt 0.08380914 0.90751050
vt 0.09291185 0.91234185
vt 0.08955044 0.89954843
vt 0.08380914 0.90751050
vt 0.09788651 0.90452451
vt 0.19521049 0.88800737
vt 0.19980397 0.89466180
vt 0.20622009 0.89164171
vt 0.19980397 0.89466180
vt 0.20275316 0.90304691
vt 0.21018550 0.89954843
vt 0.09835036 0.89164171
vt 0.08955044 0.89954843
vt 0.10465049 0.89730231
vt 0.19980397 0.89466180
vt 0.21018550 0.89954843
vt 0.20622009 0.89164171
vt 0.12138889 0.88675508
vt 0.11268846 0.89122490
vt 0.13008932 0.89122490
vt 0.11268846 0.89122490
vt 0.10465049 0.89730231
vt 0.12138889 0.89652835
vt 0.13008932 0.89122490
vt 0.12138889 0.89652835
vt 0.13812729 0.89730231
vt 0.11268846 0.89122490
vt 0.12138889 0.89652835
vt 0.13008932 0.89122490
vt 0.10465049 0.89730231
vt 0.09788651 0.90452451
vt 0.11258897 0.90443506
vt 0.09788651 0.90452451
vt 0.09291185 0.91234185
vt 0.10658694 0.91234185
vt 0.11258897 0.90443506
vt 0.10658694 0.91234185
vt 0.12138889 0.91234185
vt 0.09788651 0.90452451
vt 0.10658694 0.91234185
vt 0.11258897 0.90443506
vt 0.13812729 0.89730231
vt 0.13018881 0.90443506
vt 0.14489126 0.90452451
vt 0.13018881 0.90443506
vt 0.12138889 0.91234185
vt 0.13619083 0.91234185
vt 0.14489126 0.90452451
vt 0.13619083 0.91234185
vt 0.14986593 0.91234185
vt 0.13018881 0.90443506
vt 0.13619083 0.91234185
vt 0.14489126 0.90452451
vt 0.10465049 0.89730231
vt 0.11258897 0.90443506
vt 0.12138889 0.89652835
vt 0.11258897 0.90443506
vt 0.12138889 0.91234185
vt 0.13018881 0.90443506
vt 0.12138889 0.89652835
vt 0.13018881 0.90443506
vt 0.13812729 0.89730231
vt 0.11258897 0.90443506
vt 0.13018881 0.90443506
vt 0.12138889 0.89652835
vt 0.18300633 0.89652835
vt 0.19327036 0.89929089
vt 0.18300633 0.90412224
vt 0.19327036 0.89929089
vt 0.20275316 0.90304691
vt 0.19338786 0.90745522
vt 0.18300633 0.90412224
vt 0.19338786 0.90745522
vt 0.18300633 0.91234185
vt 0.19327036 0.89929089
vt 0.19338786 0.90745522
vt 0.18300633 0.90412224
vt 0.20275316 0.90304691
vt 0.21073274 0.90751050
vt 0.20376939 0.91234185
vt 0.15896864 0.90751050
vt 0.14986593 0.91234185
vt 0.15896864 0.91717319
vt 0.20376939 0.91234185
vt 0.21073274 0.91717319
vt 0.20275316 0.92163678
vt 0.21073274 0.90751050
vt 0.21073274 0.91717319
vt 0.20376939 0.91234185
vt 0.18300633 0.91234185
vt 0.19338786 0.91722848
vt 0.18300633 0.92056146
vt 0.19338786 0.91722848
vt 0.20275316 0.92163678
vt 0.19327036 0.92539280
vt 0.18300633 0.92056146
vt 0.19327036 0.92539280
vt 0.18300633 0.92815535
vt 0.19338786 0.91722848
vt 0.19327036 0.92539280
vt 0.18300633 0.92056146
vt 0.20275316 0.90304691
vt 0.20376939 0.91234185
vt 0.19338786 0.90745522
vt 0.20376939 0.91234185
vt 0.20275316 0.92163678
vt 0.19338786 0.91722848
vt 0.19338786 0.90745522
vt 0.19338786 0.91722848
vt 0.18300633 0.91234185
vt 0.20376939 0.91234185
vt 0.19338786 0.91722848
vt 0.19338786 0.90745522
vt 0.16224327 0.87138889
vt 0.16587052 0.88546644
vt 0.15560636 0.88008932
vt 0.16587052 0.88546644
vt 0.17080217 0.89847222
vt 0.15979257 0.89442742
vt 0.13008932 0.89122490
vt 0.14442742 0.89164171
vt 0.13812729 0.89730231
vt 0.16587052 0.88546644
vt 0.15979257 0.89442742
vt 0.15560636 0.88008932
vt 0.17080217 0.88800737
vt 0.17666278 0.89147356
vt 0.16620868 0.89466180
vt 0.17666278 0.89147356
vt 0.18300633 0.89652835
vt 0.17274229 0.89929089
vt 0.16620868 0.89466180
vt 0.17274229 0.89929089
vt 0.16325949 0.90304691
vt 0.17666278 0.89147356
vt 0.17274229 0.89929089
vt 0.16620868 0.89466180
vt 0.13812729 0.89730231
vt 0.15322733 0.89954843
vt 0.14489126 0.90452451
vt 0.15582716 0.89954843
vt 0.16325949 0.90304691
vt 0.15527992 0.90751050
vt 0.14489126 0.90452451
vt 0.15896864 0.90751050
vt 0.14986593 0.91234185
vt 0.15322733 0.89954843
vt 0.15896864 0.90751050
vt 0.14489126 0.90452451
vt 0.17080217 0.88800737
vt 0.16620868 0.89466180
vt 0.15979257 0.89164171
vt 0.16620868 0.89466180
vt 0.16325949 0.90304691
vt 0.15582716 0.89954843
vt 0.14442742 0.89164171
vt 0.15322733 0.89954843
vt 0.13812729 0.89730231
vt 0.16620868 0.89466180
vt 0.15582716 0.89954843
vt 0.15979257 0.89164171
vt 0.18300633 0.89652835
vt 0.17666278 0.89147356
vt 0.17274229 0.89929089
vt 0.17666278 0.89147356
vt 0.17080217 0.88800737
vt 0.16620868 0.89466180
vt 0.17274229 0.89929089
vt 0.16620868 0.89466180
vt 0.16325949 0.90304691
vt 0.17666278 0.89147356
vt 0.16620868 0.89466180
vt 0.17274229 0.89929089
vt 0.17080217 0.84430556
vt 0.16587052 0.85731133
vt 0.15979257 0.84835036
vt 0.16587052 0.85731133
vt 0.16224327 0.87138889
vt 0.15560636 0.86268846
vt 0.09835036 0.89164171
vt 0.11268846 0.89122490
vt 0.10465049 0.89730231
vt 0.16587052 0.85731133
vt 0.15560636 0.86268846
vt 0.15979257 0.84835036
vt 0.16325949 0.90304691
vt 0.15582716 0.89954843
vt 0.15527992 0.90751050
vt 0.08955044 0.89954843
vt 0.10465049 0.89730231
vt 0.09788651 0.90452451
vt 0.08380914 0.90751050
vt 0.09788651 0.90452451
vt 0.09291185 0.91234185
vt 0.08955044 0.89954843
vt 0.09788651 0.90452451
vt 0.08380914 0.90751050
vt 0.17080217 0.88800737
vt 0.15979257 0.89164171
vt 0.16620868 0.89466180
vt 0.09835036 0.89164171
vt 0.10465049 0.89730231
vt 0.08955044 0.89954843
vt 0.16620868 0.89466180
vt 0.15582716 0.89954843
vt 0.16325949 0.90304691
vt 0.15979257 0.89164171
vt 0.15582716 0.89954843
vt 0.16620868 0.89466180
vt 0.09291185 0.91234185
vt 0.08380914 0.90751050
vt 0.08380914 0.91717319
vt 0.21073274 0.90751050
vt 0.20275316 0.90304691
vt 0.20376939 0.91234185
vt 0.21073274 0.91717319
vt 0.20376939 0.91234185
vt 0.20275316 0.92163678
vt 0.21073274 0.90751050
vt 0.20376939 0.91234185
vt 0.21073274 0.91717319
vt 0.20275316 0.90304691
vt 0.19327036 0.89929089
vt 0.19338786 0.90745522
vt 0.19327036 0.89929089
vt 0.18300633 0.89652835
vt 0.18300633 0.90412224
vt 0.19338786 0.90745522
vt 0.18300633 0.90412224
vt 0.18300633 0.91234185
vt 0.19327036 0.89929089
vt 0.18300633 0.90412224
vt 0.19338786 0.90745522
vt 0.20275316 0.92163678
vt 0.19338786 0.91722848
vt 0.19327036 0.92539280
vt 0.19338786 0.91722848
vt 0.18300633 0.91234185
vt 0.18300633 0.92056146
vt 0.19327036 0.92539280
vt 0.18300633 0.92056146
vt 0.18300633 0.92815535
vt 0.19338786 0.91722848
vt 0.18300633 0.92056146
vt 0.19327036 0.92539280
vt 0.20275316 0.90304691
vt 0.19338786 0.90745522
vt 0.20376939 0.91234185
vt 0.19338786 0.90745522
vt 0.18300633 0.91234185
vt 0.19338786 0.91722848
vt 0.20376939 0.91234185
vt 0.19338786 0.91722848
vt 0.20275316 0.92163678
vt 0.19338786 0.90745522
vt 0.19338786 0.91722848
vt 0.20376939 0.91234185
vt 0.14986593 0.91234185
vt 0.13619083 0.91234185
vt 0.14489126 0.92015918
vt 0.13619083 0.91234185
vt 0.12138889 0.91234185
vt 0.13018881 0.92024863
vt 0.14489126 0.92015918
vt 0.13018881 0.92024863
vt 0.13812729 0.92738139
vt 0.13619083 0.91234185
vt 0.13018881 0.92024863
vt 0.14489126 0.92015918
vt 0.12138889 0.91234185
vt 0.10658694 0.91234185
vt 0.11258897 0.92024863
vt 0.10658694 0.91234185
vt 0.09291185 0.91234185
vt 0.09788651 0.92015918
vt 0.11258897 0.92024863
vt 0.09788651 0.92015918
vt 0.10465049 0.92738139
vt 0.10658694 0.91234185
vt 0.09788651 0.92015918
vt 0.11258897 0.92024863
vt 0.13812729 0.92738139
vt 0.12138889 0.92815535
vt 0.13008932 0.93345879
vt 0.12138889 0.92815535
vt 0.10465049 0.92738139
vt 0.11268846 0.93345879
vt 0.13008932 0.93345879
vt 0.11268846 0.93345879
vt 0.12138889 0.93792861
vt 0.12138889 0.92815535
vt 0.11268846 0.93345879
vt 0.13008932 0.93345879
vt 0.12138889 0.91234185
vt 0.11258897 0.92024863
vt 0.13018881 0.92024863
vt 0.11258897 0.92024863
vt 0.10465049 0.92738139
vt 0.12138889 0.92815535
vt 0.13018881 0.92024863
vt 0.12138889 0.92815535
vt 0.13812729 0.92738139
vt 0.11258897 0.92024863
vt 0.12138889 0.92815535
vt 0.13018881 0.92024863
vt 0.18979430 0.87138889
vt 0.18300633 0.87138889
vt 0.18966385 0.86945153
vt 0.12138889 0.87796576
vt 0.11945153 0.87796576
vt 0.12138889 0.88441128
vt 0.18966385 0.86945153
vt 0.18300633 0.87138889
vt 0.18927755 0.86758856
vt 0.11945153 0.87796576
vt 0.11758856 0.87796576
vt 0.12138889 0.88441128
vt 0.18927755 0.86758856
vt 0.18300633 0.87138889
vt 0.18865034 0.86587183
vt 0.11758856 0.87796576
vt 0.11587183 0.87796576
vt 0.12138889 0.88441128
vt 0.18865034 0.86587183
vt 0.18300633 0.87138889
vt 0.18780617 0.86436690
vt 0.11587183 0.87796576
vt 0.11436690 0.87796576
vt 0.12138889 0.88441128
vt 0.18780617 0.86436690
vt 0.18300633 0.87138889
vt 0.18677748 0.86313190
vt 0.18780617 0.87796576
vt 0.18677748 0.87796576
vt 0.18300633 0.88441128
vt 0.18677748 0.86313190
vt 0.18300633 0.87138889
vt 0.18560403 0.86221432
vt 0.18677748 0.87796576
vt 0.18560403 0.87796576
vt 0.18300633 0.88441128
vt 0.18560403 0.86221432
vt 0.18300633 0.87138889
vt 0.18433060 0.86164918
vt 0.18560403 0.87796576
vt 0.18433060 0.87796576
vt 0.18300633 0.88441128
vt 0.18433060 0.86164918
vt 0.18300633 0.87138889
vt 0.18300633 0.86145833
vt 0.18433060 0.87796576
vt 0.18300633 0.87796576
vt 0.18300633 0.88441128
vt 0.18300633 0.86145833
vt 0.18300633 0.87138889
vt 0.18168206 0.86164918
vt 0.18300633 0.87796576
vt 0.18168206 0.87796576
vt 0.18300633 0.88441128
vt 0.18168206 0.86164918
vt 0.18300633 0.87138889
vt 0.18040863 0.86221432
vt 0.18168206 0.87796576
vt 0.18040863 0.87796576
vt 0.18300633 0.88441128
vt 0.18040863 0.86221432
vt 0.18300633 0.87138889
vt 0.17923518 0.86313190
vt 0.18040863 0.87796576
vt 0.17923518 0.87796576
vt 0.18300633 0.88441128
vt 0.17923518 0.86313190
vt 0.18300633 0.87138889
vt 0.17820649 0.86436690
vt 0.17923518 0.87796576
vt 0.17820649 0.87796576
vt 0.18300633 0.88441128
vt 0.17820649 0.86436690
vt 0.18300633 0.87138889
vt 0.17736231 0.86587183
vt 0.11436690 0.87796576
vt 0.11587183 0.87796576
vt 0.12138889 0.88441128
vt 0.17736231 0.86587183
vt 0.18300633 0.87138889
vt 0.17673510 0.86758856
vt 0.11587183 0.87796576
vt 0.11758856 0.87796576
vt 0.12138889 0.88441128
vt 0.17673510 0.86758856
vt 0.18300633 0.87138889
vt 0.17634881 0.86945153
vt 0.11758856 0.87796576
vt 0.11945153 0.87796576
vt 0.12138889 0.88441128
vt 0.17634881 0.86945153
vt 0.18300633 0.87138889
vt 0.17621835 0.87138889
vt 0.11945153 0.87796576
vt 0.12138889 0.87796576
vt 0.12138889 0.88441128
vt 0.17621835 0.87138889
vt 0.18300633 0.87138889
vt 0.17634881 0.87332625
vt 0.12138889 0.87796576
vt 0.12332625 0.87796576
vt 0.12138889 0.88441128
vt 0.17634881 0.87332625
vt 0.18300633 0.87138889
vt 0.17673510 0.87518922
vt 0.12332625 0.87796576
vt 0.12518922 0.87796576
vt 0.12138889 0.88441128
vt 0.17673510 0.87518922
vt 0.18300633 0.87138889
vt 0.17736231 0.87690594
vt 0.12518922 0.87796576
vt 0.12690594 0.87796576
vt 0.12138889 0.88441128
vt 0.17736231 0.87690594
vt 0.18300633 0.87138889
vt 0.17820649 0.87841088
vt 0.12690594 0.87796576
vt 0.12841088 0.87796576
vt 0.12138889 0.88441128
vt 0.17820649 0.87841088
vt 0.18300633 0.87138889
vt 0.17923518 0.87964588
vt 0.17820649 0.87796576
vt 0.17923518 0.87796576
vt 0.18300633 0.88441128
vt 0.17923518 0.87964588
vt 0.18300633 0.87138889
vt 0.18040863 0.88056346
vt 0.17923518 0.87796576
vt 0.18040863 0.87796576
vt 0.18300633 0.88441128
vt 0.18040863 0.88056346
vt 0.18300633 0.87138889
vt 0.18168206 0.88112860
vt 0.18040863 0.87796576
vt 0.18168206 0.87796576
vt 0.18300633 0.88441128
vt 0.18168206 0.88112860
vt 0.18300633 0.87138889
vt 0.18300633 0.88131944
vt 0.18168206 0.87796576
vt 0.18300633 0.87796576
vt 0.18300633 0.88441128
vt 0.18300633 0.88131944
vt 0.18300633 0.87138889
vt 0.18433060 0.88112860
vt 0.18300633 0.87796576
vt 0.18433060 0.87796576
vt 0.18300633 0.88441128
vt 0.18433060 0.88112860
vt 0.18300633 0.87138889
vt 0.18560403 0.88056346
vt 0.18433060 0.87796576
vt 0.18560403 0.87796576
vt 0.18300633 0.88441128
vt 0.18560403 0.88056346
vt 0.18300633 0.87138889
vt 0.18677748 0.87964588
vt 0.18560403 0.87796576
vt 0.18677748 0.87796576
vt 0.18300633 0.88441128
vt 0.18677748 0.87964588
vt 0.18300633 0.87138889
vt 0.18780617 0.87841088
vt 0.18677748 0.87796576
vt 0.18780617 0.87796576
vt 0.18300633 0.88441128
vt 0.18780617 0.87841088
vt 0.18300633 0.87138889
vt 0.18865034 0.87690594
vt 0.12841088 0.87796576
vt 0.12690594 0.87796576
vt 0.12138889 0.88441128
vt 0.18865034 0.87690594
vt 0.18300633 0.87138889
vt 0.18927755 0.87518922
vt 0.12690594 0.87796576
vt 0.12518922 0.87796576
vt 0.12138889 0.88441128
vt 0.18927755 0.87518922
vt 0.18300633 0.87138889
vt 0.18966385 0.87332625
vt 0.12518922 0.87796576
vt 0.12332625 0.87796576
vt 0.12138889 0.88441128
vt 0.18966385 0.87332625
vt 0.18300633 0.87138889
vt 0.18979430 0.87138889
vt 0.12332625 0.87796576
vt 0.12138889 0.87796576
vt 0.12138889 0.88441128
vt 0.68300633 0.12283333
vt 0.68300633 0.12138889
vt 0.68234185 0.12241029
vt 0.68300633 0.12581726
vt 0.68234185 0.12594158
vt 0.65634810 0.07783397
vt 0.65634810 0.07783397
vt 0.68234185 0.12594158
vt 0.65568362 0.07795829
vt 0.65634810 0.12283333
vt 0.65568362 0.12241029
vt 0.65634810 0.12138889
vt 0.68234185 0.12241029
vt 0.68300633 0.12138889
vt 0.68206663 0.12138889
vt 0.62241029 0.12594158
vt 0.62138889 0.12599308
vt 0.62241029 0.07795829
vt 0.62241029 0.07795829
vt 0.62138889 0.12599308
vt 0.62138889 0.07800979
vt 0.65568362 0.12241029
vt 0.65540840 0.12138889
vt 0.65634810 0.12138889
vt 0.68206663 0.12138889
vt 0.68300633 0.12138889
vt 0.68234185 0.12036749
vt 0.62138889 0.12599308
vt 0.62036749 0.12594158
vt 0.62138889 0.07800979
vt 0.62138889 0.07800979
vt 0.62036749 0.12594158
vt 0.62036749 0.07795829
vt 0.65540840 0.12138889
vt 0.65568362 0.12036749
vt 0.65634810 0.12138889
vt 0.68234185 0.12036749
vt 0.68300633 0.12138889
vt 0.68300633 0.11994444
vt 0.68234185 0.12594158
vt 0.68300633 0.12581726
vt 0.65568362 0.07795829
vt 0.65568362 0.07795829
vt 0.68300633 0.12581726
vt 0.65634810 0.07783397
vt 0.65568362 0.12036749
vt 0.65634810 0.11994444
vt 0.65634810 0.12138889
vt 0.68300633 0.11994444
vt 0.68300633 0.12138889
vt 0.68367081 0.12036749
vt 0.68300633 0.12581726
vt 0.68367081 0.12569293
vt 0.65634810 0.07783397
vt 0.65634810 0.07783397
vt 0.68367081 0.12569293
vt 0.65701258 0.07770964
vt 0.65634810 0.11994444
vt 0.65701258 0.12036749
vt 0.65634810 0.12138889
vt 0.68367081 0.12036749
vt 0.68300633 0.12138889
vt 0.68394603 0.12138889
vt 0.62036749 0.12569293
vt 0.62138889 0.12564144
vt 0.62036749 0.07770964
vt 0.62036749 0.07770964
vt 0.62138889 0.12564144
vt 0.62138889 0.07765815
vt 0.65701258 0.12036749
vt 0.65728780 0.12138889
vt 0.65634810 0.12138889
vt 0.68394603 0.12138889
vt 0.68300633 0.12138889
vt 0.68367081 0.12241029
vt 0.62138889 0.12564144
vt 0.62241029 0.12569293
vt 0.62138889 0.07765815
vt 0.62138889 0.07765815
vt 0.62241029 0.12569293
vt 0.62241029 0.07770964
vt 0.65728780 0.12138889
vt 0.65701258 0.12241029
vt 0.65634810 0.12138889
vt 0.68367081 0.12241029
vt 0.68300633 0.12138889
vt 0.68300633 0.12283333
vt 0.68367081 0.12569293
vt 0.68300633 0.12581726
vt 0.65701258 0.07770964
vt 0.65701258 0.07770964
vt 0.68300633 0.12581726
vt 0.65634810 0.07783397
vt 0.65701258 0.12241029
vt 0.65634810 0.12283333
vt 0.65634810 0.12138889
vt 0.65634810 0.12283333
vt 0.65634810 0.12138889
vt 0.65569485 0.12241029
vt 0.65634810 0.07783397
vt 0.65569485 0.07797691
vt 0.62376582 0.02770217
vt 0.62376582 0.02770217
vt 0.65569485 0.07797691
vt 0.62311257 0.02784512
vt 0.62376582 0.12283333
vt 0.62311257 0.12241029
vt 0.62376582 0.12138889
vt 0.65569485 0.12241029
vt 0.65634810 0.12138889
vt 0.65542432 0.12138889
vt 0.62241029 0.07797691
vt 0.62138889 0.07803614
vt 0.62241029 0.02784512
vt 0.62241029 0.02784512
vt 0.62138889 0.07803614
vt 0.62138889 0.02790435
vt 0.62311257 0.12241029
vt 0.62284204 0.12138889
vt 0.62376582 0.12138889
vt 0.65542432 0.12138889
vt 0.65634810 0.12138889
vt 0.65569485 0.12036749
vt 0.62138889 0.07803614
vt 0.62036749 0.07797691
vt 0.62138889 0.02790435
vt 0.62138889 0.02790435
vt 0.62036749 0.07797691
vt 0.62036749 0.02784512
vt 0.62284204 0.12138889
vt 0.62311257 0.12036749
vt 0.62376582 0.12138889
vt 0.65569485 0.12036749
vt 0.65634810 0.12138889
vt 0.65634810 0.11994444
vt 0.65569485 0.07797691
vt 0.65634810 0.07783397
vt 0.62311257 0.02784512
vt 0.62311257 0.02784512
vt 0.65634810 0.07783397
vt 0.62376582 0.02770217
vt 0.62311257 0.12036749
vt 0.62376582 0.11994444
vt 0.62376582 0.12138889
vt 0.65634810 0.11994444
vt 0.65634810 0.12138889
vt 0.65700135 0.12036749
vt 0.65634810 0.07783397
vt 0.65700135 0.07769102
vt 0.62376582 0.02770217
vt 0.62376582 0.02770217
vt 0.65700135 0.07769102
vt 0.62441907 0.02755923
vt 0.62376582 0.11994444
vt 0.62441907 0.12036749
vt 0.62376582 0.12138889
vt 0.65700135 0.12036749
vt 0.65634810 0.12138889
vt 0.65727188 0.12138889
vt 0.62036749 0.07769102
vt 0.62138889 0.07763179
vt 0.62036749 0.02755923
vt 0.62036749 0.02755923
vt 0.62138889 0.07763179
vt 0.62138889 0.02750000
vt 0.62441907 0.12036749
vt 0.62468960 0.12138889
vt 0.62376582 0.12138889
vt 0.65727188 0.12138889
vt 0.65634810 0.12138889
vt 0.65700135 0.12241029
vt 0.62138889 0.07763179
vt 0.62241029 0.07769102
vt 0.62138889 0.02750000
vt 0.62138889 0.02750000
vt 0.62241029 0.07769102
vt 0.62241029 0.02755923
vt 0.62468960 0.12138889
vt 0.62441907 0.12241029
vt 0.62376582 0.12138889
vt 0.65700135 0.12241029
vt 0.65634810 0.12138889
vt 0.65634810 0.12283333
vt 0.65700135 0.07769102
vt 0.65634810 0.07783397
vt 0.62441907 0.02755923
vt 0.62441907 0.02755923
vt 0.65634810 0.07783397
vt 0.62376582 0.02770217
vt 0.62441907 0.12241029
vt 0.62376582 0.12283333
vt 0.62376582 0.12138889
vt 0.60300277 0.66833333
vt 0.59636585 0.67703376
vt 0.60663001 0.68241089
vt 0.67703376 0.64908270
vt 0.68507174 0.64300530
vt 0.69137186 0.64866589
vt 0.60663001 0.68241089
vt 0.60055206 0.69137186
vt 0.61156166 0.69541667
vt 0.59636585 0.67703376
vt 0.60055206 0.69137186
vt 0.60663001 0.68241089
vt 0.68507174 0.64300530
vt 0.69183571 0.63578310
vt 0.70017178 0.64075918
vt 0.69183571 0.63578310
vt 0.69681037 0.62796576
vt 0.70591308 0.63279711
vt 0.59658665 0.64075918
vt 0.59603941 0.63279711
vt 0.60401899 0.63726070
vt 0.69183571 0.63578310
vt 0.70591308 0.63279711
vt 0.70017178 0.64075918
vt 0.61156166 0.65230023
vt 0.60696818 0.64564581
vt 0.61742228 0.64883405
vt 0.60696818 0.64564581
vt 0.60401899 0.63726070
vt 0.61350179 0.64101671
vt 0.61742228 0.64883405
vt 0.61350179 0.64101671
vt 0.62376582 0.64377926
vt 0.60696818 0.64564581
vt 0.61350179 0.64101671
vt 0.61742228 0.64883405
vt 0.68507174 0.64300530
vt 0.70017178 0.64075918
vt 0.69137186 0.64866589
vt 0.59658665 0.64075918
vt 0.60401899 0.63726070
vt 0.60696818 0.64564581
vt 0.60055206 0.64866589
vt 0.60696818 0.64564581
vt 0.61156166 0.65230023
vt 0.59658665 0.64075918
vt 0.60696818 0.64564581
vt 0.60055206 0.64866589
vt 0.60300277 0.66833333
vt 0.60663001 0.68241089
vt 0.61297356 0.66833333
vt 0.60663001 0.68241089
vt 0.61156166 0.69541667
vt 0.61734971 0.68257194
vt 0.61297356 0.66833333
vt 0.61734971 0.68257194
vt 0.62376582 0.66833333
vt 0.60663001 0.68241089
vt 0.61734971 0.68257194
vt 0.61297356 0.66833333
vt 0.61156166 0.69541667
vt 0.61742228 0.70636086
vt 0.62376582 0.69681037
vt 0.61742228 0.64883405
vt 0.62376582 0.64377926
vt 0.63010937 0.64883405
vt 0.62376582 0.69681037
vt 0.63010937 0.70636086
vt 0.63596998 0.69541667
vt 0.61742228 0.64883405
vt 0.63010937 0.64883405
vt 0.62376582 0.65355253
vt 0.62376582 0.66833333
vt 0.63018194 0.68257194
vt 0.63455809 0.66833333
vt 0.63018194 0.68257194
vt 0.63596998 0.69541667
vt 0.64090163 0.68241089
vt 0.63455809 0.66833333
vt 0.64090163 0.68241089
vt 0.64452888 0.66833333
vt 0.63018194 0.68257194
vt 0.64090163 0.68241089
vt 0.63455809 0.66833333
vt 0.61156166 0.69541667
vt 0.62376582 0.69681037
vt 0.61734971 0.68257194
vt 0.62376582 0.69681037
vt 0.63596998 0.69541667
vt 0.63018194 0.68257194
vt 0.61734971 0.68257194
vt 0.63018194 0.68257194
vt 0.62376582 0.66833333
vt 0.62376582 0.69681037
vt 0.63018194 0.68257194
vt 0.61734971 0.68257194
vt 0.60300277 0.66833333
vt 0.61297356 0.66833333
vt 0.60663001 0.65425578
vt 0.61297356 0.66833333
vt 0.62376582 0.66833333
vt 0.61734971 0.65409472
vt 0.60663001 0.65425578
vt 0.61734971 0.65409472
vt 0.61156166 0.64125000
vt 0.61297356 0.66833333
vt 0.61734971 0.65409472
vt 0.60663001 0.65425578
vt 0.62376582 0.66833333
vt 0.63455809 0.66833333
vt 0.63018194 0.65409472
vt 0.63455809 0.66833333
vt 0.64452888 0.66833333
vt 0.64090163 0.65425578
vt 0.63018194 0.65409472
vt 0.64090163 0.65425578
vt 0.63596998 0.64125000
vt 0.63455809 0.66833333
vt 0.64090163 0.65425578
vt 0.63018194 0.65409472
vt 0.61156166 0.64125000
vt 0.62376582 0.63985629
vt 0.61742228 0.63030581
vt 0.62376582 0.63985629
vt 0.63596998 0.64125000
vt 0.63010937 0.63030581
vt 0.61742228 0.64883405
vt 0.63010937 0.64883405
vt 0.62376582 0.64377926
vt 0.62376582 0.65355253
vt 0.63010937 0.64883405
vt 0.61742228 0.64883405
vt 0.62376582 0.66833333
vt 0.63018194 0.65409472
vt 0.61734971 0.65409472
vt 0.63018194 0.65409472
vt 0.63596998 0.64125000
vt 0.62376582 0.63985629
vt 0.61734971 0.65409472
vt 0.62376582 0.63985629
vt 0.61156166 0.64125000
vt 0.63018194 0.65409472
vt 0.62376582 0.63985629
vt 0.61734971 0.65409472
vt 0.60300277 0.66833333
vt 0.60663001 0.65425578
vt 0.59636585 0.65963290
vt 0.60663001 0.65425578
vt 0.61156166 0.64125000
vt 0.60055206 0.64529481
vt 0.65963290 0.64908270
vt 0.64529481 0.64866589
vt 0.65159493 0.64300530
vt 0.60663001 0.65425578
vt 0.60055206 0.64529481
vt 0.59636585 0.65963290
vt 0.61156166 0.65230023
vt 0.61742228 0.64883405
vt 0.60696818 0.64564581
vt 0.61742228 0.64883405
vt 0.62376582 0.64377926
vt 0.61350179 0.64101671
vt 0.60696818 0.64564581
vt 0.61350179 0.64101671
vt 0.60401899 0.63726070
vt 0.61742228 0.64883405
vt 0.61350179 0.64101671
vt 0.60696818 0.64564581
vt 0.65159493 0.64300530
vt 0.63649489 0.64075918
vt 0.64483096 0.63578310
vt 0.59658665 0.64075918
vt 0.60401899 0.63726070
vt 0.59603941 0.63279711
vt 0.64483096 0.63578310
vt 0.63075358 0.63279711
vt 0.63985629 0.62796576
vt 0.63649489 0.64075918
vt 0.63075358 0.63279711
vt 0.64483096 0.63578310
vt 0.61156166 0.65230023
vt 0.60696818 0.64564581
vt 0.60055206 0.64866589
vt 0.60696818 0.64564581
vt 0.60401899 0.63726070
vt 0.59658665 0.64075918
vt 0.64529481 0.64866589
vt 0.63649489 0.64075918
vt 0.65159493 0.64300530
vt 0.60696818 0.64564581
vt 0.59658665 0.64075918
vt 0.60055206 0.64866589
vt 0.66833333 0.65355253
vt 0.65963290 0.64908270
vt 0.67703376 0.64908270
vt 0.65963290 0.64908270
vt 0.65159493 0.64300530
vt 0.66833333 0.64377926
vt 0.67703376 0.64908270
vt 0.66833333 0.64377926
vt 0.68507174 0.64300530
vt 0.65963290 0.64908270
vt 0.66833333 0.64377926
vt 0.67703376 0.64908270
vt 0.65159493 0.64300530
vt 0.64483096 0.63578310
vt 0.65953342 0.63587255
vt 0.64483096 0.63578310
vt 0.63985629 0.62796576
vt 0.65353139 0.62796576
vt 0.65953342 0.63587255
vt 0.65353139 0.62796576
vt 0.66833333 0.62796576
vt 0.64483096 0.63578310
vt 0.65353139 0.62796576
vt 0.65953342 0.63587255
vt 0.68507174 0.64300530
vt 0.67713325 0.63587255
vt 0.69183571 0.63578310
vt 0.67713325 0.63587255
vt 0.66833333 0.62796576
vt 0.68313528 0.62796576
vt 0.69183571 0.63578310
vt 0.68313528 0.62796576
vt 0.69681037 0.62796576
vt 0.67713325 0.63587255
vt 0.68313528 0.62796576
vt 0.69183571 0.63578310
vt 0.65159493 0.64300530
vt 0.65953342 0.63587255
vt 0.66833333 0.64377926
vt 0.65953342 0.63587255
vt 0.66833333 0.62796576
vt 0.67713325 0.63587255
vt 0.66833333 0.64377926
vt 0.67713325 0.63587255
vt 0.68507174 0.64300530
vt 0.65953342 0.63587255
vt 0.67713325 0.63587255
vt 0.66833333 0.64377926
vt 0.64452888 0.66833333
vt 0.64090163 0.68241089
vt 0.65116579 0.67703376
vt 0.64090163 0.68241089
vt 0.63596998 0.69541667
vt 0.64697959 0.69137186
vt 0.67703376 0.64908270
vt 0.69137186 0.64866589
vt 0.68507174 0.64300530
vt 0.64090163 0.68241089
vt 0.64697959 0.69137186
vt 0.65116579 0.67703376
vt 0.63596998 0.65230023
vt 0.63010937 0.64883405
vt 0.64056347 0.64564581
vt 0.63010937 0.64883405
vt 0.62376582 0.64377926
vt 0.63402986 0.64101671
vt 0.64056347 0.64564581
vt 0.63402986 0.64101671
vt 0.64351266 0.63726070
vt 0.63010937 0.64883405
vt 0.63402986 0.64101671
vt 0.64056347 0.64564581
vt 0.68507174 0.64300530
vt 0.70017178 0.64075918
vt 0.69183571 0.63578310
vt 0.65094500 0.64075918
vt 0.64351266 0.63726070
vt 0.65149223 0.63279711
vt 0.69183571 0.63578310
vt 0.70591308 0.63279711
vt 0.69681037 0.62796576
vt 0.70017178 0.64075918
vt 0.70591308 0.63279711
vt 0.69183571 0.63578310
vt 0.63596998 0.65230023
vt 0.64056347 0.64564581
vt 0.64697959 0.64866589
vt 0.64056347 0.64564581
vt 0.64351266 0.63726070
vt 0.65094500 0.64075918
vt 0.69137186 0.64866589
vt 0.70017178 0.64075918
vt 0.68507174 0.64300530
vt 0.64056347 0.64564581
vt 0.65094500 0.64075918
vt 0.64697959 0.64866589
vt 0.62376582 0.64377926
vt 0.61350179 0.64101671
vt 0.62376582 0.63618537
vt 0.61350179 0.64101671
vt 0.60401899 0.63726070
vt 0.61338429 0.63285239
vt 0.62376582 0.63618537
vt 0.61338429 0.63285239
vt 0.62376582 0.62796576
vt 0.61350179 0.64101671
vt 0.61338429 0.63285239
vt 0.62376582 0.63618537
vt 0.60401899 0.63726070
vt 0.59603941 0.63279711
vt 0.60300277 0.62796576
vt 0.70591308 0.63279711
vt 0.69681037 0.62796576
vt 0.70591308 0.62313442
vt 0.60300277 0.62796576
vt 0.59603941 0.62313442
vt 0.60401899 0.61867083
vt 0.59603941 0.63279711
vt 0.59603941 0.62313442
vt 0.60300277 0.62796576
vt 0.62376582 0.62796576
vt 0.61338429 0.62307913
vt 0.62376582 0.61974615
vt 0.61338429 0.62307913
vt 0.60401899 0.61867083
vt 0.61350179 0.61491481
vt 0.62376582 0.61974615
vt 0.61350179 0.61491481
vt 0.62376582 0.61215226
vt 0.61338429 0.62307913
vt 0.61350179 0.61491481
vt 0.62376582 0.61974615
vt 0.60401899 0.63726070
vt 0.60300277 0.62796576
vt 0.61338429 0.63285239
vt 0.60300277 0.62796576
vt 0.60401899 0.61867083
vt 0.61338429 0.62307913
vt 0.61338429 0.63285239
vt 0.61338429 0.62307913
vt 0.62376582 0.62796576
vt 0.60300277 0.62796576
vt 0.61338429 0.62307913
vt 0.61338429 0.63285239
vt 0.69681037 0.62796576
vt 0.68313528 0.62796576
vt 0.69183571 0.62014842
vt 0.68313528 0.62796576
vt 0.66833333 0.62796576
vt 0.67713325 0.62005897
vt 0.69183571 0.62014842
vt 0.67713325 0.62005897
vt 0.68507174 0.61292622
vt 0.68313528 0.62796576
vt 0.67713325 0.62005897
vt 0.69183571 0.62014842
vt 0.66833333 0.62796576
vt 0.65353139 0.62796576
vt 0.65953342 0.62005897
vt 0.65353139 0.62796576
vt 0.63985629 0.62796576
vt 0.64483096 0.62014842
vt 0.65953342 0.62005897
vt 0.64483096 0.62014842
vt 0.65159493 0.61292622
vt 0.65353139 0.62796576
vt 0.64483096 0.62014842
vt 0.65953342 0.62005897
vt 0.68507174 0.61292622
vt 0.66833333 0.61215226
vt 0.67703376 0.60684882
vt 0.66833333 0.61215226
vt 0.65159493 0.61292622
vt 0.65963290 0.60684882
vt 0.67703376 0.60684882
vt 0.65963290 0.60684882
vt 0.66833333 0.60237900
vt 0.66833333 0.61215226
vt 0.65963290 0.60684882
vt 0.67703376 0.60684882
vt 0.66833333 0.62796576
vt 0.65953342 0.62005897
vt 0.67713325 0.62005897
vt 0.65953342 0.62005897
vt 0.65159493 0.61292622
vt 0.66833333 0.61215226
vt 0.67713325 0.62005897
vt 0.66833333 0.61215226
vt 0.68507174 0.61292622
vt 0.65953342 0.62005897
vt 0.66833333 0.61215226
vt 0.67713325 0.62005897
vt 0.63985629 0.62796576
vt 0.63075358 0.63279711
vt 0.63075358 0.62313442
vt 0.59603941 0.63279711
vt 0.60401899 0.63726070
vt 0.60300277 0.62796576
vt 0.59603941 0.62313442
vt 0.60300277 0.62796576
vt 0.60401899 0.61867083
vt 0.59603941 0.63279711
vt 0.60300277 0.62796576
vt 0.59603941 0.62313442
vt 0.60401899 0.63726070
vt 0.61350179 0.64101671
vt 0.61338429 0.63285239
vt 0.61350179 0.64101671
vt 0.62376582 0.64377926
vt 0.62376582 0.63618537
vt 0.61338429 0.63285239
vt 0.62376582 0.63618537
vt 0.62376582 0.62796576
vt 0.61350179 0.64101671
vt 0.62376582 0.63618537
vt 0.61338429 0.63285239
vt 0.60401899 0.61867083
vt 0.61338429 0.62307913
vt 0.61350179 0.61491481
vt 0.61338429 0.62307913
vt 0.62376582 0.62796576
vt 0.62376582 0.61974615
vt 0.61350179 0.61491481
vt 0.62376582 0.61974615
vt 0.62376582 0.61215226
vt 0.61338429 0.62307913
vt 0.62376582 0.61974615
vt 0.61350179 0.61491481
vt 0.60401899 0.63726070
vt 0.61338429 0.63285239
vt 0.60300277 0.62796576
vt 0.61338429 0.63285239
vt 0.62376582 0.62796576
vt 0.61338429 0.62307913
vt 0.60300277 0.62796576
vt 0.61338429 0.62307913
vt 0.60401899 0.61867083
vt 0.61338429 0.63285239
vt 0.61338429 0.62307913
vt 0.60300277 0.62796576
vt 0.62376582 0.64377926
vt 0.63010937 0.64883405
vt 0.63402986 0.64101671
vt 0.63010937 0.64883405
vt 0.63596998 0.65230023
vt 0.64056347 0.64564581
vt 0.63402986 0.64101671
vt 0.64056347 0.64564581
vt 0.64351266 0.63726070
vt 0.63010937 0.64883405
vt 0.64056347 0.64564581
vt 0.63402986 0.64101671
vt 0.63596998 0.64125000
vt 0.64090163 0.65425578
vt 0.64697959 0.64529481
vt 0.64090163 0.65425578
vt 0.64452888 0.66833333
vt 0.65116579 0.65963290
vt 0.64529481 0.64866589
vt 0.65963290 0.64908270
vt 0.65159493 0.64300530
vt 0.64090163 0.65425578
vt 0.65116579 0.65963290
vt 0.64697959 0.64529481
vt 0.64351266 0.63726070
vt 0.65094500 0.64075918
vt 0.65149223 0.63279711
vt 0.63649489 0.64075918
vt 0.65159493 0.64300530
vt 0.64483096 0.63578310
vt 0.63075358 0.63279711
vt 0.64483096 0.63578310
vt 0.63985629 0.62796576
vt 0.63649489 0.64075918
vt 0.64483096 0.63578310
vt 0.63075358 0.63279711
vt 0.63596998 0.65230023
vt 0.64697959 0.64866589
vt 0.64056347 0.64564581
vt 0.64529481 0.64866589
vt 0.65159493 0.64300530
vt 0.63649489 0.64075918
vt 0.64056347 0.64564581
vt 0.65094500 0.64075918
vt 0.64351266 0.63726070
vt 0.64697959 0.64866589
vt 0.65094500 0.64075918
vt 0.64056347 0.64564581
vt 0.64452888 0.66833333
vt 0.65116579 0.67703376
vt 0.64090163 0.68241089
vt 0.67703376 0.60684882
vt 0.68507174 0.61292622
vt 0.69137186 0.60726563
vt 0.64090163 0.68241089
vt 0.64697959 0.69137186
vt 0.63596998 0.69541667
vt 0.65116579 0.67703376
vt 0.64697959 0.69137186
vt 0.64090163 0.68241089
vt 0.68507174 0.61292622
vt 0.69183571 0.62014842
vt 0.70017178 0.61517234
vt 0.69183571 0.62014842
vt 0.69681037 0.62796576
vt 0.70591308 0.62313442
vt 0.65094500 0.61517234
vt 0.65149223 0.62313442
vt 0.64351266 0.61867083
vt 0.69183571 0.62014842
vt 0.70591308 0.62313442
vt 0.70017178 0.61517234
vt 0.63596998 0.60363129
vt 0.64056347 0.61028571
vt 0.63010937 0.60709747
vt 0.64056347 0.61028571
vt 0.64351266 0.61867083
vt 0.63402986 0.61491481
vt 0.63010937 0.60709747
vt 0.63402986 0.61491481
vt 0.62376582 0.61215226
vt 0.64056347 0.61028571
vt 0.63402986 0.61491481
vt 0.63010937 0.60709747
vt 0.68507174 0.61292622
vt 0.70017178 0.61517234
vt 0.69137186 0.60726563
vt 0.65094500 0.61517234
vt 0.64351266 0.61867083
vt 0.64056347 0.61028571
vt 0.64697959 0.60726563
vt 0.64056347 0.61028571
vt 0.63596998 0.60363129
vt 0.65094500 0.61517234
vt 0.64056347 0.61028571
vt 0.64697959 0.60726563
vt 0.64452888 0.66833333
vt 0.64090163 0.68241089
vt 0.63455809 0.66833333
vt 0.64090163 0.68241089
vt 0.63596998 0.69541667
vt 0.63018194 0.68257194
vt 0.63455809 0.66833333
vt 0.63018194 0.68257194
vt 0.62376582 0.66833333
vt 0.64090163 0.68241089
vt 0.63018194 0.68257194
vt 0.63455809 0.66833333
vt 0.63596998 0.69541667
vt 0.63010937 0.70636086
vt 0.62376582 0.69681037
vt 0.63010937 0.60709747
vt 0.62376582 0.61215226
vt 0.61742228 0.60709747
vt 0.62376582 0.69681037
vt 0.61742228 0.70636086
vt 0.61156166 0.69541667
vt 0.63010937 0.60709747
vt 0.61742228 0.60709747
vt 0.62376582 0.60237900
vt 0.62376582 0.66833333
vt 0.61734971 0.68257194
vt 0.61297356 0.66833333
vt 0.61734971 0.68257194
vt 0.61156166 0.69541667
vt 0.60663001 0.68241089
vt 0.61297356 0.66833333
vt 0.60663001 0.68241089
vt 0.60300277 0.66833333
vt 0.61734971 0.68257194
vt 0.60663001 0.68241089
vt 0.61297356 0.66833333
vt 0.63596998 0.69541667
vt 0.62376582 0.69681037
vt 0.63018194 0.68257194
vt 0.62376582 0.69681037
vt 0.61156166 0.69541667
vt 0.61734971 0.68257194
vt 0.63018194 0.68257194
vt 0.61734971 0.68257194
vt 0.62376582 0.66833333
vt 0.62376582 0.69681037
vt 0.61734971 0.68257194
vt 0.63018194 0.68257194
vt 0.64452888 0.66833333
vt 0.63455809 0.66833333
vt 0.64090163 0.65425578
vt 0.63455809 0.66833333
vt 0.62376582 0.66833333
vt 0.63018194 0.65409472
vt 0.64090163 0.65425578
vt 0.63018194 0.65409472
vt 0.63596998 0.64125000
vt 0.63455809 0.66833333
vt 0.63018194 0.65409472
vt 0.64090163 0.65425578
vt 0.62376582 0.66833333
vt 0.61297356 0.66833333
vt 0.61734971 0.65409472
vt 0.61297356 0.66833333
vt 0.60300277 0.66833333
vt 0.60663001 0.65425578
vt 0.61734971 0.65409472
vt 0.60663001 0.65425578
vt 0.61156166 0.64125000
vt 0.61297356 0.66833333
vt 0.60663001 0.65425578
vt 0.61734971 0.65409472
vt 0.63596998 0.64125000
vt 0.62376582 0.63985629
vt 0.63010937 0.63030581
vt 0.62376582 0.63985629
vt 0.61156166 0.64125000
vt 0.61742228 0.63030581
vt 0.63010937 0.60709747
vt 0.61742228 0.60709747
vt 0.62376582 0.61215226
vt 0.62376582 0.60237900
vt 0.61742228 0.60709747
vt 0.63010937 0.60709747
vt 0.62376582 0.66833333
vt 0.61734971 0.65409472
vt 0.63018194 0.65409472
vt 0.61734971 0.65409472
vt 0.61156166 0.64125000
vt 0.62376582 0.63985629
vt 0.63018194 0.65409472
vt 0.62376582 0.63985629
vt 0.63596998 0.64125000
vt 0.61734971 0.65409472
vt 0.62376582 0.63985629
vt 0.63018194 0.65409472
vt 0.64452888 0.66833333
vt 0.64090163 0.65425578
vt 0.65116579 0.65963290
vt 0.64090163 0.65425578
vt 0.63596998 0.64125000
vt 0.64697959 0.64529481
vt 0.65963290 0.60684882
vt 0.64529481 0.60726563
vt 0.65159493 0.61292622
vt 0.64090163 0.65425578
vt 0.64697959 0.64529481
vt 0.65116579 0.65963290
vt 0.63596998 0.60363129
vt 0.63010937 0.60709747
vt 0.64056347 0.61028571
vt 0.63010937 0.60709747
vt 0.62376582 0.61215226
vt 0.63402986 0.61491481
vt 0.64056347 0.61028571
vt 0.63402986 0.61491481
vt 0.64351266 0.61867083
vt 0.63010937 0.60709747
vt 0.63402986 0.61491481
vt 0.64056347 0.61028571
vt 0.65159493 0.61292622
vt 0.63649489 0.61517234
vt 0.64483096 0.62014842
vt 0.65094500 0.61517234
vt 0.64351266 0.61867083
vt 0.65149223 0.62313442
vt 0.64483096 0.62014842
vt 0.63075358 0.62313442
vt 0.63985629 0.62796576
vt 0.63649489 0.61517234
vt 0.63075358 0.62313442
vt 0.64483096 0.62014842
vt 0.63596998 0.60363129
vt 0.64056347 0.61028571
vt 0.64697959 0.60726563
vt 0.64056347 0.61028571
vt 0.64351266 0.61867083
vt 0.65094500 0.61517234
vt 0.64529481 0.60726563
vt 0.63649489 0.61517234
vt 0.65159493 0.61292622
vt 0.64056347 0.61028571
vt 0.65094500 0.61517234
vt 0.64697959 0.60726563
vt 0.66833333 0.60237900
vt 0.65963290 0.60684882
vt 0.67703376 0.60684882
vt 0.65963290 0.60684882
vt 0.65159493 0.61292622
vt 0.66833333 0.61215226
vt 0.67703376 0.60684882
vt 0.66833333 0.61215226
vt 0.68507174 0.61292622
vt 0.65963290 0.60684882
vt 0.66833333 0.61215226
vt 0.67703376 0.60684882
vt 0.65159493 0.61292622
vt 0.64483096 0.62014842
vt 0.65953342 0.62005897
vt 0.64483096 0.62014842
vt 0.63985629 0.62796576
vt 0.65353139 0.62796576
vt 0.65953342 0.62005897
vt 0.65353139 0.62796576
vt 0.66833333 0.62796576
vt 0.64483096 0.62014842
vt 0.65353139 0.62796576
vt 0.65953342 0.62005897
vt 0.68507174 0.61292622
vt 0.67713325 0.62005897
vt 0.69183571 0.62014842
vt 0.67713325 0.62005897
vt 0.66833333 0.62796576
vt 0.68313528 0.62796576
vt 0.69183571 0.62014842
vt 0.68313528 0.62796576
vt 0.69681037 0.62796576
vt 0.67713325 0.62005897
vt 0.68313528 0.62796576
vt 0.69183571 0.62014842
vt 0.65159493 0.61292622
vt 0.65953342 0.62005897
vt 0.66833333 0.61215226
vt 0.65953342 0.62005897
vt 0.66833333 0.62796576
vt 0.67713325 0.62005897
vt 0.66833333 0.61215226
vt 0.67713325 0.62005897
vt 0.68507174 0.61292622
vt 0.65953342 0.62005897
vt 0.67713325 0.62005897
vt 0.66833333 0.61215226
vt 0.62376582 0.61215226
vt 0.63402986 0.61491481
vt 0.62376582 0.61974615
vt 0.63402986 0.61491481
vt 0.64351266 0.61867083
vt 0.63414735 0.62307913
vt 0.62376582 0.61974615
vt 0.63414735 0.62307913
vt 0.62376582 0.62796576
vt 0.63402986 0.61491481
vt 0.63414735 0.62307913
vt 0.62376582 0.61974615
vt 0.64351266 0.61867083
vt 0.65149223 0.62313442
vt 0.64452888 0.62796576
vt 0.70591308 0.62313442
vt 0.69681037 0.62796576
vt 0.70591308 0.63279711
vt 0.64452888 0.62796576
vt 0.65149223 0.63279711
vt 0.64351266 0.63726070
vt 0.65149223 0.62313442
vt 0.65149223 0.63279711
vt 0.64452888 0.62796576
vt 0.62376582 0.62796576
vt 0.63414735 0.63285239
vt 0.62376582 0.63618537
vt 0.63414735 0.63285239
vt 0.64351266 0.63726070
vt 0.63402986 0.64101671
vt 0.62376582 0.63618537
vt 0.63402986 0.64101671
vt 0.62376582 0.64377926
vt 0.63414735 0.63285239
vt 0.63402986 0.64101671
vt 0.62376582 0.63618537
vt 0.64351266 0.61867083
vt 0.64452888 0.62796576
vt 0.63414735 0.62307913
vt 0.64452888 0.62796576
vt 0.64351266 0.63726070
vt 0.63414735 0.63285239
vt 0.63414735 0.62307913
vt 0.63414735 0.63285239
vt 0.62376582 0.62796576
vt 0.64452888 0.62796576
vt 0.63414735 0.63285239
vt 0.63414735 0.62307913
vt 0.60300277 0.66833333
vt 0.60663001 0.68241089
vt 0.59636585 0.67703376
vt 0.60663001 0.68241089
vt 0.61156166 0.69541667
vt 0.60055206 0.69137186
vt 0.67703376 0.60684882
vt 0.69137186 0.60726563
vt 0.68507174 0.61292622
vt 0.60663001 0.68241089
vt 0.60055206 0.69137186
vt 0.59636585 0.67703376
vt 0.61156166 0.60363129
vt 0.61742228 0.60709747
vt 0.60696818 0.61028571
vt 0.61742228 0.60709747
vt 0.62376582 0.61215226
vt 0.61350179 0.61491481
vt 0.60696818 0.61028571
vt 0.61350179 0.61491481
vt 0.60401899 0.61867083
vt 0.61742228 0.60709747
vt 0.61350179 0.61491481
vt 0.60696818 0.61028571
vt 0.68507174 0.61292622
vt 0.70017178 0.61517234
vt 0.69183571 0.62014842
vt 0.59658665 0.61517234
vt 0.60401899 0.61867083
vt 0.59603941 0.62313442
vt 0.69183571 0.62014842
vt 0.70591308 0.62313442
vt 0.69681037 0.62796576
vt 0.70017178 0.61517234
vt 0.70591308 0.62313442
vt 0.69183571 0.62014842
vt 0.61156166 0.60363129
vt 0.60696818 0.61028571
vt 0.60055206 0.60726563
vt 0.60696818 0.61028571
vt 0.60401899 0.61867083
vt 0.59658665 0.61517234
vt 0.69137186 0.60726563
vt 0.70017178 0.61517234
vt 0.68507174 0.61292622
vt 0.60696818 0.61028571
vt 0.59658665 0.61517234
vt 0.60055206 0.60726563
vt 0.62376582 0.61215226
vt 0.61742228 0.60709747
vt 0.61350179 0.61491481
vt 0.61742228 0.60709747
vt 0.61156166 0.60363129
vt 0.60696818 0.61028571
vt 0.61350179 0.61491481
vt 0.60696818 0.61028571
vt 0.60401899 0.61867083
vt 0.61742228 0.60709747
vt 0.60696818 0.61028571
vt 0.61350179 0.61491481
vt 0.61156166 0.64125000
vt 0.60663001 0.65425578
vt 0.60055206 0.64529481
vt 0.60663001 0.65425578
vt 0.60300277 0.66833333
vt 0.59636585 0.65963290
vt 0.64529481 0.60726563
vt 0.65963290 0.60684882
vt 0.65159493 0.61292622
vt 0.60663001 0.65425578
vt 0.59636585 0.65963290
vt 0.60055206 0.64529481
vt 0.60401899 0.61867083
vt 0.59658665 0.61517234
vt 0.59603941 0.62313442
vt 0.63649489 0.61517234
vt 0.65159493 0.61292622
vt 0.64483096 0.62014842
vt 0.63075358 0.62313442
vt 0.64483096 0.62014842
vt 0.63985629 0.62796576
vt 0.63649489 0.61517234
vt 0.64483096 0.62014842
vt 0.63075358 0.62313442
vt 0.61156166 0.60363129
vt 0.60055206 0.60726563
vt 0.60696818 0.61028571
vt 0.64529481 0.60726563
vt 0.65159493 0.61292622
vt 0.63649489 0.61517234
vt 0.60696818 0.61028571
vt 0.59658665 0.61517234
vt 0.60401899 0.61867083
vt 0.60055206 0.60726563
vt 0.59658665 0.61517234
vt 0.60696818 0.61028571
vt 0.63985629 0.62796576
vt 0.63075358 0.62313442
vt 0.63075358 0.63279711
vt 0.65149223 0.62313442
vt 0.64351266 0.61867083
vt 0.64452888 0.62796576
vt 0.65149223 0.63279711
vt 0.64452888 0.62796576
vt 0.64351266 0.63726070
vt 0.65149223 0.62313442
vt 0.64452888 0.62796576
vt 0.65149223 0.63279711
vt 0.64351266 0.61867083
vt 0.63402986 0.61491481
vt 0.63414735 0.62307913
vt 0.63402986 0.61491481
vt 0.62376582 0.61215226
vt 0.62376582 0.61974615
vt 0.63414735 0.62307913
vt 0.62376582 0.61974615
vt 0.62376582 0.62796576
vt 0.63402986 0.61491481
vt 0.62376582 0.61974615
vt 0.63414735 0.62307913
vt 0.64351266 0.63726070
vt 0.63414735 0.63285239
vt 0.63402986 0.64101671
vt 0.63414735 0.63285239
vt 0.62376582 0.62796576
vt 0.62376582 0.63618537
vt 0.63402986 0.64101671
vt 0.62376582 0.63618537
vt 0.62376582 0.64377926
vt 0.63414735 0.63285239
vt 0.62376582 0.63618537
vt 0.63402986 0.64101671
vt 0.64351266 0.61867083
vt 0.63414735 0.62307913
vt 0.64452888 0.62796576
vt 0.63414735 0.62307913
vt 0.62376582 0.62796576
vt 0.63414735 0.63285239
vt 0.64452888 0.62796576
vt 0.63414735 0.63285239
vt 0.64351266 0.63726070
vt 0.63414735 0.62307913
vt 0.63414735 0.63285239
vt 0.64452888 0.62796576
vt 0.69681037 0.62796576
vt 0.68313528 0.62796576
vt 0.69183571 0.63578310
vt 0.68313528 0.62796576
vt 0.66833333 0.62796576
vt 0.67713325 0.63587255
vt 0.69183571 0.63578310
vt 0.67713325 0.63587255
vt 0.68507174 0.64300530
vt 0.68313528 0.62796576
vt 0.67713325 0.63587255
vt 0.69183571 0.63578310
vt 0.66833333 0.62796576
vt 0.65353139 0.62796576
vt 0.65953342 0.63587255
vt 0.65353139 0.62796576
vt 0.63985629 0.62796576
vt 0.64483096 0.63578310
vt 0.65953342 0.63587255
vt 0.64483096 0.63578310
vt 0.65159493 0.64300530
vt 0.65353139 0.62796576
vt 0.64483096 0.63578310
vt 0.65953342 0.63587255
vt 0.68507174 0.64300530
vt 0.66833333 0.64377926
vt 0.67703376 0.64908270
vt 0.66833333 0.64377926
vt 0.65159493 0.64300530
vt 0.65963290 0.64908270
vt 0.67703376 0.64908270
vt 0.65963290 0.64908270
vt 0.66833333 0.65355253
vt 0.66833333 0.64377926
vt 0.65963290 0.64908270
vt 0.67703376 0.64908270
vt 0.66833333 0.62796576
vt 0.65953342 0.63587255
vt 0.67713325 0.63587255
vt 0.65953342 0.63587255
vt 0.65159493 0.64300530
vt 0.66833333 0.64377926
vt 0.67713325 0.63587255
vt 0.66833333 0.64377926
vt 0.68507174 0.64300530
vt 0.65953342 0.63587255
vt 0.66833333 0.64377926
vt 0.67713325 0.63587255
vt 0.63055380 0.66833333
vt 0.62376582 0.66833333
vt 0.63042334 0.66639597
vt 0.66833333 0.59358967
vt 0.66639597 0.59358967
vt 0.66833333 0.60003519
vt 0.63042334 0.66639597
vt 0.62376582 0.66833333
vt 0.63003705 0.66453300
vt 0.66639597 0.59358967
vt 0.66453300 0.59358967
vt 0.66833333 0.60003519
vt 0.63003705 0.66453300
vt 0.62376582 0.66833333
vt 0.62940984 0.66281628
vt 0.66453300 0.59358967
vt 0.66281628 0.59358967
vt 0.66833333 0.60003519
vt 0.62940984 0.66281628
vt 0.62376582 0.66833333
vt 0.62856566 0.66131135
vt 0.66281628 0.59358967
vt 0.66131135 0.59358967
vt 0.66833333 0.60003519
vt 0.62856566 0.66131135
vt 0.62376582 0.66833333
vt 0.62753697 0.66007635
vt 0.62856566 0.59358967
vt 0.62753697 0.59358967
vt 0.62376582 0.60003519
vt 0.62753697 0.66007635
vt 0.62376582 0.66833333
vt 0.62636352 0.65915876
vt 0.62753697 0.59358967
vt 0.62636352 0.59358967
vt 0.62376582 0.60003519
vt 0.62636352 0.65915876
vt 0.62376582 0.66833333
vt 0.62509009 0.65859362
vt 0.62636352 0.59358967
vt 0.62509009 0.59358967
vt 0.62376582 0.60003519
vt 0.62509009 0.65859362
vt 0.62376582 0.66833333
vt 0.62376582 0.65840278
vt 0.62509009 0.59358967
vt 0.62376582 0.59358967
vt 0.62376582 0.60003519
vt 0.62376582 0.65840278
vt 0.62376582 0.66833333
vt 0.62244155 0.65859362
vt 0.62376582 0.59358967
vt 0.62244155 0.59358967
vt 0.62376582 0.60003519
vt 0.62244155 0.65859362
vt 0.62376582 0.66833333
vt 0.62116813 0.65915876
vt 0.62244155 0.59358967
vt 0.62116813 0.59358967
vt 0.62376582 0.60003519
vt 0.62116813 0.65915876
vt 0.62376582 0.66833333
vt 0.61999467 0.66007635
vt 0.62116813 0.59358967
vt 0.61999467 0.59358967
vt 0.62376582 0.60003519
vt 0.61999467 0.66007635
vt 0.62376582 0.66833333
vt 0.61896598 0.66131135
vt 0.61999467 0.59358967
vt 0.61896598 0.59358967
vt 0.62376582 0.60003519
vt 0.61896598 0.66131135
vt 0.62376582 0.66833333
vt 0.61812181 0.66281628
vt 0.66131135 0.59358967
vt 0.66281628 0.59358967
vt 0.66833333 0.60003519
vt 0.61812181 0.66281628
vt 0.62376582 0.66833333
vt 0.61749460 0.66453300
vt 0.66281628 0.59358967
vt 0.66453300 0.59358967
vt 0.66833333 0.60003519
vt 0.61749460 0.66453300
vt 0.62376582 0.66833333
vt 0.61710830 0.66639597
vt 0.66453300 0.59358967
vt 0.66639597 0.59358967
vt 0.66833333 0.60003519
vt 0.61710830 0.66639597
vt 0.62376582 0.66833333
vt 0.61697785 0.66833333
vt 0.66639597 0.59358967
vt 0.66833333 0.59358967
vt 0.66833333 0.60003519
vt 0.61697785 0.66833333
vt 0.62376582 0.66833333
vt 0.61710830 0.67027069
vt 0.66833333 0.59358967
vt 0.67027069 0.59358967
vt 0.66833333 0.60003519
vt 0.61710830 0.67027069
vt 0.62376582 0.66833333
vt 0.61749460 0.67213367
vt 0.67027069 0.59358967
vt 0.67213367 0.59358967
vt 0.66833333 0.60003519
vt 0.61749460 0.67213367
vt 0.62376582 0.66833333
vt 0.61812181 0.67385039
vt 0.67213367 0.59358967
vt 0.67385039 0.59358967
vt 0.66833333 0.60003519
vt 0.61812181 0.67385039
vt 0.62376582 0.66833333
vt 0.61896598 0.67535532
vt 0.67385039 0.59358967
vt 0.67535532 0.59358967
vt 0.66833333 0.60003519
vt 0.61896598 0.67535532
vt 0.62376582 0.66833333
vt 0.61999467 0.67659032
vt 0.61896598 0.59358967
vt 0.61999467 0.59358967
vt 0.62376582 0.60003519
vt 0.61999467 0.67659032
vt 0.62376582 0.66833333
vt 0.62116813 0.67750790
vt 0.61999467 0.59358967
vt 0.62116813 0.59358967
vt 0.62376582 0.60003519
vt 0.62116813 0.67750790
vt 0.62376582 0.66833333
vt 0.62244155 0.67807304
vt 0.62116813 0.59358967
vt 0.62244155 0.59358967
vt 0.62376582 0.60003519
vt 0.62244155 0.67807304
vt 0.62376582 0.66833333
vt 0.62376582 0.67826389
vt 0.62244155 0.59358967
vt 0.62376582 0.59358967
vt 0.62376582 0.60003519
vt 0.62376582 0.67826389
vt 0.62376582 0.66833333
vt 0.62509009 0.67807304
vt 0.62376582 0.59358967
vt 0.62509009 0.59358967
vt 0.62376582 0.60003519
vt 0.62509009 0.67807304
vt 0.62376582 0.66833333
vt 0.62636352 0.67750790
vt 0.62509009 0.59358967
vt 0.62636352 0.59358967
vt 0.62376582 0.60003519
vt 0.62636352 0.67750790
vt 0.62376582 0.66833333
vt 0.62753697 0.67659032
vt 0.62636352 0.59358967
vt 0.62753697 0.59358967
vt 0.62376582 0.60003519
vt 0.62753697 0.67659032
vt 0.62376582 0.66833333
vt 0.62856566 0.67535532
vt 0.62753697 0.59358967
vt 0.62856566 0.59358967
vt 0.62376582 0.60003519
vt 0.62856566 0.67535532
vt 0.62376582 0.66833333
vt 0.62940984 0.67385039
vt 0.67535532 0.59358967
vt 0.67385039 0.59358967
vt 0.66833333 0.60003519
vt 0.62940984 0.67385039
vt 0.62376582 0.66833333
vt 0.63003705 0.67213367
vt 0.67385039 0.59358967
vt 0.67213367 0.59358967
vt 0.66833333 0.60003519
vt 0.63003705 0.67213367
vt 0.62376582 0.66833333
vt 0.63042334 0.67027069
vt 0.67213367 0.59358967
vt 0.67027069 0.59358967
vt 0.66833333 0.60003519
vt 0.63042334 0.67027069
vt 0.62376582 0.66833333
vt 0.63055380 0.66833333
vt 0.67027069 0.59358967
vt 0.66833333 0.59358967
vt 0.66833333 0.60003519
vt 0.62320834 0.16734949
vt 0.62376582 0.16833333
vt 0.62394774 0.16716171
vt 0.62320834 0.09170816
vt 0.62394774 0.09175915
vt 0.62320834 0.07810096
vt 0.62320834 0.07810096
vt 0.62394774 0.09175915
vt 0.62394774 0.07815195
vt 0.62320834 0.14387726
vt 0.62394774 0.14368949
vt 0.62376582 0.14486111
vt 0.62394774 0.16716171
vt 0.62376582 0.16833333
vt 0.62458063 0.16766022
vt 0.62394774 0.09175915
vt 0.62458063 0.09162386
vt 0.62394774 0.07815195
vt 0.62394774 0.07815195
vt 0.62458063 0.09162386
vt 0.62458063 0.07801666
vt 0.62394774 0.14368949
vt 0.62458063 0.14418800
vt 0.62376582 0.14486111
vt 0.62458063 0.16766022
vt 0.62376582 0.16833333
vt 0.62473626 0.16855307
vt 0.66766022 0.09162386
vt 0.66855307 0.09138151
vt 0.64418800 0.07801666
vt 0.64418800 0.07801666
vt 0.66855307 0.09138151
vt 0.64508085 0.07777431
vt 0.62458063 0.14418800
vt 0.62473626 0.14508085
vt 0.62376582 0.14486111
vt 0.62473626 0.16855307
vt 0.62376582 0.16833333
vt 0.62432330 0.16931718
vt 0.66855307 0.09138151
vt 0.66931718 0.09117418
vt 0.64508085 0.07777431
vt 0.64508085 0.07777431
vt 0.66931718 0.09117418
vt 0.64584496 0.07756698
vt 0.62473626 0.14508085
vt 0.62432330 0.14584496
vt 0.62376582 0.14486111
vt 0.62432330 0.16931718
vt 0.62376582 0.16833333
vt 0.62358391 0.16950496
vt 0.62432330 0.09117418
vt 0.62358391 0.09112319
vt 0.62432330 0.07756698
vt 0.62432330 0.07756698
vt 0.62358391 0.09112319
vt 0.62358391 0.07751599
vt 0.62432330 0.14584496
vt 0.62358391 0.14603274
vt 0.62376582 0.14486111
vt 0.62358391 0.16950496
vt 0.62376582 0.16833333
vt 0.62295102 0.16900644
vt 0.62358391 0.09112319
vt 0.62295102 0.09125847
vt 0.62358391 0.07751599
vt 0.62358391 0.07751599
vt 0.62295102 0.09125847
vt 0.62295102 0.07765127
vt 0.62358391 0.14603274
vt 0.62295102 0.14553422
vt 0.62376582 0.14486111
vt 0.62295102 0.16900644
vt 0.62376582 0.16833333
vt 0.62279539 0.16811360
vt 0.66900644 0.09125847
vt 0.66811360 0.09150083
vt 0.64553422 0.07765127
vt 0.64553422 0.07765127
vt 0.66811360 0.09150083
vt 0.64464137 0.07789362
vt 0.62295102 0.14553422
vt 0.62279539 0.14464137
vt 0.62376582 0.14486111
vt 0.62279539 0.16811360
vt 0.62376582 0.16833333
vt 0.62320834 0.16734949
vt 0.66811360 0.09150083
vt 0.66734949 0.09170816
vt 0.64464137 0.07789362
vt 0.64464137 0.07789362
vt 0.66734949 0.09170816
vt 0.64387726 0.07810096
vt 0.62279539 0.14464137
vt 0.62320834 0.14387726
vt 0.62376582 0.14486111
vt 0.62358551 0.14346487
vt 0.62376582 0.14486111
vt 0.62432478 0.14369039
vt 0.62358551 0.07793681
vt 0.62432478 0.07792019
vt 0.62358551 0.02780502
vt 0.62358551 0.02780502
vt 0.62432478 0.07792019
vt 0.62432478 0.02778840
vt 0.62358551 0.11999265
vt 0.62432478 0.12021817
vt 0.62376582 0.12138889
vt 0.62432478 0.14369039
vt 0.62376582 0.14486111
vt 0.62473663 0.14460183
vt 0.64369039 0.07792019
vt 0.64460183 0.07785309
vt 0.62021817 0.02778840
vt 0.62021817 0.02778840
vt 0.64460183 0.07785309
vt 0.62112961 0.02772130
vt 0.62432478 0.12021817
vt 0.62473663 0.12112961
vt 0.62376582 0.12138889
vt 0.62473663 0.14460183
vt 0.62376582 0.14486111
vt 0.62457976 0.14566512
vt 0.64460183 0.07785309
vt 0.64566512 0.07777474
vt 0.62112961 0.02772130
vt 0.62112961 0.02772130
vt 0.64566512 0.07777474
vt 0.62219290 0.02764295
vt 0.62473663 0.12112961
vt 0.62457976 0.12219290
vt 0.62376582 0.12138889
vt 0.62457976 0.14566512
vt 0.62376582 0.14486111
vt 0.62394614 0.14625735
vt 0.62457976 0.07777474
vt 0.62394614 0.07773113
vt 0.62457976 0.02764295
vt 0.62457976 0.02764295
vt 0.62394614 0.07773113
vt 0.62394614 0.02759933
vt 0.62457976 0.12219290
vt 0.62394614 0.12278512
vt 0.62376582 0.12138889
vt 0.62394614 0.14625735
vt 0.62376582 0.14486111
vt 0.62320686 0.14603183
vt 0.62394614 0.07773113
vt 0.62320686 0.07774774
vt 0.62394614 0.02759933
vt 0.62394614 0.02759933
vt 0.62320686 0.07774774
vt 0.62320686 0.02761595
vt 0.62394614 0.12278512
vt 0.62320686 0.12255961
vt 0.62376582 0.12138889
vt 0.62320686 0.14603183
vt 0.62376582 0.14486111
vt 0.62279502 0.14512039
vt 0.64603183 0.07774774
vt 0.64512039 0.07781485
vt 0.62255961 0.02761595
vt 0.62255961 0.02761595
vt 0.64512039 0.07781485
vt 0.62164817 0.02768305
vt 0.62320686 0.12255961
vt 0.62279502 0.12164817
vt 0.62376582 0.12138889
vt 0.62279502 0.14512039
vt 0.62376582 0.14486111
vt 0.62295188 0.14405710
vt 0.64512039 0.07781485
vt 0.64405710 0.07789319
vt 0.62164817 0.02768305
vt 0.62164817 0.02768305
vt 0.64405710 0.07789319
vt 0.62058488 0.02776140
vt 0.62279502 0.12164817
vt 0.62295188 0.12058487
vt 0.62376582 0.12138889
vt 0.62295188 0.14405710
vt 0.62376582 0.14486111
vt 0.62358551 0.14346487
vt 0.62295188 0.07789319
vt 0.62358551 0.07793681
vt 0.62295188 0.02776140
vt 0.62295188 0.02776140
vt 0.62358551 0.07793681
vt 0.62358551 0.02780502
vt 0.62295188 0.12058487
vt 0.62358551 0.11999265
vt 0.62376582 0.12138889
vt 0.82831922 0.58166667
vt 0.82168231 0.59036710
vt 0.83194647 0.59574422
vt 0.84036710 0.70207917
vt 0.84840507 0.69600177
vt 0.85470519 0.70166236
vt 0.83194647 0.59574422
vt 0.82586852 0.60470519
vt 0.83687812 0.60875000
vt 0.82168231 0.59036710
vt 0.82586852 0.60470519
vt 0.83194647 0.59574422
vt 0.84840507 0.69600177
vt 0.85516904 0.68877957
vt 0.86350511 0.69375565
vt 0.85516904 0.68877957
vt 0.86014371 0.68096223
vt 0.86924642 0.68579357
vt 0.82190310 0.69375565
vt 0.82135587 0.68579357
vt 0.82933544 0.69025716
vt 0.85516904 0.68877957
vt 0.86924642 0.68579357
vt 0.86350511 0.69375565
vt 0.83687812 0.70529670
vt 0.83228463 0.69864228
vt 0.84273873 0.70183052
vt 0.83228463 0.69864228
vt 0.82933544 0.69025716
vt 0.83881824 0.69401318
vt 0.84273873 0.70183052
vt 0.83881824 0.69401318
vt 0.84908228 0.69677573
vt 0.83228463 0.69864228
vt 0.83881824 0.69401318
vt 0.84273873 0.70183052
vt 0.84840507 0.69600177
vt 0.86350511 0.69375565
vt 0.85470519 0.70166236
vt 0.82190310 0.69375565
vt 0.82933544 0.69025716
vt 0.83228463 0.69864228
vt 0.82586852 0.70166236
vt 0.83228463 0.69864228
vt 0.83687812 0.70529670
vt 0.82190310 0.69375565
vt 0.83228463 0.69864228
vt 0.82586852 0.70166236
vt 0.82831922 0.58166667
vt 0.83194647 0.59574422
vt 0.83829002 0.58166667
vt 0.83194647 0.59574422
vt 0.83687812 0.60875000
vt 0.84266616 0.59590528
vt 0.83829002 0.58166667
vt 0.84266616 0.59590528
vt 0.84908228 0.58166667
vt 0.83194647 0.59574422
vt 0.84266616 0.59590528
vt 0.83829002 0.58166667
vt 0.83687812 0.60875000
vt 0.84273873 0.61969419
vt 0.84908228 0.61014371
vt 0.84273873 0.70183052
vt 0.84908228 0.69677573
vt 0.85542583 0.70183052
vt 0.84908228 0.61014371
vt 0.85542583 0.61969419
vt 0.86128644 0.60875000
vt 0.84273873 0.70183052
vt 0.85542583 0.70183052
vt 0.84908228 0.70654899
vt 0.84908228 0.58166667
vt 0.85549840 0.59590528
vt 0.85987454 0.58166667
vt 0.85549840 0.59590528
vt 0.86128644 0.60875000
vt 0.86621809 0.59574422
vt 0.85987454 0.58166667
vt 0.86621809 0.59574422
vt 0.86984534 0.58166667
vt 0.85549840 0.59590528
vt 0.86621809 0.59574422
vt 0.85987454 0.58166667
vt 0.83687812 0.60875000
vt 0.84908228 0.61014371
vt 0.84266616 0.59590528
vt 0.84908228 0.61014371
vt 0.86128644 0.60875000
vt 0.85549840 0.59590528
vt 0.84266616 0.59590528
vt 0.85549840 0.59590528
vt 0.84908228 0.58166667
vt 0.84908228 0.61014371
vt 0.85549840 0.59590528
vt 0.84266616 0.59590528
vt 0.82831922 0.58166667
vt 0.83829002 0.58166667
vt 0.83194647 0.56758911
vt 0.83829002 0.58166667
vt 0.84908228 0.58166667
vt 0.84266616 0.56742806
vt 0.83194647 0.56758911
vt 0.84266616 0.56742806
vt 0.83687812 0.55458333
vt 0.83829002 0.58166667
vt 0.84266616 0.56742806
vt 0.83194647 0.56758911
vt 0.84908228 0.58166667
vt 0.85987454 0.58166667
vt 0.85549840 0.56742806
vt 0.85987454 0.58166667
vt 0.86984534 0.58166667
vt 0.86621809 0.56758911
vt 0.85549840 0.56742806
vt 0.86621809 0.56758911
vt 0.86128644 0.55458333
vt 0.85987454 0.58166667
vt 0.86621809 0.56758911
vt 0.85549840 0.56742806
vt 0.83687812 0.55458333
vt 0.84908228 0.55318963
vt 0.84273873 0.54363914
vt 0.84908228 0.55318963
vt 0.86128644 0.55458333
vt 0.85542583 0.54363914
vt 0.84273873 0.70183052
vt 0.85542583 0.70183052
vt 0.84908228 0.69677573
vt 0.84908228 0.70654899
vt 0.85542583 0.70183052
vt 0.84273873 0.70183052
vt 0.84908228 0.58166667
vt 0.85549840 0.56742806
vt 0.84266616 0.56742806
vt 0.85549840 0.56742806
vt 0.86128644 0.55458333
vt 0.84908228 0.55318963
vt 0.84266616 0.56742806
vt 0.84908228 0.55318963
vt 0.83687812 0.55458333
vt 0.85549840 0.56742806
vt 0.84908228 0.55318963
vt 0.84266616 0.56742806
vt 0.82831922 0.58166667
vt 0.83194647 0.56758911
vt 0.82168231 0.57296624
vt 0.83194647 0.56758911
vt 0.83687812 0.55458333
vt 0.82586852 0.55862814
vt 0.82296624 0.70207917
vt 0.80862814 0.70166236
vt 0.81492826 0.69600177
vt 0.83194647 0.56758911
vt 0.82586852 0.55862814
vt 0.82168231 0.57296624
vt 0.83687812 0.70529670
vt 0.84273873 0.70183052
vt 0.83228463 0.69864228
vt 0.84273873 0.70183052
vt 0.84908228 0.69677573
vt 0.83881824 0.69401318
vt 0.83228463 0.69864228
vt 0.83881824 0.69401318
vt 0.82933544 0.69025716
vt 0.84273873 0.70183052
vt 0.83881824 0.69401318
vt 0.83228463 0.69864228
vt 0.81492826 0.69600177
vt 0.79982822 0.69375565
vt 0.80816429 0.68877957
vt 0.82190310 0.69375565
vt 0.82933544 0.69025716
vt 0.82135587 0.68579357
vt 0.80816429 0.68877957
vt 0.79408692 0.68579357
vt 0.80318963 0.68096223
vt 0.79982822 0.69375565
vt 0.79408692 0.68579357
vt 0.80816429 0.68877957
vt 0.83687812 0.70529670
vt 0.83228463 0.69864228
vt 0.82586852 0.70166236
vt 0.83228463 0.69864228
vt 0.82933544 0.69025716
vt 0.82190310 0.69375565
vt 0.80862814 0.70166236
vt 0.79982822 0.69375565
vt 0.81492826 0.69600177
vt 0.83228463 0.69864228
vt 0.82190310 0.69375565
vt 0.82586852 0.70166236
vt 0.83166667 0.70654899
vt 0.82296624 0.70207917
vt 0.84036710 0.70207917
vt 0.82296624 0.70207917
vt 0.81492826 0.69600177
vt 0.83166667 0.69677573
vt 0.84036710 0.70207917
vt 0.83166667 0.69677573
vt 0.84840507 0.69600177
vt 0.82296624 0.70207917
vt 0.83166667 0.69677573
vt 0.84036710 0.70207917
vt 0.81492826 0.69600177
vt 0.80816429 0.68877957
vt 0.82286675 0.68886901
vt 0.80816429 0.68877957
vt 0.80318963 0.68096223
vt 0.81686472 0.68096223
vt 0.82286675 0.68886901
vt 0.81686472 0.68096223
vt 0.83166667 0.68096223
vt 0.80816429 0.68877957
vt 0.81686472 0.68096223
vt 0.82286675 0.68886901
vt 0.84840507 0.69600177
vt 0.84046658 0.68886901
vt 0.85516904 0.68877957
vt 0.84046658 0.68886901
vt 0.83166667 0.68096223
vt 0.84646861 0.68096223
vt 0.85516904 0.68877957
vt 0.84646861 0.68096223
vt 0.86014371 0.68096223
vt 0.84046658 0.68886901
vt 0.84646861 0.68096223
vt 0.85516904 0.68877957
vt 0.81492826 0.69600177
vt 0.82286675 0.68886901
vt 0.83166667 0.69677573
vt 0.82286675 0.68886901
vt 0.83166667 0.68096223
vt 0.84046658 0.68886901
vt 0.83166667 0.69677573
vt 0.84046658 0.68886901
vt 0.84840507 0.69600177
vt 0.82286675 0.68886901
vt 0.84046658 0.68886901
vt 0.83166667 0.69677573
vt 0.86984534 0.58166667
vt 0.86621809 0.59574422
vt 0.87648225 0.59036710
vt 0.86621809 0.59574422
vt 0.86128644 0.60875000
vt 0.87229604 0.60470519
vt 0.84036710 0.70207917
vt 0.85470519 0.70166236
vt 0.84840507 0.69600177
vt 0.86621809 0.59574422
vt 0.87229604 0.60470519
vt 0.87648225 0.59036710
vt 0.86128644 0.70529670
vt 0.85542583 0.70183052
vt 0.86587992 0.69864228
vt 0.85542583 0.70183052
vt 0.84908228 0.69677573
vt 0.85934631 0.69401318
vt 0.86587992 0.69864228
vt 0.85934631 0.69401318
vt 0.86882911 0.69025716
vt 0.85542583 0.70183052
vt 0.85934631 0.69401318
vt 0.86587992 0.69864228
vt 0.84840507 0.69600177
vt 0.86350511 0.69375565
vt 0.85516904 0.68877957
vt 0.87626145 0.69375565
vt 0.86882911 0.69025716
vt 0.87680869 0.68579357
vt 0.85516904 0.68877957
vt 0.86924642 0.68579357
vt 0.86014371 0.68096223
vt 0.86350511 0.69375565
vt 0.86924642 0.68579357
vt 0.85516904 0.68877957
vt 0.86128644 0.70529670
vt 0.86587992 0.69864228
vt 0.87229604 0.70166236
vt 0.86587992 0.69864228
vt 0.86882911 0.69025716
vt 0.87626145 0.69375565
vt 0.85470519 0.70166236
vt 0.86350511 0.69375565
vt 0.84840507 0.69600177
vt 0.86587992 0.69864228
vt 0.87626145 0.69375565
vt 0.87229604 0.70166236
vt 0.84908228 0.69677573
vt 0.83881824 0.69401318
vt 0.84908228 0.68918184
vt 0.83881824 0.69401318
vt 0.82933544 0.69025716
vt 0.83870075 0.68584886
vt 0.84908228 0.68918184
vt 0.83870075 0.68584886
vt 0.84908228 0.68096223
vt 0.83881824 0.69401318
vt 0.83870075 0.68584886
vt 0.84908228 0.68918184
vt 0.82933544 0.69025716
vt 0.82135587 0.68579357
vt 0.82831922 0.68096223
vt 0.86924642 0.68579357
vt 0.86014371 0.68096223
vt 0.86924642 0.67613088
vt 0.82831922 0.68096223
vt 0.82135587 0.67613088
vt 0.82933544 0.67166729
vt 0.82135587 0.68579357
vt 0.82135587 0.67613088
vt 0.82831922 0.68096223
vt 0.84908228 0.68096223
vt 0.83870075 0.67607560
vt 0.84908228 0.67274262
vt 0.83870075 0.67607560
vt 0.82933544 0.67166729
vt 0.83881824 0.66791128
vt 0.84908228 0.67274262
vt 0.83881824 0.66791128
vt 0.84908228 0.66514873
vt 0.83870075 0.67607560
vt 0.83881824 0.66791128
vt 0.84908228 0.67274262
vt 0.82933544 0.69025716
vt 0.82831922 0.68096223
vt 0.83870075 0.68584886
vt 0.82831922 0.68096223
vt 0.82933544 0.67166729
vt 0.83870075 0.67607560
vt 0.83870075 0.68584886
vt 0.83870075 0.67607560
vt 0.84908228 0.68096223
vt 0.82831922 0.68096223
vt 0.83870075 0.67607560
vt 0.83870075 0.68584886
vt 0.86014371 0.68096223
vt 0.84646861 0.68096223
vt 0.85516904 0.67314489
vt 0.84646861 0.68096223
vt 0.83166667 0.68096223
vt 0.84046658 0.67305544
vt 0.85516904 0.67314489
vt 0.84046658 0.67305544
vt 0.84840507 0.66592269
vt 0.84646861 0.68096223
vt 0.84046658 0.67305544
vt 0.85516904 0.67314489
vt 0.83166667 0.68096223
vt 0.81686472 0.68096223
vt 0.82286675 0.67305544
vt 0.81686472 0.68096223
vt 0.80318963 0.68096223
vt 0.80816429 0.67314489
vt 0.82286675 0.67305544
vt 0.80816429 0.67314489
vt 0.81492826 0.66592269
vt 0.81686472 0.68096223
vt 0.80816429 0.67314489
vt 0.82286675 0.67305544
vt 0.84840507 0.66592269
vt 0.83166667 0.66514873
vt 0.84036710 0.65984528
vt 0.83166667 0.66514873
vt 0.81492826 0.66592269
vt 0.82296624 0.65984528
vt 0.84036710 0.65984528
vt 0.82296624 0.65984528
vt 0.83166667 0.65537546
vt 0.83166667 0.66514873
vt 0.82296624 0.65984528
vt 0.84036710 0.65984528
vt 0.83166667 0.68096223
vt 0.82286675 0.67305544
vt 0.84046658 0.67305544
vt 0.82286675 0.67305544
vt 0.81492826 0.66592269
vt 0.83166667 0.66514873
vt 0.84046658 0.67305544
vt 0.83166667 0.66514873
vt 0.84840507 0.66592269
vt 0.82286675 0.67305544
vt 0.83166667 0.66514873
vt 0.84046658 0.67305544
vt 0.80318963 0.68096223
vt 0.79408692 0.68579357
vt 0.79408692 0.67613088
vt 0.82135587 0.68579357
vt 0.82933544 0.69025716
vt 0.82831922 0.68096223
vt 0.82135587 0.67613088
vt 0.82831922 0.68096223
vt 0.82933544 0.67166729
vt 0.82135587 0.68579357
vt 0.82831922 0.68096223
vt 0.82135587 0.67613088
vt 0.82933544 0.69025716
vt 0.83881824 0.69401318
vt 0.83870075 0.68584886
vt 0.83881824 0.69401318
vt 0.84908228 0.69677573
vt 0.84908228 0.68918184
vt 0.83870075 0.68584886
vt 0.84908228 0.68918184
vt 0.84908228 0.68096223
vt 0.83881824 0.69401318
vt 0.84908228 0.68918184
vt 0.83870075 0.68584886
vt 0.82933544 0.67166729
vt 0.83870075 0.67607560
vt 0.83881824 0.66791128
vt 0.83870075 0.67607560
vt 0.84908228 0.68096223
vt 0.84908228 0.67274262
vt 0.83881824 0.66791128
vt 0.84908228 0.67274262
vt 0.84908228 0.66514873
vt 0.83870075 0.67607560
vt 0.84908228 0.67274262
vt 0.83881824 0.66791128
vt 0.82933544 0.69025716
vt 0.83870075 0.68584886
vt 0.82831922 0.68096223
vt 0.83870075 0.68584886
vt 0.84908228 0.68096223
vt 0.83870075 0.67607560
vt 0.82831922 0.68096223
vt 0.83870075 0.67607560
vt 0.82933544 0.67166729
vt 0.83870075 0.68584886
vt 0.83870075 0.67607560
vt 0.82831922 0.68096223
vt 0.84908228 0.69677573
vt 0.85542583 0.70183052
vt 0.85934631 0.69401318
vt 0.85542583 0.70183052
vt 0.86128644 0.70529670
vt 0.86587992 0.69864228
vt 0.85934631 0.69401318
vt 0.86587992 0.69864228
vt 0.86882911 0.69025716
vt 0.85542583 0.70183052
vt 0.86587992 0.69864228
vt 0.85934631 0.69401318
vt 0.86128644 0.55458333
vt 0.86621809 0.56758911
vt 0.87229604 0.55862814
vt 0.86621809 0.56758911
vt 0.86984534 0.58166667
vt 0.87648225 0.57296624
vt 0.80862814 0.70166236
vt 0.82296624 0.70207917
vt 0.81492826 0.69600177
vt 0.86621809 0.56758911
vt 0.87648225 0.57296624
vt 0.87229604 0.55862814
vt 0.86882911 0.69025716
vt 0.87626145 0.69375565
vt 0.87680869 0.68579357
vt 0.79982822 0.69375565
vt 0.81492826 0.69600177
vt 0.80816429 0.68877957
vt 0.79408692 0.68579357
vt 0.80816429 0.68877957
vt 0.80318963 0.68096223
vt 0.79982822 0.69375565
vt 0.80816429 0.68877957
vt 0.79408692 0.68579357
vt 0.86128644 0.70529670
vt 0.87229604 0.70166236
vt 0.86587992 0.69864228
vt 0.80862814 0.70166236
vt 0.81492826 0.69600177
vt 0.79982822 0.69375565
vt 0.86587992 0.69864228
vt 0.87626145 0.69375565
vt 0.86882911 0.69025716
vt 0.87229604 0.70166236
vt 0.87626145 0.69375565
vt 0.86587992 0.69864228
vt 0.86984534 0.58166667
vt 0.87648225 0.59036710
vt 0.86621809 0.59574422
vt 0.84036710 0.65984528
vt 0.84840507 0.66592269
vt 0.85470519 0.66026209
vt 0.86621809 0.59574422
vt 0.87229604 0.60470519
vt 0.86128644 0.60875000
vt 0.87648225 0.59036710
vt 0.87229604 0.60470519
vt 0.86621809 0.59574422
vt 0.84840507 0.66592269
vt 0.85516904 0.67314489
vt 0.86350511 0.66816881
vt 0.85516904 0.67314489
vt 0.86014371 0.68096223
vt 0.86924642 0.67613088
vt 0.87626145 0.66816881
vt 0.87680869 0.67613088
vt 0.86882911 0.67166729
vt 0.85516904 0.67314489
vt 0.86924642 0.67613088
vt 0.86350511 0.66816881
vt 0.86128644 0.65662775
vt 0.86587992 0.66328218
vt 0.85542583 0.66009394
vt 0.86587992 0.66328218
vt 0.86882911 0.67166729
vt 0.85934631 0.66791128
vt 0.85542583 0.66009394
vt 0.85934631 0.66791128
vt 0.84908228 0.66514873
vt 0.86587992 0.66328218
vt 0.85934631 0.66791128
vt 0.85542583 0.66009394
vt 0.84840507 0.66592269
vt 0.86350511 0.66816881
vt 0.85470519 0.66026209
vt 0.87626145 0.66816881
vt 0.86882911 0.67166729
vt 0.86587992 0.66328218
vt 0.87229604 0.66026209
vt 0.86587992 0.66328218
vt 0.86128644 0.65662775
vt 0.87626145 0.66816881
vt 0.86587992 0.66328218
vt 0.87229604 0.66026209
vt 0.86984534 0.58166667
vt 0.86621809 0.59574422
vt 0.85987454 0.58166667
vt 0.86621809 0.59574422
vt 0.86128644 0.60875000
vt 0.85549840 0.59590528
vt 0.85987454 0.58166667
vt 0.85549840 0.59590528
vt 0.84908228 0.58166667
vt 0.86621809 0.59574422
vt 0.85549840 0.59590528
vt 0.85987454 0.58166667
vt 0.86128644 0.60875000
vt 0.85542583 0.61969419
vt 0.84908228 0.61014371
vt 0.85542583 0.66009394
vt 0.84908228 0.66514873
vt 0.84273873 0.66009394
vt 0.84908228 0.61014371
vt 0.84273873 0.61969419
vt 0.83687812 0.60875000
vt 0.85542583 0.66009394
vt 0.84273873 0.66009394
vt 0.84908228 0.65537546
vt 0.84908228 0.58166667
vt 0.84266616 0.59590528
vt 0.83829002 0.58166667
vt 0.84266616 0.59590528
vt 0.83687812 0.60875000
vt 0.83194647 0.59574422
vt 0.83829002 0.58166667
vt 0.83194647 0.59574422
vt 0.82831922 0.58166667
vt 0.84266616 0.59590528
vt 0.83194647 0.59574422
vt 0.83829002 0.58166667
vt 0.86128644 0.60875000
vt 0.84908228 0.61014371
vt 0.85549840 0.59590528
vt 0.84908228 0.61014371
vt 0.83687812 0.60875000
vt 0.84266616 0.59590528
vt 0.85549840 0.59590528
vt 0.84266616 0.59590528
vt 0.84908228 0.58166667
vt 0.84908228 0.61014371
vt 0.84266616 0.59590528
vt 0.85549840 0.59590528
vt 0.86984534 0.58166667
vt 0.85987454 0.58166667
vt 0.86621809 0.56758911
vt 0.85987454 0.58166667
vt 0.84908228 0.58166667
vt 0.85549840 0.56742806
vt 0.86621809 0.56758911
vt 0.85549840 0.56742806
vt 0.86128644 0.55458333
vt 0.85987454 0.58166667
vt 0.85549840 0.56742806
vt 0.86621809 0.56758911
vt 0.84908228 0.58166667
vt 0.83829002 0.58166667
vt 0.84266616 0.56742806
vt 0.83829002 0.58166667
vt 0.82831922 0.58166667
vt 0.83194647 0.56758911
vt 0.84266616 0.56742806
vt 0.83194647 0.56758911
vt 0.83687812 0.55458333
vt 0.83829002 0.58166667
vt 0.83194647 0.56758911
vt 0.84266616 0.56742806
vt 0.86128644 0.55458333
vt 0.84908228 0.55318963
vt 0.85542583 0.54363914
vt 0.84908228 0.55318963
vt 0.83687812 0.55458333
vt 0.84273873 0.54363914
vt 0.85542583 0.66009394
vt 0.84273873 0.66009394
vt 0.84908228 0.66514873
vt 0.84908228 0.65537546
vt 0.84273873 0.66009394
vt 0.85542583 0.66009394
vt 0.84908228 0.58166667
vt 0.84266616 0.56742806
vt 0.85549840 0.56742806
vt 0.84266616 0.56742806
vt 0.83687812 0.55458333
vt 0.84908228 0.55318963
vt 0.85549840 0.56742806
vt 0.84908228 0.55318963
vt 0.86128644 0.55458333
vt 0.84266616 0.56742806
vt 0.84908228 0.55318963
vt 0.85549840 0.56742806
vt 0.86984534 0.58166667
vt 0.86621809 0.56758911
vt 0.87648225 0.57296624
vt 0.86621809 0.56758911
vt 0.86128644 0.55458333
vt 0.87229604 0.55862814
vt 0.82296624 0.65984528
vt 0.80862814 0.66026209
vt 0.81492826 0.66592269
vt 0.86621809 0.56758911
vt 0.87229604 0.55862814
vt 0.87648225 0.57296624
vt 0.86128644 0.65662775
vt 0.85542583 0.66009394
vt 0.86587992 0.66328218
vt 0.85542583 0.66009394
vt 0.84908228 0.66514873
vt 0.85934631 0.66791128
vt 0.86587992 0.66328218
vt 0.85934631 0.66791128
vt 0.86882911 0.67166729
vt 0.85542583 0.66009394
vt 0.85934631 0.66791128
vt 0.86587992 0.66328218
vt 0.81492826 0.66592269
vt 0.79982822 0.66816881
vt 0.80816429 0.67314489
vt 0.87626145 0.66816881
vt 0.86882911 0.67166729
vt 0.87680869 0.67613088
vt 0.80816429 0.67314489
vt 0.79408692 0.67613088
vt 0.80318963 0.68096223
vt 0.79982822 0.66816881
vt 0.79408692 0.67613088
vt 0.80816429 0.67314489
vt 0.86128644 0.65662775
vt 0.86587992 0.66328218
vt 0.87229604 0.66026209
vt 0.86587992 0.66328218
vt 0.86882911 0.67166729
vt 0.87626145 0.66816881
vt 0.80862814 0.66026209
vt 0.79982822 0.66816881
vt 0.81492826 0.66592269
vt 0.86587992 0.66328218
vt 0.87626145 0.66816881
vt 0.87229604 0.66026209
vt 0.83166667 0.65537546
vt 0.82296624 0.65984528
vt 0.84036710 0.65984528
vt 0.82296624 0.65984528
vt 0.81492826 0.66592269
vt 0.83166667 0.66514873
vt 0.84036710 0.65984528
vt 0.83166667 0.66514873
vt 0.84840507 0.66592269
vt 0.82296624 0.65984528
vt 0.83166667 0.66514873
vt 0.84036710 0.65984528
vt 0.81492826 0.66592269
vt 0.80816429 0.67314489
vt 0.82286675 0.67305544
vt 0.80816429 0.67314489
vt 0.80318963 0.68096223
vt 0.81686472 0.68096223
vt 0.82286675 0.67305544
vt 0.81686472 0.68096223
vt 0.83166667 0.68096223
vt 0.80816429 0.67314489
vt 0.81686472 0.68096223
vt 0.82286675 0.67305544
vt 0.84840507 0.66592269
vt 0.84046658 0.67305544
vt 0.85516904 0.67314489
vt 0.84046658 0.67305544
vt 0.83166667 0.68096223
vt 0.84646861 0.68096223
vt 0.85516904 0.67314489
vt 0.84646861 0.68096223
vt 0.86014371 0.68096223
vt 0.84046658 0.67305544
vt 0.84646861 0.68096223
vt 0.85516904 0.67314489
vt 0.81492826 0.66592269
vt 0.82286675 0.67305544
vt 0.83166667 0.66514873
vt 0.82286675 0.67305544
vt 0.83166667 0.68096223
vt 0.84046658 0.67305544
vt 0.83166667 0.66514873
vt 0.84046658 0.67305544
vt 0.84840507 0.66592269
vt 0.82286675 0.67305544
vt 0.84046658 0.67305544
vt 0.83166667 0.66514873
vt 0.84908228 0.66514873
vt 0.85934631 0.66791128
vt 0.84908228 0.67274262
vt 0.85934631 0.66791128
vt 0.86882911 0.67166729
vt 0.85946381 0.67607560
vt 0.84908228 0.67274262
vt 0.85946381 0.67607560
vt 0.84908228 0.68096223
vt 0.85934631 0.66791128
vt 0.85946381 0.67607560
vt 0.84908228 0.67274262
vt 0.86882911 0.67166729
vt 0.87680869 0.67613088
vt 0.86984534 0.68096223
vt 0.86924642 0.67613088
vt 0.86014371 0.68096223
vt 0.86924642 0.68579357
vt 0.86984534 0.68096223
vt 0.87680869 0.68579357
vt 0.86882911 0.69025716
vt 0.87680869 0.67613088
vt 0.87680869 0.68579357
vt 0.86984534 0.68096223
vt 0.84908228 0.68096223
vt 0.85946381 0.68584886
vt 0.84908228 0.68918184
vt 0.85946381 0.68584886
vt 0.86882911 0.69025716
vt 0.85934631 0.69401318
vt 0.84908228 0.68918184
vt 0.85934631 0.69401318
vt 0.84908228 0.69677573
vt 0.85946381 0.68584886
vt 0.85934631 0.69401318
vt 0.84908228 0.68918184
vt 0.86882911 0.67166729
vt 0.86984534 0.68096223
vt 0.85946381 0.67607560
vt 0.86984534 0.68096223
vt 0.86882911 0.69025716
vt 0.85946381 0.68584886
vt 0.85946381 0.67607560
vt 0.85946381 0.68584886
vt 0.84908228 0.68096223
vt 0.86984534 0.68096223
vt 0.85946381 0.68584886
vt 0.85946381 0.67607560
vt 0.82831922 0.58166667
vt 0.83194647 0.59574422
vt 0.82168231 0.59036710
vt 0.83194647 0.59574422
vt 0.83687812 0.60875000
vt 0.82586852 0.60470519
vt 0.84036710 0.65984528
vt 0.85470519 0.66026209
vt 0.84840507 0.66592269
vt 0.83194647 0.59574422
vt 0.82586852 0.60470519
vt 0.82168231 0.59036710
vt 0.83687812 0.65662775
vt 0.84273873 0.66009394
vt 0.83228463 0.66328218
vt 0.84273873 0.66009394
vt 0.84908228 0.66514873
vt 0.83881824 0.66791128
vt 0.83228463 0.66328218
vt 0.83881824 0.66791128
vt 0.82933544 0.67166729
vt 0.84273873 0.66009394
vt 0.83881824 0.66791128
vt 0.83228463 0.66328218
vt 0.84840507 0.66592269
vt 0.86350511 0.66816881
vt 0.85516904 0.67314489
vt 0.82190310 0.66816881
vt 0.82933544 0.67166729
vt 0.82135587 0.67613088
vt 0.85516904 0.67314489
vt 0.86924642 0.67613088
vt 0.86014371 0.68096223
vt 0.86350511 0.66816881
vt 0.86924642 0.67613088
vt 0.85516904 0.67314489
vt 0.83687812 0.65662775
vt 0.83228463 0.66328218
vt 0.82586852 0.66026209
vt 0.83228463 0.66328218
vt 0.82933544 0.67166729
vt 0.82190310 0.66816881
vt 0.85470519 0.66026209
vt 0.86350511 0.66816881
vt 0.84840507 0.66592269
vt 0.83228463 0.66328218
vt 0.82190310 0.66816881
vt 0.82586852 0.66026209
vt 0.84908228 0.66514873
vt 0.84273873 0.66009394
vt 0.83881824 0.66791128
vt 0.84273873 0.66009394
vt 0.83687812 0.65662775
vt 0.83228463 0.66328218
vt 0.83881824 0.66791128
vt 0.83228463 0.66328218
vt 0.82933544 0.67166729
vt 0.84273873 0.66009394
vt 0.83228463 0.66328218
vt 0.83881824 0.66791128
vt 0.83687812 0.55458333
vt 0.83194647 0.56758911
vt 0.82586852 0.55862814
vt 0.83194647 0.56758911
vt 0.82831922 0.58166667
vt 0.82168231 0.57296624
vt 0.80862814 0.66026209
vt 0.82296624 0.65984528
vt 0.81492826 0.66592269
vt 0.83194647 0.56758911
vt 0.82168231 0.57296624
vt 0.82586852 0.55862814
vt 0.82933544 0.67166729
vt 0.82190310 0.66816881
vt 0.82135587 0.67613088
vt 0.79982822 0.66816881
vt 0.81492826 0.66592269
vt 0.80816429 0.67314489
vt 0.79408692 0.67613088
vt 0.80816429 0.67314489
vt 0.80318963 0.68096223
vt 0.79982822 0.66816881
vt 0.80816429 0.67314489
vt 0.79408692 0.67613088
vt 0.83687812 0.65662775
vt 0.82586852 0.66026209
vt 0.83228463 0.66328218
vt 0.80862814 0.66026209
vt 0.81492826 0.66592269
vt 0.79982822 0.66816881
vt 0.83228463 0.66328218
vt 0.82190310 0.66816881
vt 0.82933544 0.67166729
vt 0.82586852 0.66026209
vt 0.82190310 0.66816881
vt 0.83228463 0.66328218
vt 0.80318963 0.68096223
vt 0.79408692 0.67613088
vt 0.79408692 0.68579357
vt 0.87680869 0.67613088
vt 0.86882911 0.67166729
vt 0.86984534 0.68096223
vt 0.87680869 0.68579357
vt 0.86984534 0.68096223
vt 0.86882911 0.69025716
vt 0.87680869 0.67613088
vt 0.86984534 0.68096223
vt 0.87680869 0.68579357
vt 0.86882911 0.67166729
vt 0.85934631 0.66791128
vt 0.85946381 0.67607560
vt 0.85934631 0.66791128
vt 0.84908228 0.66514873
vt 0.84908228 0.67274262
vt 0.85946381 0.67607560
vt 0.84908228 0.67274262
vt 0.84908228 0.68096223
vt 0.85934631 0.66791128
vt 0.84908228 0.67274262
vt 0.85946381 0.67607560
vt 0.86882911 0.69025716
vt 0.85946381 0.68584886
vt 0.85934631 0.69401318
vt 0.85946381 0.68584886
vt 0.84908228 0.68096223
vt 0.84908228 0.68918184
vt 0.85934631 0.69401318
vt 0.84908228 0.68918184
vt 0.84908228 0.69677573
vt 0.85946381 0.68584886
vt 0.84908228 0.68918184
vt 0.85934631 0.69401318
vt 0.86882911 0.67166729
vt 0.85946381 0.67607560
vt 0.86984534 0.68096223
vt 0.85946381 0.67607560
vt 0.84908228 0.68096223
vt 0.85946381 0.68584886
vt 0.86984534 0.68096223
vt 0.85946381 0.68584886
vt 0.86882911 0.69025716
vt 0.85946381 0.67607560
vt 0.85946381 0.68584886
vt 0.86984534 0.68096223
vt 0.86014371 0.68096223
vt 0.84646861 0.68096223
vt 0.85516904 0.68877957
vt 0.84646861 0.68096223
vt 0.83166667 0.68096223
vt 0.84046658 0.68886901
vt 0.85516904 0.68877957
vt 0.84046658 0.68886901
vt 0.84840507 0.69600177
vt 0.84646861 0.68096223
vt 0.84046658 0.68886901
vt 0.85516904 0.68877957
vt 0.83166667 0.68096223
vt 0.81686472 0.68096223
vt 0.82286675 0.68886901
vt 0.81686472 0.68096223
vt 0.80318963 0.68096223
vt 0.80816429 0.68877957
vt 0.82286675 0.68886901
vt 0.80816429 0.68877957
vt 0.81492826 0.69600177
vt 0.81686472 0.68096223
vt 0.80816429 0.68877957
vt 0.82286675 0.68886901
vt 0.84840507 0.69600177
vt 0.83166667 0.69677573
vt 0.84036710 0.70207917
vt 0.83166667 0.69677573
vt 0.81492826 0.69600177
vt 0.82296624 0.70207917
vt 0.84036710 0.70207917
vt 0.82296624 0.70207917
vt 0.83166667 0.70654899
vt 0.83166667 0.69677573
vt 0.82296624 0.70207917
vt 0.84036710 0.70207917
vt 0.83166667 0.68096223
vt 0.82286675 0.68886901
vt 0.84046658 0.68886901
vt 0.82286675 0.68886901
vt 0.81492826 0.69600177
vt 0.83166667 0.69677573
vt 0.84046658 0.68886901
vt 0.83166667 0.69677573
vt 0.84840507 0.69600177
vt 0.82286675 0.68886901
vt 0.83166667 0.69677573
vt 0.84046658 0.68886901
vt 0.85587025 0.58166667
vt 0.84908228 0.58166667
vt 0.85573980 0.57972931
vt 0.83166667 0.64658614
vt 0.82972931 0.64658614
vt 0.83166667 0.65303166
vt 0.85573980 0.57972931
vt 0.84908228 0.58166667
vt 0.85535350 0.57786633
vt 0.82972931 0.64658614
vt 0.82786633 0.64658614
vt 0.83166667 0.65303166
vt 0.85535350 0.57786633
vt 0.84908228 0.58166667
vt 0.85472629 0.57614961
vt 0.82786633 0.64658614
vt 0.82614961 0.64658614
vt 0.83166667 0.65303166
vt 0.85472629 0.57614961
vt 0.84908228 0.58166667
vt 0.85388212 0.57464468
vt 0.82614961 0.64658614
vt 0.82464468 0.64658614
vt 0.83166667 0.65303166
vt 0.85388212 0.57464468
vt 0.84908228 0.58166667
vt 0.85285343 0.57340968
vt 0.85388212 0.64658614
vt 0.85285343 0.64658614
vt 0.84908228 0.65303166
vt 0.85285343 0.57340968
vt 0.84908228 0.58166667
vt 0.85167997 0.57249210
vt 0.85285343 0.64658614
vt 0.85167997 0.64658614
vt 0.84908228 0.65303166
vt 0.85167997 0.57249210
vt 0.84908228 0.58166667
vt 0.85040655 0.57192696
vt 0.85167997 0.64658614
vt 0.85040655 0.64658614
vt 0.84908228 0.65303166
vt 0.85040655 0.57192696
vt 0.84908228 0.58166667
vt 0.84908228 0.57173611
vt 0.85040655 0.64658614
vt 0.84908228 0.64658614
vt 0.84908228 0.65303166
vt 0.84908228 0.57173611
vt 0.84908228 0.58166667
vt 0.84775801 0.57192696
vt 0.84908228 0.64658614
vt 0.84775801 0.64658614
vt 0.84908228 0.65303166
vt 0.84775801 0.57192696
vt 0.84908228 0.58166667
vt 0.84648458 0.57249210
vt 0.84775801 0.64658614
vt 0.84648458 0.64658614
vt 0.84908228 0.65303166
vt 0.84648458 0.57249210
vt 0.84908228 0.58166667
vt 0.84531113 0.57340968
vt 0.84648458 0.64658614
vt 0.84531113 0.64658614
vt 0.84908228 0.65303166
vt 0.84531113 0.57340968
vt 0.84908228 0.58166667
vt 0.84428244 0.57464468
vt 0.84531113 0.64658614
vt 0.84428244 0.64658614
vt 0.84908228 0.65303166
vt 0.84428244 0.57464468
vt 0.84908228 0.58166667
vt 0.84343826 0.57614961
vt 0.82464468 0.64658614
vt 0.82614961 0.64658614
vt 0.83166667 0.65303166
vt 0.84343826 0.57614961
vt 0.84908228 0.58166667
vt 0.84281105 0.57786633
vt 0.82614961 0.64658614
vt 0.82786633 0.64658614
vt 0.83166667 0.65303166
vt 0.84281105 0.57786633
vt 0.84908228 0.58166667
vt 0.84242476 0.57972931
vt 0.82786633 0.64658614
vt 0.82972931 0.64658614
vt 0.83166667 0.65303166
vt 0.84242476 0.57972931
vt 0.84908228 0.58166667
vt 0.84229430 0.58166667
vt 0.82972931 0.64658614
vt 0.83166667 0.64658614
vt 0.83166667 0.65303166
vt 0.84229430 0.58166667
vt 0.84908228 0.58166667
vt 0.84242476 0.58360403
vt 0.83166667 0.64658614
vt 0.83360403 0.64658614
vt 0.83166667 0.65303166
vt 0.84242476 0.58360403
vt 0.84908228 0.58166667
vt 0.84281105 0.58546700
vt 0.83360403 0.64658614
vt 0.83546700 0.64658614
vt 0.83166667 0.65303166
vt 0.84281105 0.58546700
vt 0.84908228 0.58166667
vt 0.84343826 0.58718372
vt 0.83546700 0.64658614
vt 0.83718372 0.64658614
vt 0.83166667 0.65303166
vt 0.84343826 0.58718372
vt 0.84908228 0.58166667
vt 0.84428244 0.58868865
vt 0.83718372 0.64658614
vt 0.83868865 0.64658614
vt 0.83166667 0.65303166
vt 0.84428244 0.58868865
vt 0.84908228 0.58166667
vt 0.84531113 0.58992365
vt 0.84428244 0.64658614
vt 0.84531113 0.64658614
vt 0.84908228 0.65303166
vt 0.84531113 0.58992365
vt 0.84908228 0.58166667
vt 0.84648458 0.59084124
vt 0.84531113 0.64658614
vt 0.84648458 0.64658614
vt 0.84908228 0.65303166
vt 0.84648458 0.59084124
vt 0.84908228 0.58166667
vt 0.84775801 0.59140638
vt 0.84648458 0.64658614
vt 0.84775801 0.64658614
vt 0.84908228 0.65303166
vt 0.84775801 0.59140638
vt 0.84908228 0.58166667
vt 0.84908228 0.59159722
vt 0.84775801 0.64658614
vt 0.84908228 0.64658614
vt 0.84908228 0.65303166
vt 0.84908228 0.59159722
vt 0.84908228 0.58166667
vt 0.85040655 0.59140638
vt 0.84908228 0.64658614
vt 0.85040655 0.64658614
vt 0.84908228 0.65303166
vt 0.85040655 0.59140638
vt 0.84908228 0.58166667
vt 0.85167997 0.59084124
vt 0.85040655 0.64658614
vt 0.85167997 0.64658614
vt 0.84908228 0.65303166
vt 0.85167997 0.59084124
vt 0.84908228 0.58166667
vt 0.85285343 0.58992365
vt 0.85167997 0.64658614
vt 0.85285343 0.64658614
vt 0.84908228 0.65303166
vt 0.85285343 0.58992365
vt 0.84908228 0.58166667
vt 0.85388212 0.58868865
vt 0.85285343 0.64658614
vt 0.85388212 0.64658614
vt 0.84908228 0.65303166
vt 0.85388212 0.58868865
vt 0.84908228 0.58166667
vt 0.85472629 0.58718372
vt 0.83868865 0.64658614
vt 0.83718372 0.64658614
vt 0.83166667 0.65303166
vt 0.85472629 0.58718372
vt 0.84908228 0.58166667
vt 0.85535350 0.58546700
vt 0.83718372 0.64658614
vt 0.83546700 0.64658614
vt 0.83166667 0.65303166
vt 0.85535350 0.58546700
vt 0.84908228 0.58166667
vt 0.85573980 0.58360403
vt 0.83546700 0.64658614
vt 0.83360403 0.64658614
vt 0.83166667 0.65303166
vt 0.85573980 0.58360403
vt 0.84908228 0.58166667
vt 0.85587025 0.58166667
vt 0.83360403 0.64658614
vt 0.83166667 0.64658614
vt 0.83166667 0.65303166
vt 0.59919767 0.08024028
vt 0.59908228 0.08166667
vt 0.59985401 0.08076569
vt 0.59919767 0.14437719
vt 0.59985401 0.14443871
vt 0.61030527 0.07777352
vt 0.61030527 0.07777352
vt 0.59985401 0.14443871
vt 0.61096160 0.07783504
vt 0.61030527 0.10010139
vt 0.61096160 0.10062681
vt 0.61018987 0.10152778
vt 0.59985401 0.08076569
vt 0.59908228 0.08166667
vt 0.60005827 0.08181906
vt 0.58076569 0.14443871
vt 0.58181906 0.14449958
vt 0.60062681 0.07783504
vt 0.60062681 0.07783504
vt 0.58181906 0.14449958
vt 0.60168017 0.07789592
vt 0.61096160 0.10062681
vt 0.61116586 0.10168017
vt 0.61018987 0.10152778
vt 0.60005827 0.08181906
vt 0.59908228 0.08166667
vt 0.59969085 0.08278304
vt 0.58181906 0.14449958
vt 0.58278304 0.14452415
vt 0.60168017 0.07789592
vt 0.60168017 0.07789592
vt 0.58278304 0.14452415
vt 0.60264415 0.07792048
vt 0.61116586 0.10168017
vt 0.61079845 0.10264415
vt 0.61018987 0.10152778
vt 0.59969085 0.08278304
vt 0.59908228 0.08166667
vt 0.59896688 0.08309306
vt 0.59969085 0.14452415
vt 0.59896688 0.14449808
vt 0.61079845 0.07792048
vt 0.61079845 0.07792048
vt 0.59896688 0.14449808
vt 0.61007448 0.07789441
vt 0.61079845 0.10264415
vt 0.61007448 0.10295417
vt 0.61018987 0.10152778
vt 0.59896688 0.08309306
vt 0.59908228 0.08166667
vt 0.59831055 0.08256764
vt 0.59896688 0.14449808
vt 0.59831055 0.14443656
vt 0.61007448 0.07789441
vt 0.61007448 0.07789441
vt 0.59831055 0.14443656
vt 0.60941814 0.07783289
vt 0.61007448 0.10295417
vt 0.60941814 0.10242875
vt 0.61018987 0.10152778
vt 0.59831055 0.08256764
vt 0.59908228 0.08166667
vt 0.59810629 0.08151428
vt 0.58256764 0.14443656
vt 0.58151428 0.14437569
vt 0.60242875 0.07783289
vt 0.60242875 0.07783289
vt 0.58151428 0.14437569
vt 0.60137539 0.07777202
vt 0.60941814 0.10242875
vt 0.60921389 0.10137539
vt 0.61018987 0.10152778
vt 0.59810629 0.08151428
vt 0.59908228 0.08166667
vt 0.59847371 0.08055029
vt 0.58151428 0.14437569
vt 0.58055029 0.14435112
vt 0.60137539 0.07777202
vt 0.60137539 0.07777202
vt 0.58055029 0.14435112
vt 0.60041140 0.07774745
vt 0.60921389 0.10137539
vt 0.60958130 0.10041140
vt 0.61018987 0.10152778
vt 0.59847371 0.08055029
vt 0.59908228 0.08166667
vt 0.59919767 0.08024028
vt 0.59847371 0.14435112
vt 0.59919767 0.14437719
vt 0.60958130 0.07774745
vt 0.60958130 0.07774745
vt 0.59919767 0.14437719
vt 0.61030527 0.07777352
vt 0.60958130 0.10041140
vt 0.61030527 0.10010139
vt 0.61018987 0.10152778
vt 0.61034131 0.10011276
vt 0.61018987 0.10152778
vt 0.61097851 0.10065985
vt 0.61034131 0.07775956
vt 0.61097851 0.07785180
vt 0.62391726 0.02762776
vt 0.62391726 0.02762776
vt 0.61097851 0.07785180
vt 0.62455446 0.02772001
vt 0.62391726 0.11997388
vt 0.62455446 0.12052096
vt 0.62376582 0.12138889
vt 0.61097851 0.10065985
vt 0.61018987 0.10152778
vt 0.61115364 0.10171537
vt 0.60065985 0.07785180
vt 0.60171537 0.07793352
vt 0.62052096 0.02772001
vt 0.62052096 0.02772001
vt 0.60171537 0.07793352
vt 0.62157649 0.02780172
vt 0.62455446 0.12052096
vt 0.62472959 0.12157649
vt 0.62376582 0.12138889
vt 0.61115364 0.10171537
vt 0.61018987 0.10152778
vt 0.61076426 0.10266094
vt 0.60171537 0.07793352
vt 0.60266094 0.07795701
vt 0.62157649 0.02780172
vt 0.62157649 0.02780172
vt 0.60266094 0.07795701
vt 0.62252206 0.02782521
vt 0.62472959 0.12157649
vt 0.62434021 0.12252206
vt 0.62376582 0.12138889
vt 0.61076426 0.10266094
vt 0.61018987 0.10152778
vt 0.61003844 0.10294279
vt 0.61076426 0.07795701
vt 0.61003844 0.07790838
vt 0.62434021 0.02782521
vt 0.62434021 0.02782521
vt 0.61003844 0.07790838
vt 0.62361439 0.02777658
vt 0.62434021 0.12252206
vt 0.62361439 0.12280390
vt 0.62376582 0.12138889
vt 0.61003844 0.10294279
vt 0.61018987 0.10152778
vt 0.60940123 0.10239571
vt 0.61003844 0.07790838
vt 0.60940123 0.07781614
vt 0.62361439 0.02777658
vt 0.62361439 0.02777658
vt 0.60940123 0.07781614
vt 0.62297718 0.02768434
vt 0.62361439 0.12280390
vt 0.62297718 0.12225682
vt 0.62376582 0.12138889
vt 0.60940123 0.10239571
vt 0.61018987 0.10152778
vt 0.60922610 0.10134018
vt 0.60239571 0.07781614
vt 0.60134018 0.07773442
vt 0.62225682 0.02768434
vt 0.62225682 0.02768434
vt 0.60134018 0.07773442
vt 0.62120129 0.02760263
vt 0.62297718 0.12225682
vt 0.62280205 0.12120129
vt 0.62376582 0.12138889
vt 0.60922610 0.10134018
vt 0.61018987 0.10152778
vt 0.60961549 0.10039461
vt 0.60134018 0.07773442
vt 0.60039461 0.07771093
vt 0.62120129 0.02760263
vt 0.62120129 0.02760263
vt 0.60039461 0.07771093
vt 0.62025572 0.02757914
vt 0.62280205 0.12120129
vt 0.62319144 0.12025572
vt 0.62376582 0.12138889
vt 0.60961549 0.10039461
vt 0.61018987 0.10152778
vt 0.61034131 0.10011276
vt 0.60961549 0.07771093
vt 0.61034131 0.07775956
vt 0.62319144 0.02757914
vt 0.62319144 0.02757914
vt 0.61034131 0.07775956
vt 0.62391726 0.02762776
vt 0.62319144 0.12025572
vt 0.62391726 0.11997388
vt 0.62376582 0.12138889
vt 0.13138884 0.33708333
vt 0.12475193 0.34578376
vt 0.13501609 0.35116089
vt 0.09578376 0.46353787
vt 0.10382174 0.45746046
vt 0.11012186 0.46312106
vt 0.13501609 0.35116089
vt 0.12893814 0.36012186
vt 0.13994774 0.36416667
vt 0.12475193 0.34578376
vt 0.12893814 0.36012186
vt 0.13501609 0.35116089
vt 0.10382174 0.45746046
vt 0.11058571 0.45023826
vt 0.11892178 0.45521434
vt 0.11058571 0.45023826
vt 0.11556037 0.44242092
vt 0.12466308 0.44725227
vt 0.12497272 0.45521434
vt 0.12442549 0.44725227
vt 0.13240506 0.45171586
vt 0.11058571 0.45023826
vt 0.12466308 0.44725227
vt 0.11892178 0.45521434
vt 0.13994774 0.46675540
vt 0.13535425 0.46010098
vt 0.14580835 0.46328921
vt 0.13535425 0.46010098
vt 0.13240506 0.45171586
vt 0.14188786 0.45547188
vt 0.14580835 0.46328921
vt 0.14188786 0.45547188
vt 0.15215190 0.45823443
vt 0.13535425 0.46010098
vt 0.14188786 0.45547188
vt 0.14580835 0.46328921
vt 0.10382174 0.45746046
vt 0.11892178 0.45521434
vt 0.11012186 0.46312106
vt 0.12497272 0.45521434
vt 0.13240506 0.45171586
vt 0.13535425 0.46010098
vt 0.12893814 0.46312106
vt 0.13535425 0.46010098
vt 0.13994774 0.46675540
vt 0.12497272 0.45521434
vt 0.13535425 0.46010098
vt 0.12893814 0.46312106
vt 0.13138884 0.33708333
vt 0.13501609 0.35116089
vt 0.14135964 0.33708333
vt 0.13501609 0.35116089
vt 0.13994774 0.36416667
vt 0.14573578 0.35132194
vt 0.14135964 0.33708333
vt 0.14573578 0.35132194
vt 0.15215190 0.33708333
vt 0.13501609 0.35116089
vt 0.14573578 0.35132194
vt 0.14135964 0.33708333
vt 0.13994774 0.36416667
vt 0.14580835 0.37511086
vt 0.15215190 0.36556037
vt 0.14580835 0.46328921
vt 0.15215190 0.45823443
vt 0.15849545 0.46328921
vt 0.15215190 0.36556037
vt 0.15849545 0.37511086
vt 0.16435606 0.36416667
vt 0.14580835 0.46328921
vt 0.15849545 0.46328921
vt 0.15215190 0.46800769
vt 0.15215190 0.33708333
vt 0.15856802 0.35132194
vt 0.16294416 0.33708333
vt 0.15856802 0.35132194
vt 0.16435606 0.36416667
vt 0.16928771 0.35116089
vt 0.16294416 0.33708333
vt 0.16928771 0.35116089
vt 0.17291496 0.33708333
vt 0.15856802 0.35132194
vt 0.16928771 0.35116089
vt 0.16294416 0.33708333
vt 0.13994774 0.36416667
vt 0.15215190 0.36556037
vt 0.14573578 0.35132194
vt 0.15215190 0.36556037
vt 0.16435606 0.36416667
vt 0.15856802 0.35132194
vt 0.14573578 0.35132194
vt 0.15856802 0.35132194
vt 0.15215190 0.33708333
vt 0.15215190 0.36556037
vt 0.15856802 0.35132194
vt 0.14573578 0.35132194
vt 0.13138884 0.33708333
vt 0.14135964 0.33708333
vt 0.13501609 0.32300578
vt 0.14135964 0.33708333
vt 0.15215190 0.33708333
vt 0.14573578 0.32284472
vt 0.13501609 0.32300578
vt 0.14573578 0.32284472
vt 0.13994774 0.31000000
vt 0.14135964 0.33708333
vt 0.14573578 0.32284472
vt 0.13501609 0.32300578
vt 0.15215190 0.33708333
vt 0.16294416 0.33708333
vt 0.15856802 0.32284472
vt 0.16294416 0.33708333
vt 0.17291496 0.33708333
vt 0.16928771 0.32300578
vt 0.15856802 0.32284472
vt 0.16928771 0.32300578
vt 0.16435606 0.31000000
vt 0.16294416 0.33708333
vt 0.16928771 0.32300578
vt 0.15856802 0.32284472
vt 0.13994774 0.31000000
vt 0.15215190 0.30860629
vt 0.14580835 0.29905581
vt 0.15215190 0.30860629
vt 0.16435606 0.31000000
vt 0.15849545 0.29905581
vt 0.14580835 0.46328921
vt 0.15849545 0.46328921
vt 0.15215190 0.45823443
vt 0.15215190 0.46800769
vt 0.15849545 0.46328921
vt 0.14580835 0.46328921
vt 0.15215190 0.33708333
vt 0.15856802 0.32284472
vt 0.14573578 0.32284472
vt 0.15856802 0.32284472
vt 0.16435606 0.31000000
vt 0.15215190 0.30860629
vt 0.14573578 0.32284472
vt 0.15215190 0.30860629
vt 0.13994774 0.31000000
vt 0.15856802 0.32284472
vt 0.15215190 0.30860629
vt 0.14573578 0.32284472
vt 0.13138884 0.33708333
vt 0.13501609 0.32300578
vt 0.12475193 0.32838290
vt 0.13501609 0.32300578
vt 0.13994774 0.31000000
vt 0.12893814 0.31404481
vt 0.07838290 0.46353787
vt 0.06404481 0.46312106
vt 0.07034493 0.45746046
vt 0.13501609 0.32300578
vt 0.12893814 0.31404481
vt 0.12475193 0.32838290
vt 0.13994774 0.46675540
vt 0.14580835 0.46328921
vt 0.13535425 0.46010098
vt 0.14580835 0.46328921
vt 0.15215190 0.45823443
vt 0.14188786 0.45547188
vt 0.13535425 0.46010098
vt 0.14188786 0.45547188
vt 0.13240506 0.45171586
vt 0.14580835 0.46328921
vt 0.14188786 0.45547188
vt 0.13535425 0.46010098
vt 0.07034493 0.45746046
vt 0.05524489 0.45521434
vt 0.06358096 0.45023826
vt 0.12497272 0.45521434
vt 0.13240506 0.45171586
vt 0.12442549 0.44725227
vt 0.06358096 0.45023826
vt 0.04950358 0.44725227
vt 0.05860629 0.44242092
vt 0.05524489 0.45521434
vt 0.04950358 0.44725227
vt 0.06358096 0.45023826
vt 0.13994774 0.46675540
vt 0.13535425 0.46010098
vt 0.12893814 0.46312106
vt 0.13535425 0.46010098
vt 0.13240506 0.45171586
vt 0.12497272 0.45521434
vt 0.06404481 0.46312106
vt 0.05524489 0.45521434
vt 0.07034493 0.45746046
vt 0.13535425 0.46010098
vt 0.12497272 0.45521434
vt 0.12893814 0.46312106
vt 0.08708333 0.46800769
vt 0.07838290 0.46353787
vt 0.09578376 0.46353787
vt 0.07838290 0.46353787
vt 0.07034493 0.45746046
vt 0.08708333 0.45823443
vt 0.09578376 0.46353787
vt 0.08708333 0.45823443
vt 0.10382174 0.45746046
vt 0.07838290 0.46353787
vt 0.08708333 0.45823443
vt 0.09578376 0.46353787
vt 0.07034493 0.45746046
vt 0.06358096 0.45023826
vt 0.07828342 0.45032771
vt 0.06358096 0.45023826
vt 0.05860629 0.44242092
vt 0.07228139 0.44242092
vt 0.07828342 0.45032771
vt 0.07228139 0.44242092
vt 0.08708333 0.44242092
vt 0.06358096 0.45023826
vt 0.07228139 0.44242092
vt 0.07828342 0.45032771
vt 0.10382174 0.45746046
vt 0.09588325 0.45032771
vt 0.11058571 0.45023826
vt 0.09588325 0.45032771
vt 0.08708333 0.44242092
vt 0.10188528 0.44242092
vt 0.11058571 0.45023826
vt 0.10188528 0.44242092
vt 0.11556037 0.44242092
vt 0.09588325 0.45032771
vt 0.10188528 0.44242092
vt 0.11058571 0.45023826
vt 0.07034493 0.45746046
vt 0.07828342 0.45032771
vt 0.08708333 0.45823443
vt 0.07828342 0.45032771
vt 0.08708333 0.44242092
vt 0.09588325 0.45032771
vt 0.08708333 0.45823443
vt 0.09588325 0.45032771
vt 0.10382174 0.45746046
vt 0.07828342 0.45032771
vt 0.09588325 0.45032771
vt 0.08708333 0.45823443
vt 0.17291496 0.33708333
vt 0.16928771 0.35116089
vt 0.17955187 0.34578376
vt 0.16928771 0.35116089
vt 0.16435606 0.36416667
vt 0.17536566 0.36012186
vt 0.09578376 0.46353787
vt 0.11012186 0.46312106
vt 0.10382174 0.45746046
vt 0.16928771 0.35116089
vt 0.17536566 0.36012186
vt 0.17955187 0.34578376
vt 0.16435606 0.46675540
vt 0.15849545 0.46328921
vt 0.16894954 0.46010098
vt 0.15849545 0.46328921
vt 0.15215190 0.45823443
vt 0.16241593 0.45547188
vt 0.16894954 0.46010098
vt 0.16241593 0.45547188
vt 0.17189873 0.45171586
vt 0.15849545 0.46328921
vt 0.16241593 0.45547188
vt 0.16894954 0.46010098
vt 0.10382174 0.45746046
vt 0.11892178 0.45521434
vt 0.11058571 0.45023826
vt 0.17933107 0.45521434
vt 0.17189873 0.45171586
vt 0.17987831 0.44725227
vt 0.11058571 0.45023826
vt 0.12466308 0.44725227
vt 0.11556037 0.44242092
vt 0.11892178 0.45521434
vt 0.12466308 0.44725227
vt 0.11058571 0.45023826
vt 0.16435606 0.46675540
vt 0.16894954 0.46010098
vt 0.17536566 0.46312106
vt 0.16894954 0.46010098
vt 0.17189873 0.45171586
vt 0.17933107 0.45521434
vt 0.11012186 0.46312106
vt 0.11892178 0.45521434
vt 0.10382174 0.45746046
vt 0.16894954 0.46010098
vt 0.17933107 0.45521434
vt 0.17536566 0.46312106
vt 0.15215190 0.45823443
vt 0.14188786 0.45547188
vt 0.15215190 0.45064053
vt 0.14188786 0.45547188
vt 0.13240506 0.45171586
vt 0.14177037 0.44730756
vt 0.15215190 0.45064053
vt 0.14177037 0.44730756
vt 0.15215190 0.44242092
vt 0.14188786 0.45547188
vt 0.14177037 0.44730756
vt 0.15215190 0.45064053
vt 0.13240506 0.45171586
vt 0.12442549 0.44725227
vt 0.13138884 0.44242092
vt 0.12466308 0.44725227
vt 0.11556037 0.44242092
vt 0.12466308 0.43758958
vt 0.13138884 0.44242092
vt 0.12442549 0.43758958
vt 0.13240506 0.43312599
vt 0.12442549 0.44725227
vt 0.12442549 0.43758958
vt 0.13138884 0.44242092
vt 0.15215190 0.44242092
vt 0.14177037 0.43753429
vt 0.15215190 0.43420132
vt 0.14177037 0.43753429
vt 0.13240506 0.43312599
vt 0.14188786 0.42936997
vt 0.15215190 0.43420132
vt 0.14188786 0.42936997
vt 0.15215190 0.42660742
vt 0.14177037 0.43753429
vt 0.14188786 0.42936997
vt 0.15215190 0.43420132
vt 0.13240506 0.45171586
vt 0.13138884 0.44242092
vt 0.14177037 0.44730756
vt 0.13138884 0.44242092
vt 0.13240506 0.43312599
vt 0.14177037 0.43753429
vt 0.14177037 0.44730756
vt 0.14177037 0.43753429
vt 0.15215190 0.44242092
vt 0.13138884 0.44242092
vt 0.14177037 0.43753429
vt 0.14177037 0.44730756
vt 0.11556037 0.44242092
vt 0.10188528 0.44242092
vt 0.11058571 0.43460359
vt 0.10188528 0.44242092
vt 0.08708333 0.44242092
vt 0.09588325 0.43451414
vt 0.11058571 0.43460359
vt 0.09588325 0.43451414
vt 0.10382174 0.42738139
vt 0.10188528 0.44242092
vt 0.09588325 0.43451414
vt 0.11058571 0.43460359
vt 0.08708333 0.44242092
vt 0.07228139 0.44242092
vt 0.07828342 0.43451414
vt 0.07228139 0.44242092
vt 0.05860629 0.44242092
vt 0.06358096 0.43460359
vt 0.07828342 0.43451414
vt 0.06358096 0.43460359
vt 0.07034493 0.42738139
vt 0.07228139 0.44242092
vt 0.06358096 0.43460359
vt 0.07828342 0.43451414
vt 0.10382174 0.42738139
vt 0.08708333 0.42660742
vt 0.09578376 0.42130398
vt 0.08708333 0.42660742
vt 0.07034493 0.42738139
vt 0.07838290 0.42130398
vt 0.09578376 0.42130398
vt 0.07838290 0.42130398
vt 0.08708333 0.41683416
vt 0.08708333 0.42660742
vt 0.07838290 0.42130398
vt 0.09578376 0.42130398
vt 0.08708333 0.44242092
vt 0.07828342 0.43451414
vt 0.09588325 0.43451414
vt 0.07828342 0.43451414
vt 0.07034493 0.42738139
vt 0.08708333 0.42660742
vt 0.09588325 0.43451414
vt 0.08708333 0.42660742
vt 0.10382174 0.42738139
vt 0.07828342 0.43451414
vt 0.08708333 0.42660742
vt 0.09588325 0.43451414
vt 0.05860629 0.44242092
vt 0.04950358 0.44725227
vt 0.04950358 0.43758958
vt 0.12442549 0.44725227
vt 0.13240506 0.45171586
vt 0.13138884 0.44242092
vt 0.12442549 0.43758958
vt 0.13138884 0.44242092
vt 0.13240506 0.43312599
vt 0.12442549 0.44725227
vt 0.13138884 0.44242092
vt 0.12442549 0.43758958
vt 0.13240506 0.45171586
vt 0.14188786 0.45547188
vt 0.14177037 0.44730756
vt 0.14188786 0.45547188
vt 0.15215190 0.45823443
vt 0.15215190 0.45064053
vt 0.14177037 0.44730756
vt 0.15215190 0.45064053
vt 0.15215190 0.44242092
vt 0.14188786 0.45547188
vt 0.15215190 0.45064053
vt 0.14177037 0.44730756
vt 0.13240506 0.43312599
vt 0.14177037 0.43753429
vt 0.14188786 0.42936997
vt 0.14177037 0.43753429
vt 0.15215190 0.44242092
vt 0.15215190 0.43420132
vt 0.14188786 0.42936997
vt 0.15215190 0.43420132
vt 0.15215190 0.42660742
vt 0.14177037 0.43753429
vt 0.15215190 0.43420132
vt 0.14188786 0.42936997
vt 0.13240506 0.45171586
vt 0.14177037 0.44730756
vt 0.13138884 0.44242092
vt 0.14177037 0.44730756
vt 0.15215190 0.44242092
vt 0.14177037 0.43753429
vt 0.13138884 0.44242092
vt 0.14177037 0.43753429
vt 0.13240506 0.43312599
vt 0.14177037 0.44730756
vt 0.14177037 0.43753429
vt 0.13138884 0.44242092
vt 0.15215190 0.45823443
vt 0.15849545 0.46328921
vt 0.16241593 0.45547188
vt 0.15849545 0.46328921
vt 0.16435606 0.46675540
vt 0.16894954 0.46010098
vt 0.16241593 0.45547188
vt 0.16894954 0.46010098
vt 0.17189873 0.45171586
vt 0.15849545 0.46328921
vt 0.16894954 0.46010098
vt 0.16241593 0.45547188
vt 0.16435606 0.31000000
vt 0.16928771 0.32300578
vt 0.17536566 0.31404481
vt 0.16928771 0.32300578
vt 0.17291496 0.33708333
vt 0.17955187 0.32838290
vt 0.06404481 0.46312106
vt 0.07838290 0.46353787
vt 0.07034493 0.45746046
vt 0.16928771 0.32300578
vt 0.17955187 0.32838290
vt 0.17536566 0.31404481
vt 0.17189873 0.45171586
vt 0.17933107 0.45521434
vt 0.17987831 0.44725227
vt 0.05524489 0.45521434
vt 0.07034493 0.45746046
vt 0.06358096 0.45023826
vt 0.04950358 0.44725227
vt 0.06358096 0.45023826
vt 0.05860629 0.44242092
vt 0.05524489 0.45521434
vt 0.06358096 0.45023826
vt 0.04950358 0.44725227
vt 0.16435606 0.46675540
vt 0.17536566 0.46312106
vt 0.16894954 0.46010098
vt 0.06404481 0.46312106
vt 0.07034493 0.45746046
vt 0.05524489 0.45521434
vt 0.16894954 0.46010098
vt 0.17933107 0.45521434
vt 0.17189873 0.45171586
vt 0.17536566 0.46312106
vt 0.17933107 0.45521434
vt 0.16894954 0.46010098
vt 0.17291496 0.33708333
vt 0.17955187 0.34578376
vt 0.16928771 0.35116089
vt 0.09578376 0.42130398
vt 0.10382174 0.42738139
vt 0.11012186 0.42172079
vt 0.16928771 0.35116089
vt 0.17536566 0.36012186
vt 0.16435606 0.36416667
vt 0.17955187 0.34578376
vt 0.17536566 0.36012186
vt 0.16928771 0.35116089
vt 0.10382174 0.42738139
vt 0.11058571 0.43460359
vt 0.11892178 0.42962751
vt 0.11058571 0.43460359
vt 0.11556037 0.44242092
vt 0.12466308 0.43758958
vt 0.17933107 0.42962751
vt 0.17987831 0.43758958
vt 0.17189873 0.43312599
vt 0.11058571 0.43460359
vt 0.12466308 0.43758958
vt 0.11892178 0.42962751
vt 0.16435606 0.41808645
vt 0.16894954 0.42474087
vt 0.15849545 0.42155263
vt 0.16894954 0.42474087
vt 0.17189873 0.43312599
vt 0.16241593 0.42936997
vt 0.15849545 0.42155263
vt 0.16241593 0.42936997
vt 0.15215190 0.42660742
vt 0.16894954 0.42474087
vt 0.16241593 0.42936997
vt 0.15849545 0.42155263
vt 0.10382174 0.42738139
vt 0.11892178 0.42962751
vt 0.11012186 0.42172079
vt 0.17933107 0.42962751
vt 0.17189873 0.43312599
vt 0.16894954 0.42474087
vt 0.17536566 0.42172079
vt 0.16894954 0.42474087
vt 0.16435606 0.41808645
vt 0.17933107 0.42962751
vt 0.16894954 0.42474087
vt 0.17536566 0.42172079
vt 0.17291496 0.33708333
vt 0.16928771 0.35116089
vt 0.16294416 0.33708333
vt 0.16928771 0.35116089
vt 0.16435606 0.36416667
vt 0.15856802 0.35132194
vt 0.16294416 0.33708333
vt 0.15856802 0.35132194
vt 0.15215190 0.33708333
vt 0.16928771 0.35116089
vt 0.15856802 0.35132194
vt 0.16294416 0.33708333
vt 0.16435606 0.36416667
vt 0.15849545 0.37511086
vt 0.15215190 0.36556037
vt 0.15849545 0.42155263
vt 0.15215190 0.42660742
vt 0.14580835 0.42155263
vt 0.15215190 0.36556037
vt 0.14580835 0.37511086
vt 0.13994774 0.36416667
vt 0.15849545 0.42155263
vt 0.14580835 0.42155263
vt 0.15215190 0.41683416
vt 0.15215190 0.33708333
vt 0.14573578 0.35132194
vt 0.14135964 0.33708333
vt 0.14573578 0.35132194
vt 0.13994774 0.36416667
vt 0.13501609 0.35116089
vt 0.14135964 0.33708333
vt 0.13501609 0.35116089
vt 0.13138884 0.33708333
vt 0.14573578 0.35132194
vt 0.13501609 0.35116089
vt 0.14135964 0.33708333
vt 0.16435606 0.36416667
vt 0.15215190 0.36556037
vt 0.15856802 0.35132194
vt 0.15215190 0.36556037
vt 0.13994774 0.36416667
vt 0.14573578 0.35132194
vt 0.15856802 0.35132194
vt 0.14573578 0.35132194
vt 0.15215190 0.33708333
vt 0.15215190 0.36556037
vt 0.14573578 0.35132194
vt 0.15856802 0.35132194
vt 0.17291496 0.33708333
vt 0.16294416 0.33708333
vt 0.16928771 0.32300578
vt 0.16294416 0.33708333
vt 0.15215190 0.33708333
vt 0.15856802 0.32284472
vt 0.16928771 0.32300578
vt 0.15856802 0.32284472
vt 0.16435606 0.31000000
vt 0.16294416 0.33708333
vt 0.15856802 0.32284472
vt 0.16928771 0.32300578
vt 0.15215190 0.33708333
vt 0.14135964 0.33708333
vt 0.14573578 0.32284472
vt 0.14135964 0.33708333
vt 0.13138884 0.33708333
vt 0.13501609 0.32300578
vt 0.14573578 0.32284472
vt 0.13501609 0.32300578
vt 0.13994774 0.31000000
vt 0.14135964 0.33708333
vt 0.13501609 0.32300578
vt 0.14573578 0.32284472
vt 0.16435606 0.31000000
vt 0.15215190 0.30860629
vt 0.15849545 0.29905581
vt 0.15215190 0.30860629
vt 0.13994774 0.31000000
vt 0.14580835 0.29905581
vt 0.15849545 0.42155263
vt 0.14580835 0.42155263
vt 0.15215190 0.42660742
vt 0.15215190 0.41683416
vt 0.14580835 0.42155263
vt 0.15849545 0.42155263
vt 0.15215190 0.33708333
vt 0.14573578 0.32284472
vt 0.15856802 0.32284472
vt 0.14573578 0.32284472
vt 0.13994774 0.31000000
vt 0.15215190 0.30860629
vt 0.15856802 0.32284472
vt 0.15215190 0.30860629
vt 0.16435606 0.31000000
vt 0.14573578 0.32284472
vt 0.15215190 0.30860629
vt 0.15856802 0.32284472
vt 0.17291496 0.33708333
vt 0.16928771 0.32300578
vt 0.17955187 0.32838290
vt 0.16928771 0.32300578
vt 0.16435606 0.31000000
vt 0.17536566 0.31404481
vt 0.07838290 0.42130398
vt 0.06404481 0.42172079
vt 0.07034493 0.42738139
vt 0.16928771 0.32300578
vt 0.17536566 0.31404481
vt 0.17955187 0.32838290
vt 0.16435606 0.41808645
vt 0.15849545 0.42155263
vt 0.16894954 0.42474087
vt 0.15849545 0.42155263
vt 0.15215190 0.42660742
vt 0.16241593 0.42936997
vt 0.16894954 0.42474087
vt 0.16241593 0.42936997
vt 0.17189873 0.43312599
vt 0.15849545 0.42155263
vt 0.16241593 0.42936997
vt 0.16894954 0.42474087
vt 0.07034493 0.42738139
vt 0.05524489 0.42962751
vt 0.06358096 0.43460359
vt 0.17933107 0.42962751
vt 0.17189873 0.43312599
vt 0.17987831 0.43758958
vt 0.06358096 0.43460359
vt 0.04950358 0.43758958
vt 0.05860629 0.44242092
vt 0.05524489 0.42962751
vt 0.04950358 0.43758958
vt 0.06358096 0.43460359
vt 0.16435606 0.41808645
vt 0.16894954 0.42474087
vt 0.17536566 0.42172079
vt 0.16894954 0.42474087
vt 0.17189873 0.43312599
vt 0.17933107 0.42962751
vt 0.06404481 0.42172079
vt 0.05524489 0.42962751
vt 0.07034493 0.42738139
vt 0.16894954 0.42474087
vt 0.17933107 0.42962751
vt 0.17536566 0.42172079
vt 0.08708333 0.41683416
vt 0.07838290 0.42130398
vt 0.09578376 0.42130398
vt 0.07838290 0.42130398
vt 0.07034493 0.42738139
vt 0.08708333 0.42660742
vt 0.09578376 0.42130398
vt 0.08708333 0.42660742
vt 0.10382174 0.42738139
vt 0.07838290 0.42130398
vt 0.08708333 0.42660742
vt 0.09578376 0.42130398
vt 0.07034493 0.42738139
vt 0.06358096 0.43460359
vt 0.07828342 0.43451414
vt 0.06358096 0.43460359
vt 0.05860629 0.44242092
vt 0.07228139 0.44242092
vt 0.07828342 0.43451414
vt 0.07228139 0.44242092
vt 0.08708333 0.44242092
vt 0.06358096 0.43460359
vt 0.07228139 0.44242092
vt 0.07828342 0.43451414
vt 0.10382174 0.42738139
vt 0.09588325 0.43451414
vt 0.11058571 0.43460359
vt 0.09588325 0.43451414
vt 0.08708333 0.44242092
vt 0.10188528 0.44242092
vt 0.11058571 0.43460359
vt 0.10188528 0.44242092
vt 0.11556037 0.44242092
vt 0.09588325 0.43451414
vt 0.10188528 0.44242092
vt 0.11058571 0.43460359
vt 0.07034493 0.42738139
vt 0.07828342 0.43451414
vt 0.08708333 0.42660742
vt 0.07828342 0.43451414
vt 0.08708333 0.44242092
vt 0.09588325 0.43451414
vt 0.08708333 0.42660742
vt 0.09588325 0.43451414
vt 0.10382174 0.42738139
vt 0.07828342 0.43451414
vt 0.09588325 0.43451414
vt 0.08708333 0.42660742
vt 0.15215190 0.42660742
vt 0.16241593 0.42936997
vt 0.15215190 0.43420132
vt 0.16241593 0.42936997
vt 0.17189873 0.43312599
vt 0.16253343 0.43753429
vt 0.15215190 0.43420132
vt 0.16253343 0.43753429
vt 0.15215190 0.44242092
vt 0.16241593 0.42936997
vt 0.16253343 0.43753429
vt 0.15215190 0.43420132
vt 0.17189873 0.43312599
vt 0.17987831 0.43758958
vt 0.17291496 0.44242092
vt 0.12466308 0.43758958
vt 0.11556037 0.44242092
vt 0.12466308 0.44725227
vt 0.17291496 0.44242092
vt 0.17987831 0.44725227
vt 0.17189873 0.45171586
vt 0.17987831 0.43758958
vt 0.17987831 0.44725227
vt 0.17291496 0.44242092
vt 0.15215190 0.44242092
vt 0.16253343 0.44730756
vt 0.15215190 0.45064053
vt 0.16253343 0.44730756
vt 0.17189873 0.45171586
vt 0.16241593 0.45547188
vt 0.15215190 0.45064053
vt 0.16241593 0.45547188
vt 0.15215190 0.45823443
vt 0.16253343 0.44730756
vt 0.16241593 0.45547188
vt 0.15215190 0.45064053
vt 0.17189873 0.43312599
vt 0.17291496 0.44242092
vt 0.16253343 0.43753429
vt 0.17291496 0.44242092
vt 0.17189873 0.45171586
vt 0.16253343 0.44730756
vt 0.16253343 0.43753429
vt 0.16253343 0.44730756
vt 0.15215190 0.44242092
vt 0.17291496 0.44242092
vt 0.16253343 0.44730756
vt 0.16253343 0.43753429
vt 0.13138884 0.33708333
vt 0.13501609 0.35116089
vt 0.12475193 0.34578376
vt 0.13501609 0.35116089
vt 0.13994774 0.36416667
vt 0.12893814 0.36012186
vt 0.09578376 0.42130398
vt 0.11012186 0.42172079
vt 0.10382174 0.42738139
vt 0.13501609 0.35116089
vt 0.12893814 0.36012186
vt 0.12475193 0.34578376
vt 0.13994774 0.41808645
vt 0.14580835 0.42155263
vt 0.13535425 0.42474087
vt 0.14580835 0.42155263
vt 0.15215190 0.42660742
vt 0.14188786 0.42936997
vt 0.13535425 0.42474087
vt 0.14188786 0.42936997
vt 0.13240506 0.43312599
vt 0.14580835 0.42155263
vt 0.14188786 0.42936997
vt 0.13535425 0.42474087
vt 0.10382174 0.42738139
vt 0.11892178 0.42962751
vt 0.11058571 0.43460359
vt 0.12497272 0.42962751
vt 0.13240506 0.43312599
vt 0.12442549 0.43758958
vt 0.11058571 0.43460359
vt 0.12466308 0.43758958
vt 0.11556037 0.44242092
vt 0.11892178 0.42962751
vt 0.12466308 0.43758958
vt 0.11058571 0.43460359
vt 0.13994774 0.41808645
vt 0.13535425 0.42474087
vt 0.12893814 0.42172079
vt 0.13535425 0.42474087
vt 0.13240506 0.43312599
vt 0.12497272 0.42962751
vt 0.11012186 0.42172079
vt 0.11892178 0.42962751
vt 0.10382174 0.42738139
vt 0.13535425 0.42474087
vt 0.12497272 0.42962751
vt 0.12893814 0.42172079
vt 0.15215190 0.42660742
vt 0.14580835 0.42155263
vt 0.14188786 0.42936997
vt 0.14580835 0.42155263
vt 0.13994774 0.41808645
vt 0.13535425 0.42474087
vt 0.14188786 0.42936997
vt 0.13535425 0.42474087
vt 0.13240506 0.43312599
vt 0.14580835 0.42155263
vt 0.13535425 0.42474087
vt 0.14188786 0.42936997
vt 0.13994774 0.31000000
vt 0.13501609 0.32300578
vt 0.12893814 0.31404481
vt 0.13501609 0.32300578
vt 0.13138884 0.33708333
vt 0.12475193 0.32838290
vt 0.06404481 0.42172079
vt 0.07838290 0.42130398
vt 0.07034493 0.42738139
vt 0.13501609 0.32300578
vt 0.12475193 0.32838290
vt 0.12893814 0.31404481
vt 0.13240506 0.43312599
vt 0.12497272 0.42962751
vt 0.12442549 0.43758958
vt 0.05524489 0.42962751
vt 0.07034493 0.42738139
vt 0.06358096 0.43460359
vt 0.04950358 0.43758958
vt 0.06358096 0.43460359
vt 0.05860629 0.44242092
vt 0.05524489 0.42962751
vt 0.06358096 0.43460359
vt 0.04950358 0.43758958
vt 0.13994774 0.41808645
vt 0.12893814 0.42172079
vt 0.13535425 0.42474087
vt 0.06404481 0.42172079
vt 0.07034493 0.42738139
vt 0.05524489 0.42962751
vt 0.13535425 0.42474087
vt 0.12497272 0.42962751
vt 0.13240506 0.43312599
vt 0.12893814 0.42172079
vt 0.12497272 0.42962751
vt 0.13535425 0.42474087
vt 0.05860629 0.44242092
vt 0.04950358 0.43758958
vt 0.04950358 0.44725227
vt 0.17987831 0.43758958
vt 0.17189873 0.43312599
vt 0.17291496 0.44242092
vt 0.17987831 0.44725227
vt 0.17291496 0.44242092
vt 0.17189873 0.45171586
vt 0.17987831 0.43758958
vt 0.17291496 0.44242092
vt 0.17987831 0.44725227
vt 0.17189873 0.43312599
vt 0.16241593 0.42936997
vt 0.16253343 0.43753429
vt 0.16241593 0.42936997
vt 0.15215190 0.42660742
vt 0.15215190 0.43420132
vt 0.16253343 0.43753429
vt 0.15215190 0.43420132
vt 0.15215190 0.44242092
vt 0.16241593 0.42936997
vt 0.15215190 0.43420132
vt 0.16253343 0.43753429
vt 0.17189873 0.45171586
vt 0.16253343 0.44730756
vt 0.16241593 0.45547188
vt 0.16253343 0.44730756
vt 0.15215190 0.44242092
vt 0.15215190 0.45064053
vt 0.16241593 0.45547188
vt 0.15215190 0.45064053
vt 0.15215190 0.45823443
vt 0.16253343 0.44730756
vt 0.15215190 0.45064053
vt 0.16241593 0.45547188
vt 0.17189873 0.43312599
vt 0.16253343 0.43753429
vt 0.17291496 0.44242092
vt 0.16253343 0.43753429
vt 0.15215190 0.44242092
vt 0.16253343 0.44730756
vt 0.17291496 0.44242092
vt 0.16253343 0.44730756
vt 0.17189873 0.45171586
vt 0.16253343 0.43753429
vt 0.16253343 0.44730756
vt 0.17291496 0.44242092
vt 0.11556037 0.44242092
vt 0.10188528 0.44242092
vt 0.11058571 0.45023826
vt 0.10188528 0.44242092
vt 0.08708333 0.44242092
vt 0.09588325 0.45032771
vt 0.11058571 0.45023826
vt 0.09588325 0.45032771
vt 0.10382174 0.45746046
vt 0.10188528 0.44242092
vt 0.09588325 0.45032771
vt 0.11058571 0.45023826
vt 0.08708333 0.44242092
vt 0.07228139 0.44242092
vt 0.07828342 0.45032771
vt 0.07228139 0.44242092
vt 0.05860629 0.44242092
vt 0.06358096 0.45023826
vt 0.07828342 0.45032771
vt 0.06358096 0.45023826
vt 0.07034493 0.45746046
vt 0.07228139 0.44242092
vt 0.06358096 0.45023826
vt 0.07828342 0.45032771
vt 0.10382174 0.45746046
vt 0.08708333 0.45823443
vt 0.09578376 0.46353787
vt 0.08708333 0.45823443
vt 0.07034493 0.45746046
vt 0.07838290 0.46353787
vt 0.09578376 0.46353787
vt 0.07838290 0.46353787
vt 0.08708333 0.46800769
vt 0.08708333 0.45823443
vt 0.07838290 0.46353787
vt 0.09578376 0.46353787
vt 0.08708333 0.44242092
vt 0.07828342 0.45032771
vt 0.09588325 0.45032771
vt 0.07828342 0.45032771
vt 0.07034493 0.45746046
vt 0.08708333 0.45823443
vt 0.09588325 0.45032771
vt 0.08708333 0.45823443
vt 0.10382174 0.45746046
vt 0.07828342 0.45032771
vt 0.08708333 0.45823443
vt 0.09588325 0.45032771
vt 0.15893987 0.33708333
vt 0.15215190 0.33708333
vt 0.15880942 0.33514597
vt 0.08708333 0.40804484
vt 0.08514597 0.40804484
vt 0.08708333 0.41449035
vt 0.15880942 0.33514597
vt 0.15215190 0.33708333
vt 0.15842312 0.33328300
vt 0.08514597 0.40804484
vt 0.08328300 0.40804484
vt 0.08708333 0.41449035
vt 0.15842312 0.33328300
vt 0.15215190 0.33708333
vt 0.15779591 0.33156628
vt 0.08328300 0.40804484
vt 0.08156628 0.40804484
vt 0.08708333 0.41449035
vt 0.15779591 0.33156628
vt 0.15215190 0.33708333
vt 0.15695174 0.33006135
vt 0.08156628 0.40804484
vt 0.08006135 0.40804484
vt 0.08708333 0.41449035
vt 0.15695174 0.33006135
vt 0.15215190 0.33708333
vt 0.15592305 0.32882635
vt 0.15695174 0.40804484
vt 0.15592305 0.40804484
vt 0.15215190 0.41449035
vt 0.15592305 0.32882635
vt 0.15215190 0.33708333
vt 0.15474959 0.32790876
vt 0.15592305 0.40804484
vt 0.15474959 0.40804484
vt 0.15215190 0.41449035
vt 0.15474959 0.32790876
vt 0.15215190 0.33708333
vt 0.15347617 0.32734363
vt 0.15474959 0.40804484
vt 0.15347617 0.40804484
vt 0.15215190 0.41449035
vt 0.15347617 0.32734363
vt 0.15215190 0.33708333
vt 0.15215190 0.32715278
vt 0.15347617 0.40804484
vt 0.15215190 0.40804484
vt 0.15215190 0.41449035
vt 0.15215190 0.32715278
vt 0.15215190 0.33708333
vt 0.15082763 0.32734363
vt 0.15215190 0.40804484
vt 0.15082763 0.40804484
vt 0.15215190 0.41449035
vt 0.15082763 0.32734363
vt 0.15215190 0.33708333
vt 0.14955420 0.32790876
vt 0.15082763 0.40804484
vt 0.14955420 0.40804484
vt 0.15215190 0.41449035
vt 0.14955420 0.32790876
vt 0.15215190 0.33708333
vt 0.14838075 0.32882635
vt 0.14955420 0.40804484
vt 0.14838075 0.40804484
vt 0.15215190 0.41449035
vt 0.14838075 0.32882635
vt 0.15215190 0.33708333
vt 0.14735206 0.33006135
vt 0.14838075 0.40804484
vt 0.14735206 0.40804484
vt 0.15215190 0.41449035
vt 0.14735206 0.33006135
vt 0.15215190 0.33708333
vt 0.14650788 0.33156628
vt 0.08006135 0.40804484
vt 0.08156628 0.40804484
vt 0.08708333 0.41449035
vt 0.14650788 0.33156628
vt 0.15215190 0.33708333
vt 0.14588067 0.33328300
vt 0.08156628 0.40804484
vt 0.08328300 0.40804484
vt 0.08708333 0.41449035
vt 0.14588067 0.33328300
vt 0.15215190 0.33708333
vt 0.14549438 0.33514597
vt 0.08328300 0.40804484
vt 0.08514597 0.40804484
vt 0.08708333 0.41449035
vt 0.14549438 0.33514597
vt 0.15215190 0.33708333
vt 0.14536392 0.33708333
vt 0.08514597 0.40804484
vt 0.08708333 0.40804484
vt 0.08708333 0.41449035
vt 0.14536392 0.33708333
vt 0.15215190 0.33708333
vt 0.14549438 0.33902069
vt 0.08708333 0.40804484
vt 0.08902069 0.40804484
vt 0.08708333 0.41449035
vt 0.14549438 0.33902069
vt 0.15215190 0.33708333
vt 0.14588067 0.34088367
vt 0.08902069 0.40804484
vt 0.09088367 0.40804484
vt 0.08708333 0.41449035
vt 0.14588067 0.34088367
vt 0.15215190 0.33708333
vt 0.14650788 0.34260039
vt 0.09088367 0.40804484
vt 0.09260039 0.40804484
vt 0.08708333 0.41449035
vt 0.14650788 0.34260039
vt 0.15215190 0.33708333
vt 0.14735206 0.34410532
vt 0.09260039 0.40804484
vt 0.09410532 0.40804484
vt 0.08708333 0.41449035
vt 0.14735206 0.34410532
vt 0.15215190 0.33708333
vt 0.14838075 0.34534032
vt 0.14735206 0.40804484
vt 0.14838075 0.40804484
vt 0.15215190 0.41449035
vt 0.14838075 0.34534032
vt 0.15215190 0.33708333
vt 0.14955420 0.34625790
vt 0.14838075 0.40804484
vt 0.14955420 0.40804484
vt 0.15215190 0.41449035
vt 0.14955420 0.34625790
vt 0.15215190 0.33708333
vt 0.15082763 0.34682304
vt 0.14955420 0.40804484
vt 0.15082763 0.40804484
vt 0.15215190 0.41449035
vt 0.15082763 0.34682304
vt 0.15215190 0.33708333
vt 0.15215190 0.34701389
vt 0.15082763 0.40804484
vt 0.15215190 0.40804484
vt 0.15215190 0.41449035
vt 0.15215190 0.34701389
vt 0.15215190 0.33708333
vt 0.15347617 0.34682304
vt 0.15215190 0.40804484
vt 0.15347617 0.40804484
vt 0.15215190 0.41449035
vt 0.15347617 0.34682304
vt 0.15215190 0.33708333
vt 0.15474959 0.34625790
vt 0.15347617 0.40804484
vt 0.15474959 0.40804484
vt 0.15215190 0.41449035
vt 0.15474959 0.34625790
vt 0.15215190 0.33708333
vt 0.15592305 0.34534032
vt 0.15474959 0.40804484
vt 0.15592305 0.40804484
vt 0.15215190 0.41449035
vt 0.15592305 0.34534032
vt 0.15215190 0.33708333
vt 0.15695174 0.34410532
vt 0.15592305 0.40804484
vt 0.15695174 0.40804484
vt 0.15215190 0.41449035
vt 0.15695174 0.34410532
vt 0.15215190 0.33708333
vt 0.15779591 0.34260039
vt 0.09410532 0.40804484
vt 0.09260039 0.40804484
vt 0.08708333 0.41449035
vt 0.15779591 0.34260039
vt 0.15215190 0.33708333
vt 0.15842312 0.34088367
vt 0.09260039 0.40804484
vt 0.09088367 0.40804484
vt 0.08708333 0.41449035
vt 0.15842312 0.34088367
vt 0.15215190 0.33708333
vt 0.15880942 0.33902069
vt 0.09088367 0.40804484
vt 0.08902069 0.40804484
vt 0.08708333 0.41449035
vt 0.15880942 0.33902069
vt 0.15215190 0.33708333
vt 0.15893987 0.33708333
vt 0.08902069 0.40804484
vt 0.08708333 0.40804484
vt 0.08708333 0.41449035
vt 0.65223730 0.08851785
vt 0.65215190 0.08708333
vt 0.65151988 0.08817768
vt 0.65223730 0.15594124
vt 0.65151988 0.15596902
vt 0.63946357 0.07787887
vt 0.63946357 0.07787887
vt 0.65151988 0.15596902
vt 0.63874614 0.07790666
vt 0.63946357 0.10567062
vt 0.63874614 0.10533046
vt 0.63937816 0.10423611
vt 0.65151988 0.08817768
vt 0.65215190 0.08708333
vt 0.65117270 0.08719654
vt 0.58817768 0.15596902
vt 0.58719654 0.15595420
vt 0.60533046 0.07790666
vt 0.60533046 0.07790666
vt 0.58719654 0.15595420
vt 0.60434932 0.07789183
vt 0.63874614 0.10533046
vt 0.63839897 0.10434932
vt 0.63937816 0.10423611
vt 0.65117270 0.08719654
vt 0.65215190 0.08708333
vt 0.65139917 0.08614896
vt 0.58719654 0.15595420
vt 0.58614896 0.15590550
vt 0.60434932 0.07789183
vt 0.60434932 0.07789183
vt 0.58614896 0.15590550
vt 0.60330174 0.07784313
vt 0.63839897 0.10434932
vt 0.63862544 0.10330174
vt 0.63937816 0.10423611
vt 0.65139917 0.08614896
vt 0.65215190 0.08708333
vt 0.65206649 0.08564882
vt 0.65139917 0.15590550
vt 0.65206649 0.15585143
vt 0.63862544 0.07784313
vt 0.63862544 0.07784313
vt 0.65206649 0.15585143
vt 0.63929276 0.07778906
vt 0.63862544 0.10330174
vt 0.63929276 0.10280160
vt 0.63937816 0.10423611
vt 0.65206649 0.08564882
vt 0.65215190 0.08708333
vt 0.65278392 0.08598899
vt 0.65206649 0.15585143
vt 0.65278392 0.15582364
vt 0.63929276 0.07778906
vt 0.63929276 0.07778906
vt 0.65278392 0.15582364
vt 0.64001019 0.07776128
vt 0.63929276 0.10280160
vt 0.64001019 0.10314176
vt 0.63937816 0.10423611
vt 0.65278392 0.08598899
vt 0.65215190 0.08708333
vt 0.65313109 0.08697012
vt 0.58598899 0.15582364
vt 0.58697013 0.15583847
vt 0.60314176 0.07776128
vt 0.60314176 0.07776128
vt 0.58697013 0.15583847
vt 0.60412290 0.07777610
vt 0.64001019 0.10314176
vt 0.64035736 0.10412290
vt 0.63937816 0.10423611
vt 0.65313109 0.08697012
vt 0.65215190 0.08708333
vt 0.65290462 0.08801771
vt 0.58697013 0.15583847
vt 0.58801771 0.15588716
vt 0.60412290 0.07777610
vt 0.60412290 0.07777610
vt 0.58801771 0.15588716
vt 0.60517049 0.07782480
vt 0.64035736 0.10412290
vt 0.64013089 0.10517049
vt 0.63937816 0.10423611
vt 0.65290462 0.08801771
vt 0.65215190 0.08708333
vt 0.65223730 0.08851785
vt 0.65290462 0.15588716
vt 0.65223730 0.15594124
vt 0.64013089 0.07782480
vt 0.64013089 0.07782480
vt 0.65223730 0.15594124
vt 0.63946357 0.07787887
vt 0.64013089 0.10517049
vt 0.63946357 0.10567062
vt 0.63937816 0.10423611
vt 0.63950886 0.10565907
vt 0.63937816 0.10423611
vt 0.63878959 0.10535447
vt 0.63950886 0.07789685
vt 0.63878959 0.07795586
vt 0.62389652 0.02776505
vt 0.62389652 0.02776505
vt 0.63878959 0.07795586
vt 0.62317724 0.02782407
vt 0.62389652 0.12281185
vt 0.62317724 0.12250725
vt 0.62376582 0.12138889
vt 0.63878959 0.10535447
vt 0.63937816 0.10423611
vt 0.63841514 0.10439464
vt 0.60535447 0.07795586
vt 0.60439464 0.07794347
vt 0.62250725 0.02782407
vt 0.62250725 0.02782407
vt 0.60439464 0.07794347
vt 0.62154742 0.02781168
vt 0.62317724 0.12250725
vt 0.62280279 0.12154742
vt 0.62376582 0.12138889
vt 0.63841514 0.10439464
vt 0.63937816 0.10423611
vt 0.63860471 0.10334200
vt 0.60439464 0.07794347
vt 0.60334200 0.07786691
vt 0.62154742 0.02781168
vt 0.62154742 0.02781168
vt 0.60334200 0.07786691
vt 0.62049478 0.02773512
vt 0.62280279 0.12154742
vt 0.62299236 0.12049478
vt 0.62376582 0.12138889
vt 0.63860471 0.10334200
vt 0.63937816 0.10423611
vt 0.63924747 0.10281315
vt 0.63860471 0.07786691
vt 0.63924747 0.07777109
vt 0.62299236 0.02773512
vt 0.62299236 0.02773512
vt 0.63924747 0.07777109
vt 0.62363512 0.02763929
vt 0.62299236 0.12049478
vt 0.62363512 0.11996593
vt 0.62376582 0.12138889
vt 0.63924747 0.10281315
vt 0.63937816 0.10423611
vt 0.63996674 0.10311775
vt 0.63924747 0.07777109
vt 0.63996674 0.07771208
vt 0.62363512 0.02763929
vt 0.62363512 0.02763929
vt 0.63996674 0.07771208
vt 0.62435440 0.02758028
vt 0.62363512 0.11996593
vt 0.62435440 0.12027053
vt 0.62376582 0.12138889
vt 0.63996674 0.10311775
vt 0.63937816 0.10423611
vt 0.64034119 0.10407758
vt 0.60311775 0.07771208
vt 0.60407758 0.07772447
vt 0.62027053 0.02758028
vt 0.62027053 0.02758028
vt 0.60407758 0.07772447
vt 0.62123036 0.02759267
vt 0.62435440 0.12027053
vt 0.62472885 0.12123036
vt 0.62376582 0.12138889
vt 0.64034119 0.10407758
vt 0.63937816 0.10423611
vt 0.64015162 0.10513022
vt 0.60407758 0.07772447
vt 0.60513022 0.07780102
vt 0.62123036 0.02759267
vt 0.62123036 0.02759267
vt 0.60513022 0.07780102
vt 0.62228300 0.02766923
vt 0.62472885 0.12123036
vt 0.62453928 0.12228300
vt 0.62376582 0.12138889
vt 0.64015162 0.10513022
vt 0.63937816 0.10423611
vt 0.63950886 0.10565907
vt 0.64015162 0.07780102
vt 0.63950886 0.07789685
vt 0.62453928 0.02766923
vt 0.62453928 0.02766923
vt 0.63950886 0.07789685
vt 0.62389652 0.02776505
vt 0.62453928 0.12228300
vt 0.62389652 0.12281185
vt 0.62376582 0.12138889
f 1/1/1 138/2/138 54/3/54
f 138/4/138 38/5/38 140/6/140
f 54/7/54 140/8/140 17/9/17
f 138/10/138 140/11/140 54/12/54
f 38/13/38 139/14/139 155/15/155
f 139/16/139 12/17/12 152/18/152
f 155/19/155 152/20/152 41/21/41
f 139/22/139 152/23/152 155/24/155
f 17/25/17 153/26/153 55/27/55
f 153/28/153 41/29/41 151/30/151
f 55/31/55 151/32/151 6/33/6
f 153/34/153 151/35/151 55/36/55
f 38/37/38 155/38/155 140/39/140
f 155/40/155 41/41/41 153/42/153
f 140/43/140 153/44/153 17/45/17
f 155/46/155 153/47/153 140/48/140
f 1/49/1 54/50/54 43/51/43
f 54/52/54 17/53/17 56/54/56
f 43/55/43 56/56/56 13/57/13
f 54/58/54 56/59/56 43/60/43
f 17/61/17 55/62/55 60/63/60
f 55/64/55 6/65/6 58/66/58
f 60/67/60 58/68/58 18/69/18
f 55/70/55 58/71/58 60/72/60
f 13/73/13 59/74/59 44/75/44
f 59/76/59 18/77/18 57/78/57
f 44/79/44 57/80/57 2/81/2
f 59/82/59 57/83/57 44/84/44
f 17/85/17 60/86/60 56/87/56
f 60/88/60 18/89/18 59/90/59
f 56/91/56 59/92/59 13/93/13
f 60/94/60 59/95/59 56/96/56
f 1/97/1 43/98/43 70/99/70
f 43/100/43 13/101/13 72/102/72
f 70/103/70 72/104/72 22/105/22
f 43/106/43 72/107/72 70/108/70
f 13/109/13 44/110/44 75/111/75
f 44/112/44 2/113/2 73/114/73
f 75/115/75 73/116/73 23/117/23
f 44/118/44 73/119/73 75/120/75
f 22/121/22 76/122/76 71/123/71
f 76/124/76 23/125/23 74/126/74
f 71/127/71 74/128/74 8/129/8
f 76/130/76 74/131/74 71/132/71
f 13/133/13 75/134/75 72/135/72
f 75/136/75 23/137/23 76/138/76
f 72/139/72 76/140/76 22/141/22
f 75/142/75 76/143/76 72/144/72
f 1/145/1 70/146/70 121/147/121
f 70/148/70 22/149/22 123/150/123
f 121/151/121 123/152/123 34/153/34
f 70/154/70 123/155/123 121/156/121
f 22/157/22 71/158/71 134/159/134
f 71/160/71 8/161/8 132/162/132
f 134/163/134 132/164/132 37/165/37
f 71/166/71 132/167/132 134/168/134
f 34/169/34 136/170/136 122/171/122
f 136/172/136 37/173/37 133/174/133
f 122/175/122 133/176/133 11/177/11
f 136/178/136 133/179/133 122/180/122
f 22/181/22 134/182/134 123/183/123
f 134/184/134 37/185/37 136/186/136
f 123/187/123 136/188/136 34/189/34
f 134/190/134 136/191/136 123/192/123
f 1/193/1 121/194/121 138/195/138
f 121/196/121 34/197/34 141/198/141
f 138/199/138 141/200/141 38/201/38
f 121/202/121 141/203/141 138/204/138
f 34/205/34 122/206/122 159/207/159
f 122/208/122 11/209/11 157/210/157
f 159/211/159 157/212/157 42/213/42
f 122/214/122 157/215/157 159/216/159
f 38/217/38 161/218/161 139/219/139
f 161/220/161 42/221/42 158/222/158
f 139/223/139 158/224/158 12/225/12
f 161/226/161 158/227/158 139/228/139
f 34/229/34 159/230/159 141/231/141
f 159/232/159 42/233/42 161/234/161
f 141/235/141 161/236/161 38/237/38
f 159/238/159 161/239/161 141/240/141
f 2/241/2 57/242/57 96/243/96
f 57/244/57 18/245/18 98/246/98
f 96/247/96 98/248/98 29/249/29
f 57/250/57 98/251/98 96/252/96
f 18/253/18 58/254/58 111/255/111
f 58/256/58 6/257/6 109/258/109
f 111/259/111 109/260/109 32/261/32
f 58/262/58 109/263/109 111/264/111
f 29/265/29 113/266/113 97/267/97
f 113/268/113 32/269/32 110/270/110
f 97/271/97 110/272/110 10/273/10
f 113/274/113 110/275/110 97/276/97
f 18/277/18 111/278/111 98/279/98
f 111/280/111 32/281/32 113/282/113
f 98/283/98 113/284/113 29/285/29
f 111/286/111 113/287/113 98/288/98
f 6/289/6 151/290/151 62/291/62
f 151/292/151 41/293/41 154/294/154
f 62/295/62 154/296/154 19/297/19
f 151/298/151 154/299/154 62/300/62
f 41/301/41 152/302/152 156/303/156
f 152/304/152 12/305/12 147/306/147
f 156/307/156 147/308/147 40/309/40
f 152/310/152 147/311/147 156/312/156
f 19/313/19 149/314/149 61/315/61
f 149/316/149 40/317/40 146/318/146
f 61/319/61 146/320/146 5/321/5
f 149/322/149 146/323/146 61/324/61
f 41/325/41 156/326/156 154/327/154
f 156/328/156 40/329/40 149/330/149
f 154/331/154 149/332/149 19/333/19
f 156/334/156 149/335/149 154/336/154
f 12/337/12 158/338/158 143/339/143
f 158/340/158 42/341/42 162/342/162
f 143/343/143 162/344/162 39/345/39
f 158/346/158 162/347/162 143/348/143
f 42/349/42 157/350/157 160/351/160
f 157/352/157 11/353/11 125/354/125
f 160/355/160 125/356/125 35/357/35
f 157/358/157 125/359/125 160/360/160
f 39/361/39 145/362/145 142/363/142
f 145/364/145 35/365/35 124/366/124
f 142/367/142 124/368/124 3/369/3
f 145/370/145 124/371/124 142/372/142
f 42/373/42 160/374/160 162/375/162
f 160/376/160 35/377/35 145/378/145
f 162/379/162 145/380/145 39/381/39
f 160/382/160 145/383/145 162/384/162
f 11/385/11 133/386/133 128/387/128
f 133/388/133 37/389/37 137/390/137
f 128/391/128 137/392/137 36/393/36
f 133/394/133 137/395/137 128/396/128
f 37/397/37 132/398/132 135/399/135
f 132/400/132 8/401/8 78/402/78
f 135/403/135 78/404/78 24/405/24
f 132/406/132 78/407/78 135/408/135
f 36/409/36 130/410/130 127/411/127
f 130/412/130 24/413/24 77/414/77
f 127/415/127 77/416/77 7/417/7
f 130/418/130 77/419/77 127/420/127
f 37/421/37 135/422/135 137/423/137
f 135/424/135 24/425/24 130/426/130
f 137/427/137 130/428/130 36/429/36
f 135/430/135 130/431/130 137/432/137
f 8/433/8 74/434/74 90/435/90
f 74/436/74 23/437/23 92/438/92
f 90/439/90 92/440/92 28/441/28
f 74/442/74 92/443/92 90/444/90
f 23/445/23 73/446/73 81/447/81
f 73/448/73 2/449/2 79/450/79
f 81/451/81 79/452/79 25/453/25
f 73/454/73 79/455/79 81/456/81
f 28/457/28 94/458/94 91/459/91
f 94/460/94 25/461/25 80/462/80
f 91/463/91 80/464/80 9/465/9
f 94/466/94 80/467/80 91/468/91
f 23/469/23 81/470/81 92/471/92
f 81/472/81 25/473/25 94/474/94
f 92/475/92 94/476/94 28/477/28
f 81/478/81 94/479/94 92/480/92
f 4/481/4 100/482/100 50/483/50
f 100/484/100 30/485/30 102/486/102
f 50/487/50 102/488/102 16/489/16
f 100/490/100 102/491/102 50/492/50
f 30/493/30 101/494/101 108/495/108
f 101/496/101 10/497/10 105/498/105
f 108/499/108 105/500/105 31/501/31
f 101/502/101 105/503/105 108/504/108
f 16/505/16 106/506/106 51/507/51
f 106/508/106 31/509/31 104/510/104
f 51/511/51 104/512/104 5/513/5
f 106/514/106 104/515/104 51/516/51
f 30/517/30 108/518/108 102/519/102
f 108/520/108 31/521/31 106/522/106
f 102/523/102 106/524/106 16/525/16
f 108/526/108 106/527/106 102/528/102
f 4/529/4 50/530/50 46/531/46
f 50/532/50 16/533/16 52/534/52
f 46/535/46 52/536/52 14/537/14
f 50/538/50 52/539/52 46/540/46
f 16/541/16 51/542/51 53/543/53
f 51/544/51 5/545/5 48/546/48
f 53/547/53 48/548/48 15/549/15
f 51/550/51 48/551/48 53/552/53
f 14/553/14 49/554/49 45/555/45
f 49/556/49 15/557/15 47/558/47
f 45/559/45 47/560/47 3/561/3
f 49/562/49 47/563/47 45/564/45
f 16/565/16 53/566/53 52/567/52
f 53/568/53 15/569/15 49/570/49
f 52/571/52 49/572/49 14/573/14
f 53/574/53 49/575/49 52/576/52
f 4/577/4 46/578/46 66/579/66
f 46/580/46 14/581/14 68/582/68
f 66/583/66 68/584/68 21/585/21
f 46/586/46 68/587/68 66/588/66
f 14/589/14 45/590/45 65/591/65
f 45/592/45 3/593/3 63/594/63
f 65/595/65 63/596/63 20/597/20
f 45/598/45 63/599/63 65/600/65
f 21/601/21 69/602/69 67/603/67
f 69/604/69 20/605/20 64/606/64
f 67/607/67 64/608/64 7/609/7
f 69/610/69 64/611/64 67/612/67
f 14/613/14 65/614/65 68/615/68
f 65/616/65 20/617/20 69/618/69
f 68/619/68 69/620/69 21/621/21
f 65/622/65 69/623/69 68/624/68
f 4/625/4 66/626/66 82/627/82
f 66/628/66 21/629/21 84/630/84
f 82/631/82 84/632/84 26/633/26
f 66/634/66 84/635/84 82/636/82
f 21/637/21 67/638/67 87/639/87
f 67/640/67 7/641/7 85/642/85
f 87/643/87 85/644/85 27/645/27
f 67/646/67 85/647/85 87/648/87
f 26/649/26 89/650/89 83/651/83
f 89/652/89 27/653/27 86/654/86
f 83/655/83 86/656/86 9/657/9
f 89/658/89 86/659/86 83/660/83
f 21/661/21 87/662/87 84/663/84
f 87/664/87 27/665/27 89/666/89
f 84/667/84 89/668/89 26/669/26
f 87/670/87 89/671/89 84/672/84
f 4/673/4 82/674/82 100/675/100
f 82/676/82 26/677/26 103/678/103
f 100/679/100 103/680/103 30/681/30
f 82/682/82 103/683/103 100/684/100
f 26/685/26 83/686/83 118/687/118
f 83/688/83 9/689/9 115/690/115
f 118/691/118 115/692/115 33/693/33
f 83/694/83 115/695/115 118/696/118
f 30/697/30 120/698/120 101/699/101
f 120/700/120 33/701/33 116/702/116
f 101/703/101 116/704/116 10/705/10
f 120/706/120 116/707/116 101/708/101
f 26/709/26 118/710/118 103/711/103
f 118/712/118 33/713/33 120/714/120
f 103/715/103 120/716/120 30/717/30
f 118/718/118 120/719/120 103/720/103
f 5/721/5 104/722/104 61/723/61
f 104/724/104 31/725/31 107/726/107
f 61/727/61 107/728/107 19/729/19
f 104/730/104 107/731/107 61/732/61
f 31/733/31 105/734/105 114/735/114
f 105/736/105 10/737/10 110/738/110
f 114/739/114 110/740/110 32/741/32
f 105/742/105 110/743/110 114/744/114
f 19/745/19 112/746/112 62/747/62
f 112/748/112 32/749/32 109/750/109
f 62/751/62 109/752/109 6/753/6
f 112/754/112 109/755/109 62/756/62
f 31/757/31 114/758/114 107/759/107
f 114/760/114 32/761/32 112/762/112
f 107/763/107 112/764/112 19/765/19
f 114/766/114 112/767/112 107/768/107
f 3/769/3 47/770/47 142/771/142
f 47/772/47 15/773/15 144/774/144
f 142/775/142 144/776/144 39/777/39
f 47/778/47 144/779/144 142/780/142
f 15/781/15 48/782/48 148/783/148
f 48/784/48 5/785/5 146/786/146
f 148/787/148 146/788/146 40/789/40
f 48/790/48 146/791/146 148/792/148
f 39/793/39 150/794/150 143/795/143
f 150/796/150 40/797/40 147/798/147
f 143/799/143 147/800/147 12/801/12
f 150/802/150 147/803/147 143/804/143
f 15/805/15 148/806/148 144/807/144
f 148/808/148 40/809/40 150/810/150
f 144/811/144 150/812/150 39/813/39
f 148/814/148 150/815/150 144/816/144
f 7/817/7 64/818/64 127/819/127
f 64/820/64 20/821/20 129/822/129
f 127/823/127 129/824/129 36/825/36
f 64/826/64 129/827/129 127/828/127
f 20/829/20 63/830/63 126/831/126
f 63/832/63 3/833/3 124/834/124
f 126/835/126 124/836/124 35/837/35
f 63/838/63 124/839/124 126/840/126
f 36/841/36 131/842/131 128/843/128
f 131/844/131 35/845/35 125/846/125
f 128/847/128 125/848/125 11/849/11
f 131/850/131 125/851/125 128/852/128
f 20/853/20 126/854/126 129/855/129
f 126/856/126 35/857/35 131/858/131
f 129/859/129 131/860/131 36/861/36
f 126/862/126 131/863/131 129/864/129
f 9/865/9 86/866/86 91/867/91
f 86/868/86 27/869/27 95/870/95
f 91/871/91 95/872/95 28/873/28
f 86/874/86 95/875/95 91/876/91
f 27/877/27 85/878/85 88/879/88
f 85/880/85 7/881/7 77/882/77
f 88/883/88 77/884/77 24/885/24
f 85/886/85 77/887/77 88/888/88
f 28/889/28 93/890/93 90/891/90
f 93/892/93 24/893/24 78/894/78
f 90/895/90 78/896/78 8/897/8
f 93/898/93 78/899/78 90/900/90
f 27/901/27 88/902/88 95/903/95
f 88/904/88 24/905/24 93/906/93
f 95/907/95 93/908/93 28/909/28
f 88/910/88 93/911/93 95/912/95
f 10/913/10 116/914/116 97/915/97
f 116/916/116 33/917/33 119/918/119
f 97/919/97 119/920/119 29/921/29
f 116/922/116 119/923/119 97/924/97
f 33/925/33 115/926/115 117/927/117
f 115/928/115 9/929/9 80/930/80
f 117/931/117 80/932/80 25/933/25
f 115/934/115 80/935/80 117/936/117
f 29/937/29 99/938/99 96/939/96
f 99/940/99 25/941/25 79/942/79
f 96/943/96 79/944/79 2/945/2
f 99/946/99 79/947/79 96/948/96
f 33/949/33 117/950/117 119/951/119
f 117/952/117 25/953/25 99/954/99
f 119/955/119 99/956/99 29/957/29
f 117/958/117 99/959/99 119/960/119
f 164/961/164 163/962/163 166/963/166
f 164/964/164 166/965/166 165/966/165
f 166/967/166 163/968/163 167/969/167
f 166/970/166 167/971/167 165/972/165
f 167/973/167 163/974/163 168/975/168
f 167/976/167 168/977/168 165/978/165
f 168/979/168 163/980/163 169/981/169
f 168/982/168 169/983/169 165/984/165
f 169/985/169 163/986/163 170/987/170
f 169/988/169 170/989/170 165/990/165
f 170/991/170 163/992/163 171/993/171
f 170/994/170 171/995/171 165/996/165
f 171/997/171 163/998/163 172/999/172
f 171/1000/171 172/1001/172 165/1002/165
f 172/1003/172 163/1004/163 173/1005/173
f 172/1006/172 173/1007/173 165/1008/165
f 173/1009/173 163/1010/163 174/1011/174
f 173/1012/173 174/1013/174 165/1014/165
f 174/1015/174 163/1016/163 175/1017/175
f 174/1018/174 175/1019/175 165/1020/165
f 175/1021/175 163/1022/163 176/1023/176
f 175/1024/175 176/1025/176 165/1026/165
f 176/1027/176 163/1028/163 177/1029/177
f 176/1030/176 177/1031/177 165/1032/165
f 177/1033/177 163/1034/163 178/1035/178
f 177/1036/177 178/1037/178 165/1038/165
f 178/1039/178 163/1040/163 179/1041/179
f 178/1042/178 179/1043/179 165/1044/165
f 179/1045/179 163/1046/163 180/1047/180
f 179/1048/179 180/1049/180 165/1050/165
f 180/1051/180 163/1052/163 181/1053/181
f 180/1054/180 181/1055/181 165/1056/165
f 181/1057/181 163/1058/163 182/1059/182
f 181/1060/181 182/1061/182 165/1062/165
f 182/1063/182 163/1064/163 183/1065/183
f 182/1066/182 183/1067/183 165/1068/165
f 183/1069/183 163/1070/163 184/1071/184
f 183/1072/183 184/1073/184 165/1074/165
f 184/1075/184 163/1076/163 185/1077/185
f 184/1078/184 185/1079/185 165/1080/165
f 185/1081/185 163/1082/163 186/1083/186
f 185/1084/185 186/1085/186 165/1086/165
f 186/1087/186 163/1088/163 187/1089/187
f 186/1090/186 187/1091/187 165/1092/165
f 187/1093/187 163/1094/163 188/1095/188
f 187/1096/187 188/1097/188 165/1098/165
f 188/1099/188 163/1100/163 189/1101/189
f 188/1102/188 189/1103/189 165/1104/165
f 189/1105/189 163/1106/163 190/1107/190
f 189/1108/189 190/1109/190 165/1110/165
f 190/1111/190 163/1112/163 191/1113/191
f 190/1114/190 191/1115/191 165/1116/165
f 191/1117/191 163/1118/163 192/1119/192
f 191/1120/191 192/1121/192 165/1122/165
f 192/1123/192 163/1124/163 193/1125/193
f 192/1126/192 193/1127/193 165/1128/165
f 193/1129/193 163/1130/163 194/1131/194
f 193/1132/193 194/1133/194 165/1134/165
f 194/1135/194 163/1136/163 195/1137/195
f 194/1138/194 195/1139/195 165/1140/165
f 195/1141/195 163/1142/163 196/1143/196
f 195/1144/195 196/1145/196 165/1146/165
f 196/1147/196 163/1148/163 164/1149/164
f 196/1150/196 164/1151/164 165/1152/165
usemtl gris
f 198/1153/198 197/1154/197 201/1155/201
f 198/1156/198 201/1157/201 199/1158/199
f 199/1159/199 201/1160/201 202/1161/202
f 199/1162/199 202/1163/202 200/1164/200
f 201/1165/201 197/1166/197 203/1167/203
f 201/1168/201 203/1169/203 202/1170/202
f 202/1171/202 203/1172/203 204/1173/204
f 202/1174/202 204/1175/204 200/1176/200
f 203/1177/203 197/1178/197 205/1179/205
f 203/1180/203 205/1181/205 204/1182/204
f 204/1183/204 205/1184/205 206/1185/206
f 204/1186/204 206/1187/206 200/1188/200
f 205/1189/205 197/1190/197 207/1191/207
f 205/1192/205 207/1193/207 206/1194/206
f 206/1195/206 207/1196/207 208/1197/208
f 206/1198/206 208/1199/208 200/1200/200
f 207/1201/207 197/1202/197 209/1203/209
f 207/1204/207 209/1205/209 208/1206/208
f 208/1207/208 209/1208/209 210/1209/210
f 208/1210/208 210/1211/210 200/1212/200
f 209/1213/209 197/1214/197 211/1215/211
f 209/1216/209 211/1217/211 210/1218/210
f 210/1219/210 211/1220/211 212/1221/212
f 210/1222/210 212/1223/212 200/1224/200
f 211/1225/211 197/1226/197 213/1227/213
f 211/1228/211 213/1229/213 212/1230/212
f 212/1231/212 213/1232/213 214/1233/214
f 212/1234/212 214/1235/214 200/1236/200
f 213/1237/213 197/1238/197 198/1239/198
f 213/1240/213 198/1241/198 214/1242/214
f 214/1243/214 198/1244/198 199/1245/199
f 214/1246/214 199/1247/199 200/1248/200
f 216/1249/216 215/1250/215 219/1251/219
f 216/1252/216 219/1253/219 217/1254/217
f 217/1255/217 219/1256/219 220/1257/220
f 217/1258/217 220/1259/220 218/1260/218
f 219/1261/219 215/1262/215 221/1263/221
f 219/1264/219 221/1265/221 220/1266/220
f 220/1267/220 221/1268/221 222/1269/222
f 220/1270/220 222/1271/222 218/1272/218
f 221/1273/221 215/1274/215 223/1275/223
f 221/1276/221 223/1277/223 222/1278/222
f 222/1279/222 223/1280/223 224/1281/224
f 222/1282/222 224/1283/224 218/1284/218
f 223/1285/223 215/1286/215 225/1287/225
f 223/1288/223 225/1289/225 224/1290/224
f 224/1291/224 225/1292/225 226/1293/226
f 224/1294/224 226/1295/226 218/1296/218
f 225/1297/225 215/1298/215 227/1299/227
f 225/1300/225 227/1301/227 226/1302/226
f 226/1303/226 227/1304/227 228/1305/228
f 226/1306/226 228/1307/228 218/1308/218
f 227/1309/227 215/1310/215 229/1311/229
f 227/1312/227 229/1313/229 228/1314/228
f 228/1315/228 229/1316/229 230/1317/230
f 228/1318/228 230/1319/230 218/1320/218
f 229/1321/229 215/1322/215 231/1323/231
f 229/1324/229 231/1325/231 230/1326/230
f 230/1327/230 231/1328/231 232/1329/232
f 230/1330/230 232/1331/232 218/1332/218
f 231/1333/231 215/1334/215 216/1335/216
f 231/1336/231 216/1337/216 232/1338/232
f 232/1339/232 216/1340/216 217/1341/217
f 232/1342/232 217/1343/217 218/1344/218
usemtl rosa_pastel
f 233/1345/233 370/1346/370 286/1347/286
f 370/1348/370 270/1349/270 372/1350/372
f 286/1351/286 372/1352/372 249/1353/249
f 370/1354/370 372/1355/372 286/1356/286
f 270/1357/270 371/1358/371 387/1359/387
f 371/1360/371 244/1361/244 384/1362/384
f 387/1363/387 384/1364/384 273/1365/273
f 371/1366/371 384/1367/384 387/1368/387
f 249/1369/249 385/1370/385 287/1371/287
f 385/1372/385 273/1373/273 383/1374/383
f 287/1375/287 383/1376/383 238/1377/238
f 385/1378/385 383/1379/383 287/1380/287
f 270/1381/270 387/1382/387 372/1383/372
f 387/1384/387 273/1385/273 385/1386/385
f 372/1387/372 385/1388/385 249/1389/249
f 387/1390/387 385/1391/385 372/1392/372
f 233/1393/233 286/1394/286 275/1395/275
f 286/1396/286 249/1397/249 288/1398/288
f 275/1399/275 288/1400/288 245/1401/245
f 286/1402/286 288/1403/288 275/1404/275
f 249/1405/249 287/1406/287 292/1407/292
f 287/1408/287 238/1409/238 290/1410/290
f 292/1411/292 290/1412/290 250/1413/250
f 287/1414/287 290/1415/290 292/1416/292
f 245/1417/245 291/1418/291 276/1419/276
f 291/1420/291 250/1421/250 289/1422/289
f 276/1423/276 289/1424/289 234/1425/234
f 291/1426/291 289/1427/289 276/1428/276
f 249/1429/249 292/1430/292 288/1431/288
f 292/1432/292 250/1433/250 291/1434/291
f 288/1435/288 291/1436/291 245/1437/245
f 292/1438/292 291/1439/291 288/1440/288
f 233/1441/233 275/1442/275 302/1443/302
f 275/1444/275 245/1445/245 304/1446/304
f 302/1447/302 304/1448/304 254/1449/254
f 275/1450/275 304/1451/304 302/1452/302
f 245/1453/245 276/1454/276 307/1455/307
f 276/1456/276 234/1457/234 305/1458/305
f 307/1459/307 305/1460/305 255/1461/255
f 276/1462/276 305/1463/305 307/1464/307
f 254/1465/254 308/1466/308 303/1467/303
f 308/1468/308 255/1469/255 306/1470/306
f 303/1471/303 306/1472/306 240/1473/240
f 308/1474/308 306/1475/306 303/1476/303
f 245/1477/245 307/1478/307 304/1479/304
f 307/1480/307 255/1481/255 308/1482/308
f 304/1483/304 308/1484/308 254/1485/254
f 307/1486/307 308/1487/308 304/1488/304
f 233/1489/233 302/1490/302 353/1491/353
f 302/1492/302 254/1493/254 355/1494/355
f 353/1495/353 355/1496/355 266/1497/266
f 302/1498/302 355/1499/355 353/1500/353
f 254/1501/254 303/1502/303 366/1503/366
f 303/1504/303 240/1505/240 364/1506/364
f 366/1507/366 364/1508/364 269/1509/269
f 303/1510/303 364/1511/364 366/1512/366
f 266/1513/266 368/1514/368 354/1515/354
f 368/1516/368 269/1517/269 365/1518/365
f 354/1519/354 365/1520/365 243/1521/243
f 368/1522/368 365/1523/365 354/1524/354
f 254/1525/254 366/1526/366 355/1527/355
f 366/1528/366 269/1529/269 368/1530/368
f 355/1531/355 368/1532/368 266/1533/266
f 366/1534/366 368/1535/368 355/1536/355
f 233/1537/233 353/1538/353 370/1539/370
f 353/1540/353 266/1541/266 373/1542/373
f 370/1543/370 373/1544/373 270/1545/270
f 353/1546/353 373/1547/373 370/1548/370
f 266/1549/266 354/1550/354 391/1551/391
f 354/1552/354 243/1553/243 389/1554/389
f 391/1555/391 389/1556/389 274/1557/274
f 354/1558/354 389/1559/389 391/1560/391
f 270/1561/270 393/1562/393 371/1563/371
f 393/1564/393 274/1565/274 390/1566/390
f 371/1567/371 390/1568/390 244/1569/244
f 393/1570/393 390/1571/390 371/1572/371
f 266/1573/266 391/1574/391 373/1575/373
f 391/1576/391 274/1577/274 393/1578/393
f 373/1579/373 393/1580/393 270/1581/270
f 391/1582/391 393/1583/393 373/1584/373
f 234/1585/234 289/1586/289 328/1587/328
f 289/1588/289 250/1589/250 330/1590/330
f 328/1591/328 330/1592/330 261/1593/261
f 289/1594/289 330/1595/330 328/1596/328
f 250/1597/250 290/1598/290 343/1599/343
f 290/1600/290 238/1601/238 341/1602/341
f 343/1603/343 341/1604/341 264/1605/264
f 290/1606/290 341/1607/341 343/1608/343
f 261/1609/261 345/1610/345 329/1611/329
f 345/1612/345 264/1613/264 342/1614/342
f 329/1615/329 342/1616/342 242/1617/242
f 345/1618/345 342/1619/342 329/1620/329
f 250/1621/250 343/1622/343 330/1623/330
f 343/1624/343 264/1625/264 345/1626/345
f 330/1627/330 345/1628/345 261/1629/261
f 343/1630/343 345/1631/345 330/1632/330
f 238/1633/238 383/1634/383 294/1635/294
f 383/1636/383 273/1637/273 386/1638/386
f 294/1639/294 386/1640/386 251/1641/251
f 383/1642/383 386/1643/386 294/1644/294
f 273/1645/273 384/1646/384 388/1647/388
f 384/1648/384 244/1649/244 379/1650/379
f 388/1651/388 379/1652/379 272/1653/272
f 384/1654/384 379/1655/379 388/1656/388
f 251/1657/251 381/1658/381 293/1659/293
f 381/1660/381 272/1661/272 378/1662/378
f 293/1663/293 378/1664/378 237/1665/237
f 381/1666/381 378/1667/378 293/1668/293
f 273/1669/273 388/1670/388 386/1671/386
f 388/1672/388 272/1673/272 381/1674/381
f 386/1675/386 381/1676/381 251/1677/251
f 388/1678/388 381/1679/381 386/1680/386
f 244/1681/244 390/1682/390 375/1683/375
f 390/1684/390 274/1685/274 394/1686/394
f 375/1687/375 394/1688/394 271/1689/271
f 390/1690/390 394/1691/394 375/1692/375
f 274/1693/274 389/1694/389 392/1695/392
f 389/1696/389 243/1697/243 357/1698/357
f 392/1699/392 357/1700/357 267/1701/267
f 389/1702/389 357/1703/357 392/1704/392
f 271/1705/271 377/1706/377 374/1707/374
f 377/1708/377 267/1709/267 356/1710/356
f 374/1711/374 356/1712/356 235/1713/235
f 377/1714/377 356/1715/356 374/1716/374
f 274/1717/274 392/1718/392 394/1719/394
f 392/1720/392 267/1721/267 377/1722/377
f 394/1723/394 377/1724/377 271/1725/271
f 392/1726/392 377/1727/377 394/1728/394
f 243/1729/243 365/1730/365 360/1731/360
f 365/1732/365 269/1733/269 369/1734/369
f 360/1735/360 369/1736/369 268/1737/268
f 365/1738/365 369/1739/369 360/1740/360
f 269/1741/269 364/1742/364 367/1743/367
f 364/1744/364 240/1745/240 310/1746/310
f 367/1747/367 310/1748/310 256/1749/256
f 364/1750/364 310/1751/310 367/1752/367
f 268/1753/268 362/1754/362 359/1755/359
f 362/1756/362 256/1757/256 309/1758/309
f 359/1759/359 309/1760/309 239/1761/239
f 362/1762/362 309/1763/309 359/1764/359
f 269/1765/269 367/1766/367 369/1767/369
f 367/1768/367 256/1769/256 362/1770/362
f 369/1771/369 362/1772/362 268/1773/268
f 367/1774/367 362/1775/362 369/1776/369
f 240/1777/240 306/1778/306 322/1779/322
f 306/1780/306 255/1781/255 324/1782/324
f 322/1783/322 324/1784/324 260/1785/260
f 306/1786/306 324/1787/324 322/1788/322
f 255/1789/255 305/1790/305 313/1791/313
f 305/1792/305 234/1793/234 311/1794/311
f 313/1795/313 311/1796/311 257/1797/257
f 305/1798/305 311/1799/311 313/1800/313
f 260/1801/260 326/1802/326 323/1803/323
f 326/1804/326 257/1805/257 312/1806/312
f 323/1807/323 312/1808/312 241/1809/241
f 326/1810/326 312/1811/312 323/1812/323
f 255/1813/255 313/1814/313 324/1815/324
f 313/1816/313 257/1817/257 326/1818/326
f 324/1819/324 326/1820/326 260/1821/260
f 313/1822/313 326/1823/326 324/1824/324
f 236/1825/236 332/1826/332 282/1827/282
f 332/1828/332 262/1829/262 334/1830/334
f 282/1831/282 334/1832/334 248/1833/248
f 332/1834/332 334/1835/334 282/1836/282
f 262/1837/262 333/1838/333 340/1839/340
f 333/1840/333 242/1841/242 337/1842/337
f 340/1843/340 337/1844/337 263/1845/263
f 333/1846/333 337/1847/337 340/1848/340
f 248/1849/248 338/1850/338 283/1851/283
f 338/1852/338 263/1853/263 336/1854/336
f 283/1855/283 336/1856/336 237/1857/237
f 338/1858/338 336/1859/336 283/1860/283
f 262/1861/262 340/1862/340 334/1863/334
f 340/1864/340 263/1865/263 338/1866/338
f 334/1867/334 338/1868/338 248/1869/248
f 340/1870/340 338/1871/338 334/1872/334
f 236/1873/236 282/1874/282 278/1875/278
f 282/1876/282 248/1877/248 284/1878/284
f 278/1879/278 284/1880/284 246/1881/246
f 282/1882/282 284/1883/284 278/1884/278
f 248/1885/248 283/1886/283 285/1887/285
f 283/1888/283 237/1889/237 280/1890/280
f 285/1891/285 280/1892/280 247/1893/247
f 283/1894/283 280/1895/280 285/1896/285
f 246/1897/246 281/1898/281 277/1899/277
f 281/1900/281 247/1901/247 279/1902/279
f 277/1903/277 279/1904/279 235/1905/235
f 281/1906/281 279/1907/279 277/1908/277
f 248/1909/248 285/1910/285 284/1911/284
f 285/1912/285 247/1913/247 281/1914/281
f 284/1915/284 281/1916/281 246/1917/246
f 285/1918/285 281/1919/281 284/1920/284
f 236/1921/236 278/1922/278 298/1923/298
f 278/1924/278 246/1925/246 300/1926/300
f 298/1927/298 300/1928/300 253/1929/253
f 278/1930/278 300/1931/300 298/1932/298
f 246/1933/246 277/1934/277 297/1935/297
f 277/1936/277 235/1937/235 295/1938/295
f 297/1939/297 295/1940/295 252/1941/252
f 277/1942/277 295/1943/295 297/1944/297
f 253/1945/253 301/1946/301 299/1947/299
f 301/1948/301 252/1949/252 296/1950/296
f 299/1951/299 296/1952/296 239/1953/239
f 301/1954/301 296/1955/296 299/1956/299
f 246/1957/246 297/1958/297 300/1959/300
f 297/1960/297 252/1961/252 301/1962/301
f 300/1963/300 301/1964/301 253/1965/253
f 297/1966/297 301/1967/301 300/1968/300
f 236/1969/236 298/1970/298 314/1971/314
f 298/1972/298 253/1973/253 316/1974/316
f 314/1975/314 316/1976/316 258/1977/258
f 298/1978/298 316/1979/316 314/1980/314
f 253/1981/253 299/1982/299 319/1983/319
f 299/1984/299 239/1985/239 317/1986/317
f 319/1987/319 317/1988/317 259/1989/259
f 299/1990/299 317/1991/317 319/1992/319
f 258/1993/258 321/1994/321 315/1995/315
f 321/1996/321 259/1997/259 318/1998/318
f 315/1999/315 318/2000/318 241/2001/241
f 321/2002/321 318/2003/318 315/2004/315
f 253/2005/253 319/2006/319 316/2007/316
f 319/2008/319 259/2009/259 321/2010/321
f 316/2011/316 321/2012/321 258/2013/258
f 319/2014/319 321/2015/321 316/2016/316
f 236/2017/236 314/2018/314 332/2019/332
f 314/2020/314 258/2021/258 335/2022/335
f 332/2023/332 335/2024/335 262/2025/262
f 314/2026/314 335/2027/335 332/2028/332
f 258/2029/258 315/2030/315 350/2031/350
f 315/2032/315 241/2033/241 347/2034/347
f 350/2035/350 347/2036/347 265/2037/265
f 315/2038/315 347/2039/347 350/2040/350
f 262/2041/262 352/2042/352 333/2043/333
f 352/2044/352 265/2045/265 348/2046/348
f 333/2047/333 348/2048/348 242/2049/242
f 352/2050/352 348/2051/348 333/2052/333
f 258/2053/258 350/2054/350 335/2055/335
f 350/2056/350 265/2057/265 352/2058/352
f 335/2059/335 352/2060/352 262/2061/262
f 350/2062/350 352/2063/352 335/2064/335
f 237/2065/237 336/2066/336 293/2067/293
f 336/2068/336 263/2069/263 339/2070/339
f 293/2071/293 339/2072/339 251/2073/251
f 336/2074/336 339/2075/339 293/2076/293
f 263/2077/263 337/2078/337 346/2079/346
f 337/2080/337 242/2081/242 342/2082/342
f 346/2083/346 342/2084/342 264/2085/264
f 337/2086/337 342/2087/342 346/2088/346
f 251/2089/251 344/2090/344 294/2091/294
f 344/2092/344 264/2093/264 341/2094/341
f 294/2095/294 341/2096/341 238/2097/238
f 344/2098/344 341/2099/341 294/2100/294
f 263/2101/263 346/2102/346 339/2103/339
f 346/2104/346 264/2105/264 344/2106/344
f 339/2107/339 344/2108/344 251/2109/251
f 346/2110/346 344/2111/344 339/2112/339
f 235/2113/235 279/2114/279 374/2115/374
f 279/2116/279 247/2117/247 376/2118/376
f 374/2119/374 376/2120/376 271/2121/271
f 279/2122/279 376/2123/376 374/2124/374
f 247/2125/247 280/2126/280 380/2127/380
f 280/2128/280 237/2129/237 378/2130/378
f 380/2131/380 378/2132/378 272/2133/272
f 280/2134/280 378/2135/378 380/2136/380
f 271/2137/271 382/2138/382 375/2139/375
f 382/2140/382 272/2141/272 379/2142/379
f 375/2143/375 379/2144/379 244/2145/244
f 382/2146/382 379/2147/379 375/2148/375
f 247/2149/247 380/2150/380 376/2151/376
f 380/2152/380 272/2153/272 382/2154/382
f 376/2155/376 382/2156/382 271/2157/271
f 380/2158/380 382/2159/382 376/2160/376
f 239/2161/239 296/2162/296 359/2163/359
f 296/2164/296 252/2165/252 361/2166/361
f 359/2167/359 361/2168/361 268/2169/268
f 296/2170/296 361/2171/361 359/2172/359
f 252/2173/252 295/2174/295 358/2175/358
f 295/2176/295 235/2177/235 356/2178/356
f 358/2179/358 356/2180/356 267/2181/267
f 295/2182/295 356/2183/356 358/2184/358
f 268/2185/268 363/2186/363 360/2187/360
f 363/2188/363 267/2189/267 357/2190/357
f 360/2191/360 357/2192/357 243/2193/243
f 363/2194/363 357/2195/357 360/2196/360
f 252/2197/252 358/2198/358 361/2199/361
f 358/2200/358 267/2201/267 363/2202/363
f 361/2203/361 363/2204/363 268/2205/268
f 358/2206/358 363/2207/363 361/2208/361
f 241/2209/241 318/2210/318 323/2211/323
f 318/2212/318 259/2213/259 327/2214/327
f 323/2215/323 327/2216/327 260/2217/260
f 318/2218/318 327/2219/327 323/2220/323
f 259/2221/259 317/2222/317 320/2223/320
f 317/2224/317 239/2225/239 309/2226/309
f 320/2227/320 309/2228/309 256/2229/256
f 317/2230/317 309/2231/309 320/2232/320
f 260/2233/260 325/2234/325 322/2235/322
f 325/2236/325 256/2237/256 310/2238/310
f 322/2239/322 310/2240/310 240/2241/240
f 325/2242/325 310/2243/310 322/2244/322
f 259/2245/259 320/2246/320 327/2247/327
f 320/2248/320 256/2249/256 325/2250/325
f 327/2251/327 325/2252/325 260/2253/260
f 320/2254/320 325/2255/325 327/2256/327
f 242/2257/242 348/2258/348 329/2259/329
f 348/2260/348 265/2261/265 351/2262/351
f 329/2263/329 351/2264/351 261/2265/261
f 348/2266/348 351/2267/351 329/2268/329
f 265/2269/265 347/2270/347 349/2271/349
f 347/2272/347 241/2273/241 312/2274/312
f 349/2275/349 312/2276/312 257/2277/257
f 347/2278/347 312/2279/312 349/2280/349
f 261/2281/261 331/2282/331 328/2283/328
f 331/2284/331 257/2285/257 311/2286/311
f 328/2287/328 311/2288/311 234/2289/234
f 331/2290/331 311/2291/311 328/2292/328
f 265/2293/265 349/2294/349 351/2295/351
f 349/2296/349 257/2297/257 331/2298/331
f 351/2299/351 331/2300/331 261/2301/261
f 349/2302/349 331/2303/331 351/2304/351
f 396/2305/396 395/2306/395 398/2307/398
f 396/2308/396 398/2309/398 397/2310/397
f 398/2311/398 395/2312/395 399/2313/399
f 398/2314/398 399/2315/399 397/2316/397
f 399/2317/399 395/2318/395 400/2319/400
f 399/2320/399 400/2321/400 397/2322/397
f 400/2323/400 395/2324/395 401/2325/401
f 400/2326/400 401/2327/401 397/2328/397
f 401/2329/401 395/2330/395 402/2331/402
f 401/2332/401 402/2333/402 397/2334/397
f 402/2335/402 395/2336/395 403/2337/403
f 402/2338/402 403/2339/403 397/2340/397
f 403/2341/403 395/2342/395 404/2343/404
f 403/2344/403 404/2345/404 397/2346/397
f 404/2347/404 395/2348/395 405/2349/405
f 404/2350/404 405/2351/405 397/2352/397
f 405/2353/405 395/2354/395 406/2355/406
f 405/2356/405 406/2357/406 397/2358/397
f 406/2359/406 395/2360/395 407/2361/407
f 406/2362/406 407/2363/407 397/2364/397
f 407/2365/407 395/2366/395 408/2367/408
f 407/2368/407 408/2369/408 397/2370/397
f 408/2371/408 395/2372/395 409/2373/409
f 408/2374/408 409/2375/409 397/2376/397
f 409/2377/409 395/2378/395 410/2379/410
f 409/2380/409 410/2381/410 397/2382/397
f 410/2383/410 395/2384/395 411/2385/411
f 410/2386/410 411/2387/411 397/2388/397
f 411/2389/411 395/2390/395 412/2391/412
f 411/2392/411 412/2393/412 397/2394/397
f 412/2395/412 395/2396/395 413/2397/413
f 412/2398/412 413/2399/413 397/2400/397
f 413/2401/413 395/2402/395 414/2403/414
f 413/2404/413 414/2405/414 397/2406/397
f 414/2407/414 395/2408/395 415/2409/415
f 414/2410/414 415/2411/415 397/2412/397
f 415/2413/415 395/2414/395 416/2415/416
f 415/2416/415 416/2417/416 397/2418/397
f 416/2419/416 395/2420/395 417/2421/417
f 416/2422/416 417/2423/417 397/2424/397
f 417/2425/417 395/2426/395 418/2427/418
f 417/2428/417 418/2429/418 397/2430/397
f 418/2431/418 395/2432/395 419/2433/419
f 418/2434/418 419/2435/419 397/2436/397
f 419/2437/419 395/2438/395 420/2439/420
f 419/2440/419 420/2441/420 397/2442/397
f 420/2443/420 395/2444/395 421/2445/421
f 420/2446/420 421/2447/421 397/2448/397
f 421/2449/421 395/2450/395 422/2451/422
f 421/2452/421 422/2453/422 397/2454/397
f 422/2455/422 395/2456/395 423/2457/423
f 422/2458/422 423/2459/423 397/2460/397
f 423/2461/423 395/2462/395 424/2463/424
f 423/2464/423 424/2465/424 397/2466/397
f 424/2467/424 395/2468/395 425/2469/425
f 424/2470/424 425/2471/425 397/2472/397
f 425/2473/425 395/2474/395 426/2475/426
f 425/2476/425 426/2477/426 397/2478/397
f 426/2479/426 395/2480/395 427/2481/427
f 426/2482/426 427/2483/427 397/2484/397
f 427/2485/427 395/2486/395 428/2487/428
f 427/2488/427 428/2489/428 397/2490/397
f 428/2491/428 395/2492/395 396/2493/396
f 428/2494/428 396/2495/396 397/2496/397
usemtl gris
f 430/2497/430 429/2498/429 433/2499/433
f 430/2500/430 433/2501/433 431/2502/431
f 431/2503/431 433/2504/433 434/2505/434
f 431/2506/431 434/2507/434 432/2508/432
f 433/2509/433 429/2510/429 435/2511/435
f 433/2512/433 435/2513/435 434/2514/434
f 434/2515/434 435/2516/435 436/2517/436
f 434/2518/434 436/2519/436 432/2520/432
f 435/2521/435 429/2522/429 437/2523/437
f 435/2524/435 437/2525/437 436/2526/436
f 436/2527/436 437/2528/437 438/2529/438
f 436/2530/436 438/2531/438 432/2532/432
f 437/2533/437 429/2534/429 439/2535/439
f 437/2536/437 439/2537/439 438/2538/438
f 438/2539/438 439/2540/439 440/2541/440
f 438/2542/438 440/2543/440 432/2544/432
f 439/2545/439 429/2546/429 441/2547/441
f 439/2548/439 441/2549/441 440/2550/440
f 440/2551/440 441/2552/441 442/2553/442
f 440/2554/440 442/2555/442 432/2556/432
f 441/2557/441 429/2558/429 443/2559/443
f 441/2560/441 443/2561/443 442/2562/442
f 442/2563/442 443/2564/443 444/2565/444
f 442/2566/442 444/2567/444 432/2568/432
f 443/2569/443 429/2570/429 445/2571/445
f 443/2572/443 445/2573/445 444/2574/444
f 444/2575/444 445/2576/445 446/2577/446
f 444/2578/444 446/2579/446 432/2580/432
f 445/2581/445 429/2582/429 430/2583/430
f 445/2584/445 430/2585/430 446/2586/446
f 446/2587/446 430/2588/430 431/2589/431
f 446/2590/446 431/2591/431 432/2592/432
f 448/2593/448 447/2594/447 451/2595/451
f 448/2596/448 451/2597/451 449/2598/449
f 449/2599/449 451/2600/451 452/2601/452
f 449/2602/449 452/2603/452 450/2604/450
f 451/2605/451 447/2606/447 453/2607/453
f 451/2608/451 453/2609/453 452/2610/452
f 452/2611/452 453/2612/453 454/2613/454
f 452/2614/452 454/2615/454 450/2616/450
f 453/2617/453 447/2618/447 455/2619/455
f 453/2620/453 455/2621/455 454/2622/454
f 454/2623/454 455/2624/455 456/2625/456
f 454/2626/454 456/2627/456 450/2628/450
f 455/2629/455 447/2630/447 457/2631/457
f 455/2632/455 457/2633/457 456/2634/456
f 456/2635/456 457/2636/457 458/2637/458
f 456/2638/456 458/2639/458 450/2640/450
f 457/2641/457 447/2642/447 459/2643/459
f 457/2644/457 459/2645/459 458/2646/458
f 458/2647/458 459/2648/459 460/2649/460
f 458/2650/458 460/2651/460 450/2652/450
f 459/2653/459 447/2654/447 461/2655/461
f 459/2656/459 461/2657/461 460/2658/460
f 460/2659/460 461/2660/461 462/2661/462
f 460/2662/460 462/2663/462 450/2664/450
f 461/2665/461 447/2666/447 463/2667/463
f 461/2668/461 463/2669/463 462/2670/462
f 462/2671/462 463/2672/463 464/2673/464
f 462/2674/462 464/2675/464 450/2676/450
f 463/2677/463 447/2678/447 448/2679/448
f 463/2680/463 448/2681/448 464/2682/464
f 464/2683/464 448/2684/448 449/2685/449
f 464/2686/464 449/2687/449 450/2688/450
usemtl azul
f 465/2689/465 602/2690/602 518/2691/518
f 602/2692/602 502/2693/502 604/2694/604
f 518/2695/518 604/2696/604 481/2697/481
f 602/2698/602 604/2699/604 518/2700/518
f 502/2701/502 603/2702/603 619/2703/619
f 603/2704/603 476/2705/476 616/2706/616
f 619/2707/619 616/2708/616 505/2709/505
f 603/2710/603 616/2711/616 619/2712/619
f 481/2713/481 617/2714/617 519/2715/519
f 617/2716/617 505/2717/505 615/2718/615
f 519/2719/519 615/2720/615 470/2721/470
f 617/2722/617 615/2723/615 519/2724/519
f 502/2725/502 619/2726/619 604/2727/604
f 619/2728/619 505/2729/505 617/2730/617
f 604/2731/604 617/2732/617 481/2733/481
f 619/2734/619 617/2735/617 604/2736/604
f 465/2737/465 518/2738/518 507/2739/507
f 518/2740/518 481/2741/481 520/2742/520
f 507/2743/507 520/2744/520 477/2745/477
f 518/2746/518 520/2747/520 507/2748/507
f 481/2749/481 519/2750/519 524/2751/524
f 519/2752/519 470/2753/470 522/2754/522
f 524/2755/524 522/2756/522 482/2757/482
f 519/2758/519 522/2759/522 524/2760/524
f 477/2761/477 523/2762/523 508/2763/508
f 523/2764/523 482/2765/482 521/2766/521
f 508/2767/508 521/2768/521 466/2769/466
f 523/2770/523 521/2771/521 508/2772/508
f 481/2773/481 524/2774/524 520/2775/520
f 524/2776/524 482/2777/482 523/2778/523
f 520/2779/520 523/2780/523 477/2781/477
f 524/2782/524 523/2783/523 520/2784/520
f 465/2785/465 507/2786/507 534/2787/534
f 507/2788/507 477/2789/477 536/2790/536
f 534/2791/534 536/2792/536 486/2793/486
f 507/2794/507 536/2795/536 534/2796/534
f 477/2797/477 508/2798/508 539/2799/539
f 508/2800/508 466/2801/466 537/2802/537
f 539/2803/539 537/2804/537 487/2805/487
f 508/2806/508 537/2807/537 539/2808/539
f 486/2809/486 540/2810/540 535/2811/535
f 540/2812/540 487/2813/487 538/2814/538
f 535/2815/535 538/2816/538 472/2817/472
f 540/2818/540 538/2819/538 535/2820/535
f 477/2821/477 539/2822/539 536/2823/536
f 539/2824/539 487/2825/487 540/2826/540
f 536/2827/536 540/2828/540 486/2829/486
f 539/2830/539 540/2831/540 536/2832/536
f 465/2833/465 534/2834/534 585/2835/585
f 534/2836/534 486/2837/486 587/2838/587
f 585/2839/585 587/2840/587 498/2841/498
f 534/2842/534 587/2843/587 585/2844/585
f 486/2845/486 535/2846/535 598/2847/598
f 535/2848/535 472/2849/472 596/2850/596
f 598/2851/598 596/2852/596 501/2853/501
f 535/2854/535 596/2855/596 598/2856/598
f 498/2857/498 600/2858/600 586/2859/586
f 600/2860/600 501/2861/501 597/2862/597
f 586/2863/586 597/2864/597 475/2865/475
f 600/2866/600 597/2867/597 586/2868/586
f 486/2869/486 598/2870/598 587/2871/587
f 598/2872/598 501/2873/501 600/2874/600
f 587/2875/587 600/2876/600 498/2877/498
f 598/2878/598 600/2879/600 587/2880/587
f 465/2881/465 585/2882/585 602/2883/602
f 585/2884/585 498/2885/498 605/2886/605
f 602/2887/602 605/2888/605 502/2889/502
f 585/2890/585 605/2891/605 602/2892/602
f 498/2893/498 586/2894/586 623/2895/623
f 586/2896/586 475/2897/475 621/2898/621
f 623/2899/623 621/2900/621 506/2901/506
f 586/2902/586 621/2903/621 623/2904/623
f 502/2905/502 625/2906/625 603/2907/603
f 625/2908/625 506/2909/506 622/2910/622
f 603/2911/603 622/2912/622 476/2913/476
f 625/2914/625 622/2915/622 603/2916/603
f 498/2917/498 623/2918/623 605/2919/605
f 623/2920/623 506/2921/506 625/2922/625
f 605/2923/605 625/2924/625 502/2925/502
f 623/2926/623 625/2927/625 605/2928/605
f 466/2929/466 521/2930/521 560/2931/560
f 521/2932/521 482/2933/482 562/2934/562
f 560/2935/560 562/2936/562 493/2937/493
f 521/2938/521 562/2939/562 560/2940/560
f 482/2941/482 522/2942/522 575/2943/575
f 522/2944/522 470/2945/470 573/2946/573
f 575/2947/575 573/2948/573 496/2949/496
f 522/2950/522 573/2951/573 575/2952/575
f 493/2953/493 577/2954/577 561/2955/561
f 577/2956/577 496/2957/496 574/2958/574
f 561/2959/561 574/2960/574 474/2961/474
f 577/2962/577 574/2963/574 561/2964/561
f 482/2965/482 575/2966/575 562/2967/562
f 575/2968/575 496/2969/496 577/2970/577
f 562/2971/562 577/2972/577 493/2973/493
f 575/2974/575 577/2975/577 562/2976/562
f 470/2977/470 615/2978/615 526/2979/526
f 615/2980/615 505/2981/505 618/2982/618
f 526/2983/526 618/2984/618 483/2985/483
f 615/2986/615 618/2987/618 526/2988/526
f 505/2989/505 616/2990/616 620/2991/620
f 616/2992/616 476/2993/476 611/2994/611
f 620/2995/620 611/2996/611 504/2997/504
f 616/2998/616 611/2999/611 620/3000/620
f 483/3001/483 613/3002/613 525/3003/525
f 613/3004/613 504/3005/504 610/3006/610
f 525/3007/525 610/3008/610 469/3009/469
f 613/3010/613 610/3011/610 525/3012/525
f 505/3013/505 620/3014/620 618/3015/618
f 620/3016/620 504/3017/504 613/3018/613
f 618/3019/618 613/3020/613 483/3021/483
f 620/3022/620 613/3023/613 618/3024/618
f 476/3025/476 622/3026/622 607/3027/607
f 622/3028/622 506/3029/506 626/3030/626
f 607/3031/607 626/3032/626 503/3033/503
f 622/3034/622 626/3035/626 607/3036/607
f 506/3037/506 621/3038/621 624/3039/624
f 621/3040/621 475/3041/475 589/3042/589
f 624/3043/624 589/3044/589 499/3045/499
f 621/3046/621 589/3047/589 624/3048/624
f 503/3049/503 609/3050/609 606/3051/606
f 609/3052/609 499/3053/499 588/3054/588
f 606/3055/606 588/3056/588 467/3057/467
f 609/3058/609 588/3059/588 606/3060/606
f 506/3061/506 624/3062/624 626/3063/626
f 624/3064/624 499/3065/499 609/3066/609
f 626/3067/626 609/3068/609 503/3069/503
f 624/3070/624 609/3071/609 626/3072/626
f 475/3073/475 597/3074/597 592/3075/592
f 597/3076/597 501/3077/501 601/3078/601
f 592/3079/592 601/3080/601 500/3081/500
f 597/3082/597 601/3083/601 592/3084/592
f 501/3085/501 596/3086/596 599/3087/599
f 596/3088/596 472/3089/472 542/3090/542
f 599/3091/599 542/3092/542 488/3093/488
f 596/3094/596 542/3095/542 599/3096/599
f 500/3097/500 594/3098/594 591/3099/591
f 594/3100/594 488/3101/488 541/3102/541
f 591/3103/591 541/3104/541 471/3105/471
f 594/3106/594 541/3107/541 591/3108/591
f 501/3109/501 599/3110/599 601/3111/601
f 599/3112/599 488/3113/488 594/3114/594
f 601/3115/601 594/3116/594 500/3117/500
f 599/3118/599 594/3119/594 601/3120/601
f 472/3121/472 538/3122/538 554/3123/554
f 538/3124/538 487/3125/487 556/3126/556
f 554/3127/554 556/3128/556 492/3129/492
f 538/3130/538 556/3131/556 554/3132/554
f 487/3133/487 537/3134/537 545/3135/545
f 537/3136/537 466/3137/466 543/3138/543
f 545/3139/545 543/3140/543 489/3141/489
f 537/3142/537 543/3143/543 545/3144/545
f 492/3145/492 558/3146/558 555/3147/555
f 558/3148/558 489/3149/489 544/3150/544
f 555/3151/555 544/3152/544 473/3153/473
f 558/3154/558 544/3155/544 555/3156/555
f 487/3157/487 545/3158/545 556/3159/556
f 545/3160/545 489/3161/489 558/3162/558
f 556/3163/556 558/3164/558 492/3165/492
f 545/3166/545 558/3167/558 556/3168/556
f 468/3169/468 564/3170/564 514/3171/514
f 564/3172/564 494/3173/494 566/3174/566
f 514/3175/514 566/3176/566 480/3177/480
f 564/3178/564 566/3179/566 514/3180/514
f 494/3181/494 565/3182/565 572/3183/572
f 565/3184/565 474/3185/474 569/3186/569
f 572/3187/572 569/3188/569 495/3189/495
f 565/3190/565 569/3191/569 572/3192/572
f 480/3193/480 570/3194/570 515/3195/515
f 570/3196/570 495/3197/495 568/3198/568
f 515/3199/515 568/3200/568 469/3201/469
f 570/3202/570 568/3203/568 515/3204/515
f 494/3205/494 572/3206/572 566/3207/566
f 572/3208/572 495/3209/495 570/3210/570
f 566/3211/566 570/3212/570 480/3213/480
f 572/3214/572 570/3215/570 566/3216/566
f 468/3217/468 514/3218/514 510/3219/510
f 514/3220/514 480/3221/480 516/3222/516
f 510/3223/510 516/3224/516 478/3225/478
f 514/3226/514 516/3227/516 510/3228/510
f 480/3229/480 515/3230/515 517/3231/517
f 515/3232/515 469/3233/469 512/3234/512
f 517/3235/517 512/3236/512 479/3237/479
f 515/3238/515 512/3239/512 517/3240/517
f 478/3241/478 513/3242/513 509/3243/509
f 513/3244/513 479/3245/479 511/3246/511
f 509/3247/509 511/3248/511 467/3249/467
f 513/3250/513 511/3251/511 509/3252/509
f 480/3253/480 517/3254/517 516/3255/516
f 517/3256/517 479/3257/479 513/3258/513
f 516/3259/516 513/3260/513 478/3261/478
f 517/3262/517 513/3263/513 516/3264/516
f 468/3265/468 510/3266/510 530/3267/530
f 510/3268/510 478/3269/478 532/3270/532
f 530/3271/530 532/3272/532 485/3273/485
f 510/3274/510 532/3275/532 530/3276/530
f 478/3277/478 509/3278/509 529/3279/529
f 509/3280/509 467/3281/467 527/3282/527
f 529/3283/529 527/3284/527 484/3285/484
f 509/3286/509 527/3287/527 529/3288/529
f 485/3289/485 533/3290/533 531/3291/531
f 533/3292/533 484/3293/484 528/3294/528
f 531/3295/531 528/3296/528 471/3297/471
f 533/3298/533 528/3299/528 531/3300/531
f 478/3301/478 529/3302/529 532/3303/532
f 529/3304/529 484/3305/484 533/3306/533
f 532/3307/532 533/3308/533 485/3309/485
f 529/3310/529 533/3311/533 532/3312/532
f 468/3313/468 530/3314/530 546/3315/546
f 530/3316/530 485/3317/485 548/3318/548
f 546/3319/546 548/3320/548 490/3321/490
f 530/3322/530 548/3323/548 546/3324/546
f 485/3325/485 531/3326/531 551/3327/551
f 531/3328/531 471/3329/471 549/3330/549
f 551/3331/551 549/3332/549 491/3333/491
f 531/3334/531 549/3335/549 551/3336/551
f 490/3337/490 553/3338/553 547/3339/547
f 553/3340/553 491/3341/491 550/3342/550
f 547/3343/547 550/3344/550 473/3345/473
f 553/3346/553 550/3347/550 547/3348/547
f 485/3349/485 551/3350/551 548/3351/548
f 551/3352/551 491/3353/491 553/3354/553
f 548/3355/548 553/3356/553 490/3357/490
f 551/3358/551 553/3359/553 548/3360/548
f 468/3361/468 546/3362/546 564/3363/564
f 546/3364/546 490/3365/490 567/3366/567
f 564/3367/564 567/3368/567 494/3369/494
f 546/3370/546 567/3371/567 564/3372/564
f 490/3373/490 547/3374/547 582/3375/582
f 547/3376/547 473/3377/473 579/3378/579
f 582/3379/582 579/3380/579 497/3381/497
f 547/3382/547 579/3383/579 582/3384/582
f 494/3385/494 584/3386/584 565/3387/565
f 584/3388/584 497/3389/497 580/3390/580
f 565/3391/565 580/3392/580 474/3393/474
f 584/3394/584 580/3395/580 565/3396/565
f 490/3397/490 582/3398/582 567/3399/567
f 582/3400/582 497/3401/497 584/3402/584
f 567/3403/567 584/3404/584 494/3405/494
f 582/3406/582 584/3407/584 567/3408/567
f 469/3409/469 568/3410/568 525/3411/525
f 568/3412/568 495/3413/495 571/3414/571
f 525/3415/525 571/3416/571 483/3417/483
f 568/3418/568 571/3419/571 525/3420/525
f 495/3421/495 569/3422/569 578/3423/578
f 569/3424/569 474/3425/474 574/3426/574
f 578/3427/578 574/3428/574 496/3429/496
f 569/3430/569 574/3431/574 578/3432/578
f 483/3433/483 576/3434/576 526/3435/526
f 576/3436/576 496/3437/496 573/3438/573
f 526/3439/526 573/3440/573 470/3441/470
f 576/3442/576 573/3443/573 526/3444/526
f 495/3445/495 578/3446/578 571/3447/571
f 578/3448/578 496/3449/496 576/3450/576
f 571/3451/571 576/3452/576 483/3453/483
f 578/3454/578 576/3455/576 571/3456/571
f 467/3457/467 511/3458/511 606/3459/606
f 511/3460/511 479/3461/479 608/3462/608
f 606/3463/606 608/3464/608 503/3465/503
f 511/3466/511 608/3467/608 606/3468/606
f 479/3469/479 512/3470/512 612/3471/612
f 512/3472/512 469/3473/469 610/3474/610
f 612/3475/612 610/3476/610 504/3477/504
f 512/3478/512 610/3479/610 612/3480/612
f 503/3481/503 614/3482/614 607/3483/607
f 614/3484/614 504/3485/504 611/3486/611
f 607/3487/607 611/3488/611 476/3489/476
f 614/3490/614 611/3491/611 607/3492/607
f 479/3493/479 612/3494/612 608/3495/608
f 612/3496/612 504/3497/504 614/3498/614
f 608/3499/608 614/3500/614 503/3501/503
f 612/3502/612 614/3503/614 608/3504/608
f 471/3505/471 528/3506/528 591/3507/591
f 528/3508/528 484/3509/484 593/3510/593
f 591/3511/591 593/3512/593 500/3513/500
f 528/3514/528 593/3515/593 591/3516/591
f 484/3517/484 527/3518/527 590/3519/590
f 527/3520/527 467/3521/467 588/3522/588
f 590/3523/590 588/3524/588 499/3525/499
f 527/3526/527 588/3527/588 590/3528/590
f 500/3529/500 595/3530/595 592/3531/592
f 595/3532/595 499/3533/499 589/3534/589
f 592/3535/592 589/3536/589 475/3537/475
f 595/3538/595 589/3539/589 592/3540/592
f 484/3541/484 590/3542/590 593/3543/593
f 590/3544/590 499/3545/499 595/3546/595
f 593/3547/593 595/3548/595 500/3549/500
f 590/3550/590 595/3551/595 593/3552/593
f 473/3553/473 550/3554/550 555/3555/555
f 550/3556/550 491/3557/491 559/3558/559
f 555/3559/555 559/3560/559 492/3561/492
f 550/3562/550 559/3563/559 555/3564/555
f 491/3565/491 549/3566/549 552/3567/552
f 549/3568/549 471/3569/471 541/3570/541
f 552/3571/552 541/3572/541 488/3573/488
f 549/3574/549 541/3575/541 552/3576/552
f 492/3577/492 557/3578/557 554/3579/554
f 557/3580/557 488/3581/488 542/3582/542
f 554/3583/554 542/3584/542 472/3585/472
f 557/3586/557 542/3587/542 554/3588/554
f 491/3589/491 552/3590/552 559/3591/559
f 552/3592/552 488/3593/488 557/3594/557
f 559/3595/559 557/3596/557 492/3597/492
f 552/3598/552 557/3599/557 559/3600/559
f 474/3601/474 580/3602/580 561/3603/561
f 580/3604/580 497/3605/497 583/3606/583
f 561/3607/561 583/3608/583 493/3609/493
f 580/3610/580 583/3611/583 561/3612/561
f 497/3613/497 579/3614/579 581/3615/581
f 579/3616/579 473/3617/473 544/3618/544
f 581/3619/581 544/3620/544 489/3621/489
f 579/3622/579 544/3623/544 581/3624/581
f 493/3625/493 563/3626/563 560/3627/560
f 563/3628/563 489/3629/489 543/3630/543
f 560/3631/560 543/3632/543 466/3633/466
f 563/3634/563 543/3635/543 560/3636/560
f 497/3637/497 581/3638/581 583/3639/583
f 581/3640/581 489/3641/489 563/3642/563
f 583/3643/583 563/3644/563 493/3645/493
f 581/3646/581 563/3647/563 583/3648/583
f 628/3649/628 627/3650/627 630/3651/630
f 628/3652/628 630/3653/630 629/3654/629
f 630/3655/630 627/3656/627 631/3657/631
f 630/3658/630 631/3659/631 629/3660/629
f 631/3661/631 627/3662/627 632/3663/632
f 631/3664/631 632/3665/632 629/3666/629
f 632/3667/632 627/3668/627 633/3669/633
f 632/3670/632 633/3671/633 629/3672/629
f 633/3673/633 627/3674/627 634/3675/634
f 633/3676/633 634/3677/634 629/3678/629
f 634/3679/634 627/3680/627 635/3681/635
f 634/3682/634 635/3683/635 629/3684/629
f 635/3685/635 627/3686/627 636/3687/636
f 635/3688/635 636/3689/636 629/3690/629
f 636/3691/636 627/3692/627 637/3693/637
f 636/3694/636 637/3695/637 629/3696/629
f 637/3697/637 627/3698/627 638/3699/638
f 637/3700/637 638/3701/638 629/3702/629
f 638/3703/638 627/3704/627 639/3705/639
f 638/3706/638 639/3707/639 629/3708/629
f 639/3709/639 627/3710/627 640/3711/640
f 639/3712/639 640/3713/640 629/3714/629
f 640/3715/640 627/3716/627 641/3717/641
f 640/3718/640 641/3719/641 629/3720/629
f 641/3721/641 627/3722/627 642/3723/642
f 641/3724/641 642/3725/642 629/3726/629
f 642/3727/642 627/3728/627 643/3729/643
f 642/3730/642 643/3731/643 629/3732/629
f 643/3733/643 627/3734/627 644/3735/644
f 643/3736/643 644/3737/644 629/3738/629
f 644/3739/644 627/3740/627 645/3741/645
f 644/3742/644 645/3743/645 629/3744/629
f 645/3745/645 627/3746/627 646/3747/646
f 645/3748/645 646/3749/646 629/3750/629
f 646/3751/646 627/3752/627 647/3753/647
f 646/3754/646 647/3755/647 629/3756/629
f 647/3757/647 627/3758/627 648/3759/648
f 647/3760/647 648/3761/648 629/3762/629
f 648/3763/648 627/3764/627 649/3765/649
f 648/3766/648 649/3767/649 629/3768/629
f 649/3769/649 627/3770/627 650/3771/650
f 649/3772/649 650/3773/650 629/3774/629
f 650/3775/650 627/3776/627 651/3777/651
f 650/3778/650 651/3779/651 629/3780/629
f 651/3781/651 627/3782/627 652/3783/652
f 651/3784/651 652/3785/652 629/3786/629
f 652/3787/652 627/3788/627 653/3789/653
f 652/3790/652 653/3791/653 629/3792/629
f 653/3793/653 627/3794/627 654/3795/654
f 653/3796/653 654/3797/654 629/3798/629
f 654/3799/654 627/3800/627 655/3801/655
f 654/3802/654 655/3803/655 629/3804/629
f 655/3805/655 627/3806/627 656/3807/656
f 655/3808/655 656/3809/656 629/3810/629
f 656/3811/656 627/3812/627 657/3813/657
f 656/3814/656 657/3815/657 629/3816/629
f 657/3817/657 627/3818/627 658/3819/658
f 657/3820/657 658/3821/658 629/3822/629
f 658/3823/658 627/3824/627 659/3825/659
f 658/3826/658 659/3827/659 629/3828/629
f 659/3829/659 627/3830/627 660/3831/660
f 659/3832/659 660/3833/660 629/3834/629
f 660/3835/660 627/3836/627 628/3837/628
f 660/3838/660 628/3839/628 629/3840/629
usemtl gris
f 662/3841/662 661/3842/661 665/3843/665
f 662/3844/662 665/3845/665 663/3846/663
f 663/3847/663 665/3848/665 666/3849/666
f 663/3850/663 666/3851/666 664/3852/664
f 665/3853/665 661/3854/661 667/3855/667
f 665/3856/665 667/3857/667 666/3858/666
f 666/3859/666 667/3860/667 668/3861/668
f 666/3862/666 668/3863/668 664/3864/664
f 667/3865/667 661/3866/661 669/3867/669
f 667/3868/667 669/3869/669 668/3870/668
f 668/3871/668 669/3872/669 670/3873/670
f 668/3874/668 670/3875/670 664/3876/664
f 669/3877/669 661/3878/661 671/3879/671
f 669/3880/669 671/3881/671 670/3882/670
f 670/3883/670 671/3884/671 672/3885/672
f 670/3886/670 672/3887/672 664/3888/664
f 671/3889/671 661/3890/661 673/3891/673
f 671/3892/671 673/3893/673 672/3894/672
f 672/3895/672 673/3896/673 674/3897/674
f 672/3898/672 674/3899/674 664/3900/664
f 673/3901/673 661/3902/661 675/3903/675
f 673/3904/673 675/3905/675 674/3906/674
f 674/3907/674 675/3908/675 676/3909/676
f 674/3910/674 676/3911/676 664/3912/664
f 675/3913/675 661/3914/661 677/3915/677
f 675/3916/675 677/3917/677 676/3918/676
f 676/3919/676 677/3920/677 678/3921/678
f 676/3922/676 678/3923/678 664/3924/664
f 677/3925/677 661/3926/661 662/3927/662
f 677/3928/677 662/3929/662 678/3930/678
f 678/3931/678 662/3932/662 663/3933/663
f 678/3934/678 663/3935/663 664/3936/664
f 680/3937/680 679/3938/679 683/3939/683
f 680/3940/680 683/3941/683 681/3942/681
f 681/3943/681 683/3944/683 684/3945/684
f 681/3946/681 684/3947/684 682/3948/682
f 683/3949/683 679/3950/679 685/3951/685
f 683/3952/683 685/3953/685 684/3954/684
f 684/3955/684 685/3956/685 686/3957/686
f 684/3958/684 686/3959/686 682/3960/682
f 685/3961/685 679/3962/679 687/3963/687
f 685/3964/685 687/3965/687 686/3966/686
f 686/3967/686 687/3968/687 688/3969/688
f 686/3970/686 688/3971/688 682/3972/682
f 687/3973/687 679/3974/679 689/3975/689
f 687/3976/687 689/3977/689 688/3978/688
f 688/3979/688 689/3980/689 690/3981/690
f 688/3982/688 690/3983/690 682/3984/682
f 689/3985/689 679/3986/679 691/3987/691
f 689/3988/689 691/3989/691 690/3990/690
f 690/3991/690 691/3992/691 692/3993/692
f 690/3994/690 692/3995/692 682/3996/682
f 691/3997/691 679/3998/679 693/3999/693
f 691/4000/691 693/4001/693 692/4002/692
f 692/4003/692 693/4004/693 694/4005/694
f 692/4006/692 694/4007/694 682/4008/682
f 693/4009/693 679/4010/679 695/4011/695
f 693/4012/693 695/4013/695 694/4014/694
f 694/4015/694 695/4016/695 696/4017/696
f 694/4018/694 696/4019/696 682/4020/682
f 695/4021/695 679/4022/679 680/4023/680
f 695/4024/695 680/4025/680 696/4026/696
f 696/4027/696 680/4028/680 681/4029/681
f 696/4030/696 681/4031/681 682/4032/682
usemtl menta
f 697/4033/697 834/4034/834 750/4035/750
f 834/4036/834 734/4037/734 836/4038/836
f 750/4039/750 836/4040/836 713/4041/713
f 834/4042/834 836/4043/836 750/4044/750
f 734/4045/734 835/4046/835 851/4047/851
f 835/4048/835 708/4049/708 848/4050/848
f 851/4051/851 848/4052/848 737/4053/737
f 835/4054/835 848/4055/848 851/4056/851
f 713/4057/713 849/4058/849 751/4059/751
f 849/4060/849 737/4061/737 847/4062/847
f 751/4063/751 847/4064/847 702/4065/702
f 849/4066/849 847/4067/847 751/4068/751
f 734/4069/734 851/4070/851 836/4071/836
f 851/4072/851 737/4073/737 849/4074/849
f 836/4075/836 849/4076/849 713/4077/713
f 851/4078/851 849/4079/849 836/4080/836
f 697/4081/697 750/4082/750 739/4083/739
f 750/4084/750 713/4085/713 752/4086/752
f 739/4087/739 752/4088/752 709/4089/709
f 750/4090/750 752/4091/752 739/4092/739
f 713/4093/713 751/4094/751 756/4095/756
f 751/4096/751 702/4097/702 754/4098/754
f 756/4099/756 754/4100/754 714/4101/714
f 751/4102/751 754/4103/754 756/4104/756
f 709/4105/709 755/4106/755 740/4107/740
f 755/4108/755 714/4109/714 753/4110/753
f 740/4111/740 753/4112/753 698/4113/698
f 755/4114/755 753/4115/753 740/4116/740
f 713/4117/713 756/4118/756 752/4119/752
f 756/4120/756 714/4121/714 755/4122/755
f 752/4123/752 755/4124/755 709/4125/709
f 756/4126/756 755/4127/755 752/4128/752
f 697/4129/697 739/4130/739 766/4131/766
f 739/4132/739 709/4133/709 768/4134/768
f 766/4135/766 768/4136/768 718/4137/718
f 739/4138/739 768/4139/768 766/4140/766
f 709/4141/709 740/4142/740 771/4143/771
f 740/4144/740 698/4145/698 769/4146/769
f 771/4147/771 769/4148/769 719/4149/719
f 740/4150/740 769/4151/769 771/4152/771
f 718/4153/718 772/4154/772 767/4155/767
f 772/4156/772 719/4157/719 770/4158/770
f 767/4159/767 770/4160/770 704/4161/704
f 772/4162/772 770/4163/770 767/4164/767
f 709/4165/709 771/4166/771 768/4167/768
f 771/4168/771 719/4169/719 772/4170/772
f 768/4171/768 772/4172/772 718/4173/718
f 771/4174/771 772/4175/772 768/4176/768
f 697/4177/697 766/4178/766 817/4179/817
f 766/4180/766 718/4181/718 819/4182/819
f 817/4183/817 819/4184/819 730/4185/730
f 766/4186/766 819/4187/819 817/4188/817
f 718/4189/718 767/4190/767 830/4191/830
f 767/4192/767 704/4193/704 828/4194/828
f 830/4195/830 828/4196/828 733/4197/733
f 767/4198/767 828/4199/828 830/4200/830
f 730/4201/730 832/4202/832 818/4203/818
f 832/4204/832 733/4205/733 829/4206/829
f 818/4207/818 829/4208/829 707/4209/707
f 832/4210/832 829/4211/829 818/4212/818
f 718/4213/718 830/4214/830 819/4215/819
f 830/4216/830 733/4217/733 832/4218/832
f 819/4219/819 832/4220/832 730/4221/730
f 830/4222/830 832/4223/832 819/4224/819
f 697/4225/697 817/4226/817 834/4227/834
f 817/4228/817 730/4229/730 837/4230/837
f 834/4231/834 837/4232/837 734/4233/734
f 817/4234/817 837/4235/837 834/4236/834
f 730/4237/730 818/4238/818 855/4239/855
f 818/4240/818 707/4241/707 853/4242/853
f 855/4243/855 853/4244/853 738/4245/738
f 818/4246/818 853/4247/853 855/4248/855
f 734/4249/734 857/4250/857 835/4251/835
f 857/4252/857 738/4253/738 854/4254/854
f 835/4255/835 854/4256/854 708/4257/708
f 857/4258/857 854/4259/854 835/4260/835
f 730/4261/730 855/4262/855 837/4263/837
f 855/4264/855 738/4265/738 857/4266/857
f 837/4267/837 857/4268/857 734/4269/734
f 855/4270/855 857/4271/857 837/4272/837
f 698/4273/698 753/4274/753 792/4275/792
f 753/4276/753 714/4277/714 794/4278/794
f 792/4279/792 794/4280/794 725/4281/725
f 753/4282/753 794/4283/794 792/4284/792
f 714/4285/714 754/4286/754 807/4287/807
f 754/4288/754 702/4289/702 805/4290/805
f 807/4291/807 805/4292/805 728/4293/728
f 754/4294/754 805/4295/805 807/4296/807
f 725/4297/725 809/4298/809 793/4299/793
f 809/4300/809 728/4301/728 806/4302/806
f 793/4303/793 806/4304/806 706/4305/706
f 809/4306/809 806/4307/806 793/4308/793
f 714/4309/714 807/4310/807 794/4311/794
f 807/4312/807 728/4313/728 809/4314/809
f 794/4315/794 809/4316/809 725/4317/725
f 807/4318/807 809/4319/809 794/4320/794
f 702/4321/702 847/4322/847 758/4323/758
f 847/4324/847 737/4325/737 850/4326/850
f 758/4327/758 850/4328/850 715/4329/715
f 847/4330/847 850/4331/850 758/4332/758
f 737/4333/737 848/4334/848 852/4335/852
f 848/4336/848 708/4337/708 843/4338/843
f 852/4339/852 843/4340/843 736/4341/736
f 848/4342/848 843/4343/843 852/4344/852
f 715/4345/715 845/4346/845 757/4347/757
f 845/4348/845 736/4349/736 842/4350/842
f 757/4351/757 842/4352/842 701/4353/701
f 845/4354/845 842/4355/842 757/4356/757
f 737/4357/737 852/4358/852 850/4359/850
f 852/4360/852 736/4361/736 845/4362/845
f 850/4363/850 845/4364/845 715/4365/715
f 852/4366/852 845/4367/845 850/4368/850
f 708/4369/708 854/4370/854 839/4371/839
f 854/4372/854 738/4373/738 858/4374/858
f 839/4375/839 858/4376/858 735/4377/735
f 854/4378/854 858/4379/858 839/4380/839
f 738/4381/738 853/4382/853 856/4383/856
f 853/4384/853 707/4385/707 821/4386/821
f 856/4387/856 821/4388/821 731/4389/731
f 853/4390/853 821/4391/821 856/4392/856
f 735/4393/735 841/4394/841 838/4395/838
f 841/4396/841 731/4397/731 820/4398/820
f 838/4399/838 820/4400/820 699/4401/699
f 841/4402/841 820/4403/820 838/4404/838
f 738/4405/738 856/4406/856 858/4407/858
f 856/4408/856 731/4409/731 841/4410/841
f 858/4411/858 841/4412/841 735/4413/735
f 856/4414/856 841/4415/841 858/4416/858
f 707/4417/707 829/4418/829 824/4419/824
f 829/4420/829 733/4421/733 833/4422/833
f 824/4423/824 833/4424/833 732/4425/732
f 829/4426/829 833/4427/833 824/4428/824
f 733/4429/733 828/4430/828 831/4431/831
f 828/4432/828 704/4433/704 774/4434/774
f 831/4435/831 774/4436/774 720/4437/720
f 828/4438/828 774/4439/774 831/4440/831
f 732/4441/732 826/4442/826 823/4443/823
f 826/4444/826 720/4445/720 773/4446/773
f 823/4447/823 773/4448/773 703/4449/703
f 826/4450/826 773/4451/773 823/4452/823
f 733/4453/733 831/4454/831 833/4455/833
f 831/4456/831 720/4457/720 826/4458/826
f 833/4459/833 826/4460/826 732/4461/732
f 831/4462/831 826/4463/826 833/4464/833
f 704/4465/704 770/4466/770 786/4467/786
f 770/4468/770 719/4469/719 788/4470/788
f 786/4471/786 788/4472/788 724/4473/724
f 770/4474/770 788/4475/788 786/4476/786
f 719/4477/719 769/4478/769 777/4479/777
f 769/4480/769 698/4481/698 775/4482/775
f 777/4483/777 775/4484/775 721/4485/721
f 769/4486/769 775/4487/775 777/4488/777
f 724/4489/724 790/4490/790 787/4491/787
f 790/4492/790 721/4493/721 776/4494/776
f 787/4495/787 776/4496/776 705/4497/705
f 790/4498/790 776/4499/776 787/4500/787
f 719/4501/719 777/4502/777 788/4503/788
f 777/4504/777 721/4505/721 790/4506/790
f 788/4507/788 790/4508/790 724/4509/724
f 777/4510/777 790/4511/790 788/4512/788
f 700/4513/700 796/4514/796 746/4515/746
f 796/4516/796 726/4517/726 798/4518/798
f 746/4519/746 798/4520/798 712/4521/712
f 796/4522/796 798/4523/798 746/4524/746
f 726/4525/726 797/4526/797 804/4527/804
f 797/4528/797 706/4529/706 801/4530/801
f 804/4531/804 801/4532/801 727/4533/727
f 797/4534/797 801/4535/801 804/4536/804
f 712/4537/712 802/4538/802 747/4539/747
f 802/4540/802 727/4541/727 800/4542/800
f 747/4543/747 800/4544/800 701/4545/701
f 802/4546/802 800/4547/800 747/4548/747
f 726/4549/726 804/4550/804 798/4551/798
f 804/4552/804 727/4553/727 802/4554/802
f 798/4555/798 802/4556/802 712/4557/712
f 804/4558/804 802/4559/802 798/4560/798
f 700/4561/700 746/4562/746 742/4563/742
f 746/4564/746 712/4565/712 748/4566/748
f 742/4567/742 748/4568/748 710/4569/710
f 746/4570/746 748/4571/748 742/4572/742
f 712/4573/712 747/4574/747 749/4575/749
f 747/4576/747 701/4577/701 744/4578/744
f 749/4579/749 744/4580/744 711/4581/711
f 747/4582/747 744/4583/744 749/4584/749
f 710/4585/710 745/4586/745 741/4587/741
f 745/4588/745 711/4589/711 743/4590/743
f 741/4591/741 743/4592/743 699/4593/699
f 745/4594/745 743/4595/743 741/4596/741
f 712/4597/712 749/4598/749 748/4599/748
f 749/4600/749 711/4601/711 745/4602/745
f 748/4603/748 745/4604/745 710/4605/710
f 749/4606/749 745/4607/745 748/4608/748
f 700/4609/700 742/4610/742 762/4611/762
f 742/4612/742 710/4613/710 764/4614/764
f 762/4615/762 764/4616/764 717/4617/717
f 742/4618/742 764/4619/764 762/4620/762
f 710/4621/710 741/4622/741 761/4623/761
f 741/4624/741 699/4625/699 759/4626/759
f 761/4627/761 759/4628/759 716/4629/716
f 741/4630/741 759/4631/759 761/4632/761
f 717/4633/717 765/4634/765 763/4635/763
f 765/4636/765 716/4637/716 760/4638/760
f 763/4639/763 760/4640/760 703/4641/703
f 765/4642/765 760/4643/760 763/4644/763
f 710/4645/710 761/4646/761 764/4647/764
f 761/4648/761 716/4649/716 765/4650/765
f 764/4651/764 765/4652/765 717/4653/717
f 761/4654/761 765/4655/765 764/4656/764
f 700/4657/700 762/4658/762 778/4659/778
f 762/4660/762 717/4661/717 780/4662/780
f 778/4663/778 780/4664/780 722/4665/722
f 762/4666/762 780/4667/780 778/4668/778
f 717/4669/717 763/4670/763 783/4671/783
f 763/4672/763 703/4673/703 781/4674/781
f 783/4675/783 781/4676/781 723/4677/723
f 763/4678/763 781/4679/781 783/4680/783
f 722/4681/722 785/4682/785 779/4683/779
f 785/4684/785 723/4685/723 782/4686/782
f 779/4687/779 782/4688/782 705/4689/705
f 785/4690/785 782/4691/782 779/4692/779
f 717/4693/717 783/4694/783 780/4695/780
f 783/4696/783 723/4697/723 785/4698/785
f 780/4699/780 785/4700/785 722/4701/722
f 783/4702/783 785/4703/785 780/4704/780
f 700/4705/700 778/4706/778 796/4707/796
f 778/4708/778 722/4709/722 799/4710/799
f 796/4711/796 799/4712/799 726/4713/726
f 778/4714/778 799/4715/799 796/4716/796
f 722/4717/722 779/4718/779 814/4719/814
f 779/4720/779 705/4721/705 811/4722/811
f 814/4723/814 811/4724/811 729/4725/729
f 779/4726/779 811/4727/811 814/4728/814
f 726/4729/726 816/4730/816 797/4731/797
f 816/4732/816 729/4733/729 812/4734/812
f 797/4735/797 812/4736/812 706/4737/706
f 816/4738/816 812/4739/812 797/4740/797
f 722/4741/722 814/4742/814 799/4743/799
f 814/4744/814 729/4745/729 816/4746/816
f 799/4747/799 816/4748/816 726/4749/726
f 814/4750/814 816/4751/816 799/4752/799
f 701/4753/701 800/4754/800 757/4755/757
f 800/4756/800 727/4757/727 803/4758/803
f 757/4759/757 803/4760/803 715/4761/715
f 800/4762/800 803/4763/803 757/4764/757
f 727/4765/727 801/4766/801 810/4767/810
f 801/4768/801 706/4769/706 806/4770/806
f 810/4771/810 806/4772/806 728/4773/728
f 801/4774/801 806/4775/806 810/4776/810
f 715/4777/715 808/4778/808 758/4779/758
f 808/4780/808 728/4781/728 805/4782/805
f 758/4783/758 805/4784/805 702/4785/702
f 808/4786/808 805/4787/805 758/4788/758
f 727/4789/727 810/4790/810 803/4791/803
f 810/4792/810 728/4793/728 808/4794/808
f 803/4795/803 808/4796/808 715/4797/715
f 810/4798/810 808/4799/808 803/4800/803
f 699/4801/699 743/4802/743 838/4803/838
f 743/4804/743 711/4805/711 840/4806/840
f 838/4807/838 840/4808/840 735/4809/735
f 743/4810/743 840/4811/840 838/4812/838
f 711/4813/711 744/4814/744 844/4815/844
f 744/4816/744 701/4817/701 842/4818/842
f 844/4819/844 842/4820/842 736/4821/736
f 744/4822/744 842/4823/842 844/4824/844
f 735/4825/735 846/4826/846 839/4827/839
f 846/4828/846 736/4829/736 843/4830/843
f 839/4831/839 843/4832/843 708/4833/708
f 846/4834/846 843/4835/843 839/4836/839
f 711/4837/711 844/4838/844 840/4839/840
f 844/4840/844 736/4841/736 846/4842/846
f 840/4843/840 846/4844/846 735/4845/735
f 844/4846/844 846/4847/846 840/4848/840
f 703/4849/703 760/4850/760 823/4851/823
f 760/4852/760 716/4853/716 825/4854/825
f 823/4855/823 825/4856/825 732/4857/732
f 760/4858/760 825/4859/825 823/4860/823
f 716/4861/716 759/4862/759 822/4863/822
f 759/4864/759 699/4865/699 820/4866/820
f 822/4867/822 820/4868/820 731/4869/731
f 759/4870/759 820/4871/820 822/4872/822
f 732/4873/732 827/4874/827 824/4875/824
f 827/4876/827 731/4877/731 821/4878/821
f 824/4879/824 821/4880/821 707/4881/707
f 827/4882/827 821/4883/821 824/4884/824
f 716/4885/716 822/4886/822 825/4887/825
f 822/4888/822 731/4889/731 827/4890/827
f 825/4891/825 827/4892/827 732/4893/732
f 822/4894/822 827/4895/827 825/4896/825
f 705/4897/705 782/4898/782 787/4899/787
f 782/4900/782 723/4901/723 791/4902/791
f 787/4903/787 791/4904/791 724/4905/724
f 782/4906/782 791/4907/791 787/4908/787
f 723/4909/723 781/4910/781 784/4911/784
f 781/4912/781 703/4913/703 773/4914/773
f 784/4915/784 773/4916/773 720/4917/720
f 781/4918/781 773/4919/773 784/4920/784
f 724/4921/724 789/4922/789 786/4923/786
f 789/4924/789 720/4925/720 774/4926/774
f 786/4927/786 774/4928/774 704/4929/704
f 789/4930/789 774/4931/774 786/4932/786
f 723/4933/723 784/4934/784 791/4935/791
f 784/4936/784 720/4937/720 789/4938/789
f 791/4939/791 789/4940/789 724/4941/724
f 784/4942/784 789/4943/789 791/4944/791
f 706/4945/706 812/4946/812 793/4947/793
f 812/4948/812 729/4949/729 815/4950/815
f 793/4951/793 815/4952/815 725/4953/725
f 812/4954/812 815/4955/815 793/4956/793
f 729/4957/729 811/4958/811 813/4959/813
f 811/4960/811 705/4961/705 776/4962/776
f 813/4963/813 776/4964/776 721/4965/721
f 811/4966/811 776/4967/776 813/4968/813
f 725/4969/725 795/4970/795 792/4971/792
f 795/4972/795 721/4973/721 775/4974/775
f 792/4975/792 775/4976/775 698/4977/698
f 795/4978/795 775/4979/775 792/4980/792
f 729/4981/729 813/4982/813 815/4983/815
f 813/4984/813 721/4985/721 795/4986/795
f 815/4987/815 795/4988/795 725/4989/725
f 813/4990/813 795/4991/795 815/4992/815
f 860/4993/860 859/4994/859 862/4995/862
f 860/4996/860 862/4997/862 861/4998/861
f 862/4999/862 859/5000/859 863/5001/863
f 862/5002/862 863/5003/863 861/5004/861
f 863/5005/863 859/5006/859 864/5007/864
f 863/5008/863 864/5009/864 861/5010/861
f 864/5011/864 859/5012/859 865/5013/865
f 864/5014/864 865/5015/865 861/5016/861
f 865/5017/865 859/5018/859 866/5019/866
f 865/5020/865 866/5021/866 861/5022/861
f 866/5023/866 859/5024/859 867/5025/867
f 866/5026/866 867/5027/867 861/5028/861
f 867/5029/867 859/5030/859 868/5031/868
f 867/5032/867 868/5033/868 861/5034/861
f 868/5035/868 859/5036/859 869/5037/869
f 868/5038/868 869/5039/869 861/5040/861
f 869/5041/869 859/5042/859 870/5043/870
f 869/5044/869 870/5045/870 861/5046/861
f 870/5047/870 859/5048/859 871/5049/871
f 870/5050/870 871/5051/871 861/5052/861
f 871/5053/871 859/5054/859 872/5055/872
f 871/5056/871 872/5057/872 861/5058/861
f 872/5059/872 859/5060/859 873/5061/873
f 872/5062/872 873/5063/873 861/5064/861
f 873/5065/873 859/5066/859 874/5067/874
f 873/5068/873 874/5069/874 861/5070/861
f 874/5071/874 859/5072/859 875/5073/875
f 874/5074/874 875/5075/875 861/5076/861
f 875/5077/875 859/5078/859 876/5079/876
f 875/5080/875 876/5081/876 861/5082/861
f 876/5083/876 859/5084/859 877/5085/877
f 876/5086/876 877/5087/877 861/5088/861
f 877/5089/877 859/5090/859 878/5091/878
f 877/5092/877 878/5093/878 861/5094/861
f 878/5095/878 859/5096/859 879/5097/879
f 878/5098/878 879/5099/879 861/5100/861
f 879/5101/879 859/5102/859 880/5103/880
f 879/5104/879 880/5105/880 861/5106/861
f 880/5107/880 859/5108/859 881/5109/881
f 880/5110/880 881/5111/881 861/5112/861
f 881/5113/881 859/5114/859 882/5115/882
f 881/5116/881 882/5117/882 861/5118/861
f 882/5119/882 859/5120/859 883/5121/883
f 882/5122/882 883/5123/883 861/5124/861
f 883/5125/883 859/5126/859 884/5127/884
f 883/5128/883 884/5129/884 861/5130/861
f 884/5131/884 859/5132/859 885/5133/885
f 884/5134/884 885/5135/885 861/5136/861
f 885/5137/885 859/5138/859 886/5139/886
f 885/5140/885 886/5141/886 861/5142/861
f 886/5143/886 859/5144/859 887/5145/887
f 886/5146/886 887/5147/887 861/5148/861
f 887/5149/887 859/5150/859 888/5151/888
f 887/5152/887 888/5153/888 861/5154/861
f 888/5155/888 859/5156/859 889/5157/889
f 888/5158/888 889/5159/889 861/5160/861
f 889/5161/889 859/5162/859 890/5163/890
f 889/5164/889 890/5165/890 861/5166/861
f 890/5167/890 859/5168/859 891/5169/891
f 890/5170/890 891/5171/891 861/5172/861
f 891/5173/891 859/5174/859 892/5175/892
f 891/5176/891 892/5177/892 861/5178/861
f 892/5179/892 859/5180/859 860/5181/860
f 892/5182/892 860/5183/860 861/5184/861
usemtl gris
f 894/5185/894 893/5186/893 897/5187/897
f 894/5188/894 897/5189/897 895/5190/895
f 895/5191/895 897/5192/897 898/5193/898
f 895/5194/895 898/5195/898 896/5196/896
f 897/5197/897 893/5198/893 899/5199/899
f 897/5200/897 899/5201/899 898/5202/898
f 898/5203/898 899/5204/899 900/5205/900
f 898/5206/898 900/5207/900 896/5208/896
f 899/5209/899 893/5210/893 901/5211/901
f 899/5212/899 901/5213/901 900/5214/900
f 900/5215/900 901/5216/901 902/5217/902
f 900/5218/900 902/5219/902 896/5220/896
f 901/5221/901 893/5222/893 903/5223/903
f 901/5224/901 903/5225/903 902/5226/902
f 902/5227/902 903/5228/903 904/5229/904
f 902/5230/902 904/5231/904 896/5232/896
f 903/5233/903 893/5234/893 905/5235/905
f 903/5236/903 905/5237/905 904/5238/904
f 904/5239/904 905/5240/905 906/5241/906
f 904/5242/904 906/5243/906 896/5244/896
f 905/5245/905 893/5246/893 907/5247/907
f 905/5248/905 907/5249/907 906/5250/906
f 906/5251/906 907/5252/907 908/5253/908
f 906/5254/906 908/5255/908 896/5256/896
f 907/5257/907 893/5258/893 909/5259/909
f 907/5260/907 909/5261/909 908/5262/908
f 908/5263/908 909/5264/909 910/5265/910
f 908/5266/908 910/5267/910 896/5268/896
f 909/5269/909 893/5270/893 894/5271/894
f 909/5272/909 894/5273/894 910/5274/910
f 910/5275/910 894/5276/894 895/5277/895
f 910/5278/910 895/5279/895 896/5280/896
f 912/5281/912 911/5282/911 915/5283/915
f 912/5284/912 915/5285/915 913/5286/913
f 913/5287/913 915/5288/915 916/5289/916
f 913/5290/913 916/5291/916 914/5292/914
f 915/5293/915 911/5294/911 917/5295/917
f 915/5296/915 917/5297/917 916/5298/916
f 916/5299/916 917/5300/917 918/5301/918
f 916/5302/916 918/5303/918 914/5304/914
f 917/5305/917 911/5306/911 919/5307/919
f 917/5308/917 919/5309/919 918/5310/918
f 918/5311/918 919/5312/919 920/5313/920
f 918/5314/918 920/5315/920 914/5316/914
f 919/5317/919 911/5318/911 921/5319/921
f 919/5320/919 921/5321/921 920/5322/920
f 920/5323/920 921/5324/921 922/5325/922
f 920/5326/920 922/5327/922 914/5328/914
f 921/5329/921 911/5330/911 923/5331/923
f 921/5332/921 923/5333/923 922/5334/922
f 922/5335/922 923/5336/923 924/5337/924
f 922/5338/922 924/5339/924 914/5340/914
f 923/5341/923 911/5342/911 925/5343/925
f 923/5344/923 925/5345/925 924/5346/924
f 924/5347/924 925/5348/925 926/5349/926
f 924/5350/924 926/5351/926 914/5352/914
f 925/5353/925 911/5354/911 927/5355/927
f 925/5356/925 927/5357/927 926/5358/926
f 926/5359/926 927/5360/927 928/5361/928
f 926/5362/926 928/5363/928 914/5364/914
f 927/5365/927 911/5366/911 912/5367/912
f 927/5368/927 912/5369/912 928/5370/928
f 928/5371/928 912/5372/912 913/5373/913
f 928/5374/928 913/5375/913 914/5376/914
usemtl lila
f 929/5377/929 1066/5378/1066 982/5379/982
f 1066/5380/1066 966/5381/966 1068/5382/1068
f 982/5383/982 1068/5384/1068 945/5385/945
f 1066/5386/1066 1068/5387/1068 982/5388/982
f 966/5389/966 1067/5390/1067 1083/5391/1083
f 1067/5392/1067 940/5393/940 1080/5394/1080
f 1083/5395/1083 1080/5396/1080 969/5397/969
f 1067/5398/1067 1080/5399/1080 1083/5400/1083
f 945/5401/945 1081/5402/1081 983/5403/983
f 1081/5404/1081 969/5405/969 1079/5406/1079
f 983/5407/983 1079/5408/1079 934/5409/934
f 1081/5410/1081 1079/5411/1079 983/5412/983
f 966/5413/966 1083/5414/1083 1068/5415/1068
f 1083/5416/1083 969/5417/969 1081/5418/1081
f 1068/5419/1068 1081/5420/1081 945/5421/945
f 1083/5422/1083 1081/5423/1081 1068/5424/1068
f 929/5425/929 982/5426/982 971/5427/971
f 982/5428/982 945/5429/945 984/5430/984
f 971/5431/971 984/5432/984 941/5433/941
f 982/5434/982 984/5435/984 971/5436/971
f 945/5437/945 983/5438/983 988/5439/988
f 983/5440/983 934/5441/934 986/5442/986
f 988/5443/988 986/5444/986 946/5445/946
f 983/5446/983 986/5447/986 988/5448/988
f 941/5449/941 987/5450/987 972/5451/972
f 987/5452/987 946/5453/946 985/5454/985
f 972/5455/972 985/5456/985 930/5457/930
f 987/5458/987 985/5459/985 972/5460/972
f 945/5461/945 988/5462/988 984/5463/984
f 988/5464/988 946/5465/946 987/5466/987
f 984/5467/984 987/5468/987 941/5469/941
f 988/5470/988 987/5471/987 984/5472/984
f 929/5473/929 971/5474/971 998/5475/998
f 971/5476/971 941/5477/941 1000/5478/1000
f 998/5479/998 1000/5480/1000 950/5481/950
f 971/5482/971 1000/5483/1000 998/5484/998
f 941/5485/941 972/5486/972 1003/5487/1003
f 972/5488/972 930/5489/930 1001/5490/1001
f 1003/5491/1003 1001/5492/1001 951/5493/951
f 972/5494/972 1001/5495/1001 1003/5496/1003
f 950/5497/950 1004/5498/1004 999/5499/999
f 1004/5500/1004 951/5501/951 1002/5502/1002
f 999/5503/999 1002/5504/1002 936/5505/936
f 1004/5506/1004 1002/5507/1002 999/5508/999
f 941/5509/941 1003/5510/1003 1000/5511/1000
f 1003/5512/1003 951/5513/951 1004/5514/1004
f 1000/5515/1000 1004/5516/1004 950/5517/950
f 1003/5518/1003 1004/5519/1004 1000/5520/1000
f 929/5521/929 998/5522/998 1049/5523/1049
f 998/5524/998 950/5525/950 1051/5526/1051
f 1049/5527/1049 1051/5528/1051 962/5529/962
f 998/5530/998 1051/5531/1051 1049/5532/1049
f 950/5533/950 999/5534/999 1062/5535/1062
f 999/5536/999 936/5537/936 1060/5538/1060
f 1062/5539/1062 1060/5540/1060 965/5541/965
f 999/5542/999 1060/5543/1060 1062/5544/1062
f 962/5545/962 1064/5546/1064 1050/5547/1050
f 1064/5548/1064 965/5549/965 1061/5550/1061
f 1050/5551/1050 1061/5552/1061 939/5553/939
f 1064/5554/1064 1061/5555/1061 1050/5556/1050
f 950/5557/950 1062/5558/1062 1051/5559/1051
f 1062/5560/1062 965/5561/965 1064/5562/1064
f 1051/5563/1051 1064/5564/1064 962/5565/962
f 1062/5566/1062 1064/5567/1064 1051/5568/1051
f 929/5569/929 1049/5570/1049 1066/5571/1066
f 1049/5572/1049 962/5573/962 1069/5574/1069
f 1066/5575/1066 1069/5576/1069 966/5577/966
f 1049/5578/1049 1069/5579/1069 1066/5580/1066
f 962/5581/962 1050/5582/1050 1087/5583/1087
f 1050/5584/1050 939/5585/939 1085/5586/1085
f 1087/5587/1087 1085/5588/1085 970/5589/970
f 1050/5590/1050 1085/5591/1085 1087/5592/1087
f 966/5593/966 1089/5594/1089 1067/5595/1067
f 1089/5596/1089 970/5597/970 1086/5598/1086
f 1067/5599/1067 1086/5600/1086 940/5601/940
f 1089/5602/1089 1086/5603/1086 1067/5604/1067
f 962/5605/962 1087/5606/1087 1069/5607/1069
f 1087/5608/1087 970/5609/970 1089/5610/1089
f 1069/5611/1069 1089/5612/1089 966/5613/966
f 1087/5614/1087 1089/5615/1089 1069/5616/1069
f 930/5617/930 985/5618/985 1024/5619/1024
f 985/5620/985 946/5621/946 1026/5622/1026
f 1024/5623/1024 1026/5624/1026 957/5625/957
f 985/5626/985 1026/5627/1026 1024/5628/1024
f 946/5629/946 986/5630/986 1039/5631/1039
f 986/5632/986 934/5633/934 1037/5634/1037
f 1039/5635/1039 1037/5636/1037 960/5637/960
f 986/5638/986 1037/5639/1037 1039/5640/1039
f 957/5641/957 1041/5642/1041 1025/5643/1025
f 1041/5644/1041 960/5645/960 1038/5646/1038
f 1025/5647/1025 1038/5648/1038 938/5649/938
f 1041/5650/1041 1038/5651/1038 1025/5652/1025
f 946/5653/946 1039/5654/1039 1026/5655/1026
f 1039/5656/1039 960/5657/960 1041/5658/1041
f 1026/5659/1026 1041/5660/1041 957/5661/957
f 1039/5662/1039 1041/5663/1041 1026/5664/1026
f 934/5665/934 1079/5666/1079 990/5667/990
f 1079/5668/1079 969/5669/969 1082/5670/1082
f 990/5671/990 1082/5672/1082 947/5673/947
f 1079/5674/1079 1082/5675/1082 990/5676/990
f 969/5677/969 1080/5678/1080 1084/5679/1084
f 1080/5680/1080 940/5681/940 1075/5682/1075
f 1084/5683/1084 1075/5684/1075 968/5685/968
f 1080/5686/1080 1075/5687/1075 1084/5688/1084
f 947/5689/947 1077/5690/1077 989/5691/989
f 1077/5692/1077 968/5693/968 1074/5694/1074
f 989/5695/989 1074/5696/1074 933/5697/933
f 1077/5698/1077 1074/5699/1074 989/5700/989
f 969/5701/969 1084/5702/1084 1082/5703/1082
f 1084/5704/1084 968/5705/968 1077/5706/1077
f 1082/5707/1082 1077/5708/1077 947/5709/947
f 1084/5710/1084 1077/5711/1077 1082/5712/1082
f 940/5713/940 1086/5714/1086 1071/5715/1071
f 1086/5716/1086 970/5717/970 1090/5718/1090
f 1071/5719/1071 1090/5720/1090 967/5721/967
f 1086/5722/1086 1090/5723/1090 1071/5724/1071
f 970/5725/970 1085/5726/1085 1088/5727/1088
f 1085/5728/1085 939/5729/939 1053/5730/1053
f 1088/5731/1088 1053/5732/1053 963/5733/963
f 1085/5734/1085 1053/5735/1053 1088/5736/1088
f 967/5737/967 1073/5738/1073 1070/5739/1070
f 1073/5740/1073 963/5741/963 1052/5742/1052
f 1070/5743/1070 1052/5744/1052 931/5745/931
f 1073/5746/1073 1052/5747/1052 1070/5748/1070
f 970/5749/970 1088/5750/1088 1090/5751/1090
f 1088/5752/1088 963/5753/963 1073/5754/1073
f 1090/5755/1090 1073/5756/1073 967/5757/967
f 1088/5758/1088 1073/5759/1073 1090/5760/1090
f 939/5761/939 1061/5762/1061 1056/5763/1056
f 1061/5764/1061 965/5765/965 1065/5766/1065
f 1056/5767/1056 1065/5768/1065 964/5769/964
f 1061/5770/1061 1065/5771/1065 1056/5772/1056
f 965/5773/965 1060/5774/1060 1063/5775/1063
f 1060/5776/1060 936/5777/936 1006/5778/1006
f 1063/5779/1063 1006/5780/1006 952/5781/952
f 1060/5782/1060 1006/5783/1006 1063/5784/1063
f 964/5785/964 1058/5786/1058 1055/5787/1055
f 1058/5788/1058 952/5789/952 1005/5790/1005
f 1055/5791/1055 1005/5792/1005 935/5793/935
f 1058/5794/1058 1005/5795/1005 1055/5796/1055
f 965/5797/965 1063/5798/1063 1065/5799/1065
f 1063/5800/1063 952/5801/952 1058/5802/1058
f 1065/5803/1065 1058/5804/1058 964/5805/964
f 1063/5806/1063 1058/5807/1058 1065/5808/1065
f 936/5809/936 1002/5810/1002 1018/5811/1018
f 1002/5812/1002 951/5813/951 1020/5814/1020
f 1018/5815/1018 1020/5816/1020 956/5817/956
f 1002/5818/1002 1020/5819/1020 1018/5820/1018
f 951/5821/951 1001/5822/1001 1009/5823/1009
f 1001/5824/1001 930/5825/930 1007/5826/1007
f 1009/5827/1009 1007/5828/1007 953/5829/953
f 1001/5830/1001 1007/5831/1007 1009/5832/1009
f 956/5833/956 1022/5834/1022 1019/5835/1019
f 1022/5836/1022 953/5837/953 1008/5838/1008
f 1019/5839/1019 1008/5840/1008 937/5841/937
f 1022/5842/1022 1008/5843/1008 1019/5844/1019
f 951/5845/951 1009/5846/1009 1020/5847/1020
f 1009/5848/1009 953/5849/953 1022/5850/1022
f 1020/5851/1020 1022/5852/1022 956/5853/956
f 1009/5854/1009 1022/5855/1022 1020/5856/1020
f 932/5857/932 1028/5858/1028 978/5859/978
f 1028/5860/1028 958/5861/958 1030/5862/1030
f 978/5863/978 1030/5864/1030 944/5865/944
f 1028/5866/1028 1030/5867/1030 978/5868/978
f 958/5869/958 1029/5870/1029 1036/5871/1036
f 1029/5872/1029 938/5873/938 1033/5874/1033
f 1036/5875/1036 1033/5876/1033 959/5877/959
f 1029/5878/1029 1033/5879/1033 1036/5880/1036
f 944/5881/944 1034/5882/1034 979/5883/979
f 1034/5884/1034 959/5885/959 1032/5886/1032
f 979/5887/979 1032/5888/1032 933/5889/933
f 1034/5890/1034 1032/5891/1032 979/5892/979
f 958/5893/958 1036/5894/1036 1030/5895/1030
f 1036/5896/1036 959/5897/959 1034/5898/1034
f 1030/5899/1030 1034/5900/1034 944/5901/944
f 1036/5902/1036 1034/5903/1034 1030/5904/1030
f 932/5905/932 978/5906/978 974/5907/974
f 978/5908/978 944/5909/944 980/5910/980
f 974/5911/974 980/5912/980 942/5913/942
f 978/5914/978 980/5915/980 974/5916/974
f 944/5917/944 979/5918/979 981/5919/981
f 979/5920/979 933/5921/933 976/5922/976
f 981/5923/981 976/5924/976 943/5925/943
f 979/5926/979 976/5927/976 981/5928/981
f 942/5929/942 977/5930/977 973/5931/973
f 977/5932/977 943/5933/943 975/5934/975
f 973/5935/973 975/5936/975 931/5937/931
f 977/5938/977 975/5939/975 973/5940/973
f 944/5941/944 981/5942/981 980/5943/980
f 981/5944/981 943/5945/943 977/5946/977
f 980/5947/980 977/5948/977 942/5949/942
f 981/5950/981 977/5951/977 980/5952/980
f 932/5953/932 974/5954/974 994/5955/994
f 974/5956/974 942/5957/942 996/5958/996
f 994/5959/994 996/5960/996 949/5961/949
f 974/5962/974 996/5963/996 994/5964/994
f 942/5965/942 973/5966/973 993/5967/993
f 973/5968/973 931/5969/931 991/5970/991
f 993/5971/993 991/5972/991 948/5973/948
f 973/5974/973 991/5975/991 993/5976/993
f 949/5977/949 997/5978/997 995/5979/995
f 997/5980/997 948/5981/948 992/5982/992
f 995/5983/995 992/5984/992 935/5985/935
f 997/5986/997 992/5987/992 995/5988/995
f 942/5989/942 993/5990/993 996/5991/996
f 993/5992/993 948/5993/948 997/5994/997
f 996/5995/996 997/5996/997 949/5997/949
f 993/5998/993 997/5999/997 996/6000/996
f 932/6001/932 994/6002/994 1010/6003/1010
f 994/6004/994 949/6005/949 1012/6006/1012
f 1010/6007/1010 1012/6008/1012 954/6009/954
f 994/6010/994 1012/6011/1012 1010/6012/1010
f 949/6013/949 995/6014/995 1015/6015/1015
f 995/6016/995 935/6017/935 1013/6018/1013
f 1015/6019/1015 1013/6020/1013 955/6021/955
f 995/6022/995 1013/6023/1013 1015/6024/1015
f 954/6025/954 1017/6026/1017 1011/6027/1011
f 1017/6028/1017 955/6029/955 1014/6030/1014
f 1011/6031/1011 1014/6032/1014 937/6033/937
f 1017/6034/1017 1014/6035/1014 1011/6036/1011
f 949/6037/949 1015/6038/1015 1012/6039/1012
f 1015/6040/1015 955/6041/955 1017/6042/1017
f 1012/6043/1012 1017/6044/1017 954/6045/954
f 1015/6046/1015 1017/6047/1017 1012/6048/1012
f 932/6049/932 1010/6050/1010 1028/6051/1028
f 1010/6052/1010 954/6053/954 1031/6054/1031
f 1028/6055/1028 1031/6056/1031 958/6057/958
f 1010/6058/1010 1031/6059/1031 1028/6060/1028
f 954/6061/954 1011/6062/1011 1046/6063/1046
f 1011/6064/1011 937/6065/937 1043/6066/1043
f 1046/6067/1046 1043/6068/1043 961/6069/961
f 1011/6070/1011 1043/6071/1043 1046/6072/1046
f 958/6073/958 1048/6074/1048 1029/6075/1029
f 1048/6076/1048 961/6077/961 1044/6078/1044
f 1029/6079/1029 1044/6080/1044 938/6081/938
f 1048/6082/1048 1044/6083/1044 1029/6084/1029
f 954/6085/954 1046/6086/1046 1031/6087/1031
f 1046/6088/1046 961/6089/961 1048/6090/1048
f 1031/6091/1031 1048/6092/1048 958/6093/958
f 1046/6094/1046 1048/6095/1048 1031/6096/1031
f 933/6097/933 1032/6098/1032 989/6099/989
f 1032/6100/1032 959/6101/959 1035/6102/1035
f 989/6103/989 1035/6104/1035 947/6105/947
f 1032/6106/1032 1035/6107/1035 989/6108/989
f 959/6109/959 1033/6110/1033 1042/6111/1042
f 1033/6112/1033 938/6113/938 1038/6114/1038
f 1042/6115/1042 1038/6116/1038 960/6117/960
f 1033/6118/1033 1038/6119/1038 1042/6120/1042
f 947/6121/947 1040/6122/1040 990/6123/990
f 1040/6124/1040 960/6125/960 1037/6126/1037
f 990/6127/990 1037/6128/1037 934/6129/934
f 1040/6130/1040 1037/6131/1037 990/6132/990
f 959/6133/959 1042/6134/1042 1035/6135/1035
f 1042/6136/1042 960/6137/960 1040/6138/1040
f 1035/6139/1035 1040/6140/1040 947/6141/947
f 1042/6142/1042 1040/6143/1040 1035/6144/1035
f 931/6145/931 975/6146/975 1070/6147/1070
f 975/6148/975 943/6149/943 1072/6150/1072
f 1070/6151/1070 1072/6152/1072 967/6153/967
f 975/6154/975 1072/6155/1072 1070/6156/1070
f 943/6157/943 976/6158/976 1076/6159/1076
f 976/6160/976 933/6161/933 1074/6162/1074
f 1076/6163/1076 1074/6164/1074 968/6165/968
f 976/6166/976 1074/6167/1074 1076/6168/1076
f 967/6169/967 1078/6170/1078 1071/6171/1071
f 1078/6172/1078 968/6173/968 1075/6174/1075
f 1071/6175/1071 1075/6176/1075 940/6177/940
f 1078/6178/1078 1075/6179/1075 1071/6180/1071
f 943/6181/943 1076/6182/1076 1072/6183/1072
f 1076/6184/1076 968/6185/968 1078/6186/1078
f 1072/6187/1072 1078/6188/1078 967/6189/967
f 1076/6190/1076 1078/6191/1078 1072/6192/1072
f 935/6193/935 992/6194/992 1055/6195/1055
f 992/6196/992 948/6197/948 1057/6198/1057
f 1055/6199/1055 1057/6200/1057 964/6201/964
f 992/6202/992 1057/6203/1057 1055/6204/1055
f 948/6205/948 991/6206/991 1054/6207/1054
f 991/6208/991 931/6209/931 1052/6210/1052
f 1054/6211/1054 1052/6212/1052 963/6213/963
f 991/6214/991 1052/6215/1052 1054/6216/1054
f 964/6217/964 1059/6218/1059 1056/6219/1056
f 1059/6220/1059 963/6221/963 1053/6222/1053
f 1056/6223/1056 1053/6224/1053 939/6225/939
f 1059/6226/1059 1053/6227/1053 1056/6228/1056
f 948/6229/948 1054/6230/1054 1057/6231/1057
f 1054/6232/1054 963/6233/963 1059/6234/1059
f 1057/6235/1057 1059/6236/1059 964/6237/964
f 1054/6238/1054 1059/6239/1059 1057/6240/1057
f 937/6241/937 1014/6242/1014 1019/6243/1019
f 1014/6244/1014 955/6245/955 1023/6246/1023
f 1019/6247/1019 1023/6248/1023 956/6249/956
f 1014/6250/1014 1023/6251/1023 1019/6252/1019
f 955/6253/955 1013/6254/1013 1016/6255/1016
f 1013/6256/1013 935/6257/935 1005/6258/1005
f 1016/6259/1016 1005/6260/1005 952/6261/952
f 1013/6262/1013 1005/6263/1005 1016/6264/1016
f 956/6265/956 1021/6266/1021 1018/6267/1018
f 1021/6268/1021 952/6269/952 1006/6270/1006
f 1018/6271/1018 1006/6272/1006 936/6273/936
f 1021/6274/1021 1006/6275/1006 1018/6276/1018
f 955/6277/955 1016/6278/1016 1023/6279/1023
f 1016/6280/1016 952/6281/952 1021/6282/1021
f 1023/6283/1023 1021/6284/1021 956/6285/956
f 1016/6286/1016 1021/6287/1021 1023/6288/1023
f 938/6289/938 1044/6290/1044 1025/6291/1025
f 1044/6292/1044 961/6293/961 1047/6294/1047
f 1025/6295/1025 1047/6296/1047 957/6297/957
f 1044/6298/1044 1047/6299/1047 1025/6300/1025
f 961/6301/961 1043/6302/1043 1045/6303/1045
f 1043/6304/1043 937/6305/937 1008/6306/1008
f 1045/6307/1045 1008/6308/1008 953/6309/953
f 1043/6310/1043 1008/6311/1008 1045/6312/1045
f 957/6313/957 1027/6314/1027 1024/6315/1024
f 1027/6316/1027 953/6317/953 1007/6318/1007
f 1024/6319/1024 1007/6320/1007 930/6321/930
f 1027/6322/1027 1007/6323/1007 1024/6324/1024
f 961/6325/961 1045/6326/1045 1047/6327/1047
f 1045/6328/1045 953/6329/953 1027/6330/1027
f 1047/6331/1047 1027/6332/1027 957/6333/957
f 1045/6334/1045 1027/6335/1027 1047/6336/1047
f 1092/6337/1092 1091/6338/1091 1094/6339/1094
f 1092/6340/1092 1094/6341/1094 1093/6342/1093
f 1094/6343/1094 1091/6344/1091 1095/6345/1095
f 1094/6346/1094 1095/6347/1095 1093/6348/1093
f 1095/6349/1095 1091/6350/1091 1096/6351/1096
f 1095/6352/1095 1096/6353/1096 1093/6354/1093
f 1096/6355/1096 1091/6356/1091 1097/6357/1097
f 1096/6358/1096 1097/6359/1097 1093/6360/1093
f 1097/6361/1097 1091/6362/1091 1098/6363/1098
f 1097/6364/1097 1098/6365/1098 1093/6366/1093
f 1098/6367/1098 1091/6368/1091 1099/6369/1099
f 1098/6370/1098 1099/6371/1099 1093/6372/1093
f 1099/6373/1099 1091/6374/1091 1100/6375/1100
f 1099/6376/1099 1100/6377/1100 1093/6378/1093
f 1100/6379/1100 1091/6380/1091 1101/6381/1101
f 1100/6382/1100 1101/6383/1101 1093/6384/1093
f 1101/6385/1101 1091/6386/1091 1102/6387/1102
f 1101/6388/1101 1102/6389/1102 1093/6390/1093
f 1102/6391/1102 1091/6392/1091 1103/6393/1103
f 1102/6394/1102 1103/6395/1103 1093/6396/1093
f 1103/6397/1103 1091/6398/1091 1104/6399/1104
f 1103/6400/1103 1104/6401/1104 1093/6402/1093
f 1104/6403/1104 1091/6404/1091 1105/6405/1105
f 1104/6406/1104 1105/6407/1105 1093/6408/1093
f 1105/6409/1105 1091/6410/1091 1106/6411/1106
f 1105/6412/1105 1106/6413/1106 1093/6414/1093
f 1106/6415/1106 1091/6416/1091 1107/6417/1107
f 1106/6418/1106 1107/6419/1107 1093/6420/1093
f 1107/6421/1107 1091/6422/1091 1108/6423/1108
f 1107/6424/1107 1108/6425/1108 1093/6426/1093
f 1108/6427/1108 1091/6428/1091 1109/6429/1109
f 1108/6430/1108 1109/6431/1109 1093/6432/1093
f 1109/6433/1109 1091/6434/1091 1110/6435/1110
f 1109/6436/1109 1110/6437/1110 1093/6438/1093
f 1110/6439/1110 1091/6440/1091 1111/6441/1111
f 1110/6442/1110 1111/6443/1111 1093/6444/1093
f 1111/6445/1111 1091/6446/1091 1112/6447/1112
f 1111/6448/1111 1112/6449/1112 1093/6450/1093
f 1112/6451/1112 1091/6452/1091 1113/6453/1113
f 1112/6454/1112 1113/6455/1113 1093/6456/1093
f 1113/6457/1113 1091/6458/1091 1114/6459/1114
f 1113/6460/1113 1114/6461/1114 1093/6462/1093
f 1114/6463/1114 1091/6464/1091 1115/6465/1115
f 1114/6466/1114 1115/6467/1115 1093/6468/1093
f 1115/6469/1115 1091/6470/1091 1116/6471/1116
f 1115/6472/1115 1116/6473/1116 1093/6474/1093
f 1116/6475/1116 1091/6476/1091 1117/6477/1117
f 1116/6478/1116 1117/6479/1117 1093/6480/1093
f 1117/6481/1117 1091/6482/1091 1118/6483/1118
f 1117/6484/1117 1118/6485/1118 1093/6486/1093
f 1118/6487/1118 1091/6488/1091 1119/6489/1119
f 1118/6490/1118 1119/6491/1119 1093/6492/1093
f 1119/6493/1119 1091/6494/1091 1120/6495/1120
f 1119/6496/1119 1120/6497/1120 1093/6498/1093
f 1120/6499/1120 1091/6500/1091 1121/6501/1121
f 1120/6502/1120 1121/6503/1121 1093/6504/1093
f 1121/6505/1121 1091/6506/1091 1122/6507/1122
f 1121/6508/1121 1122/6509/1122 1093/6510/1093
f 1122/6511/1122 1091/6512/1091 1123/6513/1123
f 1122/6514/1122 1123/6515/1123 1093/6516/1093
f 1123/6517/1123 1091/6518/1091 1124/6519/1124
f 1123/6520/1123 1124/6521/1124 1093/6522/1093
f 1124/6523/1124 1091/6524/1091 1092/6525/1092
f 1124/6526/1124 1092/6527/1092 1093/6528/1093
usemtl gris
f 1126/6529/1126 1125/6530/1125 1129/6531/1129
f 1126/6532/1126 1129/6533/1129 1127/6534/1127
f 1127/6535/1127 1129/6536/1129 1130/6537/1130
f 1127/6538/1127 1130/6539/1130 1128/6540/1128
f 1129/6541/1129 1125/6542/1125 1131/6543/1131
f 1129/6544/1129 1131/6545/1131 1130/6546/1130
f 1130/6547/1130 1131/6548/1131 1132/6549/1132
f 1130/6550/1130 1132/6551/1132 1128/6552/1128
f 1131/6553/1131 1125/6554/1125 1133/6555/1133
f 1131/6556/1131 1133/6557/1133 1132/6558/1132
f 1132/6559/1132 1133/6560/1133 1134/6561/1134
f 1132/6562/1132 1134/6563/1134 1128/6564/1128
f 1133/6565/1133 1125/6566/1125 1135/6567/1135
f 1133/6568/1133 1135/6569/1135 1134/6570/1134
f 1134/6571/1134 1135/6572/1135 1136/6573/1136
f 1134/6574/1134 1136/6575/1136 1128/6576/1128
f 1135/6577/1135 1125/6578/1125 1137/6579/1137
f 1135/6580/1135 1137/6581/1137 1136/6582/1136
f 1136/6583/1136 1137/6584/1137 1138/6585/1138
f 1136/6586/1136 1138/6587/1138 1128/6588/1128
f 1137/6589/1137 1125/6590/1125 1139/6591/1139
f 1137/6592/1137 1139/6593/1139 1138/6594/1138
f 1138/6595/1138 1139/6596/1139 1140/6597/1140
f 1138/6598/1138 1140/6599/1140 1128/6600/1128
f 1139/6601/1139 1125/6602/1125 1141/6603/1141
f 1139/6604/1139 1141/6605/1141 1140/6606/1140
f 1140/6607/1140 1141/6608/1141 1142/6609/1142
f 1140/6610/1140 1142/6611/1142 1128/6612/1128
f 1141/6613/1141 1125/6614/1125 1126/6615/1126
f 1141/6616/1141 1126/6617/1126 1142/6618/1142
f 1142/6619/1142 1126/6620/1126 1127/6621/1127
f 1142/6622/1142 1127/6623/1127 1128/6624/1128
f 1144/6625/1144 1143/6626/1143 1147/6627/1147
f 1144/6628/1144 1147/6629/1147 1145/6630/1145
f 1145/6631/1145 1147/6632/1147 1148/6633/1148
f 1145/6634/1145 1148/6635/1148 1146/6636/1146
f 1147/6637/1147 1143/6638/1143 1149/6639/1149
f 1147/6640/1147 1149/6641/1149 1148/6642/1148
f 1148/6643/1148 1149/6644/1149 1150/6645/1150
f 1148/6646/1148 1150/6647/1150 1146/6648/1146
f 1149/6649/1149 1143/6650/1143 1151/6651/1151
f 1149/6652/1149 1151/6653/1151 1150/6654/1150
f 1150/6655/1150 1151/6656/1151 1152/6657/1152
f 1150/6658/1150 1152/6659/1152 1146/6660/1146
f 1151/6661/1151 1143/6662/1143 1153/6663/1153
f 1151/6664/1151 1153/6665/1153 1152/6666/1152
f 1152/6667/1152 1153/6668/1153 1154/6669/1154
f 1152/6670/1152 1154/6671/1154 1146/6672/1146
f 1153/6673/1153 1143/6674/1143 1155/6675/1155
f 1153/6676/1153 1155/6677/1155 1154/6678/1154
f 1154/6679/1154 1155/6680/1155 1156/6681/1156
f 1154/6682/1154 1156/6683/1156 1146/6684/1146
f 1155/6685/1155 1143/6686/1143 1157/6687/1157
f 1155/6688/1155 1157/6689/1157 1156/6690/1156
f 1156/6691/1156 1157/6692/1157 1158/6693/1158
f 1156/6694/1156 1158/6695/1158 1146/6696/1146
f 1157/6697/1157 1143/6698/1143 1159/6699/1159
f 1157/6700/1157 1159/6701/1159 1158/6702/1158
f 1158/6703/1158 1159/6704/1159 1160/6705/1160
f 1158/6706/1158 1160/6707/1160 1146/6708/1146
f 1159/6709/1159 1143/6710/1143 1144/6711/1144
f 1159/6712/1159 1144/6713/1144 1160/6714/1160
f 1160/6715/1160 1144/6716/1144 1145/6717/1145
f 1160/6718/1160 1145/6719/1145 1146/6720/1146
