# Compatible con Model.h, Mesh.h y modelLoading.frag
mtllib regalo_1.mtl
o regalo_1
v -0.500000 0.000000 -0.500000
v -0.500000 0.000000 0.500000
v -0.500000 0.680000 -0.500000
v -0.500000 0.680000 0.500000
v 0.500000 0.000000 -0.500000
v 0.500000 0.000000 0.500000
v 0.500000 0.680000 -0.500000
v 0.500000 0.680000 0.500000
v -0.545000 0.635000 -0.545000
v -0.545000 0.635000 0.545000
v -0.545000 0.765000 -0.545000
v -0.545000 0.765000 0.545000
v 0.545000 0.635000 -0.545000
v 0.545000 0.635000 0.545000
v 0.545000 0.765000 -0.545000
v 0.545000 0.765000 0.545000
v -0.075000 -0.010000 -0.560000
v -0.075000 -0.010000 0.560000
v -0.075000 0.770000 -0.560000
v -0.075000 0.770000 0.560000
v 0.075000 -0.010000 -0.560000
v 0.075000 -0.010000 0.560000
v 0.075000 0.770000 -0.560000
v 0.075000 0.770000 0.560000
v -0.560000 -0.010000 -0.075000
v -0.560000 -0.010000 0.075000
v -0.560000 0.770000 -0.075000
v -0.560000 0.770000 0.075000
v 0.560000 -0.010000 -0.075000
v 0.560000 -0.010000 0.075000
v 0.560000 0.770000 -0.075000
v 0.560000 0.770000 0.075000
v -0.285146 0.979318 0.000000
v -0.074854 0.979318 0.000000
v -0.285146 0.800682 0.000000
v -0.074854 0.800682 0.000000
v -0.180000 0.834798 0.089318
v -0.180000 0.945202 0.089318
v -0.180000 0.834798 -0.089318
v -0.180000 0.945202 -0.089318
v -0.009870 0.890000 -0.055202
v -0.009870 0.890000 0.055202
v -0.350130 0.890000 -0.055202
v -0.350130 0.890000 0.055202
v -0.180000 0.995000 0.000000
v -0.180000 0.785000 0.000000
v -0.241803 0.805053 0.052500
v -0.118197 0.805053 0.052500
v -0.241803 0.974947 0.052500
v -0.118197 0.974947 0.052500
v -0.180000 0.890000 0.105000
v -0.241803 0.805053 -0.052500
v -0.118197 0.805053 -0.052500
v -0.241803 0.974947 -0.052500
v -0.118197 0.974947 -0.052500
v -0.180000 0.890000 -0.105000
v -0.018197 0.942500 -0.032447
v -0.018197 0.837500 -0.032447
v -0.080000 0.857553 -0.084947
v -0.080000 0.922447 -0.084947
v -0.018197 0.942500 0.032447
v -0.018197 0.837500 0.032447
v -0.080000 0.857553 0.084947
v -0.080000 0.922447 0.084947
v 0.020000 0.890000 0.000000
v -0.341803 0.942500 -0.032447
v -0.341803 0.837500 -0.032447
v -0.280000 0.857553 -0.084947
v -0.280000 0.922447 -0.084947
v -0.341803 0.942500 0.032447
v -0.341803 0.837500 0.032447
v -0.280000 0.857553 0.084947
v -0.280000 0.922447 0.084947
v -0.380000 0.890000 0.000000
v -0.234653 0.991004 0.000000
v -0.125347 0.991004 0.000000
v -0.234653 0.788996 0.000000
v -0.125347 0.788996 0.000000
v -0.266778 0.799420 0.027289
v -0.212124 0.817153 0.073715
v -0.212492 0.790139 0.027601
v -0.093222 0.799420 0.027289
v -0.147876 0.817153 0.073715
v -0.147508 0.790139 0.027601
v -0.180000 0.800682 0.055202
v -0.266778 0.980580 0.027289
v -0.212124 0.962847 0.073715
v -0.212492 0.989861 0.027601
v -0.093222 0.980580 0.027289
v -0.147876 0.962847 0.073715
v -0.147508 0.989861 0.027601
v -0.180000 0.979318 0.055202
v -0.180000 0.861307 0.101004
v -0.180000 0.918693 0.101004
v -0.266778 0.799420 -0.027289
v -0.212124 0.817153 -0.073715
v -0.212492 0.790139 -0.027601
v -0.093222 0.799420 -0.027289
v -0.147876 0.817153 -0.073715
v -0.147508 0.790139 -0.027601
v -0.180000 0.800682 -0.055202
v -0.266778 0.980580 -0.027289
v -0.212124 0.962847 -0.073715
v -0.212492 0.989861 -0.027601
v -0.093222 0.980580 -0.027289
v -0.147876 0.962847 -0.073715
v -0.147508 0.989861 -0.027601
v -0.180000 0.979318 -0.055202
v -0.180000 0.861307 -0.101004
v -0.180000 0.918693 -0.101004
v -0.041244 0.963715 -0.016865
v -0.007466 0.917289 -0.045558
v -0.062443 0.962260 -0.044659
v -0.041244 0.816285 -0.016865
v -0.007466 0.862711 -0.045558
v -0.062443 0.817740 -0.044659
v -0.128022 0.844442 -0.090580
v -0.039591 0.873135 -0.072847
v -0.094935 0.828283 -0.072260
v -0.127427 0.872942 -0.099861
v -0.042362 0.845341 -0.061717
v -0.128022 0.935558 -0.090580
v -0.039591 0.906865 -0.072847
v -0.094935 0.951717 -0.072260
v -0.127427 0.907058 -0.099861
v -0.042362 0.934659 -0.061717
v -0.074854 0.890000 -0.089318
v -0.041244 0.963715 0.016865
v -0.007466 0.917289 0.045558
v -0.062443 0.962260 0.044659
v -0.009870 0.945202 0.000000
v -0.041244 0.816285 0.016865
v -0.007466 0.862711 0.045558
v -0.062443 0.817740 0.044659
v -0.009870 0.834798 0.000000
v -0.128022 0.844442 0.090580
v -0.039591 0.873135 0.072847
v -0.094935 0.828283 0.072260
v -0.127427 0.872942 0.099861
v -0.042362 0.845341 0.061717
v -0.128022 0.935558 0.090580
v -0.039591 0.906865 0.072847
v -0.094935 0.951717 0.072260
v -0.127427 0.907058 0.099861
v -0.042362 0.934659 0.061717
v -0.074854 0.890000 0.089318
v 0.012388 0.890000 -0.028693
v 0.012388 0.890000 0.028693
v 0.010211 0.917601 -0.017058
v 0.010211 0.862399 -0.017058
v 0.010211 0.917601 0.017058
v 0.010211 0.862399 0.017058
v -0.318756 0.963715 -0.016865
v -0.352534 0.917289 -0.045558
v -0.297557 0.962260 -0.044659
v -0.318756 0.816285 -0.016865
v -0.352534 0.862711 -0.045558
v -0.297557 0.817740 -0.044659
v -0.231978 0.844442 -0.090580
v -0.320409 0.873135 -0.072847
v -0.265065 0.828283 -0.072260
v -0.232573 0.872942 -0.099861
v -0.317638 0.845341 -0.061717
v -0.231978 0.935558 -0.090580
v -0.320409 0.906865 -0.072847
v -0.265065 0.951717 -0.072260
v -0.232573 0.907058 -0.099861
v -0.317638 0.934659 -0.061717
v -0.285146 0.890000 -0.089318
v -0.318756 0.963715 0.016865
v -0.352534 0.917289 0.045558
v -0.297557 0.962260 0.044659
v -0.350130 0.945202 0.000000
v -0.318756 0.816285 0.016865
v -0.352534 0.862711 0.045558
v -0.297557 0.817740 0.044659
v -0.350130 0.834798 0.000000
v -0.231978 0.844442 0.090580
v -0.320409 0.873135 0.072847
v -0.265065 0.828283 0.072260
v -0.232573 0.872942 0.099861
v -0.317638 0.845341 0.061717
v -0.231978 0.935558 0.090580
v -0.320409 0.906865 0.072847
v -0.265065 0.951717 0.072260
v -0.232573 0.907058 0.099861
v -0.317638 0.934659 0.061717
v -0.285146 0.890000 0.089318
v -0.372388 0.890000 -0.028693
v -0.372388 0.890000 0.028693
v -0.370211 0.917601 -0.017058
v -0.370211 0.862399 -0.017058
v -0.370211 0.917601 0.017058
v -0.370211 0.862399 0.017058
v -0.044687 0.932305 0.000000
v 0.044687 0.932305 0.000000
v -0.044687 0.787695 0.000000
v 0.044687 0.787695 0.000000
v 0.000000 0.815313 0.076559
v 0.000000 0.904687 0.076559
v 0.000000 0.815313 -0.076559
v 0.000000 0.904687 -0.076559
v 0.072305 0.860000 -0.047316
v 0.072305 0.860000 0.047316
v -0.072305 0.860000 -0.047316
v -0.072305 0.860000 0.047316
v 0.000000 0.945000 0.000000
v 0.000000 0.775000 0.000000
v -0.026266 0.791234 0.045000
v 0.026266 0.791234 0.045000
v -0.026266 0.928766 0.045000
v 0.026266 0.928766 0.045000
v 0.000000 0.860000 0.090000
v -0.026266 0.791234 -0.045000
v 0.026266 0.791234 -0.045000
v -0.026266 0.928766 -0.045000
v 0.026266 0.928766 -0.045000
v 0.000000 0.860000 -0.090000
v 0.068766 0.902500 -0.027812
v 0.068766 0.817500 -0.027812
v 0.042500 0.833734 -0.072812
v 0.042500 0.886266 -0.072812
v 0.068766 0.902500 0.027812
v 0.068766 0.817500 0.027812
v 0.042500 0.833734 0.072812
v 0.042500 0.886266 0.072812
v 0.085000 0.860000 0.000000
v -0.068766 0.902500 -0.027812
v -0.068766 0.817500 -0.027812
v -0.042500 0.833734 -0.072812
v -0.042500 0.886266 -0.072812
v -0.068766 0.902500 0.027812
v -0.068766 0.817500 0.027812
v -0.042500 0.833734 0.072812
v -0.042500 0.886266 0.072812
v -0.085000 0.860000 0.000000
v -0.023228 0.941765 0.000000
v 0.023228 0.941765 0.000000
v -0.023228 0.778235 0.000000
v 0.023228 0.778235 0.000000
v -0.036881 0.786673 0.023390
v -0.013653 0.801029 0.063184
v -0.013809 0.779160 0.023658
v 0.036881 0.786673 0.023390
v 0.013653 0.801029 0.063184
v 0.013809 0.779160 0.023658
v 0.000000 0.787695 0.047316
v -0.036881 0.933327 0.023390
v -0.013653 0.918971 0.063184
v -0.013809 0.940840 0.023658
v 0.036881 0.933327 0.023390
v 0.013653 0.918971 0.063184
v 0.013809 0.940840 0.023658
v 0.000000 0.932305 0.047316
v 0.000000 0.836772 0.086574
v 0.000000 0.883228 0.086574
v -0.036881 0.786673 -0.023390
v -0.013653 0.801029 -0.063184
v -0.013809 0.779160 -0.023658
v 0.036881 0.786673 -0.023390
v 0.013653 0.801029 -0.063184
v 0.013809 0.779160 -0.023658
v 0.000000 0.787695 -0.047316
v -0.036881 0.933327 -0.023390
v -0.013653 0.918971 -0.063184
v -0.013809 0.940840 -0.023658
v 0.036881 0.933327 -0.023390
v 0.013653 0.918971 -0.063184
v 0.013809 0.940840 -0.023658
v 0.000000 0.932305 -0.047316
v 0.000000 0.836772 -0.086574
v 0.000000 0.883228 -0.086574
v 0.058971 0.919674 -0.014456
v 0.073327 0.882091 -0.039050
v 0.049962 0.918496 -0.038279
v 0.058971 0.800326 -0.014456
v 0.073327 0.837909 -0.039050
v 0.049962 0.801504 -0.038279
v 0.022091 0.823119 -0.077640
v 0.059674 0.846347 -0.062440
v 0.036153 0.810038 -0.061937
v 0.022344 0.846191 -0.085595
v 0.058496 0.823847 -0.052901
v 0.022091 0.896881 -0.077640
v 0.059674 0.873653 -0.062440
v 0.036153 0.909962 -0.061937
v 0.022344 0.873809 -0.085595
v 0.058496 0.896153 -0.052901
v 0.044687 0.860000 -0.076559
v 0.058971 0.919674 0.014456
v 0.073327 0.882091 0.039050
v 0.049962 0.918496 0.038279
v 0.072305 0.904687 0.000000
v 0.058971 0.800326 0.014456
v 0.073327 0.837909 0.039050
v 0.049962 0.801504 0.038279
v 0.072305 0.815313 0.000000
v 0.022091 0.823119 0.077640
v 0.059674 0.846347 0.062440
v 0.036153 0.810038 0.061937
v 0.022344 0.846191 0.085595
v 0.058496 0.823847 0.052901
v 0.022091 0.896881 0.077640
v 0.059674 0.873653 0.062440
v 0.036153 0.909962 0.061937
v 0.022344 0.873809 0.085595
v 0.058496 0.896153 0.052901
v 0.044687 0.860000 0.076559
v 0.081765 0.860000 -0.024594
v 0.081765 0.860000 0.024594
v 0.080840 0.882344 -0.014621
v 0.080840 0.837656 -0.014621
v 0.080840 0.882344 0.014621
v 0.080840 0.837656 0.014621
v -0.058971 0.919674 -0.014456
v -0.073327 0.882091 -0.039050
v -0.049962 0.918496 -0.038279
v -0.058971 0.800326 -0.014456
v -0.073327 0.837909 -0.039050
v -0.049962 0.801504 -0.038279
v -0.022091 0.823119 -0.077640
v -0.059674 0.846347 -0.062440
v -0.036153 0.810038 -0.061937
v -0.022344 0.846191 -0.085595
v -0.058496 0.823847 -0.052901
v -0.022091 0.896881 -0.077640
v -0.059674 0.873653 -0.062440
v -0.036153 0.909962 -0.061937
v -0.022344 0.873809 -0.085595
v -0.058496 0.896153 -0.052901
v -0.044687 0.860000 -0.076559
v -0.058971 0.919674 0.014456
v -0.073327 0.882091 0.039050
v -0.049962 0.918496 0.038279
v -0.072305 0.904687 0.000000
v -0.058971 0.800326 0.014456
v -0.073327 0.837909 0.039050
v -0.049962 0.801504 0.038279
v -0.072305 0.815313 0.000000
v -0.022091 0.823119 0.077640
v -0.059674 0.846347 0.062440
v -0.036153 0.810038 0.061937
v -0.022344 0.846191 0.085595
v -0.058496 0.823847 0.052901
v -0.022091 0.896881 0.077640
v -0.059674 0.873653 0.062440
v -0.036153 0.909962 0.061937
v -0.022344 0.873809 0.085595
v -0.058496 0.896153 0.052901
v -0.044687 0.860000 0.076559
v -0.081765 0.860000 -0.024594
v -0.081765 0.860000 0.024594
v -0.080840 0.882344 -0.014621
v -0.080840 0.837656 -0.014621
v -0.080840 0.882344 0.014621
v -0.080840 0.837656 0.014621
v 0.074854 0.979318 0.000000
v 0.285146 0.979318 0.000000
v 0.074854 0.800682 0.000000
v 0.285146 0.800682 0.000000
v 0.180000 0.834798 0.089318
v 0.180000 0.945202 0.089318
v 0.180000 0.834798 -0.089318
v 0.180000 0.945202 -0.089318
v 0.350130 0.890000 -0.055202
v 0.350130 0.890000 0.055202
v 0.009870 0.890000 -0.055202
v 0.009870 0.890000 0.055202
v 0.180000 0.995000 0.000000
v 0.180000 0.785000 0.000000
v 0.118197 0.805053 0.052500
v 0.241803 0.805053 0.052500
v 0.118197 0.974947 0.052500
v 0.241803 0.974947 0.052500
v 0.180000 0.890000 0.105000
v 0.118197 0.805053 -0.052500
v 0.241803 0.805053 -0.052500
v 0.118197 0.974947 -0.052500
v 0.241803 0.974947 -0.052500
v 0.180000 0.890000 -0.105000
v 0.341803 0.942500 -0.032447
v 0.341803 0.837500 -0.032447
v 0.280000 0.857553 -0.084947
v 0.280000 0.922447 -0.084947
v 0.341803 0.942500 0.032447
v 0.341803 0.837500 0.032447
v 0.280000 0.857553 0.084947
v 0.280000 0.922447 0.084947
v 0.380000 0.890000 0.000000
v 0.018197 0.942500 -0.032447
v 0.018197 0.837500 -0.032447
v 0.080000 0.857553 -0.084947
v 0.080000 0.922447 -0.084947
v 0.018197 0.942500 0.032447
v 0.018197 0.837500 0.032447
v 0.080000 0.857553 0.084947
v 0.080000 0.922447 0.084947
v -0.020000 0.890000 0.000000
v 0.125347 0.991004 0.000000
v 0.234653 0.991004 0.000000
v 0.125347 0.788996 0.000000
v 0.234653 0.788996 0.000000
v 0.093222 0.799420 0.027289
v 0.147876 0.817153 0.073715
v 0.147508 0.790139 0.027601
v 0.266778 0.799420 0.027289
v 0.212124 0.817153 0.073715
v 0.212492 0.790139 0.027601
v 0.180000 0.800682 0.055202
v 0.093222 0.980580 0.027289
v 0.147876 0.962847 0.073715
v 0.147508 0.989861 0.027601
v 0.266778 0.980580 0.027289
v 0.212124 0.962847 0.073715
v 0.212492 0.989861 0.027601
v 0.180000 0.979318 0.055202
v 0.180000 0.861307 0.101004
v 0.180000 0.918693 0.101004
v 0.093222 0.799420 -0.027289
v 0.147876 0.817153 -0.073715
v 0.147508 0.790139 -0.027601
v 0.266778 0.799420 -0.027289
v 0.212124 0.817153 -0.073715
v 0.212492 0.790139 -0.027601
v 0.180000 0.800682 -0.055202
v 0.093222 0.980580 -0.027289
v 0.147876 0.962847 -0.073715
v 0.147508 0.989861 -0.027601
v 0.266778 0.980580 -0.027289
v 0.212124 0.962847 -0.073715
v 0.212492 0.989861 -0.027601
v 0.180000 0.979318 -0.055202
v 0.180000 0.861307 -0.101004
v 0.180000 0.918693 -0.101004
v 0.318756 0.963715 -0.016865
v 0.352534 0.917289 -0.045558
v 0.297557 0.962260 -0.044659
v 0.318756 0.816285 -0.016865
v 0.352534 0.862711 -0.045558
v 0.297557 0.817740 -0.044659
v 0.231978 0.844442 -0.090580
v 0.320409 0.873135 -0.072847
v 0.265065 0.828283 -0.072260
v 0.232573 0.872942 -0.099861
v 0.317638 0.845341 -0.061717
v 0.231978 0.935558 -0.090580
v 0.320409 0.906865 -0.072847
v 0.265065 0.951717 -0.072260
v 0.232573 0.907058 -0.099861
v 0.317638 0.934659 -0.061717
v 0.285146 0.890000 -0.089318
v 0.318756 0.963715 0.016865
v 0.352534 0.917289 0.045558
v 0.297557 0.962260 0.044659
v 0.350130 0.945202 0.000000
v 0.318756 0.816285 0.016865
v 0.352534 0.862711 0.045558
v 0.297557 0.817740 0.044659
v 0.350130 0.834798 0.000000
v 0.231978 0.844442 0.090580
v 0.320409 0.873135 0.072847
v 0.265065 0.828283 0.072260
v 0.232573 0.872942 0.099861
v 0.317638 0.845341 0.061717
v 0.231978 0.935558 0.090580
v 0.320409 0.906865 0.072847
v 0.265065 0.951717 0.072260
v 0.232573 0.907058 0.099861
v 0.317638 0.934659 0.061717
v 0.285146 0.890000 0.089318
v 0.372388 0.890000 -0.028693
v 0.372388 0.890000 0.028693
v 0.370211 0.917601 -0.017058
v 0.370211 0.862399 -0.017058
v 0.370211 0.917601 0.017058
v 0.370211 0.862399 0.017058
v 0.041244 0.963715 -0.016865
v 0.007466 0.917289 -0.045558
v 0.062443 0.962260 -0.044659
v 0.041244 0.816285 -0.016865
v 0.007466 0.862711 -0.045558
v 0.062443 0.817740 -0.044659
v 0.128022 0.844442 -0.090580
v 0.039591 0.873135 -0.072847
v 0.094935 0.828283 -0.072260
v 0.127427 0.872942 -0.099861
v 0.042362 0.845341 -0.061717
v 0.128022 0.935558 -0.090580
v 0.039591 0.906865 -0.072847
v 0.094935 0.951717 -0.072260
v 0.127427 0.907058 -0.099861
v 0.042362 0.934659 -0.061717
v 0.074854 0.890000 -0.089318
v 0.041244 0.963715 0.016865
v 0.007466 0.917289 0.045558
v 0.062443 0.962260 0.044659
v 0.009870 0.945202 0.000000
v 0.041244 0.816285 0.016865
v 0.007466 0.862711 0.045558
v 0.062443 0.817740 0.044659
v 0.009870 0.834798 0.000000
v 0.128022 0.844442 0.090580
v 0.039591 0.873135 0.072847
v 0.094935 0.828283 0.072260
v 0.127427 0.872942 0.099861
v 0.042362 0.845341 0.061717
v 0.128022 0.935558 0.090580
v 0.039591 0.906865 0.072847
v 0.094935 0.951717 0.072260
v 0.127427 0.907058 0.099861
v 0.042362 0.934659 0.061717
v 0.074854 0.890000 0.089318
v -0.012388 0.890000 -0.028693
v -0.012388 0.890000 0.028693
v -0.010211 0.917601 -0.017058
v -0.010211 0.862399 -0.017058
v -0.010211 0.917601 0.017058
v -0.010211 0.862399 0.017058
v -0.044687 0.932305 0.000000
v 0.044687 0.932305 0.000000
v -0.044687 0.787695 0.000000
v 0.044687 0.787695 0.000000
v 0.000000 0.815313 0.076559
v 0.000000 0.904687 0.076559
v 0.000000 0.815313 -0.076559
v 0.000000 0.904687 -0.076559
v 0.072305 0.860000 -0.047316
v 0.072305 0.860000 0.047316
v -0.072305 0.860000 -0.047316
v -0.072305 0.860000 0.047316
v 0.000000 0.945000 0.000000
v 0.000000 0.775000 0.000000
v -0.026266 0.791234 0.045000
v 0.026266 0.791234 0.045000
v -0.026266 0.928766 0.045000
v 0.026266 0.928766 0.045000
v 0.000000 0.860000 0.090000
v -0.026266 0.791234 -0.045000
v 0.026266 0.791234 -0.045000
v -0.026266 0.928766 -0.045000
v 0.026266 0.928766 -0.045000
v 0.000000 0.860000 -0.090000
v 0.068766 0.902500 -0.027812
v 0.068766 0.817500 -0.027812
v 0.042500 0.833734 -0.072812
v 0.042500 0.886266 -0.072812
v 0.068766 0.902500 0.027812
v 0.068766 0.817500 0.027812
v 0.042500 0.833734 0.072812
v 0.042500 0.886266 0.072812
v 0.085000 0.860000 0.000000
v -0.068766 0.902500 -0.027812
v -0.068766 0.817500 -0.027812
v -0.042500 0.833734 -0.072812
v -0.042500 0.886266 -0.072812
v -0.068766 0.902500 0.027812
v -0.068766 0.817500 0.027812
v -0.042500 0.833734 0.072812
v -0.042500 0.886266 0.072812
v -0.085000 0.860000 0.000000
v -0.023228 0.941765 0.000000
v 0.023228 0.941765 0.000000
v -0.023228 0.778235 0.000000
v 0.023228 0.778235 0.000000
v -0.036881 0.786673 0.023390
v -0.013653 0.801029 0.063184
v -0.013809 0.779160 0.023658
v 0.036881 0.786673 0.023390
v 0.013653 0.801029 0.063184
v 0.013809 0.779160 0.023658
v 0.000000 0.787695 0.047316
v -0.036881 0.933327 0.023390
v -0.013653 0.918971 0.063184
v -0.013809 0.940840 0.023658
v 0.036881 0.933327 0.023390
v 0.013653 0.918971 0.063184
v 0.013809 0.940840 0.023658
v 0.000000 0.932305 0.047316
v 0.000000 0.836772 0.086574
v 0.000000 0.883228 0.086574
v -0.036881 0.786673 -0.023390
v -0.013653 0.801029 -0.063184
v -0.013809 0.779160 -0.023658
v 0.036881 0.786673 -0.023390
v 0.013653 0.801029 -0.063184
v 0.013809 0.779160 -0.023658
v 0.000000 0.787695 -0.047316
v -0.036881 0.933327 -0.023390
v -0.013653 0.918971 -0.063184
v -0.013809 0.940840 -0.023658
v 0.036881 0.933327 -0.023390
v 0.013653 0.918971 -0.063184
v 0.013809 0.940840 -0.023658
v 0.000000 0.932305 -0.047316
v 0.000000 0.836772 -0.086574
v 0.000000 0.883228 -0.086574
v 0.058971 0.919674 -0.014456
v 0.073327 0.882091 -0.039050
v 0.049962 0.918496 -0.038279
v 0.058971 0.800326 -0.014456
v 0.073327 0.837909 -0.039050
v 0.049962 0.801504 -0.038279
v 0.022091 0.823119 -0.077640
v 0.059674 0.846347 -0.062440
v 0.036153 0.810038 -0.061937
v 0.022344 0.846191 -0.085595
v 0.058496 0.823847 -0.052901
v 0.022091 0.896881 -0.077640
v 0.059674 0.873653 -0.062440
v 0.036153 0.909962 -0.061937
v 0.022344 0.873809 -0.085595
v 0.058496 0.896153 -0.052901
v 0.044687 0.860000 -0.076559
v 0.058971 0.919674 0.014456
v 0.073327 0.882091 0.039050
v 0.049962 0.918496 0.038279
v 0.072305 0.904687 0.000000
v 0.058971 0.800326 0.014456
v 0.073327 0.837909 0.039050
v 0.049962 0.801504 0.038279
v 0.072305 0.815313 0.000000
v 0.022091 0.823119 0.077640
v 0.059674 0.846347 0.062440
v 0.036153 0.810038 0.061937
v 0.022344 0.846191 0.085595
v 0.058496 0.823847 0.052901
v 0.022091 0.896881 0.077640
v 0.059674 0.873653 0.062440
v 0.036153 0.909962 0.061937
v 0.022344 0.873809 0.085595
v 0.058496 0.896153 0.052901
v 0.044687 0.860000 0.076559
v 0.081765 0.860000 -0.024594
v 0.081765 0.860000 0.024594
v 0.080840 0.882344 -0.014621
v 0.080840 0.837656 -0.014621
v 0.080840 0.882344 0.014621
v 0.080840 0.837656 0.014621
v -0.058971 0.919674 -0.014456
v -0.073327 0.882091 -0.039050
v -0.049962 0.918496 -0.038279
v -0.058971 0.800326 -0.014456
v -0.073327 0.837909 -0.039050
v -0.049962 0.801504 -0.038279
v -0.022091 0.823119 -0.077640
v -0.059674 0.846347 -0.062440
v -0.036153 0.810038 -0.061937
v -0.022344 0.846191 -0.085595
v -0.058496 0.823847 -0.052901
v -0.022091 0.896881 -0.077640
v -0.059674 0.873653 -0.062440
v -0.036153 0.909962 -0.061937
v -0.022344 0.873809 -0.085595
v -0.058496 0.896153 -0.052901
v -0.044687 0.860000 -0.076559
v -0.058971 0.919674 0.014456
v -0.073327 0.882091 0.039050
v -0.049962 0.918496 0.038279
v -0.072305 0.904687 0.000000
v -0.058971 0.800326 0.014456
v -0.073327 0.837909 0.039050
v -0.049962 0.801504 0.038279
v -0.072305 0.815313 0.000000
v -0.022091 0.823119 0.077640
v -0.059674 0.846347 0.062440
v -0.036153 0.810038 0.061937
v -0.022344 0.846191 0.085595
v -0.058496 0.823847 0.052901
v -0.022091 0.896881 0.077640
v -0.059674 0.873653 0.062440
v -0.036153 0.909962 0.061937
v -0.022344 0.873809 0.085595
v -0.058496 0.896153 0.052901
v -0.044687 0.860000 0.076559
v -0.081765 0.860000 -0.024594
v -0.081765 0.860000 0.024594
v -0.080840 0.882344 -0.014621
v -0.080840 0.837656 -0.014621
v -0.080840 0.882344 0.014621
v -0.080840 0.837656 0.014621
vn -0.7472979 -0.5494837 -0.3736489
vn -0.2706608 -0.7960613 0.5413217
vn -0.2706608 0.7960613 -0.5413217
vn -0.7472979 0.5494837 0.3736489
vn 0.2706608 -0.7960613 -0.5413217
vn 0.7472979 -0.5494837 0.3736489
vn 0.7472979 0.5494837 -0.3736489
vn 0.2706608 0.7960613 0.5413217
vn -0.2304769 -0.9662300 -0.1152384
vn -0.0591098 -0.9912266 0.1182197
vn -0.0591098 0.9912266 -0.1182197
vn -0.2304769 0.9662300 0.1152384
vn 0.0591098 -0.9912266 -0.1182197
vn 0.2304769 -0.9662300 0.1152384
vn 0.2304769 0.9662300 -0.1152384
vn 0.0591098 0.9912266 0.1182197
vn -0.9932050 -0.0955005 -0.0665093
vn -0.9054775 -0.3482606 0.2425386
vn -0.9054775 0.3482606 -0.2425386
vn -0.9932050 0.0955005 0.0665093
vn 0.9054775 -0.3482606 -0.2425386
vn 0.9932050 -0.0955005 0.0665093
vn 0.9932050 0.0955005 -0.0665093
vn 0.9054775 0.3482606 0.2425386
vn -0.2543844 -0.1826349 -0.9497016
vn -0.0656176 -0.1884404 0.9798901
vn -0.0656176 0.1884404 -0.9798901
vn -0.2543844 0.1826349 0.9497016
vn 0.0656176 -0.1884404 -0.9798901
vn 0.2543844 -0.1826349 0.9497016
vn 0.2543844 0.1826349 -0.9497016
vn 0.0656176 0.1884404 0.9798901
vn -0.3086294 0.9511824 0.0000000
vn 0.3086294 0.9511824 0.0000000
vn -0.3086294 -0.9511824 0.0000000
vn 0.3086294 -0.9511824 0.0000000
vn 0.0000000 -0.5257311 0.8506508
vn 0.0000000 0.5257311 0.8506508
vn 0.0000000 -0.5257311 -0.8506508
vn 0.0000000 0.5257311 -0.8506508
vn 0.6474093 0.0000000 -0.7621425
vn 0.6474093 0.0000000 0.7621425
vn -0.6474093 0.0000000 -0.7621425
vn -0.6474093 0.0000000 0.7621425
vn 0.0000000 1.0000000 0.0000000
vn 0.0000000 -1.0000000 0.0000000
vn -0.1681550 -0.8385352 0.5182496
vn 0.1681550 -0.8385352 0.5182496
vn -0.1681550 0.8385352 0.5182496
vn 0.1681550 0.8385352 0.5182496
vn 0.0000000 0.0000000 1.0000000
vn -0.1681550 -0.8385352 -0.5182496
vn 0.1681550 -0.8385352 -0.5182496
vn -0.1681550 0.8385352 -0.5182496
vn 0.1681550 0.8385352 -0.5182496
vn 0.0000000 0.0000000 -1.0000000
vn 0.5856898 0.6894820 -0.4261244
vn 0.5856898 -0.6894820 -0.4261244
vn 0.2900771 -0.3414821 -0.8940052
vn 0.2900771 0.3414821 -0.8940052
vn 0.5856898 0.6894820 0.4261244
vn 0.5856898 -0.6894820 0.4261244
vn 0.2900771 -0.3414821 0.8940052
vn 0.2900771 0.3414821 0.8940052
vn 1.0000000 -0.0000000 0.0000000
vn -0.5856898 0.6894820 -0.4261244
vn -0.5856898 -0.6894820 -0.4261244
vn -0.2900771 -0.3414821 -0.8940052
vn -0.2900771 0.3414821 -0.8940052
vn -0.5856898 0.6894820 0.4261244
vn -0.5856898 -0.6894820 0.4261244
vn -0.2900771 -0.3414821 0.8940052
vn -0.2900771 0.3414821 0.8940052
vn -1.0000000 -0.0000000 0.0000000
vn -0.1547471 0.9879541 0.0000000
vn 0.1547471 0.9879541 -0.0000000
vn -0.1547471 -0.9879541 -0.0000000
vn 0.1547471 -0.9879541 0.0000000
vn -0.2485160 -0.9310455 0.2671967
vn -0.0811112 -0.6928138 0.7165403
vn -0.0752663 -0.9578417 0.2772620
vn 0.2485160 -0.9310455 0.2671967
vn 0.0811112 -0.6928138 0.7165403
vn 0.0752663 -0.9578417 0.2772620
vn 0.0000000 -0.8628372 0.5054819
vn -0.2485160 0.9310455 0.2671967
vn -0.0811112 0.6928138 0.7165403
vn -0.0752663 0.9578417 0.2772620
vn 0.2485160 0.9310455 0.2671967
vn 0.0811112 0.6928138 0.7165403
vn 0.0752663 0.9578417 0.2772620
vn 0.0000000 0.8628372 0.5054819
vn -0.0000000 -0.2858968 0.9582604
vn 0.0000000 0.2858968 0.9582604
vn -0.2485160 -0.9310455 -0.2671967
vn -0.0811112 -0.6928138 -0.7165403
vn -0.0752663 -0.9578417 -0.2772620
vn 0.2485160 -0.9310455 -0.2671967
vn 0.0811112 -0.6928138 -0.7165403
vn 0.0752663 -0.9578417 -0.2772620
vn 0.0000000 -0.8628372 -0.5054819
vn -0.2485160 0.9310455 -0.2671967
vn -0.0811112 0.6928138 -0.7165403
vn -0.0752663 0.9578417 -0.2772620
vn 0.2485160 0.9310455 -0.2671967
vn 0.0811112 0.6928138 -0.7165403
vn 0.0752663 0.9578417 -0.2772620
vn 0.0000000 0.8628372 -0.5054819
vn -0.0000000 -0.2858968 -0.9582604
vn 0.0000000 0.2858968 -0.9582604
vn 0.4444993 0.8756568 -0.1888006
vn 0.6686522 0.3655211 -0.6475327
vn 0.3562571 0.7801470 -0.5142485
vn 0.4444993 -0.8756568 -0.1888006
vn 0.6686522 -0.3655211 -0.6475327
vn 0.3562571 -0.7801470 -0.5142485
vn 0.1331116 -0.4491755 -0.8834719
vn 0.4682629 -0.1923119 -0.8624071
vn 0.2526366 -0.6349943 -0.7300390
vn 0.1486261 -0.1463827 -0.9779992
vn 0.4335013 -0.5442801 -0.7182170
vn 0.1331116 0.4491755 -0.8834719
vn 0.4682629 0.1923119 -0.8624071
vn 0.2526366 0.6349943 -0.7300390
vn 0.1486261 0.1463827 -0.9779992
vn 0.4335013 0.5442801 -0.7182170
vn 0.2939747 0.0000000 -0.9558132
vn 0.4444993 0.8756568 0.1888006
vn 0.6686522 0.3655211 0.6475327
vn 0.3562571 0.7801470 0.5142485
vn 0.6673825 0.7447151 0.0000000
vn 0.4444993 -0.8756568 0.1888006
vn 0.6686522 -0.3655211 0.6475327
vn 0.3562571 -0.7801470 0.5142485
vn 0.6673825 -0.7447151 -0.0000000
vn 0.1331116 -0.4491755 0.8834719
vn 0.4682629 -0.1923119 0.8624071
vn 0.2526366 -0.6349943 0.7300390
vn 0.1486261 -0.1463827 0.9779992
vn 0.4335013 -0.5442801 0.7182170
vn 0.1331116 0.4491755 0.8834719
vn 0.4682629 0.1923119 0.8624071
vn 0.2526366 0.6349943 0.7300390
vn 0.1486261 0.1463827 0.9779992
vn 0.4335013 0.5442801 0.7182170
vn 0.2939747 0.0000000 0.9558132
vn 0.8694250 0.0000000 -0.4940650
vn 0.8694250 0.0000000 0.4940650
vn 0.8496340 0.4684539 -0.2422252
vn 0.8496340 -0.4684539 -0.2422252
vn 0.8496340 0.4684539 0.2422252
vn 0.8496340 -0.4684539 0.2422252
vn -0.4444993 0.8756568 -0.1888006
vn -0.6686522 0.3655211 -0.6475327
vn -0.3562571 0.7801470 -0.5142485
vn -0.4444993 -0.8756568 -0.1888006
vn -0.6686522 -0.3655211 -0.6475327
vn -0.3562571 -0.7801470 -0.5142485
vn -0.1331116 -0.4491755 -0.8834719
vn -0.4682629 -0.1923119 -0.8624071
vn -0.2526366 -0.6349943 -0.7300390
vn -0.1486261 -0.1463827 -0.9779992
vn -0.4335013 -0.5442801 -0.7182170
vn -0.1331116 0.4491755 -0.8834719
vn -0.4682629 0.1923119 -0.8624071
vn -0.2526366 0.6349943 -0.7300390
vn -0.1486261 0.1463827 -0.9779992
vn -0.4335013 0.5442801 -0.7182170
vn -0.2939747 0.0000000 -0.9558132
vn -0.4444993 0.8756568 0.1888006
vn -0.6686522 0.3655211 0.6475327
vn -0.3562571 0.7801470 0.5142485
vn -0.6673825 0.7447151 0.0000000
vn -0.4444993 -0.8756568 0.1888006
vn -0.6686522 -0.3655211 0.6475327
vn -0.3562571 -0.7801470 0.5142485
vn -0.6673825 -0.7447151 0.0000000
vn -0.1331116 -0.4491755 0.8834719
vn -0.4682629 -0.1923119 0.8624071
vn -0.2526366 -0.6349943 0.7300390
vn -0.1486261 -0.1463827 0.9779992
vn -0.4335013 -0.5442801 0.7182170
vn -0.1331116 0.4491755 0.8834719
vn -0.4682629 0.1923119 0.8624071
vn -0.2526366 0.6349943 0.7300390
vn -0.1486261 0.1463827 0.9779992
vn -0.4335013 0.5442801 0.7182170
vn -0.2939747 0.0000000 0.9558132
vn -0.8694250 -0.0000000 -0.4940650
vn -0.8694250 0.0000000 0.4940650
vn -0.8496340 0.4684539 -0.2422252
vn -0.8496340 -0.4684539 -0.2422252
vn -0.8496340 0.4684539 0.2422252
vn -0.8496340 -0.4684539 0.2422252
vn -0.5257436 0.8506431 0.0000000
vn 0.5257436 0.8506431 0.0000000
vn -0.5257436 -0.8506431 0.0000000
vn 0.5257436 -0.8506431 0.0000000
vn 0.0000000 -0.5475736 0.8367575
vn -0.0000000 0.5475736 0.8367575
vn 0.0000000 -0.5475736 -0.8367575
vn -0.0000000 0.5475736 -0.8367575
vn 0.8636378 0.0000000 -0.5041128
vn 0.8636378 0.0000000 0.5041128
vn -0.8636378 -0.0000000 -0.5041128
vn -0.8636378 0.0000000 0.5041128
vn 0.0000000 1.0000000 0.0000000
vn 0.0000000 -1.0000000 0.0000000
vn -0.3132735 -0.8201658 0.4787356
vn 0.3132735 -0.8201658 0.4787356
vn -0.3132735 0.8201658 0.4787356
vn 0.3132735 0.8201658 0.4787356
vn 0.0000000 0.0000000 1.0000000
vn -0.3132735 -0.8201658 -0.4787356
vn 0.3132735 -0.8201658 -0.4787356
vn -0.3132735 0.8201658 -0.4787356
vn 0.3132735 0.8201658 -0.4787356
vn 0.0000000 0.0000000 -1.0000000
vn 0.8132193 0.5026077 -0.2933596
vn 0.8132193 -0.5026077 -0.2933596
vn 0.5186732 -0.3205564 -0.7926044
vn 0.5186732 0.3205564 -0.7926044
vn 0.8132193 0.5026077 0.2933596
vn 0.8132193 -0.5026077 0.2933596
vn 0.5186732 -0.3205564 0.7926044
vn 0.5186732 0.3205564 0.7926044
vn 1.0000000 0.0000000 0.0000000
vn -0.8132193 0.5026077 -0.2933596
vn -0.8132193 -0.5026077 -0.2933596
vn -0.5186732 -0.3205564 -0.7926044
vn -0.5186732 0.3205564 -0.7926044
vn -0.8132193 0.5026077 0.2933596
vn -0.8132193 -0.5026077 0.2933596
vn -0.5186732 -0.3205564 0.7926044
vn -0.5186732 0.3205564 0.7926044
vn -1.0000000 -0.0000000 0.0000000
vn -0.2858941 0.9582612 0.0000000
vn 0.2858941 0.9582612 0.0000000
vn -0.2858941 -0.9582612 0.0000000
vn 0.2858941 -0.9582612 0.0000000
vn -0.4405337 -0.8664707 0.2348587
vn -0.1575249 -0.7064400 0.6900206
vn -0.1428981 -0.9547018 0.2610068
vn 0.4405337 -0.8664707 0.2348587
vn 0.1575249 -0.7064400 0.6900206
vn 0.1428981 -0.9547018 0.2610068
vn -0.0000000 -0.8749910 0.4841392
vn -0.4405337 0.8664707 0.2348587
vn -0.1575249 0.7064400 0.6900206
vn -0.1428981 0.9547018 0.2610068
vn 0.4405337 0.8664707 0.2348587
vn 0.1575249 0.7064400 0.6900206
vn 0.1428981 0.9547018 0.2610068
vn 0.0000000 0.8749910 0.4841392
vn 0.0000000 -0.3012152 0.9535562
vn -0.0000000 0.3012152 0.9535562
vn -0.4405337 -0.8664707 -0.2348587
vn -0.1575249 -0.7064400 -0.6900206
vn -0.1428981 -0.9547018 -0.2610068
vn 0.4405337 -0.8664707 -0.2348587
vn 0.1575249 -0.7064400 -0.6900206
vn 0.1428981 -0.9547018 -0.2610068
vn -0.0000000 -0.8749910 -0.4841392
vn -0.4405337 0.8664707 -0.2348587
vn -0.1575249 0.7064400 -0.6900206
vn -0.1428981 0.9547018 -0.2610068
vn 0.4405337 0.8664707 -0.2348587
vn 0.1575249 0.7064400 -0.6900206
vn 0.1428981 0.9547018 -0.2610068
vn 0.0000000 0.8749910 -0.4841392
vn 0.0000000 -0.3012152 -0.9535562
vn -0.0000000 0.3012152 -0.9535562
vn 0.6877835 0.7113190 -0.1448417
vn 0.8727289 0.2504631 -0.4190614
vn 0.5940152 0.6829330 -0.4251453
vn 0.6877835 -0.7113190 -0.1448417
vn 0.8727289 -0.2504631 -0.4190614
vn 0.5940152 -0.6829330 -0.4251453
vn 0.2584680 -0.4578982 -0.8506019
vn 0.7292533 -0.1572275 -0.6659348
vn 0.4567047 -0.6026756 -0.6543721
vn 0.2897142 -0.1498185 -0.9453148
vn 0.6885390 -0.4538551 -0.5656232
vn 0.2584680 0.4578982 -0.8506019
vn 0.7292533 0.1572275 -0.6659348
vn 0.4567047 0.6026756 -0.6543721
vn 0.2897142 0.1498185 -0.9453148
vn 0.6885390 0.4538551 -0.5656232
vn 0.5271287 0.0000000 -0.8497855
vn 0.6877835 0.7113190 0.1448417
vn 0.8727289 0.2504631 0.4190614
vn 0.5940152 0.6829330 0.4251453
vn 0.8628297 0.5054947 0.0000000
vn 0.6877835 -0.7113190 0.1448417
vn 0.8727289 -0.2504631 0.4190614
vn 0.5940152 -0.6829330 0.4251453
vn 0.8628297 -0.5054947 0.0000000
vn 0.2584680 -0.4578982 0.8506019
vn 0.7292533 -0.1572275 0.6659348
vn 0.4567047 -0.6026756 0.6543721
vn 0.2897142 -0.1498185 0.9453148
vn 0.6885390 -0.4538551 0.5656232
vn 0.2584680 0.4578982 0.8506019
vn 0.7292533 0.1572275 0.6659348
vn 0.4567047 0.6026756 0.6543721
vn 0.2897142 0.1498185 0.9453148
vn 0.6885390 0.4538551 0.5656232
vn 0.5271287 0.0000000 0.8497855
vn 0.9625201 0.0000000 -0.2712104
vn 0.9625201 0.0000000 0.2712104
vn 0.9518297 0.2755279 -0.1345532
vn 0.9518297 -0.2755279 -0.1345532
vn 0.9518297 0.2755279 0.1345532
vn 0.9518297 -0.2755279 0.1345532
vn -0.6877835 0.7113190 -0.1448417
vn -0.8727289 0.2504631 -0.4190614
vn -0.5940152 0.6829330 -0.4251453
vn -0.6877835 -0.7113190 -0.1448417
vn -0.8727289 -0.2504631 -0.4190614
vn -0.5940152 -0.6829330 -0.4251453
vn -0.2584680 -0.4578982 -0.8506019
vn -0.7292533 -0.1572275 -0.6659348
vn -0.4567047 -0.6026756 -0.6543721
vn -0.2897142 -0.1498185 -0.9453148
vn -0.6885390 -0.4538551 -0.5656232
vn -0.2584680 0.4578982 -0.8506019
vn -0.7292533 0.1572275 -0.6659348
vn -0.4567047 0.6026756 -0.6543721
vn -0.2897142 0.1498185 -0.9453148
vn -0.6885390 0.4538551 -0.5656232
vn -0.5271287 0.0000000 -0.8497855
vn -0.6877835 0.7113190 0.1448417
vn -0.8727289 0.2504631 0.4190614
vn -0.5940152 0.6829330 0.4251453
vn -0.8628297 0.5054947 0.0000000
vn -0.6877835 -0.7113190 0.1448417
vn -0.8727289 -0.2504631 0.4190614
vn -0.5940152 -0.6829330 0.4251453
vn -0.8628297 -0.5054947 0.0000000
vn -0.2584680 -0.4578982 0.8506019
vn -0.7292533 -0.1572275 0.6659348
vn -0.4567047 -0.6026756 0.6543721
vn -0.2897142 -0.1498185 0.9453148
vn -0.6885390 -0.4538551 0.5656232
vn -0.2584680 0.4578982 0.8506019
vn -0.7292533 0.1572275 0.6659348
vn -0.4567047 0.6026756 0.6543721
vn -0.2897142 0.1498185 0.9453148
vn -0.6885390 0.4538551 0.5656232
vn -0.5271287 0.0000000 0.8497855
vn -0.9625201 0.0000000 -0.2712104
vn -0.9625201 -0.0000000 0.2712104
vn -0.9518297 0.2755279 -0.1345532
vn -0.9518297 -0.2755279 -0.1345532
vn -0.9518297 0.2755279 0.1345532
vn -0.9518297 -0.2755279 0.1345532
vn -0.3086294 0.9511824 0.0000000
vn 0.3086294 0.9511824 0.0000000
vn -0.3086294 -0.9511824 0.0000000
vn 0.3086294 -0.9511824 0.0000000
vn 0.0000000 -0.5257311 0.8506508
vn 0.0000000 0.5257311 0.8506508
vn 0.0000000 -0.5257311 -0.8506508
vn 0.0000000 0.5257311 -0.8506508
vn 0.6474093 0.0000000 -0.7621425
vn 0.6474093 -0.0000000 0.7621425
vn -0.6474093 -0.0000000 -0.7621425
vn -0.6474093 0.0000000 0.7621425
vn 0.0000000 1.0000000 0.0000000
vn 0.0000000 -1.0000000 0.0000000
vn -0.1681550 -0.8385352 0.5182496
vn 0.1681550 -0.8385352 0.5182496
vn -0.1681550 0.8385352 0.5182496
vn 0.1681550 0.8385352 0.5182496
vn 0.0000000 0.0000000 1.0000000
vn -0.1681550 -0.8385352 -0.5182496
vn 0.1681550 -0.8385352 -0.5182496
vn -0.1681550 0.8385352 -0.5182496
vn 0.1681550 0.8385352 -0.5182496
vn 0.0000000 0.0000000 -1.0000000
vn 0.5856898 0.6894820 -0.4261244
vn 0.5856898 -0.6894820 -0.4261244
vn 0.2900771 -0.3414821 -0.8940052
vn 0.2900771 0.3414821 -0.8940052
vn 0.5856898 0.6894820 0.4261244
vn 0.5856898 -0.6894820 0.4261244
vn 0.2900771 -0.3414821 0.8940052
vn 0.2900771 0.3414821 0.8940052
vn 1.0000000 0.0000000 0.0000000
vn -0.5856898 0.6894820 -0.4261244
vn -0.5856898 -0.6894820 -0.4261244
vn -0.2900771 -0.3414821 -0.8940052
vn -0.2900771 0.3414821 -0.8940052
vn -0.5856898 0.6894820 0.4261244
vn -0.5856898 -0.6894820 0.4261244
vn -0.2900771 -0.3414821 0.8940052
vn -0.2900771 0.3414821 0.8940052
vn -1.0000000 0.0000000 0.0000000
vn -0.1547471 0.9879541 0.0000000
vn 0.1547471 0.9879541 -0.0000000
vn -0.1547471 -0.9879541 -0.0000000
vn 0.1547471 -0.9879541 0.0000000
vn -0.2485160 -0.9310455 0.2671967
vn -0.0811112 -0.6928138 0.7165403
vn -0.0752663 -0.9578417 0.2772620
vn 0.2485160 -0.9310455 0.2671967
vn 0.0811112 -0.6928138 0.7165403
vn 0.0752663 -0.9578417 0.2772620
vn 0.0000000 -0.8628372 0.5054819
vn -0.2485160 0.9310455 0.2671967
vn -0.0811112 0.6928138 0.7165403
vn -0.0752663 0.9578417 0.2772620
vn 0.2485160 0.9310455 0.2671967
vn 0.0811112 0.6928138 0.7165403
vn 0.0752663 0.9578417 0.2772620
vn 0.0000000 0.8628372 0.5054819
vn -0.0000000 -0.2858968 0.9582604
vn 0.0000000 0.2858968 0.9582604
vn -0.2485160 -0.9310455 -0.2671967
vn -0.0811112 -0.6928138 -0.7165403
vn -0.0752663 -0.9578417 -0.2772620
vn 0.2485160 -0.9310455 -0.2671967
vn 0.0811112 -0.6928138 -0.7165403
vn 0.0752663 -0.9578417 -0.2772620
vn 0.0000000 -0.8628372 -0.5054819
vn -0.2485160 0.9310455 -0.2671967
vn -0.0811112 0.6928138 -0.7165403
vn -0.0752663 0.9578417 -0.2772620
vn 0.2485160 0.9310455 -0.2671967
vn 0.0811112 0.6928138 -0.7165403
vn 0.0752663 0.9578417 -0.2772620
vn 0.0000000 0.8628372 -0.5054819
vn -0.0000000 -0.2858968 -0.9582604
vn 0.0000000 0.2858968 -0.9582604
vn 0.4444993 0.8756568 -0.1888006
vn 0.6686522 0.3655211 -0.6475327
vn 0.3562571 0.7801470 -0.5142485
vn 0.4444993 -0.8756568 -0.1888006
vn 0.6686522 -0.3655211 -0.6475327
vn 0.3562571 -0.7801470 -0.5142485
vn 0.1331116 -0.4491755 -0.8834719
vn 0.4682629 -0.1923119 -0.8624071
vn 0.2526366 -0.6349943 -0.7300390
vn 0.1486261 -0.1463827 -0.9779992
vn 0.4335013 -0.5442801 -0.7182170
vn 0.1331116 0.4491755 -0.8834719
vn 0.4682629 0.1923119 -0.8624071
vn 0.2526366 0.6349943 -0.7300390
vn 0.1486261 0.1463827 -0.9779992
vn 0.4335013 0.5442801 -0.7182170
vn 0.2939747 0.0000000 -0.9558132
vn 0.4444993 0.8756568 0.1888006
vn 0.6686522 0.3655211 0.6475327
vn 0.3562571 0.7801470 0.5142485
vn 0.6673825 0.7447151 0.0000000
vn 0.4444993 -0.8756568 0.1888006
vn 0.6686522 -0.3655211 0.6475327
vn 0.3562571 -0.7801470 0.5142485
vn 0.6673825 -0.7447151 0.0000000
vn 0.1331116 -0.4491755 0.8834719
vn 0.4682629 -0.1923119 0.8624071
vn 0.2526366 -0.6349943 0.7300390
vn 0.1486261 -0.1463827 0.9779992
vn 0.4335013 -0.5442801 0.7182170
vn 0.1331116 0.4491755 0.8834719
vn 0.4682629 0.1923119 0.8624071
vn 0.2526366 0.6349943 0.7300390
vn 0.1486261 0.1463827 0.9779992
vn 0.4335013 0.5442801 0.7182170
vn 0.2939747 0.0000000 0.9558132
vn 0.8694250 0.0000000 -0.4940650
vn 0.8694250 -0.0000000 0.4940650
vn 0.8496340 0.4684539 -0.2422252
vn 0.8496340 -0.4684539 -0.2422252
vn 0.8496340 0.4684539 0.2422252
vn 0.8496340 -0.4684539 0.2422252
vn -0.4444993 0.8756568 -0.1888006
vn -0.6686522 0.3655211 -0.6475327
vn -0.3562571 0.7801470 -0.5142485
vn -0.4444993 -0.8756568 -0.1888006
vn -0.6686522 -0.3655211 -0.6475327
vn -0.3562571 -0.7801470 -0.5142485
vn -0.1331116 -0.4491755 -0.8834719
vn -0.4682629 -0.1923119 -0.8624071
vn -0.2526366 -0.6349943 -0.7300390
vn -0.1486261 -0.1463827 -0.9779992
vn -0.4335013 -0.5442801 -0.7182170
vn -0.1331116 0.4491755 -0.8834719
vn -0.4682629 0.1923119 -0.8624071
vn -0.2526366 0.6349943 -0.7300390
vn -0.1486261 0.1463827 -0.9779992
vn -0.4335013 0.5442801 -0.7182170
vn -0.2939747 -0.0000000 -0.9558132
vn -0.4444993 0.8756568 0.1888006
vn -0.6686522 0.3655211 0.6475327
vn -0.3562571 0.7801470 0.5142485
vn -0.6673825 0.7447151 -0.0000000
vn -0.4444993 -0.8756568 0.1888006
vn -0.6686522 -0.3655211 0.6475327
vn -0.3562571 -0.7801470 0.5142485
vn -0.6673825 -0.7447151 0.0000000
vn -0.1331116 -0.4491755 0.8834719
vn -0.4682629 -0.1923119 0.8624071
vn -0.2526366 -0.6349943 0.7300390
vn -0.1486261 -0.1463827 0.9779992
vn -0.4335013 -0.5442801 0.7182170
vn -0.1331116 0.4491755 0.8834719
vn -0.4682629 0.1923119 0.8624071
vn -0.2526366 0.6349943 0.7300390
vn -0.1486261 0.1463827 0.9779992
vn -0.4335013 0.5442801 0.7182170
vn -0.2939747 -0.0000000 0.9558132
vn -0.8694250 0.0000000 -0.4940650
vn -0.8694250 0.0000000 0.4940650
vn -0.8496340 0.4684539 -0.2422252
vn -0.8496340 -0.4684539 -0.2422252
vn -0.8496340 0.4684539 0.2422252
vn -0.8496340 -0.4684539 0.2422252
vn -0.5257436 0.8506431 0.0000000
vn 0.5257436 0.8506431 0.0000000
vn -0.5257436 -0.8506431 0.0000000
vn 0.5257436 -0.8506431 0.0000000
vn 0.0000000 -0.5475736 0.8367575
vn -0.0000000 0.5475736 0.8367575
vn 0.0000000 -0.5475736 -0.8367575
vn -0.0000000 0.5475736 -0.8367575
vn 0.8636378 0.0000000 -0.5041128
vn 0.8636378 0.0000000 0.5041128
vn -0.8636378 -0.0000000 -0.5041128
vn -0.8636378 0.0000000 0.5041128
vn 0.0000000 1.0000000 0.0000000
vn 0.0000000 -1.0000000 0.0000000
vn -0.3132735 -0.8201658 0.4787356
vn 0.3132735 -0.8201658 0.4787356
vn -0.3132735 0.8201658 0.4787356
vn 0.3132735 0.8201658 0.4787356
vn 0.0000000 0.0000000 1.0000000
vn -0.3132735 -0.8201658 -0.4787356
vn 0.3132735 -0.8201658 -0.4787356
vn -0.3132735 0.8201658 -0.4787356
vn 0.3132735 0.8201658 -0.4787356
vn 0.0000000 0.0000000 -1.0000000
vn 0.8132193 0.5026077 -0.2933596
vn 0.8132193 -0.5026077 -0.2933596
vn 0.5186732 -0.3205564 -0.7926044
vn 0.5186732 0.3205564 -0.7926044
vn 0.8132193 0.5026077 0.2933596
vn 0.8132193 -0.5026077 0.2933596
vn 0.5186732 -0.3205564 0.7926044
vn 0.5186732 0.3205564 0.7926044
vn 1.0000000 0.0000000 0.0000000
vn -0.8132193 0.5026077 -0.2933596
vn -0.8132193 -0.5026077 -0.2933596
vn -0.5186732 -0.3205564 -0.7926044
vn -0.5186732 0.3205564 -0.7926044
vn -0.8132193 0.5026077 0.2933596
vn -0.8132193 -0.5026077 0.2933596
vn -0.5186732 -0.3205564 0.7926044
vn -0.5186732 0.3205564 0.7926044
vn -1.0000000 -0.0000000 0.0000000
vn -0.2858941 0.9582612 0.0000000
vn 0.2858941 0.9582612 0.0000000
vn -0.2858941 -0.9582612 0.0000000
vn 0.2858941 -0.9582612 0.0000000
vn -0.4405337 -0.8664707 0.2348587
vn -0.1575249 -0.7064400 0.6900206
vn -0.1428981 -0.9547018 0.2610068
vn 0.4405337 -0.8664707 0.2348587
vn 0.1575249 -0.7064400 0.6900206
vn 0.1428981 -0.9547018 0.2610068
vn -0.0000000 -0.8749910 0.4841392
vn -0.4405337 0.8664707 0.2348587
vn -0.1575249 0.7064400 0.6900206
vn -0.1428981 0.9547018 0.2610068
vn 0.4405337 0.8664707 0.2348587
vn 0.1575249 0.7064400 0.6900206
vn 0.1428981 0.9547018 0.2610068
vn 0.0000000 0.8749910 0.4841392
vn 0.0000000 -0.3012152 0.9535562
vn -0.0000000 0.3012152 0.9535562
vn -0.4405337 -0.8664707 -0.2348587
vn -0.1575249 -0.7064400 -0.6900206
vn -0.1428981 -0.9547018 -0.2610068
vn 0.4405337 -0.8664707 -0.2348587
vn 0.1575249 -0.7064400 -0.6900206
vn 0.1428981 -0.9547018 -0.2610068
vn -0.0000000 -0.8749910 -0.4841392
vn -0.4405337 0.8664707 -0.2348587
vn -0.1575249 0.7064400 -0.6900206
vn -0.1428981 0.9547018 -0.2610068
vn 0.4405337 0.8664707 -0.2348587
vn 0.1575249 0.7064400 -0.6900206
vn 0.1428981 0.9547018 -0.2610068
vn 0.0000000 0.8749910 -0.4841392
vn 0.0000000 -0.3012152 -0.9535562
vn -0.0000000 0.3012152 -0.9535562
vn 0.6877835 0.7113190 -0.1448417
vn 0.8727289 0.2504631 -0.4190614
vn 0.5940152 0.6829330 -0.4251453
vn 0.6877835 -0.7113190 -0.1448417
vn 0.8727289 -0.2504631 -0.4190614
vn 0.5940152 -0.6829330 -0.4251453
vn 0.2584680 -0.4578982 -0.8506019
vn 0.7292533 -0.1572275 -0.6659348
vn 0.4567047 -0.6026756 -0.6543721
vn 0.2897142 -0.1498185 -0.9453148
vn 0.6885390 -0.4538551 -0.5656232
vn 0.2584680 0.4578982 -0.8506019
vn 0.7292533 0.1572275 -0.6659348
vn 0.4567047 0.6026756 -0.6543721
vn 0.2897142 0.1498185 -0.9453148
vn 0.6885390 0.4538551 -0.5656232
vn 0.5271287 0.0000000 -0.8497855
vn 0.6877835 0.7113190 0.1448417
vn 0.8727289 0.2504631 0.4190614
vn 0.5940152 0.6829330 0.4251453
vn 0.8628297 0.5054947 0.0000000
vn 0.6877835 -0.7113190 0.1448417
vn 0.8727289 -0.2504631 0.4190614
vn 0.5940152 -0.6829330 0.4251453
vn 0.8628297 -0.5054947 0.0000000
vn 0.2584680 -0.4578982 0.8506019
vn 0.7292533 -0.1572275 0.6659348
vn 0.4567047 -0.6026756 0.6543721
vn 0.2897142 -0.1498185 0.9453148
vn 0.6885390 -0.4538551 0.5656232
vn 0.2584680 0.4578982 0.8506019
vn 0.7292533 0.1572275 0.6659348
vn 0.4567047 0.6026756 0.6543721
vn 0.2897142 0.1498185 0.9453148
vn 0.6885390 0.4538551 0.5656232
vn 0.5271287 0.0000000 0.8497855
vn 0.9625201 0.0000000 -0.2712104
vn 0.9625201 0.0000000 0.2712104
vn 0.9518297 0.2755279 -0.1345532
vn 0.9518297 -0.2755279 -0.1345532
vn 0.9518297 0.2755279 0.1345532
vn 0.9518297 -0.2755279 0.1345532
vn -0.6877835 0.7113190 -0.1448417
vn -0.8727289 0.2504631 -0.4190614
vn -0.5940152 0.6829330 -0.4251453
vn -0.6877835 -0.7113190 -0.1448417
vn -0.8727289 -0.2504631 -0.4190614
vn -0.5940152 -0.6829330 -0.4251453
vn -0.2584680 -0.4578982 -0.8506019
vn -0.7292533 -0.1572275 -0.6659348
vn -0.4567047 -0.6026756 -0.6543721
vn -0.2897142 -0.1498185 -0.9453148
vn -0.6885390 -0.4538551 -0.5656232
vn -0.2584680 0.4578982 -0.8506019
vn -0.7292533 0.1572275 -0.6659348
vn -0.4567047 0.6026756 -0.6543721
vn -0.2897142 0.1498185 -0.9453148
vn -0.6885390 0.4538551 -0.5656232
vn -0.5271287 0.0000000 -0.8497855
vn -0.6877835 0.7113190 0.1448417
vn -0.8727289 0.2504631 0.4190614
vn -0.5940152 0.6829330 0.4251453
vn -0.8628297 0.5054947 0.0000000
vn -0.6877835 -0.7113190 0.1448417
vn -0.8727289 -0.2504631 0.4190614
vn -0.5940152 -0.6829330 0.4251453
vn -0.8628297 -0.5054947 0.0000000
vn -0.2584680 -0.4578982 0.8506019
vn -0.7292533 -0.1572275 0.6659348
vn -0.4567047 -0.6026756 0.6543721
vn -0.2897142 -0.1498185 0.9453148
vn -0.6885390 -0.4538551 0.5656232
vn -0.2584680 0.4578982 0.8506019
vn -0.7292533 0.1572275 0.6659348
vn -0.4567047 0.6026756 0.6543721
vn -0.2897142 0.1498185 0.9453148
vn -0.6885390 0.4538551 0.5656232
vn -0.5271287 0.0000000 0.8497855
vn -0.9625201 0.0000000 -0.2712104
vn -0.9625201 -0.0000000 0.2712104
vn -0.9518297 0.2755279 -0.1345532
vn -0.9518297 -0.2755279 -0.1345532
vn -0.9518297 0.2755279 0.1345532
vn -0.9518297 -0.2755279 0.1345532
usemtl lila
vt 0.21205357 0.27944030
vt 0.21205357 0.41138060
vt 0.03794643 0.27944030
vt 0.21205357 0.28794643
vt 0.03794643 0.46205357
vt 0.03794643 0.28794643
vt 0.03794643 0.27944030
vt 0.21205357 0.41138060
vt 0.03794643 0.41138060
vt 0.03794643 0.41138060
vt 0.21205357 0.27944030
vt 0.03794643 0.27944030
vt 0.03794643 0.27944030
vt 0.21205357 0.41138060
vt 0.03794643 0.41138060
vt 0.21205357 0.46205357
vt 0.03794643 0.46205357
vt 0.21205357 0.28794643
vt 0.21205357 0.27944030
vt 0.21205357 0.41138060
vt 0.03794643 0.27944030
vt 0.03794643 0.46205357
vt 0.21205357 0.46205357
vt 0.03794643 0.28794643
vt 0.21205357 0.41138060
vt 0.21205357 0.27944030
vt 0.03794643 0.41138060
vt 0.03794643 0.28794643
vt 0.21205357 0.46205357
vt 0.21205357 0.28794643
vt 0.03794643 0.41138060
vt 0.21205357 0.27944030
vt 0.03794643 0.27944030
vt 0.21205357 0.41138060
vt 0.21205357 0.27944030
vt 0.03794643 0.41138060
vt 0.21988839 0.40264925
vt 0.21988839 0.42787313
vt 0.03011161 0.40264925
vt 0.21988839 0.28011161
vt 0.03011161 0.46988839
vt 0.03011161 0.28011161
vt 0.03011161 0.40264925
vt 0.21988839 0.42787313
vt 0.03011161 0.42787313
vt 0.03011161 0.42787313
vt 0.21988839 0.40264925
vt 0.03011161 0.40264925
vt 0.03011161 0.40264925
vt 0.21988839 0.42787313
vt 0.03011161 0.42787313
vt 0.21988839 0.46988839
vt 0.03011161 0.46988839
vt 0.21988839 0.28011161
vt 0.21988839 0.40264925
vt 0.21988839 0.42787313
vt 0.03011161 0.40264925
vt 0.03011161 0.46988839
vt 0.21988839 0.46988839
vt 0.03011161 0.28011161
vt 0.21988839 0.42787313
vt 0.21988839 0.40264925
vt 0.03011161 0.42787313
vt 0.03011161 0.28011161
vt 0.21988839 0.46988839
vt 0.21988839 0.28011161
vt 0.03011161 0.42787313
vt 0.21988839 0.40264925
vt 0.03011161 0.40264925
vt 0.21988839 0.42787313
vt 0.21988839 0.40264925
vt 0.03011161 0.42787313
vt 0.47250000 0.52750000
vt 0.47250000 0.67884328
vt 0.27750000 0.52750000
vt 0.38805804 0.52750000
vt 0.36194196 0.72250000
vt 0.36194196 0.52750000
vt 0.27750000 0.52750000
vt 0.47250000 0.67884328
vt 0.27750000 0.67884328
vt 0.36194196 0.67884328
vt 0.38805804 0.52750000
vt 0.36194196 0.52750000
vt 0.36194196 0.52750000
vt 0.38805804 0.67884328
vt 0.36194196 0.67884328
vt 0.38805804 0.72250000
vt 0.36194196 0.72250000
vt 0.38805804 0.52750000
vt 0.38805804 0.52750000
vt 0.38805804 0.67884328
vt 0.36194196 0.52750000
vt 0.36194196 0.72250000
vt 0.38805804 0.72250000
vt 0.36194196 0.52750000
vt 0.38805804 0.67884328
vt 0.38805804 0.52750000
vt 0.36194196 0.67884328
vt 0.36194196 0.52750000
vt 0.38805804 0.72250000
vt 0.38805804 0.52750000
vt 0.27750000 0.67884328
vt 0.47250000 0.52750000
vt 0.27750000 0.52750000
vt 0.47250000 0.67884328
vt 0.47250000 0.52750000
vt 0.27750000 0.67884328
vt 0.38805804 0.52750000
vt 0.38805804 0.67884328
vt 0.36194196 0.52750000
vt 0.47250000 0.61194196
vt 0.27750000 0.63805804
vt 0.27750000 0.61194196
vt 0.36194196 0.52750000
vt 0.38805804 0.67884328
vt 0.36194196 0.67884328
vt 0.27750000 0.67884328
vt 0.47250000 0.52750000
vt 0.27750000 0.52750000
vt 0.27750000 0.52750000
vt 0.47250000 0.67884328
vt 0.27750000 0.67884328
vt 0.47250000 0.63805804
vt 0.27750000 0.63805804
vt 0.47250000 0.61194196
vt 0.47250000 0.52750000
vt 0.47250000 0.67884328
vt 0.27750000 0.52750000
vt 0.27750000 0.63805804
vt 0.47250000 0.63805804
vt 0.27750000 0.61194196
vt 0.47250000 0.67884328
vt 0.47250000 0.52750000
vt 0.27750000 0.67884328
vt 0.27750000 0.61194196
vt 0.47250000 0.63805804
vt 0.47250000 0.61194196
vt 0.36194196 0.67884328
vt 0.38805804 0.52750000
vt 0.36194196 0.52750000
vt 0.38805804 0.67884328
vt 0.38805804 0.52750000
vt 0.36194196 0.67884328
vt 0.32535404 0.62500000
vt 0.31950230 0.62793632
vt 0.32855204 0.62975121
vt 0.31950230 0.62793632
vt 0.31548966 0.63064925
vt 0.32319320 0.63277545
vt 0.32855204 0.62975121
vt 0.32319320 0.63277545
vt 0.33290037 0.63414063
vt 0.31950230 0.62793632
vt 0.32319320 0.63277545
vt 0.32855204 0.62975121
vt 0.31548966 0.71231343
vt 0.31362131 0.70742175
vt 0.31969696 0.71079204
vt 0.31362131 0.70742175
vt 0.31403987 0.70212687
vt 0.31921450 0.70539918
vt 0.31969696 0.71079204
vt 0.31921450 0.70539918
vt 0.32625000 0.70842255
vt 0.31362131 0.70742175
vt 0.31921450 0.70539918
vt 0.31969696 0.71079204
vt 0.33290037 0.63414063
vt 0.32885029 0.63758098
vt 0.33806770 0.63783431
vt 0.32885029 0.71410181
vt 0.32625000 0.70842255
vt 0.33461097 0.71096648
vt 0.33806770 0.71626136
vt 0.33461097 0.71096648
vt 0.34366071 0.71283770
vt 0.32885029 0.71410181
vt 0.33461097 0.71096648
vt 0.33806770 0.71626136
vt 0.31548966 0.63064925
vt 0.31969696 0.63574537
vt 0.32319320 0.63277545
vt 0.31969696 0.71079204
vt 0.32625000 0.70842255
vt 0.32885029 0.71410181
vt 0.32319320 0.63277545
vt 0.32885029 0.63758098
vt 0.33290037 0.63414063
vt 0.31969696 0.71079204
vt 0.32885029 0.71410181
vt 0.32319320 0.71614746
vt 0.32535404 0.62500000
vt 0.32855204 0.62975121
vt 0.33414524 0.62500000
vt 0.32855204 0.62975121
vt 0.33290037 0.63414063
vt 0.33800363 0.62980553
vt 0.33414524 0.62500000
vt 0.33800363 0.62980553
vt 0.34366071 0.62500000
vt 0.32855204 0.62975121
vt 0.33800363 0.62980553
vt 0.33414524 0.62500000
vt 0.33290037 0.63414063
vt 0.33806770 0.63783431
vt 0.34366071 0.63461106
vt 0.33806770 0.71626136
vt 0.34366071 0.71283770
vt 0.34925373 0.71626136
vt 0.34366071 0.63461106
vt 0.34925373 0.63783431
vt 0.35442106 0.63414063
vt 0.33806770 0.63783431
vt 0.34925373 0.63783431
vt 0.34366071 0.63461106
vt 0.34366071 0.62500000
vt 0.34931780 0.62980553
vt 0.35317619 0.62500000
vt 0.34931780 0.62980553
vt 0.35442106 0.63414063
vt 0.35876938 0.62975121
vt 0.35317619 0.62500000
vt 0.35876938 0.62975121
vt 0.36196738 0.62500000
vt 0.34931780 0.62980553
vt 0.35876938 0.62975121
vt 0.35317619 0.62500000
vt 0.33290037 0.63414063
vt 0.34366071 0.63461106
vt 0.33800363 0.62980553
vt 0.34366071 0.63461106
vt 0.35442106 0.63414063
vt 0.34931780 0.62980553
vt 0.33800363 0.62980553
vt 0.34931780 0.62980553
vt 0.34366071 0.62500000
vt 0.34366071 0.63461106
vt 0.34931780 0.62980553
vt 0.33800363 0.62980553
vt 0.32535404 0.62500000
vt 0.33414524 0.62500000
vt 0.32855204 0.62024879
vt 0.33414524 0.62500000
vt 0.34366071 0.62500000
vt 0.33800363 0.62019447
vt 0.32855204 0.62024879
vt 0.33800363 0.62019447
vt 0.33290037 0.61585937
vt 0.33414524 0.62500000
vt 0.33800363 0.62019447
vt 0.32855204 0.62024879
vt 0.34366071 0.62500000
vt 0.35317619 0.62500000
vt 0.34931780 0.62019447
vt 0.35317619 0.62500000
vt 0.36196738 0.62500000
vt 0.35876938 0.62024879
vt 0.34931780 0.62019447
vt 0.35876938 0.62024879
vt 0.35442106 0.61585937
vt 0.35317619 0.62500000
vt 0.35876938 0.62024879
vt 0.34931780 0.62019447
vt 0.33290037 0.61585937
vt 0.34366071 0.61538894
vt 0.33806770 0.61216569
vt 0.34366071 0.61538894
vt 0.35442106 0.61585937
vt 0.34925373 0.61216569
vt 0.33806770 0.71626136
vt 0.34925373 0.71626136
vt 0.34366071 0.71283770
vt 0.34366071 0.61538894
vt 0.34925373 0.61216569
vt 0.33806770 0.61216569
vt 0.34366071 0.62500000
vt 0.34931780 0.62019447
vt 0.33800363 0.62019447
vt 0.34931780 0.62019447
vt 0.35442106 0.61585937
vt 0.34366071 0.61538894
vt 0.33800363 0.62019447
vt 0.34366071 0.61538894
vt 0.33290037 0.61585937
vt 0.34931780 0.62019447
vt 0.34366071 0.61538894
vt 0.33800363 0.62019447
vt 0.32535404 0.62500000
vt 0.32855204 0.62024879
vt 0.31950230 0.62206368
vt 0.32855204 0.62024879
vt 0.33290037 0.61585937
vt 0.32319320 0.61722455
vt 0.31950230 0.62206368
vt 0.32319320 0.61722455
vt 0.31548966 0.61935075
vt 0.32855204 0.62024879
vt 0.32319320 0.61722455
vt 0.31950230 0.62206368
vt 0.33290037 0.61585937
vt 0.33806770 0.61216569
vt 0.32885029 0.61241902
vt 0.33806770 0.71626136
vt 0.34366071 0.71283770
vt 0.33461097 0.71096648
vt 0.32885029 0.71410181
vt 0.33461097 0.71096648
vt 0.32625000 0.70842255
vt 0.33806770 0.71626136
vt 0.33461097 0.71096648
vt 0.32885029 0.71410181
vt 0.31548966 0.71231343
vt 0.31969696 0.71079204
vt 0.31362131 0.70742175
vt 0.31969696 0.71079204
vt 0.32625000 0.70842255
vt 0.31921450 0.70539918
vt 0.31362131 0.70742175
vt 0.31921450 0.70539918
vt 0.31403987 0.70212687
vt 0.31969696 0.71079204
vt 0.31921450 0.70539918
vt 0.31362131 0.70742175
vt 0.33290037 0.61585937
vt 0.32885029 0.61241902
vt 0.32319320 0.61722455
vt 0.32885029 0.71410181
vt 0.32625000 0.70842255
vt 0.31969696 0.71079204
vt 0.32319320 0.61722455
vt 0.31969696 0.61425463
vt 0.31548966 0.61935075
vt 0.32885029 0.71410181
vt 0.31969696 0.71079204
vt 0.32319320 0.71614746
vt 0.32535404 0.62500000
vt 0.31950230 0.62206368
vt 0.31950230 0.62793632
vt 0.31950230 0.62206368
vt 0.31548966 0.61935075
vt 0.31403987 0.62500000
vt 0.31950230 0.62793632
vt 0.31403987 0.62500000
vt 0.31548966 0.63064925
vt 0.31950230 0.62206368
vt 0.31403987 0.62500000
vt 0.31950230 0.62793632
vt 0.36935075 0.71231343
vt 0.36706803 0.70742175
vt 0.37203008 0.70748228
vt 0.36706803 0.70742175
vt 0.36538894 0.70212687
vt 0.37000434 0.70212687
vt 0.37203008 0.70748228
vt 0.37000434 0.70212687
vt 0.37500000 0.70212687
vt 0.36706803 0.70742175
vt 0.37000434 0.70212687
vt 0.37203008 0.70748228
vt 0.38064925 0.71231343
vt 0.37796992 0.70748228
vt 0.38293197 0.70742175
vt 0.37796992 0.70748228
vt 0.37500000 0.70212687
vt 0.37999566 0.70212687
vt 0.38293197 0.70742175
vt 0.37999566 0.70212687
vt 0.38461106 0.70212687
vt 0.37796992 0.70748228
vt 0.37999566 0.70212687
vt 0.38293197 0.70742175
vt 0.36935075 0.71231343
vt 0.37203008 0.70748228
vt 0.37500000 0.71283770
vt 0.37203008 0.70748228
vt 0.37500000 0.70212687
vt 0.37796992 0.70748228
vt 0.37500000 0.71283770
vt 0.37796992 0.70748228
vt 0.38064925 0.71231343
vt 0.37203008 0.70748228
vt 0.37796992 0.70748228
vt 0.37500000 0.71283770
vt 0.36196738 0.62500000
vt 0.35876938 0.62975121
vt 0.36781912 0.62793632
vt 0.35876938 0.62975121
vt 0.35442106 0.63414063
vt 0.36412823 0.63277545
vt 0.36781912 0.62793632
vt 0.36412823 0.63277545
vt 0.37183177 0.63064925
vt 0.35876938 0.62975121
vt 0.36412823 0.63277545
vt 0.36781912 0.62793632
vt 0.35442106 0.63414063
vt 0.34925373 0.63783431
vt 0.35847114 0.63758098
vt 0.34925373 0.71626136
vt 0.34366071 0.71283770
vt 0.35271046 0.71096648
vt 0.35847114 0.71410181
vt 0.35271046 0.71096648
vt 0.36107143 0.70842255
vt 0.34925373 0.71626136
vt 0.35271046 0.71096648
vt 0.35847114 0.71410181
vt 0.37183177 0.71231343
vt 0.36762447 0.71079204
vt 0.37370012 0.70742175
vt 0.36762447 0.71079204
vt 0.36107143 0.70842255
vt 0.36810692 0.70539918
vt 0.37370012 0.70742175
vt 0.36810692 0.70539918
vt 0.37328156 0.70212687
vt 0.36762447 0.71079204
vt 0.36810692 0.70539918
vt 0.37370012 0.70742175
vt 0.35442106 0.63414063
vt 0.35847114 0.63758098
vt 0.36412823 0.63277545
vt 0.35847114 0.71410181
vt 0.36107143 0.70842255
vt 0.36762447 0.71079204
vt 0.36412823 0.63277545
vt 0.36762447 0.63574537
vt 0.37183177 0.63064925
vt 0.35847114 0.71410181
vt 0.36762447 0.71079204
vt 0.36412823 0.71614746
vt 0.34366071 0.71283770
vt 0.33461097 0.71096648
vt 0.34366071 0.70769416
vt 0.33461097 0.71096648
vt 0.32625000 0.70842255
vt 0.33450738 0.70543663
vt 0.34366071 0.70769416
vt 0.33450738 0.70543663
vt 0.34366071 0.70212687
vt 0.33461097 0.71096648
vt 0.33450738 0.70543663
vt 0.34366071 0.70769416
vt 0.32625000 0.70842255
vt 0.31921450 0.70539918
vt 0.32535404 0.70212687
vt 0.31921450 0.70539918
vt 0.31403987 0.70212687
vt 0.31921450 0.69885455
vt 0.32535404 0.70212687
vt 0.31921450 0.69885455
vt 0.32625000 0.69583118
vt 0.31921450 0.70539918
vt 0.31921450 0.69885455
vt 0.32535404 0.70212687
vt 0.34366071 0.70212687
vt 0.33450738 0.69881710
vt 0.34366071 0.69655957
vt 0.33450738 0.69881710
vt 0.32625000 0.69583118
vt 0.33461097 0.69328725
vt 0.34366071 0.69655957
vt 0.33461097 0.69328725
vt 0.34366071 0.69141603
vt 0.33450738 0.69881710
vt 0.33461097 0.69328725
vt 0.34366071 0.69655957
vt 0.32625000 0.70842255
vt 0.32535404 0.70212687
vt 0.33450738 0.70543663
vt 0.32535404 0.70212687
vt 0.32625000 0.69583118
vt 0.33450738 0.69881710
vt 0.33450738 0.70543663
vt 0.33450738 0.69881710
vt 0.34366071 0.70212687
vt 0.32535404 0.70212687
vt 0.33450738 0.69881710
vt 0.33450738 0.70543663
vt 0.38461106 0.70212687
vt 0.37999566 0.70212687
vt 0.38293197 0.69683199
vt 0.37999566 0.70212687
vt 0.37500000 0.70212687
vt 0.37796992 0.69677145
vt 0.38293197 0.69683199
vt 0.37796992 0.69677145
vt 0.38064925 0.69194030
vt 0.37999566 0.70212687
vt 0.37796992 0.69677145
vt 0.38293197 0.69683199
vt 0.37500000 0.70212687
vt 0.37000434 0.70212687
vt 0.37203008 0.69677145
vt 0.37000434 0.70212687
vt 0.36538894 0.70212687
vt 0.36706803 0.69683199
vt 0.37203008 0.69677145
vt 0.36706803 0.69683199
vt 0.36935075 0.69194030
vt 0.37000434 0.70212687
vt 0.36706803 0.69683199
vt 0.37203008 0.69677145
vt 0.31548966 0.63064925
vt 0.31403987 0.62500000
vt 0.31950230 0.62793632
vt 0.31403987 0.62500000
vt 0.31548966 0.61935075
vt 0.31950230 0.62206368
vt 0.31950230 0.62793632
vt 0.31950230 0.62206368
vt 0.32535404 0.62500000
vt 0.31403987 0.62500000
vt 0.31950230 0.62206368
vt 0.31950230 0.62793632
vt 0.37500000 0.70212687
vt 0.37203008 0.69677145
vt 0.37796992 0.69677145
vt 0.37203008 0.69677145
vt 0.36935075 0.69194030
vt 0.37500000 0.69141603
vt 0.37796992 0.69677145
vt 0.37500000 0.69141603
vt 0.38064925 0.69194030
vt 0.37203008 0.69677145
vt 0.37500000 0.69141603
vt 0.37796992 0.69677145
vt 0.31403987 0.70212687
vt 0.31921450 0.70539918
vt 0.31921450 0.69885455
vt 0.31921450 0.70539918
vt 0.32625000 0.70842255
vt 0.32535404 0.70212687
vt 0.31921450 0.69885455
vt 0.32535404 0.70212687
vt 0.32625000 0.69583118
vt 0.31921450 0.70539918
vt 0.32535404 0.70212687
vt 0.31921450 0.69885455
vt 0.32625000 0.70842255
vt 0.33461097 0.71096648
vt 0.33450738 0.70543663
vt 0.33461097 0.71096648
vt 0.34366071 0.71283770
vt 0.34366071 0.70769416
vt 0.33450738 0.70543663
vt 0.34366071 0.70769416
vt 0.34366071 0.70212687
vt 0.33461097 0.71096648
vt 0.34366071 0.70769416
vt 0.33450738 0.70543663
vt 0.32625000 0.69583118
vt 0.33450738 0.69881710
vt 0.33461097 0.69328725
vt 0.33450738 0.69881710
vt 0.34366071 0.70212687
vt 0.34366071 0.69655957
vt 0.33461097 0.69328725
vt 0.34366071 0.69655957
vt 0.34366071 0.69141603
vt 0.33450738 0.69881710
vt 0.34366071 0.69655957
vt 0.33461097 0.69328725
vt 0.32625000 0.70842255
vt 0.33450738 0.70543663
vt 0.32535404 0.70212687
vt 0.33450738 0.70543663
vt 0.34366071 0.70212687
vt 0.33450738 0.69881710
vt 0.32535404 0.70212687
vt 0.33450738 0.69881710
vt 0.32625000 0.69583118
vt 0.33450738 0.70543663
vt 0.33450738 0.69881710
vt 0.32535404 0.70212687
vt 0.34366071 0.71283770
vt 0.34925373 0.71626136
vt 0.35271046 0.71096648
vt 0.34925373 0.61216569
vt 0.35442106 0.61585937
vt 0.35847114 0.61241902
vt 0.35271046 0.71096648
vt 0.35847114 0.71410181
vt 0.36107143 0.70842255
vt 0.34925373 0.71626136
vt 0.35847114 0.71410181
vt 0.35271046 0.71096648
vt 0.35442106 0.61585937
vt 0.35876938 0.62024879
vt 0.36412823 0.61722455
vt 0.35876938 0.62024879
vt 0.36196738 0.62500000
vt 0.36781912 0.62206368
vt 0.36412823 0.61722455
vt 0.36781912 0.62206368
vt 0.37183177 0.61935075
vt 0.35876938 0.62024879
vt 0.36781912 0.62206368
vt 0.36412823 0.61722455
vt 0.36107143 0.70842255
vt 0.36762447 0.71079204
vt 0.36810692 0.70539918
vt 0.36762447 0.71079204
vt 0.37183177 0.71231343
vt 0.37370012 0.70742175
vt 0.36810692 0.70539918
vt 0.37370012 0.70742175
vt 0.37328156 0.70212687
vt 0.36762447 0.71079204
vt 0.37370012 0.70742175
vt 0.36810692 0.70539918
vt 0.35442106 0.61585937
vt 0.36412823 0.61722455
vt 0.35847114 0.61241902
vt 0.36412823 0.61722455
vt 0.37183177 0.61935075
vt 0.36762447 0.61425463
vt 0.35847114 0.71410181
vt 0.36762447 0.71079204
vt 0.36107143 0.70842255
vt 0.36412823 0.71614746
vt 0.36762447 0.71079204
vt 0.35847114 0.71410181
vt 0.36196738 0.62500000
vt 0.36781912 0.62793632
vt 0.35876938 0.62975121
vt 0.36781912 0.62793632
vt 0.37183177 0.63064925
vt 0.36412823 0.63277545
vt 0.35876938 0.62975121
vt 0.36412823 0.63277545
vt 0.35442106 0.63414063
vt 0.36781912 0.62793632
vt 0.36412823 0.63277545
vt 0.35876938 0.62975121
vt 0.37183177 0.69194030
vt 0.37370012 0.69683199
vt 0.36762447 0.69346169
vt 0.37370012 0.69683199
vt 0.37328156 0.70212687
vt 0.36810692 0.69885455
vt 0.36762447 0.69346169
vt 0.36810692 0.69885455
vt 0.36107143 0.69583118
vt 0.37370012 0.69683199
vt 0.36810692 0.69885455
vt 0.36762447 0.69346169
vt 0.35442106 0.63414063
vt 0.35847114 0.63758098
vt 0.34925373 0.63783431
vt 0.35847114 0.69015193
vt 0.36107143 0.69583118
vt 0.35271046 0.69328725
vt 0.34925373 0.68799237
vt 0.35271046 0.69328725
vt 0.34366071 0.69141603
vt 0.35847114 0.69015193
vt 0.35271046 0.69328725
vt 0.34925373 0.68799237
vt 0.37183177 0.63064925
vt 0.36762447 0.63574537
vt 0.36412823 0.63277545
vt 0.36762447 0.69346169
vt 0.36107143 0.69583118
vt 0.35847114 0.69015193
vt 0.36412823 0.63277545
vt 0.35847114 0.63758098
vt 0.35442106 0.63414063
vt 0.36762447 0.69346169
vt 0.35847114 0.69015193
vt 0.36412823 0.68810627
vt 0.36196738 0.62500000
vt 0.35876938 0.62975121
vt 0.35317619 0.62500000
vt 0.35876938 0.62975121
vt 0.35442106 0.63414063
vt 0.34931780 0.62980553
vt 0.35317619 0.62500000
vt 0.34931780 0.62980553
vt 0.34366071 0.62500000
vt 0.35876938 0.62975121
vt 0.34931780 0.62980553
vt 0.35317619 0.62500000
vt 0.35442106 0.63414063
vt 0.34925373 0.63783431
vt 0.34366071 0.63461106
vt 0.34925373 0.68799237
vt 0.34366071 0.69141603
vt 0.33806770 0.68799237
vt 0.34366071 0.63461106
vt 0.33806770 0.63783431
vt 0.33290037 0.63414063
vt 0.34925373 0.63783431
vt 0.33806770 0.63783431
vt 0.34366071 0.63461106
vt 0.34366071 0.62500000
vt 0.33800363 0.62980553
vt 0.33414524 0.62500000
vt 0.33800363 0.62980553
vt 0.33290037 0.63414063
vt 0.32855204 0.62975121
vt 0.33414524 0.62500000
vt 0.32855204 0.62975121
vt 0.32535404 0.62500000
vt 0.33800363 0.62980553
vt 0.32855204 0.62975121
vt 0.33414524 0.62500000
vt 0.35442106 0.63414063
vt 0.34366071 0.63461106
vt 0.34931780 0.62980553
vt 0.34366071 0.63461106
vt 0.33290037 0.63414063
vt 0.33800363 0.62980553
vt 0.34931780 0.62980553
vt 0.33800363 0.62980553
vt 0.34366071 0.62500000
vt 0.34366071 0.63461106
vt 0.33800363 0.62980553
vt 0.34931780 0.62980553
vt 0.36196738 0.62500000
vt 0.35317619 0.62500000
vt 0.35876938 0.62024879
vt 0.35317619 0.62500000
vt 0.34366071 0.62500000
vt 0.34931780 0.62019447
vt 0.35876938 0.62024879
vt 0.34931780 0.62019447
vt 0.35442106 0.61585937
vt 0.35317619 0.62500000
vt 0.34931780 0.62019447
vt 0.35876938 0.62024879
vt 0.34366071 0.62500000
vt 0.33414524 0.62500000
vt 0.33800363 0.62019447
vt 0.33414524 0.62500000
vt 0.32535404 0.62500000
vt 0.32855204 0.62024879
vt 0.33800363 0.62019447
vt 0.32855204 0.62024879
vt 0.33290037 0.61585937
vt 0.33414524 0.62500000
vt 0.32855204 0.62024879
vt 0.33800363 0.62019447
vt 0.35442106 0.61585937
vt 0.34366071 0.61538894
vt 0.34925373 0.61216569
vt 0.34366071 0.61538894
vt 0.33290037 0.61585937
vt 0.33806770 0.61216569
vt 0.34925373 0.68799237
vt 0.33806770 0.68799237
vt 0.34366071 0.69141603
vt 0.34366071 0.61538894
vt 0.33806770 0.61216569
vt 0.34925373 0.61216569
vt 0.34366071 0.62500000
vt 0.33800363 0.62019447
vt 0.34931780 0.62019447
vt 0.33800363 0.62019447
vt 0.33290037 0.61585937
vt 0.34366071 0.61538894
vt 0.34931780 0.62019447
vt 0.34366071 0.61538894
vt 0.35442106 0.61585937
vt 0.33800363 0.62019447
vt 0.34366071 0.61538894
vt 0.34931780 0.62019447
vt 0.36196738 0.62500000
vt 0.35876938 0.62024879
vt 0.36781912 0.62206368
vt 0.35876938 0.62024879
vt 0.35442106 0.61585937
vt 0.36412823 0.61722455
vt 0.36781912 0.62206368
vt 0.36412823 0.61722455
vt 0.37183177 0.61935075
vt 0.35876938 0.62024879
vt 0.36412823 0.61722455
vt 0.36781912 0.62206368
vt 0.35442106 0.61585937
vt 0.34925373 0.61216569
vt 0.35847114 0.61241902
vt 0.34925373 0.68799237
vt 0.34366071 0.69141603
vt 0.35271046 0.69328725
vt 0.35847114 0.69015193
vt 0.35271046 0.69328725
vt 0.36107143 0.69583118
vt 0.34925373 0.68799237
vt 0.35271046 0.69328725
vt 0.35847114 0.69015193
vt 0.37183177 0.69194030
vt 0.36762447 0.69346169
vt 0.37370012 0.69683199
vt 0.36762447 0.69346169
vt 0.36107143 0.69583118
vt 0.36810692 0.69885455
vt 0.37370012 0.69683199
vt 0.36810692 0.69885455
vt 0.37328156 0.70212687
vt 0.36762447 0.69346169
vt 0.36810692 0.69885455
vt 0.37370012 0.69683199
vt 0.35442106 0.61585937
vt 0.35847114 0.61241902
vt 0.36412823 0.61722455
vt 0.35847114 0.69015193
vt 0.36107143 0.69583118
vt 0.36762447 0.69346169
vt 0.36412823 0.61722455
vt 0.36762447 0.61425463
vt 0.37183177 0.61935075
vt 0.35847114 0.69015193
vt 0.36762447 0.69346169
vt 0.36412823 0.68810627
vt 0.36196738 0.62500000
vt 0.36781912 0.62206368
vt 0.36781912 0.62793632
vt 0.36781912 0.62206368
vt 0.37183177 0.61935075
vt 0.37328156 0.62500000
vt 0.36781912 0.62793632
vt 0.37328156 0.62500000
vt 0.37183177 0.63064925
vt 0.36781912 0.62206368
vt 0.37328156 0.62500000
vt 0.36781912 0.62793632
vt 0.36935075 0.69194030
vt 0.36706803 0.69683199
vt 0.37203008 0.69677145
vt 0.36706803 0.69683199
vt 0.36538894 0.70212687
vt 0.37000434 0.70212687
vt 0.37203008 0.69677145
vt 0.37000434 0.70212687
vt 0.37500000 0.70212687
vt 0.36706803 0.69683199
vt 0.37000434 0.70212687
vt 0.37203008 0.69677145
vt 0.38064925 0.69194030
vt 0.37796992 0.69677145
vt 0.38293197 0.69683199
vt 0.37796992 0.69677145
vt 0.37500000 0.70212687
vt 0.37999566 0.70212687
vt 0.38293197 0.69683199
vt 0.37999566 0.70212687
vt 0.38461106 0.70212687
vt 0.37796992 0.69677145
vt 0.37999566 0.70212687
vt 0.38293197 0.69683199
vt 0.36935075 0.69194030
vt 0.37203008 0.69677145
vt 0.37500000 0.69141603
vt 0.37203008 0.69677145
vt 0.37500000 0.70212687
vt 0.37796992 0.69677145
vt 0.37500000 0.69141603
vt 0.37796992 0.69677145
vt 0.38064925 0.69194030
vt 0.37203008 0.69677145
vt 0.37796992 0.69677145
vt 0.37500000 0.69141603
vt 0.34366071 0.69141603
vt 0.35271046 0.69328725
vt 0.34366071 0.69655957
vt 0.35271046 0.69328725
vt 0.36107143 0.69583118
vt 0.35281405 0.69881710
vt 0.34366071 0.69655957
vt 0.35281405 0.69881710
vt 0.34366071 0.70212687
vt 0.35271046 0.69328725
vt 0.35281405 0.69881710
vt 0.34366071 0.69655957
vt 0.36107143 0.69583118
vt 0.36810692 0.69885455
vt 0.36196738 0.70212687
vt 0.36810692 0.69885455
vt 0.37328156 0.70212687
vt 0.36810692 0.70539918
vt 0.36196738 0.70212687
vt 0.36810692 0.70539918
vt 0.36107143 0.70842255
vt 0.36810692 0.69885455
vt 0.36810692 0.70539918
vt 0.36196738 0.70212687
vt 0.34366071 0.70212687
vt 0.35281405 0.70543663
vt 0.34366071 0.70769416
vt 0.35281405 0.70543663
vt 0.36107143 0.70842255
vt 0.35271046 0.71096648
vt 0.34366071 0.70769416
vt 0.35271046 0.71096648
vt 0.34366071 0.71283770
vt 0.35281405 0.70543663
vt 0.35271046 0.71096648
vt 0.34366071 0.70769416
vt 0.36107143 0.69583118
vt 0.36196738 0.70212687
vt 0.35281405 0.69881710
vt 0.36196738 0.70212687
vt 0.36107143 0.70842255
vt 0.35281405 0.70543663
vt 0.35281405 0.69881710
vt 0.35281405 0.70543663
vt 0.34366071 0.70212687
vt 0.36196738 0.70212687
vt 0.35281405 0.70543663
vt 0.35281405 0.69881710
vt 0.32535404 0.62500000
vt 0.32855204 0.62975121
vt 0.31950230 0.62793632
vt 0.32855204 0.62975121
vt 0.33290037 0.63414063
vt 0.32319320 0.63277545
vt 0.31950230 0.62793632
vt 0.32319320 0.63277545
vt 0.31548966 0.63064925
vt 0.32855204 0.62975121
vt 0.32319320 0.63277545
vt 0.31950230 0.62793632
vt 0.33290037 0.63414063
vt 0.33806770 0.63783431
vt 0.32885029 0.63758098
vt 0.33806770 0.68799237
vt 0.34366071 0.69141603
vt 0.33461097 0.69328725
vt 0.32885029 0.69015193
vt 0.33461097 0.69328725
vt 0.32625000 0.69583118
vt 0.33806770 0.68799237
vt 0.33461097 0.69328725
vt 0.32885029 0.69015193
vt 0.31548966 0.69194030
vt 0.31969696 0.69346169
vt 0.31362131 0.69683199
vt 0.31969696 0.69346169
vt 0.32625000 0.69583118
vt 0.31921450 0.69885455
vt 0.31362131 0.69683199
vt 0.31921450 0.69885455
vt 0.31403987 0.70212687
vt 0.31969696 0.69346169
vt 0.31921450 0.69885455
vt 0.31362131 0.69683199
vt 0.33290037 0.63414063
vt 0.32885029 0.63758098
vt 0.32319320 0.63277545
vt 0.32885029 0.69015193
vt 0.32625000 0.69583118
vt 0.31969696 0.69346169
vt 0.32319320 0.63277545
vt 0.31969696 0.63574537
vt 0.31548966 0.63064925
vt 0.32885029 0.69015193
vt 0.31969696 0.69346169
vt 0.32319320 0.68810627
vt 0.34366071 0.69141603
vt 0.33806770 0.68799237
vt 0.33461097 0.69328725
vt 0.33806770 0.61216569
vt 0.33290037 0.61585937
vt 0.32885029 0.61241902
vt 0.33461097 0.69328725
vt 0.32885029 0.69015193
vt 0.32625000 0.69583118
vt 0.33806770 0.68799237
vt 0.32885029 0.69015193
vt 0.33461097 0.69328725
vt 0.33290037 0.61585937
vt 0.32855204 0.62024879
vt 0.32319320 0.61722455
vt 0.32855204 0.62024879
vt 0.32535404 0.62500000
vt 0.31950230 0.62206368
vt 0.32319320 0.61722455
vt 0.31950230 0.62206368
vt 0.31548966 0.61935075
vt 0.32855204 0.62024879
vt 0.31950230 0.62206368
vt 0.32319320 0.61722455
vt 0.32625000 0.69583118
vt 0.31969696 0.69346169
vt 0.31921450 0.69885455
vt 0.31969696 0.69346169
vt 0.31548966 0.69194030
vt 0.31362131 0.69683199
vt 0.31921450 0.69885455
vt 0.31362131 0.69683199
vt 0.31403987 0.70212687
vt 0.31969696 0.69346169
vt 0.31362131 0.69683199
vt 0.31921450 0.69885455
vt 0.33290037 0.61585937
vt 0.32319320 0.61722455
vt 0.32885029 0.61241902
vt 0.32319320 0.61722455
vt 0.31548966 0.61935075
vt 0.31969696 0.61425463
vt 0.32885029 0.69015193
vt 0.31969696 0.69346169
vt 0.32625000 0.69583118
vt 0.32319320 0.68810627
vt 0.31969696 0.69346169
vt 0.32885029 0.69015193
vt 0.37328156 0.70212687
vt 0.36810692 0.69885455
vt 0.36810692 0.70539918
vt 0.36810692 0.69885455
vt 0.36107143 0.69583118
vt 0.36196738 0.70212687
vt 0.36810692 0.70539918
vt 0.36196738 0.70212687
vt 0.36107143 0.70842255
vt 0.36810692 0.69885455
vt 0.36196738 0.70212687
vt 0.36810692 0.70539918
vt 0.36107143 0.69583118
vt 0.35271046 0.69328725
vt 0.35281405 0.69881710
vt 0.35271046 0.69328725
vt 0.34366071 0.69141603
vt 0.34366071 0.69655957
vt 0.35281405 0.69881710
vt 0.34366071 0.69655957
vt 0.34366071 0.70212687
vt 0.35271046 0.69328725
vt 0.34366071 0.69655957
vt 0.35281405 0.69881710
vt 0.36107143 0.70842255
vt 0.35281405 0.70543663
vt 0.35271046 0.71096648
vt 0.35281405 0.70543663
vt 0.34366071 0.70212687
vt 0.34366071 0.70769416
vt 0.35271046 0.71096648
vt 0.34366071 0.70769416
vt 0.34366071 0.71283770
vt 0.35281405 0.70543663
vt 0.34366071 0.70769416
vt 0.35271046 0.71096648
vt 0.36107143 0.69583118
vt 0.35281405 0.69881710
vt 0.36196738 0.70212687
vt 0.35281405 0.69881710
vt 0.34366071 0.70212687
vt 0.35281405 0.70543663
vt 0.36196738 0.70212687
vt 0.35281405 0.70543663
vt 0.36107143 0.70842255
vt 0.35281405 0.69881710
vt 0.35281405 0.70543663
vt 0.36196738 0.70212687
vt 0.38461106 0.70212687
vt 0.37999566 0.70212687
vt 0.38293197 0.70742175
vt 0.37999566 0.70212687
vt 0.37500000 0.70212687
vt 0.37796992 0.70748228
vt 0.38293197 0.70742175
vt 0.37796992 0.70748228
vt 0.38064925 0.71231343
vt 0.37999566 0.70212687
vt 0.37796992 0.70748228
vt 0.38293197 0.70742175
vt 0.37500000 0.70212687
vt 0.37000434 0.70212687
vt 0.37203008 0.70748228
vt 0.37000434 0.70212687
vt 0.36538894 0.70212687
vt 0.36706803 0.70742175
vt 0.37203008 0.70748228
vt 0.36706803 0.70742175
vt 0.36935075 0.71231343
vt 0.37000434 0.70212687
vt 0.36706803 0.70742175
vt 0.37203008 0.70748228
vt 0.37183177 0.63064925
vt 0.37328156 0.62500000
vt 0.36781912 0.62793632
vt 0.37328156 0.62500000
vt 0.37183177 0.61935075
vt 0.36781912 0.62206368
vt 0.36781912 0.62793632
vt 0.36781912 0.62206368
vt 0.36196738 0.62500000
vt 0.37328156 0.62500000
vt 0.36781912 0.62206368
vt 0.36781912 0.62793632
vt 0.37500000 0.70212687
vt 0.37203008 0.70748228
vt 0.37796992 0.70748228
vt 0.37203008 0.70748228
vt 0.36935075 0.71231343
vt 0.37500000 0.71283770
vt 0.37796992 0.70748228
vt 0.37500000 0.71283770
vt 0.38064925 0.71231343
vt 0.37203008 0.70748228
vt 0.37500000 0.71283770
vt 0.37796992 0.70748228
vt 0.36721967 0.62500000
vt 0.36473273 0.62751689
vt 0.36857875 0.62907237
vt 0.37751689 0.70788451
vt 0.37984227 0.70455224
vt 0.38166465 0.70765594
vt 0.36857875 0.62907237
vt 0.36630126 0.63166465
vt 0.37042690 0.63283482
vt 0.36473273 0.62751689
vt 0.36630126 0.63166465
vt 0.36857875 0.62907237
vt 0.37984227 0.70455224
vt 0.38179888 0.70059228
vt 0.38421044 0.70332073
vt 0.38179888 0.70059228
vt 0.38323805 0.69630597
vt 0.38587125 0.69895506
vt 0.36481543 0.70332073
vt 0.36461033 0.69895506
vt 0.36760045 0.70140236
vt 0.38179888 0.70059228
vt 0.38587125 0.69895506
vt 0.38421044 0.70332073
vt 0.37042690 0.63283482
vt 0.36870550 0.63578367
vt 0.37262292 0.63600079
vt 0.36870550 0.70600009
vt 0.36760045 0.70140236
vt 0.37115380 0.70346199
vt 0.37262292 0.70774810
vt 0.37115380 0.70346199
vt 0.37500000 0.70497658
vt 0.36870550 0.70600009
vt 0.37115380 0.70346199
vt 0.37262292 0.70774810
vt 0.37984227 0.70455224
vt 0.38421044 0.70332073
vt 0.38166465 0.70765594
vt 0.36481543 0.70332073
vt 0.36760045 0.70140236
vt 0.36870550 0.70600009
vt 0.36630126 0.63166465
vt 0.36870550 0.63578367
vt 0.37042690 0.63283482
vt 0.36481543 0.63421044
vt 0.36870550 0.63578367
vt 0.36630126 0.63166465
vt 0.36721967 0.62500000
vt 0.36857875 0.62907237
vt 0.37095584 0.62500000
vt 0.36857875 0.62907237
vt 0.37042690 0.63283482
vt 0.37259575 0.62911903
vt 0.37095584 0.62500000
vt 0.37259575 0.62911903
vt 0.37500000 0.62500000
vt 0.36857875 0.62907237
vt 0.37259575 0.62911903
vt 0.37095584 0.62500000
vt 0.37042690 0.63283482
vt 0.37262292 0.63600079
vt 0.37500000 0.63323805
vt 0.37262292 0.70774810
vt 0.37500000 0.70497658
vt 0.37737708 0.70774810
vt 0.37500000 0.63323805
vt 0.37737708 0.63600079
vt 0.37957310 0.63283482
vt 0.37262292 0.63600079
vt 0.37737708 0.63600079
vt 0.37500000 0.63323805
vt 0.37500000 0.62500000
vt 0.37740425 0.62911903
vt 0.37904416 0.62500000
vt 0.37740425 0.62911903
vt 0.37957310 0.63283482
vt 0.38142125 0.62907237
vt 0.37904416 0.62500000
vt 0.38142125 0.62907237
vt 0.38278033 0.62500000
vt 0.37740425 0.62911903
vt 0.38142125 0.62907237
vt 0.37904416 0.62500000
vt 0.37042690 0.63283482
vt 0.37500000 0.63323805
vt 0.37259575 0.62911903
vt 0.37500000 0.63323805
vt 0.37957310 0.63283482
vt 0.37740425 0.62911903
vt 0.37259575 0.62911903
vt 0.37740425 0.62911903
vt 0.37500000 0.62500000
vt 0.37500000 0.63323805
vt 0.37740425 0.62911903
vt 0.37259575 0.62911903
vt 0.36721967 0.62500000
vt 0.37095584 0.62500000
vt 0.36857875 0.62092763
vt 0.37095584 0.62500000
vt 0.37500000 0.62500000
vt 0.37259575 0.62088097
vt 0.36857875 0.62092763
vt 0.37259575 0.62088097
vt 0.37042690 0.61716518
vt 0.37095584 0.62500000
vt 0.37259575 0.62088097
vt 0.36857875 0.62092763
vt 0.37500000 0.62500000
vt 0.37904416 0.62500000
vt 0.37740425 0.62088097
vt 0.37904416 0.62500000
vt 0.38278033 0.62500000
vt 0.38142125 0.62092763
vt 0.37740425 0.62088097
vt 0.38142125 0.62092763
vt 0.37957310 0.61716518
vt 0.37904416 0.62500000
vt 0.38142125 0.62092763
vt 0.37740425 0.62088097
vt 0.37042690 0.61716518
vt 0.37500000 0.61676195
vt 0.37262292 0.61399921
vt 0.37500000 0.61676195
vt 0.37957310 0.61716518
vt 0.37737708 0.61399921
vt 0.37262292 0.70774810
vt 0.37737708 0.70774810
vt 0.37500000 0.70497658
vt 0.37500000 0.61676195
vt 0.37737708 0.61399921
vt 0.37262292 0.61399921
vt 0.37500000 0.62500000
vt 0.37740425 0.62088097
vt 0.37259575 0.62088097
vt 0.37740425 0.62088097
vt 0.37957310 0.61716518
vt 0.37500000 0.61676195
vt 0.37259575 0.62088097
vt 0.37500000 0.61676195
vt 0.37042690 0.61716518
vt 0.37740425 0.62088097
vt 0.37500000 0.61676195
vt 0.37259575 0.62088097
vt 0.36721967 0.62500000
vt 0.36857875 0.62092763
vt 0.36473273 0.62248311
vt 0.36857875 0.62092763
vt 0.37042690 0.61716518
vt 0.36630126 0.61833535
vt 0.37248311 0.70788451
vt 0.36833535 0.70765594
vt 0.37015773 0.70455224
vt 0.36857875 0.62092763
vt 0.36630126 0.61833535
vt 0.36473273 0.62248311
vt 0.37042690 0.61716518
vt 0.37262292 0.61399921
vt 0.36870550 0.61421633
vt 0.37262292 0.70774810
vt 0.37500000 0.70497658
vt 0.37115380 0.70346199
vt 0.36870550 0.70600009
vt 0.37115380 0.70346199
vt 0.36760045 0.70140236
vt 0.37262292 0.70774810
vt 0.37115380 0.70346199
vt 0.36870550 0.70600009
vt 0.37015773 0.70455224
vt 0.36578956 0.70332073
vt 0.36820112 0.70059228
vt 0.36481543 0.70332073
vt 0.36760045 0.70140236
vt 0.36461033 0.69895506
vt 0.36820112 0.70059228
vt 0.36412875 0.69895506
vt 0.36676195 0.69630597
vt 0.36578956 0.70332073
vt 0.36412875 0.69895506
vt 0.36820112 0.70059228
vt 0.37042690 0.61716518
vt 0.36870550 0.61421633
vt 0.36630126 0.61833535
vt 0.36870550 0.70600009
vt 0.36760045 0.70140236
vt 0.36481543 0.70332073
vt 0.36833535 0.70765594
vt 0.36578956 0.70332073
vt 0.37015773 0.70455224
vt 0.36870550 0.61421633
vt 0.36481543 0.61578956
vt 0.36630126 0.61833535
vt 0.36721967 0.62500000
vt 0.36473273 0.62248311
vt 0.36473273 0.62751689
vt 0.37248311 0.70788451
vt 0.37015773 0.70455224
vt 0.37500000 0.70497658
vt 0.37751689 0.70788451
vt 0.37500000 0.70497658
vt 0.37984227 0.70455224
vt 0.37248311 0.70788451
vt 0.37500000 0.70497658
vt 0.37751689 0.70788451
vt 0.37015773 0.70455224
vt 0.36820112 0.70059228
vt 0.37245438 0.70064137
vt 0.36820112 0.70059228
vt 0.36676195 0.69630597
vt 0.37071801 0.69630597
vt 0.37245438 0.70064137
vt 0.37071801 0.69630597
vt 0.37500000 0.69630597
vt 0.36820112 0.70059228
vt 0.37071801 0.69630597
vt 0.37245438 0.70064137
vt 0.37984227 0.70455224
vt 0.37754562 0.70064137
vt 0.38179888 0.70059228
vt 0.37754562 0.70064137
vt 0.37500000 0.69630597
vt 0.37928199 0.69630597
vt 0.38179888 0.70059228
vt 0.37928199 0.69630597
vt 0.38323805 0.69630597
vt 0.37754562 0.70064137
vt 0.37928199 0.69630597
vt 0.38179888 0.70059228
vt 0.37015773 0.70455224
vt 0.37245438 0.70064137
vt 0.37500000 0.70497658
vt 0.37245438 0.70064137
vt 0.37500000 0.69630597
vt 0.37754562 0.70064137
vt 0.37500000 0.70497658
vt 0.37754562 0.70064137
vt 0.37984227 0.70455224
vt 0.37245438 0.70064137
vt 0.37754562 0.70064137
vt 0.37500000 0.70497658
vt 0.38278033 0.62500000
vt 0.38142125 0.62907237
vt 0.38526727 0.62751689
vt 0.38142125 0.62907237
vt 0.37957310 0.63283482
vt 0.38369874 0.63166465
vt 0.37751689 0.70788451
vt 0.38166465 0.70765594
vt 0.37984227 0.70455224
vt 0.38142125 0.62907237
vt 0.38369874 0.63166465
vt 0.38526727 0.62751689
vt 0.37957310 0.63283482
vt 0.37737708 0.63600079
vt 0.38129450 0.63578367
vt 0.37737708 0.70774810
vt 0.37500000 0.70497658
vt 0.37884620 0.70346199
vt 0.38129450 0.70600009
vt 0.37884620 0.70346199
vt 0.38239955 0.70140236
vt 0.37737708 0.70774810
vt 0.37884620 0.70346199
vt 0.38129450 0.70600009
vt 0.37984227 0.70455224
vt 0.38421044 0.70332073
vt 0.38179888 0.70059228
vt 0.38518457 0.70332073
vt 0.38239955 0.70140236
vt 0.38538967 0.69895506
vt 0.38179888 0.70059228
vt 0.38587125 0.69895506
vt 0.38323805 0.69630597
vt 0.38421044 0.70332073
vt 0.38587125 0.69895506
vt 0.38179888 0.70059228
vt 0.37957310 0.63283482
vt 0.38129450 0.63578367
vt 0.38369874 0.63166465
vt 0.38129450 0.70600009
vt 0.38239955 0.70140236
vt 0.38518457 0.70332073
vt 0.38166465 0.70765594
vt 0.38421044 0.70332073
vt 0.37984227 0.70455224
vt 0.38129450 0.63578367
vt 0.38518457 0.63421044
vt 0.38369874 0.63166465
vt 0.37500000 0.70497658
vt 0.37115380 0.70346199
vt 0.37500000 0.70081290
vt 0.37115380 0.70346199
vt 0.36760045 0.70140236
vt 0.37110975 0.69898533
vt 0.37500000 0.70081290
vt 0.37110975 0.69898533
vt 0.37500000 0.69630597
vt 0.37115380 0.70346199
vt 0.37110975 0.69898533
vt 0.37500000 0.70081290
vt 0.36760045 0.70140236
vt 0.36461033 0.69895506
vt 0.36721967 0.69630597
vt 0.38587125 0.69895506
vt 0.38323805 0.69630597
vt 0.38587125 0.69365688
vt 0.36721967 0.69630597
vt 0.36461033 0.69365688
vt 0.36760045 0.69120958
vt 0.36461033 0.69895506
vt 0.36461033 0.69365688
vt 0.36721967 0.69630597
vt 0.37500000 0.69630597
vt 0.37110975 0.69362661
vt 0.37500000 0.69179904
vt 0.37110975 0.69362661
vt 0.36760045 0.69120958
vt 0.37115380 0.68914996
vt 0.37500000 0.69179904
vt 0.37115380 0.68914996
vt 0.37500000 0.68763536
vt 0.37110975 0.69362661
vt 0.37115380 0.68914996
vt 0.37500000 0.69179904
vt 0.36760045 0.70140236
vt 0.36721967 0.69630597
vt 0.37110975 0.69898533
vt 0.36721967 0.69630597
vt 0.36760045 0.69120958
vt 0.37110975 0.69362661
vt 0.37110975 0.69898533
vt 0.37110975 0.69362661
vt 0.37500000 0.69630597
vt 0.36721967 0.69630597
vt 0.37110975 0.69362661
vt 0.37110975 0.69898533
vt 0.38323805 0.69630597
vt 0.37928199 0.69630597
vt 0.38179888 0.69201966
vt 0.37928199 0.69630597
vt 0.37500000 0.69630597
vt 0.37754562 0.69197057
vt 0.38179888 0.69201966
vt 0.37754562 0.69197057
vt 0.37984227 0.68805970
vt 0.37928199 0.69630597
vt 0.37754562 0.69197057
vt 0.38179888 0.69201966
vt 0.37500000 0.69630597
vt 0.37071801 0.69630597
vt 0.37245438 0.69197057
vt 0.37071801 0.69630597
vt 0.36676195 0.69630597
vt 0.36820112 0.69201966
vt 0.37245438 0.69197057
vt 0.36820112 0.69201966
vt 0.37015773 0.68805970
vt 0.37071801 0.69630597
vt 0.36820112 0.69201966
vt 0.37245438 0.69197057
vt 0.37984227 0.68805970
vt 0.37500000 0.68763536
vt 0.37751689 0.68472743
vt 0.37500000 0.68763536
vt 0.37015773 0.68805970
vt 0.37248311 0.68472743
vt 0.36473273 0.62751689
vt 0.36473273 0.62248311
vt 0.36721967 0.62500000
vt 0.37500000 0.68763536
vt 0.37248311 0.68472743
vt 0.37751689 0.68472743
vt 0.37500000 0.69630597
vt 0.37245438 0.69197057
vt 0.37754562 0.69197057
vt 0.37245438 0.69197057
vt 0.37015773 0.68805970
vt 0.37500000 0.68763536
vt 0.37754562 0.69197057
vt 0.37500000 0.68763536
vt 0.37984227 0.68805970
vt 0.37245438 0.69197057
vt 0.37500000 0.68763536
vt 0.37754562 0.69197057
vt 0.36676195 0.69630597
vt 0.36412875 0.69895506
vt 0.36412875 0.69365688
vt 0.36461033 0.69895506
vt 0.36760045 0.70140236
vt 0.36721967 0.69630597
vt 0.36461033 0.69365688
vt 0.36721967 0.69630597
vt 0.36760045 0.69120958
vt 0.36461033 0.69895506
vt 0.36721967 0.69630597
vt 0.36461033 0.69365688
vt 0.36760045 0.70140236
vt 0.37115380 0.70346199
vt 0.37110975 0.69898533
vt 0.37115380 0.70346199
vt 0.37500000 0.70497658
vt 0.37500000 0.70081290
vt 0.37110975 0.69898533
vt 0.37500000 0.70081290
vt 0.37500000 0.69630597
vt 0.37115380 0.70346199
vt 0.37500000 0.70081290
vt 0.37110975 0.69898533
vt 0.36760045 0.69120958
vt 0.37110975 0.69362661
vt 0.37115380 0.68914996
vt 0.37110975 0.69362661
vt 0.37500000 0.69630597
vt 0.37500000 0.69179904
vt 0.37115380 0.68914996
vt 0.37500000 0.69179904
vt 0.37500000 0.68763536
vt 0.37110975 0.69362661
vt 0.37500000 0.69179904
vt 0.37115380 0.68914996
vt 0.36760045 0.70140236
vt 0.37110975 0.69898533
vt 0.36721967 0.69630597
vt 0.37110975 0.69898533
vt 0.37500000 0.69630597
vt 0.37110975 0.69362661
vt 0.36721967 0.69630597
vt 0.37110975 0.69362661
vt 0.36760045 0.69120958
vt 0.37110975 0.69898533
vt 0.37110975 0.69362661
vt 0.36721967 0.69630597
vt 0.37500000 0.70497658
vt 0.37737708 0.70774810
vt 0.37884620 0.70346199
vt 0.37737708 0.61399921
vt 0.37957310 0.61716518
vt 0.38129450 0.61421633
vt 0.37884620 0.70346199
vt 0.38129450 0.70600009
vt 0.38239955 0.70140236
vt 0.37737708 0.70774810
vt 0.38129450 0.70600009
vt 0.37884620 0.70346199
vt 0.37957310 0.61716518
vt 0.38142125 0.62092763
vt 0.38369874 0.61833535
vt 0.38142125 0.62092763
vt 0.38278033 0.62500000
vt 0.38526727 0.62248311
vt 0.36833535 0.70765594
vt 0.37248311 0.70788451
vt 0.37015773 0.70455224
vt 0.38142125 0.62092763
vt 0.38526727 0.62248311
vt 0.38369874 0.61833535
vt 0.38239955 0.70140236
vt 0.38518457 0.70332073
vt 0.38538967 0.69895506
vt 0.36578956 0.70332073
vt 0.37015773 0.70455224
vt 0.36820112 0.70059228
vt 0.36412875 0.69895506
vt 0.36820112 0.70059228
vt 0.36676195 0.69630597
vt 0.36578956 0.70332073
vt 0.36820112 0.70059228
vt 0.36412875 0.69895506
vt 0.37957310 0.61716518
vt 0.38369874 0.61833535
vt 0.38129450 0.61421633
vt 0.36833535 0.70765594
vt 0.37015773 0.70455224
vt 0.36578956 0.70332073
vt 0.38129450 0.70600009
vt 0.38518457 0.70332073
vt 0.38239955 0.70140236
vt 0.38369874 0.61833535
vt 0.38518457 0.61578956
vt 0.38129450 0.61421633
vt 0.38278033 0.62500000
vt 0.38526727 0.62751689
vt 0.38142125 0.62907237
vt 0.37751689 0.68472743
vt 0.37984227 0.68805970
vt 0.38166465 0.68495600
vt 0.38142125 0.62907237
vt 0.38369874 0.63166465
vt 0.37957310 0.63283482
vt 0.38526727 0.62751689
vt 0.38369874 0.63166465
vt 0.38142125 0.62907237
vt 0.37984227 0.68805970
vt 0.38179888 0.69201966
vt 0.38421044 0.68929121
vt 0.38179888 0.69201966
vt 0.38323805 0.69630597
vt 0.38587125 0.69365688
vt 0.38518457 0.68929121
vt 0.38538967 0.69365688
vt 0.38239955 0.69120958
vt 0.38179888 0.69201966
vt 0.38587125 0.69365688
vt 0.38421044 0.68929121
vt 0.37957310 0.63283482
vt 0.38129450 0.63578367
vt 0.37737708 0.63600079
vt 0.38129450 0.68661185
vt 0.38239955 0.69120958
vt 0.37884620 0.68914996
vt 0.37737708 0.68486384
vt 0.37884620 0.68914996
vt 0.37500000 0.68763536
vt 0.38129450 0.68661185
vt 0.37884620 0.68914996
vt 0.37737708 0.68486384
vt 0.37984227 0.68805970
vt 0.38421044 0.68929121
vt 0.38166465 0.68495600
vt 0.38518457 0.68929121
vt 0.38239955 0.69120958
vt 0.38129450 0.68661185
vt 0.38369874 0.63166465
vt 0.38129450 0.63578367
vt 0.37957310 0.63283482
vt 0.38518457 0.63421044
vt 0.38129450 0.63578367
vt 0.38369874 0.63166465
vt 0.38278033 0.62500000
vt 0.38142125 0.62907237
vt 0.37904416 0.62500000
vt 0.38142125 0.62907237
vt 0.37957310 0.63283482
vt 0.37740425 0.62911903
vt 0.37904416 0.62500000
vt 0.37740425 0.62911903
vt 0.37500000 0.62500000
vt 0.38142125 0.62907237
vt 0.37740425 0.62911903
vt 0.37904416 0.62500000
vt 0.37957310 0.63283482
vt 0.37737708 0.63600079
vt 0.37500000 0.63323805
vt 0.37737708 0.68486384
vt 0.37500000 0.68763536
vt 0.37262292 0.68486384
vt 0.37500000 0.63323805
vt 0.37262292 0.63600079
vt 0.37042690 0.63283482
vt 0.37737708 0.63600079
vt 0.37262292 0.63600079
vt 0.37500000 0.63323805
vt 0.37500000 0.62500000
vt 0.37259575 0.62911903
vt 0.37095584 0.62500000
vt 0.37259575 0.62911903
vt 0.37042690 0.63283482
vt 0.36857875 0.62907237
vt 0.37095584 0.62500000
vt 0.36857875 0.62907237
vt 0.36721967 0.62500000
vt 0.37259575 0.62911903
vt 0.36857875 0.62907237
vt 0.37095584 0.62500000
vt 0.37957310 0.63283482
vt 0.37500000 0.63323805
vt 0.37740425 0.62911903
vt 0.37500000 0.63323805
vt 0.37042690 0.63283482
vt 0.37259575 0.62911903
vt 0.37740425 0.62911903
vt 0.37259575 0.62911903
vt 0.37500000 0.62500000
vt 0.37500000 0.63323805
vt 0.37259575 0.62911903
vt 0.37740425 0.62911903
vt 0.38278033 0.62500000
vt 0.37904416 0.62500000
vt 0.38142125 0.62092763
vt 0.37904416 0.62500000
vt 0.37500000 0.62500000
vt 0.37740425 0.62088097
vt 0.38142125 0.62092763
vt 0.37740425 0.62088097
vt 0.37957310 0.61716518
vt 0.37904416 0.62500000
vt 0.37740425 0.62088097
vt 0.38142125 0.62092763
vt 0.37500000 0.62500000
vt 0.37095584 0.62500000
vt 0.37259575 0.62088097
vt 0.37095584 0.62500000
vt 0.36721967 0.62500000
vt 0.36857875 0.62092763
vt 0.37259575 0.62088097
vt 0.36857875 0.62092763
vt 0.37042690 0.61716518
vt 0.37095584 0.62500000
vt 0.36857875 0.62092763
vt 0.37259575 0.62088097
vt 0.37957310 0.61716518
vt 0.37500000 0.61676195
vt 0.37737708 0.61399921
vt 0.37500000 0.61676195
vt 0.37042690 0.61716518
vt 0.37262292 0.61399921
vt 0.37737708 0.68486384
vt 0.37262292 0.68486384
vt 0.37500000 0.68763536
vt 0.37500000 0.61676195
vt 0.37262292 0.61399921
vt 0.37737708 0.61399921
vt 0.37500000 0.62500000
vt 0.37259575 0.62088097
vt 0.37740425 0.62088097
vt 0.37259575 0.62088097
vt 0.37042690 0.61716518
vt 0.37500000 0.61676195
vt 0.37740425 0.62088097
vt 0.37500000 0.61676195
vt 0.37957310 0.61716518
vt 0.37259575 0.62088097
vt 0.37500000 0.61676195
vt 0.37740425 0.62088097
vt 0.38278033 0.62500000
vt 0.38142125 0.62092763
vt 0.38526727 0.62248311
vt 0.38142125 0.62092763
vt 0.37957310 0.61716518
vt 0.38369874 0.61833535
vt 0.37248311 0.68472743
vt 0.36833535 0.68495600
vt 0.37015773 0.68805970
vt 0.38142125 0.62092763
vt 0.38369874 0.61833535
vt 0.38526727 0.62248311
vt 0.37957310 0.61716518
vt 0.37737708 0.61399921
vt 0.38129450 0.61421633
vt 0.37737708 0.68486384
vt 0.37500000 0.68763536
vt 0.37884620 0.68914996
vt 0.38129450 0.68661185
vt 0.37884620 0.68914996
vt 0.38239955 0.69120958
vt 0.37737708 0.68486384
vt 0.37884620 0.68914996
vt 0.38129450 0.68661185
vt 0.37015773 0.68805970
vt 0.36578956 0.68929121
vt 0.36820112 0.69201966
vt 0.38518457 0.68929121
vt 0.38239955 0.69120958
vt 0.38538967 0.69365688
vt 0.36820112 0.69201966
vt 0.36412875 0.69365688
vt 0.36676195 0.69630597
vt 0.36578956 0.68929121
vt 0.36412875 0.69365688
vt 0.36820112 0.69201966
vt 0.37957310 0.61716518
vt 0.38129450 0.61421633
vt 0.38369874 0.61833535
vt 0.38129450 0.68661185
vt 0.38239955 0.69120958
vt 0.38518457 0.68929121
vt 0.36833535 0.68495600
vt 0.36578956 0.68929121
vt 0.37015773 0.68805970
vt 0.38129450 0.61421633
vt 0.38518457 0.61578956
vt 0.38369874 0.61833535
vt 0.38278033 0.62500000
vt 0.38526727 0.62248311
vt 0.38526727 0.62751689
vt 0.37248311 0.68472743
vt 0.37015773 0.68805970
vt 0.37500000 0.68763536
vt 0.37751689 0.68472743
vt 0.37500000 0.68763536
vt 0.37984227 0.68805970
vt 0.37248311 0.68472743
vt 0.37500000 0.68763536
vt 0.37751689 0.68472743
vt 0.37015773 0.68805970
vt 0.36820112 0.69201966
vt 0.37245438 0.69197057
vt 0.36820112 0.69201966
vt 0.36676195 0.69630597
vt 0.37071801 0.69630597
vt 0.37245438 0.69197057
vt 0.37071801 0.69630597
vt 0.37500000 0.69630597
vt 0.36820112 0.69201966
vt 0.37071801 0.69630597
vt 0.37245438 0.69197057
vt 0.37984227 0.68805970
vt 0.37754562 0.69197057
vt 0.38179888 0.69201966
vt 0.37754562 0.69197057
vt 0.37500000 0.69630597
vt 0.37928199 0.69630597
vt 0.38179888 0.69201966
vt 0.37928199 0.69630597
vt 0.38323805 0.69630597
vt 0.37754562 0.69197057
vt 0.37928199 0.69630597
vt 0.38179888 0.69201966
vt 0.37015773 0.68805970
vt 0.37245438 0.69197057
vt 0.37500000 0.68763536
vt 0.37245438 0.69197057
vt 0.37500000 0.69630597
vt 0.37754562 0.69197057
vt 0.37500000 0.68763536
vt 0.37754562 0.69197057
vt 0.37984227 0.68805970
vt 0.37245438 0.69197057
vt 0.37754562 0.69197057
vt 0.37500000 0.68763536
vt 0.37500000 0.68763536
vt 0.37884620 0.68914996
vt 0.37500000 0.69179904
vt 0.37884620 0.68914996
vt 0.38239955 0.69120958
vt 0.37889025 0.69362661
vt 0.37500000 0.69179904
vt 0.37889025 0.69362661
vt 0.37500000 0.69630597
vt 0.37884620 0.68914996
vt 0.37889025 0.69362661
vt 0.37500000 0.69179904
vt 0.38239955 0.69120958
vt 0.38538967 0.69365688
vt 0.38278033 0.69630597
vt 0.38587125 0.69365688
vt 0.38323805 0.69630597
vt 0.38587125 0.69895506
vt 0.38278033 0.69630597
vt 0.38538967 0.69895506
vt 0.38239955 0.70140236
vt 0.38538967 0.69365688
vt 0.38538967 0.69895506
vt 0.38278033 0.69630597
vt 0.37500000 0.69630597
vt 0.37889025 0.69898533
vt 0.37500000 0.70081290
vt 0.37889025 0.69898533
vt 0.38239955 0.70140236
vt 0.37884620 0.70346199
vt 0.37500000 0.70081290
vt 0.37884620 0.70346199
vt 0.37500000 0.70497658
vt 0.37889025 0.69898533
vt 0.37884620 0.70346199
vt 0.37500000 0.70081290
vt 0.38239955 0.69120958
vt 0.38278033 0.69630597
vt 0.37889025 0.69362661
vt 0.38278033 0.69630597
vt 0.38239955 0.70140236
vt 0.37889025 0.69898533
vt 0.37889025 0.69362661
vt 0.37889025 0.69898533
vt 0.37500000 0.69630597
vt 0.38278033 0.69630597
vt 0.37889025 0.69898533
vt 0.37889025 0.69362661
vt 0.36721967 0.62500000
vt 0.36857875 0.62907237
vt 0.36473273 0.62751689
vt 0.36857875 0.62907237
vt 0.37042690 0.63283482
vt 0.36630126 0.63166465
vt 0.37751689 0.68472743
vt 0.38166465 0.68495600
vt 0.37984227 0.68805970
vt 0.36857875 0.62907237
vt 0.36630126 0.63166465
vt 0.36473273 0.62751689
vt 0.37042690 0.63283482
vt 0.37262292 0.63600079
vt 0.36870550 0.63578367
vt 0.37262292 0.68486384
vt 0.37500000 0.68763536
vt 0.37115380 0.68914996
vt 0.36870550 0.68661185
vt 0.37115380 0.68914996
vt 0.36760045 0.69120958
vt 0.37262292 0.68486384
vt 0.37115380 0.68914996
vt 0.36870550 0.68661185
vt 0.37984227 0.68805970
vt 0.38421044 0.68929121
vt 0.38179888 0.69201966
vt 0.36481543 0.68929121
vt 0.36760045 0.69120958
vt 0.36461033 0.69365688
vt 0.38179888 0.69201966
vt 0.38587125 0.69365688
vt 0.38323805 0.69630597
vt 0.38421044 0.68929121
vt 0.38587125 0.69365688
vt 0.38179888 0.69201966
vt 0.37042690 0.63283482
vt 0.36870550 0.63578367
vt 0.36630126 0.63166465
vt 0.36870550 0.68661185
vt 0.36760045 0.69120958
vt 0.36481543 0.68929121
vt 0.38166465 0.68495600
vt 0.38421044 0.68929121
vt 0.37984227 0.68805970
vt 0.36870550 0.63578367
vt 0.36481543 0.63421044
vt 0.36630126 0.63166465
vt 0.37500000 0.68763536
vt 0.37262292 0.68486384
vt 0.37115380 0.68914996
vt 0.37262292 0.61399921
vt 0.37042690 0.61716518
vt 0.36870550 0.61421633
vt 0.37115380 0.68914996
vt 0.36870550 0.68661185
vt 0.36760045 0.69120958
vt 0.37262292 0.68486384
vt 0.36870550 0.68661185
vt 0.37115380 0.68914996
vt 0.37042690 0.61716518
vt 0.36857875 0.62092763
vt 0.36630126 0.61833535
vt 0.36857875 0.62092763
vt 0.36721967 0.62500000
vt 0.36473273 0.62248311
vt 0.36833535 0.68495600
vt 0.37248311 0.68472743
vt 0.37015773 0.68805970
vt 0.36857875 0.62092763
vt 0.36473273 0.62248311
vt 0.36630126 0.61833535
vt 0.36760045 0.69120958
vt 0.36481543 0.68929121
vt 0.36461033 0.69365688
vt 0.36578956 0.68929121
vt 0.37015773 0.68805970
vt 0.36820112 0.69201966
vt 0.36412875 0.69365688
vt 0.36820112 0.69201966
vt 0.36676195 0.69630597
vt 0.36578956 0.68929121
vt 0.36820112 0.69201966
vt 0.36412875 0.69365688
vt 0.37042690 0.61716518
vt 0.36630126 0.61833535
vt 0.36870550 0.61421633
vt 0.36833535 0.68495600
vt 0.37015773 0.68805970
vt 0.36578956 0.68929121
vt 0.36870550 0.68661185
vt 0.36481543 0.68929121
vt 0.36760045 0.69120958
vt 0.36630126 0.61833535
vt 0.36481543 0.61578956
vt 0.36870550 0.61421633
vt 0.36676195 0.69630597
vt 0.36412875 0.69365688
vt 0.36412875 0.69895506
vt 0.38538967 0.69365688
vt 0.38239955 0.69120958
vt 0.38278033 0.69630597
vt 0.38538967 0.69895506
vt 0.38278033 0.69630597
vt 0.38239955 0.70140236
vt 0.38538967 0.69365688
vt 0.38278033 0.69630597
vt 0.38538967 0.69895506
vt 0.38239955 0.69120958
vt 0.37884620 0.68914996
vt 0.37889025 0.69362661
vt 0.37884620 0.68914996
vt 0.37500000 0.68763536
vt 0.37500000 0.69179904
vt 0.37889025 0.69362661
vt 0.37500000 0.69179904
vt 0.37500000 0.69630597
vt 0.37884620 0.68914996
vt 0.37500000 0.69179904
vt 0.37889025 0.69362661
vt 0.38239955 0.70140236
vt 0.37889025 0.69898533
vt 0.37884620 0.70346199
vt 0.37889025 0.69898533
vt 0.37500000 0.69630597
vt 0.37500000 0.70081290
vt 0.37884620 0.70346199
vt 0.37500000 0.70081290
vt 0.37500000 0.70497658
vt 0.37889025 0.69898533
vt 0.37500000 0.70081290
vt 0.37884620 0.70346199
vt 0.38239955 0.69120958
vt 0.37889025 0.69362661
vt 0.38278033 0.69630597
vt 0.37889025 0.69362661
vt 0.37500000 0.69630597
vt 0.37889025 0.69898533
vt 0.38278033 0.69630597
vt 0.37889025 0.69898533
vt 0.38239955 0.70140236
vt 0.37889025 0.69362661
vt 0.37889025 0.69898533
vt 0.38278033 0.69630597
vt 0.38323805 0.69630597
vt 0.37928199 0.69630597
vt 0.38179888 0.70059228
vt 0.37928199 0.69630597
vt 0.37500000 0.69630597
vt 0.37754562 0.70064137
vt 0.38179888 0.70059228
vt 0.37754562 0.70064137
vt 0.37984227 0.70455224
vt 0.37928199 0.69630597
vt 0.37754562 0.70064137
vt 0.38179888 0.70059228
vt 0.37500000 0.69630597
vt 0.37071801 0.69630597
vt 0.37245438 0.70064137
vt 0.37071801 0.69630597
vt 0.36676195 0.69630597
vt 0.36820112 0.70059228
vt 0.37245438 0.70064137
vt 0.36820112 0.70059228
vt 0.37015773 0.70455224
vt 0.37071801 0.69630597
vt 0.36820112 0.70059228
vt 0.37245438 0.70064137
vt 0.37984227 0.70455224
vt 0.37500000 0.70497658
vt 0.37751689 0.70788451
vt 0.37500000 0.70497658
vt 0.37015773 0.70455224
vt 0.37248311 0.70788451
vt 0.38526727 0.62751689
vt 0.38526727 0.62248311
vt 0.38278033 0.62500000
vt 0.37500000 0.70497658
vt 0.37248311 0.70788451
vt 0.37751689 0.70788451
vt 0.37500000 0.69630597
vt 0.37245438 0.70064137
vt 0.37754562 0.70064137
vt 0.37245438 0.70064137
vt 0.37015773 0.70455224
vt 0.37500000 0.70497658
vt 0.37754562 0.70064137
vt 0.37500000 0.70497658
vt 0.37984227 0.70455224
vt 0.37245438 0.70064137
vt 0.37500000 0.70497658
vt 0.37754562 0.70064137
vt 0.38803262 0.62500000
vt 0.38218087 0.62793632
vt 0.39123062 0.62975121
vt 0.38218087 0.62793632
vt 0.37816823 0.63064925
vt 0.38587177 0.63277545
vt 0.39123062 0.62975121
vt 0.38587177 0.63277545
vt 0.39557894 0.63414063
vt 0.38218087 0.62793632
vt 0.38587177 0.63277545
vt 0.39123062 0.62975121
vt 0.37816823 0.71231343
vt 0.37629988 0.70742175
vt 0.38237553 0.71079204
vt 0.37629988 0.70742175
vt 0.37671844 0.70212687
vt 0.38189308 0.70539918
vt 0.38237553 0.71079204
vt 0.38189308 0.70539918
vt 0.38892857 0.70842255
vt 0.37629988 0.70742175
vt 0.38189308 0.70539918
vt 0.38237553 0.71079204
vt 0.39557894 0.63414063
vt 0.39152886 0.63758098
vt 0.40074627 0.63783431
vt 0.39152886 0.71410181
vt 0.38892857 0.70842255
vt 0.39728954 0.71096648
vt 0.40074627 0.71626136
vt 0.39728954 0.71096648
vt 0.40633929 0.71283770
vt 0.39152886 0.71410181
vt 0.39728954 0.71096648
vt 0.40074627 0.71626136
vt 0.37816823 0.63064925
vt 0.38237553 0.63574537
vt 0.38587177 0.63277545
vt 0.38237553 0.71079204
vt 0.38892857 0.70842255
vt 0.39152886 0.71410181
vt 0.38587177 0.63277545
vt 0.39152886 0.63758098
vt 0.39557894 0.63414063
vt 0.38237553 0.71079204
vt 0.39152886 0.71410181
vt 0.38587177 0.71614746
vt 0.38803262 0.62500000
vt 0.39123062 0.62975121
vt 0.39682381 0.62500000
vt 0.39123062 0.62975121
vt 0.39557894 0.63414063
vt 0.40068220 0.62980553
vt 0.39682381 0.62500000
vt 0.40068220 0.62980553
vt 0.40633929 0.62500000
vt 0.39123062 0.62975121
vt 0.40068220 0.62980553
vt 0.39682381 0.62500000
vt 0.39557894 0.63414063
vt 0.40074627 0.63783431
vt 0.40633929 0.63461106
vt 0.40074627 0.71626136
vt 0.40633929 0.71283770
vt 0.41193230 0.71626136
vt 0.40633929 0.63461106
vt 0.41193230 0.63783431
vt 0.41709963 0.63414063
vt 0.40074627 0.63783431
vt 0.41193230 0.63783431
vt 0.40633929 0.63461106
vt 0.40633929 0.62500000
vt 0.41199638 0.62980553
vt 0.41585476 0.62500000
vt 0.41199638 0.62980553
vt 0.41709963 0.63414063
vt 0.42144796 0.62975121
vt 0.41585476 0.62500000
vt 0.42144796 0.62975121
vt 0.42464596 0.62500000
vt 0.41199638 0.62980553
vt 0.42144796 0.62975121
vt 0.41585476 0.62500000
vt 0.39557894 0.63414063
vt 0.40633929 0.63461106
vt 0.40068220 0.62980553
vt 0.40633929 0.63461106
vt 0.41709963 0.63414063
vt 0.41199638 0.62980553
vt 0.40068220 0.62980553
vt 0.41199638 0.62980553
vt 0.40633929 0.62500000
vt 0.40633929 0.63461106
vt 0.41199638 0.62980553
vt 0.40068220 0.62980553
vt 0.38803262 0.62500000
vt 0.39682381 0.62500000
vt 0.39123062 0.62024879
vt 0.39682381 0.62500000
vt 0.40633929 0.62500000
vt 0.40068220 0.62019447
vt 0.39123062 0.62024879
vt 0.40068220 0.62019447
vt 0.39557894 0.61585937
vt 0.39682381 0.62500000
vt 0.40068220 0.62019447
vt 0.39123062 0.62024879
vt 0.40633929 0.62500000
vt 0.41585476 0.62500000
vt 0.41199638 0.62019447
vt 0.41585476 0.62500000
vt 0.42464596 0.62500000
vt 0.42144796 0.62024879
vt 0.41199638 0.62019447
vt 0.42144796 0.62024879
vt 0.41709963 0.61585937
vt 0.41585476 0.62500000
vt 0.42144796 0.62024879
vt 0.41199638 0.62019447
vt 0.39557894 0.61585937
vt 0.40633929 0.61538894
vt 0.40074627 0.61216569
vt 0.40633929 0.61538894
vt 0.41709963 0.61585937
vt 0.41193230 0.61216569
vt 0.40074627 0.71626136
vt 0.41193230 0.71626136
vt 0.40633929 0.71283770
vt 0.40633929 0.61538894
vt 0.41193230 0.61216569
vt 0.40074627 0.61216569
vt 0.40633929 0.62500000
vt 0.41199638 0.62019447
vt 0.40068220 0.62019447
vt 0.41199638 0.62019447
vt 0.41709963 0.61585937
vt 0.40633929 0.61538894
vt 0.40068220 0.62019447
vt 0.40633929 0.61538894
vt 0.39557894 0.61585937
vt 0.41199638 0.62019447
vt 0.40633929 0.61538894
vt 0.40068220 0.62019447
vt 0.38803262 0.62500000
vt 0.39123062 0.62024879
vt 0.38218087 0.62206368
vt 0.39123062 0.62024879
vt 0.39557894 0.61585937
vt 0.38587177 0.61722455
vt 0.38218087 0.62206368
vt 0.38587177 0.61722455
vt 0.37816823 0.61935075
vt 0.39123062 0.62024879
vt 0.38587177 0.61722455
vt 0.38218087 0.62206368
vt 0.39557894 0.61585937
vt 0.40074627 0.61216569
vt 0.39152886 0.61241902
vt 0.40074627 0.71626136
vt 0.40633929 0.71283770
vt 0.39728954 0.71096648
vt 0.39152886 0.71410181
vt 0.39728954 0.71096648
vt 0.38892857 0.70842255
vt 0.40074627 0.71626136
vt 0.39728954 0.71096648
vt 0.39152886 0.71410181
vt 0.37816823 0.71231343
vt 0.38237553 0.71079204
vt 0.37629988 0.70742175
vt 0.38237553 0.71079204
vt 0.38892857 0.70842255
vt 0.38189308 0.70539918
vt 0.37629988 0.70742175
vt 0.38189308 0.70539918
vt 0.37671844 0.70212687
vt 0.38237553 0.71079204
vt 0.38189308 0.70539918
vt 0.37629988 0.70742175
vt 0.39557894 0.61585937
vt 0.39152886 0.61241902
vt 0.38587177 0.61722455
vt 0.39152886 0.71410181
vt 0.38892857 0.70842255
vt 0.38237553 0.71079204
vt 0.38587177 0.61722455
vt 0.38237553 0.61425463
vt 0.37816823 0.61935075
vt 0.39152886 0.71410181
vt 0.38237553 0.71079204
vt 0.38587177 0.71614746
vt 0.38803262 0.62500000
vt 0.38218087 0.62206368
vt 0.38218087 0.62793632
vt 0.38218087 0.62206368
vt 0.37816823 0.61935075
vt 0.37671844 0.62500000
vt 0.38218087 0.62793632
vt 0.37671844 0.62500000
vt 0.37816823 0.63064925
vt 0.38218087 0.62206368
vt 0.37671844 0.62500000
vt 0.38218087 0.62793632
vt 0.36935075 0.71231343
vt 0.36706803 0.70742175
vt 0.37203008 0.70748228
vt 0.36706803 0.70742175
vt 0.36538894 0.70212687
vt 0.37000434 0.70212687
vt 0.37203008 0.70748228
vt 0.37000434 0.70212687
vt 0.37500000 0.70212687
vt 0.36706803 0.70742175
vt 0.37000434 0.70212687
vt 0.37203008 0.70748228
vt 0.38064925 0.71231343
vt 0.37796992 0.70748228
vt 0.38293197 0.70742175
vt 0.37796992 0.70748228
vt 0.37500000 0.70212687
vt 0.37999566 0.70212687
vt 0.38293197 0.70742175
vt 0.37999566 0.70212687
vt 0.38461106 0.70212687
vt 0.37796992 0.70748228
vt 0.37999566 0.70212687
vt 0.38293197 0.70742175
vt 0.36935075 0.71231343
vt 0.37203008 0.70748228
vt 0.37500000 0.71283770
vt 0.37203008 0.70748228
vt 0.37500000 0.70212687
vt 0.37796992 0.70748228
vt 0.37500000 0.71283770
vt 0.37796992 0.70748228
vt 0.38064925 0.71231343
vt 0.37203008 0.70748228
vt 0.37796992 0.70748228
vt 0.37500000 0.71283770
vt 0.42464596 0.62500000
vt 0.42144796 0.62975121
vt 0.43049770 0.62793632
vt 0.42144796 0.62975121
vt 0.41709963 0.63414063
vt 0.42680680 0.63277545
vt 0.43049770 0.62793632
vt 0.42680680 0.63277545
vt 0.43451034 0.63064925
vt 0.42144796 0.62975121
vt 0.42680680 0.63277545
vt 0.43049770 0.62793632
vt 0.41709963 0.63414063
vt 0.41193230 0.63783431
vt 0.42114971 0.63758098
vt 0.41193230 0.71626136
vt 0.40633929 0.71283770
vt 0.41538903 0.71096648
vt 0.42114971 0.71410181
vt 0.41538903 0.71096648
vt 0.42375000 0.70842255
vt 0.41193230 0.71626136
vt 0.41538903 0.71096648
vt 0.42114971 0.71410181
vt 0.43451034 0.71231343
vt 0.43030304 0.71079204
vt 0.43637869 0.70742175
vt 0.43030304 0.71079204
vt 0.42375000 0.70842255
vt 0.43078550 0.70539918
vt 0.43637869 0.70742175
vt 0.43078550 0.70539918
vt 0.43596013 0.70212687
vt 0.43030304 0.71079204
vt 0.43078550 0.70539918
vt 0.43637869 0.70742175
vt 0.41709963 0.63414063
vt 0.42114971 0.63758098
vt 0.42680680 0.63277545
vt 0.42114971 0.71410181
vt 0.42375000 0.70842255
vt 0.43030304 0.71079204
vt 0.42680680 0.63277545
vt 0.43030304 0.63574537
vt 0.43451034 0.63064925
vt 0.42114971 0.71410181
vt 0.43030304 0.71079204
vt 0.42680680 0.71614746
vt 0.40633929 0.71283770
vt 0.39728954 0.71096648
vt 0.40633929 0.70769416
vt 0.39728954 0.71096648
vt 0.38892857 0.70842255
vt 0.39718595 0.70543663
vt 0.40633929 0.70769416
vt 0.39718595 0.70543663
vt 0.40633929 0.70212687
vt 0.39728954 0.71096648
vt 0.39718595 0.70543663
vt 0.40633929 0.70769416
vt 0.38892857 0.70842255
vt 0.38189308 0.70539918
vt 0.38803262 0.70212687
vt 0.38189308 0.70539918
vt 0.37671844 0.70212687
vt 0.38189308 0.69885455
vt 0.38803262 0.70212687
vt 0.38189308 0.69885455
vt 0.38892857 0.69583118
vt 0.38189308 0.70539918
vt 0.38189308 0.69885455
vt 0.38803262 0.70212687
vt 0.40633929 0.70212687
vt 0.39718595 0.69881710
vt 0.40633929 0.69655957
vt 0.39718595 0.69881710
vt 0.38892857 0.69583118
vt 0.39728954 0.69328725
vt 0.40633929 0.69655957
vt 0.39728954 0.69328725
vt 0.40633929 0.69141603
vt 0.39718595 0.69881710
vt 0.39728954 0.69328725
vt 0.40633929 0.69655957
vt 0.38892857 0.70842255
vt 0.38803262 0.70212687
vt 0.39718595 0.70543663
vt 0.38803262 0.70212687
vt 0.38892857 0.69583118
vt 0.39718595 0.69881710
vt 0.39718595 0.70543663
vt 0.39718595 0.69881710
vt 0.40633929 0.70212687
vt 0.38803262 0.70212687
vt 0.39718595 0.69881710
vt 0.39718595 0.70543663
vt 0.38461106 0.70212687
vt 0.37999566 0.70212687
vt 0.38293197 0.69683199
vt 0.37999566 0.70212687
vt 0.37500000 0.70212687
vt 0.37796992 0.69677145
vt 0.38293197 0.69683199
vt 0.37796992 0.69677145
vt 0.38064925 0.69194030
vt 0.37999566 0.70212687
vt 0.37796992 0.69677145
vt 0.38293197 0.69683199
vt 0.37500000 0.70212687
vt 0.37000434 0.70212687
vt 0.37203008 0.69677145
vt 0.37000434 0.70212687
vt 0.36538894 0.70212687
vt 0.36706803 0.69683199
vt 0.37203008 0.69677145
vt 0.36706803 0.69683199
vt 0.36935075 0.69194030
vt 0.37000434 0.70212687
vt 0.36706803 0.69683199
vt 0.37203008 0.69677145
vt 0.37816823 0.63064925
vt 0.37671844 0.62500000
vt 0.38218087 0.62793632
vt 0.37671844 0.62500000
vt 0.37816823 0.61935075
vt 0.38218087 0.62206368
vt 0.38218087 0.62793632
vt 0.38218087 0.62206368
vt 0.38803262 0.62500000
vt 0.37671844 0.62500000
vt 0.38218087 0.62206368
vt 0.38218087 0.62793632
vt 0.37500000 0.70212687
vt 0.37203008 0.69677145
vt 0.37796992 0.69677145
vt 0.37203008 0.69677145
vt 0.36935075 0.69194030
vt 0.37500000 0.69141603
vt 0.37796992 0.69677145
vt 0.37500000 0.69141603
vt 0.38064925 0.69194030
vt 0.37203008 0.69677145
vt 0.37500000 0.69141603
vt 0.37796992 0.69677145
vt 0.37671844 0.70212687
vt 0.38189308 0.70539918
vt 0.38189308 0.69885455
vt 0.38189308 0.70539918
vt 0.38892857 0.70842255
vt 0.38803262 0.70212687
vt 0.38189308 0.69885455
vt 0.38803262 0.70212687
vt 0.38892857 0.69583118
vt 0.38189308 0.70539918
vt 0.38803262 0.70212687
vt 0.38189308 0.69885455
vt 0.38892857 0.70842255
vt 0.39728954 0.71096648
vt 0.39718595 0.70543663
vt 0.39728954 0.71096648
vt 0.40633929 0.71283770
vt 0.40633929 0.70769416
vt 0.39718595 0.70543663
vt 0.40633929 0.70769416
vt 0.40633929 0.70212687
vt 0.39728954 0.71096648
vt 0.40633929 0.70769416
vt 0.39718595 0.70543663
vt 0.38892857 0.69583118
vt 0.39718595 0.69881710
vt 0.39728954 0.69328725
vt 0.39718595 0.69881710
vt 0.40633929 0.70212687
vt 0.40633929 0.69655957
vt 0.39728954 0.69328725
vt 0.40633929 0.69655957
vt 0.40633929 0.69141603
vt 0.39718595 0.69881710
vt 0.40633929 0.69655957
vt 0.39728954 0.69328725
vt 0.38892857 0.70842255
vt 0.39718595 0.70543663
vt 0.38803262 0.70212687
vt 0.39718595 0.70543663
vt 0.40633929 0.70212687
vt 0.39718595 0.69881710
vt 0.38803262 0.70212687
vt 0.39718595 0.69881710
vt 0.38892857 0.69583118
vt 0.39718595 0.70543663
vt 0.39718595 0.69881710
vt 0.38803262 0.70212687
vt 0.40633929 0.71283770
vt 0.41193230 0.71626136
vt 0.41538903 0.71096648
vt 0.41193230 0.61216569
vt 0.41709963 0.61585937
vt 0.42114971 0.61241902
vt 0.41538903 0.71096648
vt 0.42114971 0.71410181
vt 0.42375000 0.70842255
vt 0.41193230 0.71626136
vt 0.42114971 0.71410181
vt 0.41538903 0.71096648
vt 0.41709963 0.61585937
vt 0.42144796 0.62024879
vt 0.42680680 0.61722455
vt 0.42144796 0.62024879
vt 0.42464596 0.62500000
vt 0.43049770 0.62206368
vt 0.42680680 0.61722455
vt 0.43049770 0.62206368
vt 0.43451034 0.61935075
vt 0.42144796 0.62024879
vt 0.43049770 0.62206368
vt 0.42680680 0.61722455
vt 0.42375000 0.70842255
vt 0.43030304 0.71079204
vt 0.43078550 0.70539918
vt 0.43030304 0.71079204
vt 0.43451034 0.71231343
vt 0.43637869 0.70742175
vt 0.43078550 0.70539918
vt 0.43637869 0.70742175
vt 0.43596013 0.70212687
vt 0.43030304 0.71079204
vt 0.43637869 0.70742175
vt 0.43078550 0.70539918
vt 0.41709963 0.61585937
vt 0.42680680 0.61722455
vt 0.42114971 0.61241902
vt 0.42680680 0.61722455
vt 0.43451034 0.61935075
vt 0.43030304 0.61425463
vt 0.42114971 0.71410181
vt 0.43030304 0.71079204
vt 0.42375000 0.70842255
vt 0.42680680 0.71614746
vt 0.43030304 0.71079204
vt 0.42114971 0.71410181
vt 0.42464596 0.62500000
vt 0.43049770 0.62793632
vt 0.42144796 0.62975121
vt 0.43049770 0.62793632
vt 0.43451034 0.63064925
vt 0.42680680 0.63277545
vt 0.42144796 0.62975121
vt 0.42680680 0.63277545
vt 0.41709963 0.63414063
vt 0.43049770 0.62793632
vt 0.42680680 0.63277545
vt 0.42144796 0.62975121
vt 0.43451034 0.69194030
vt 0.43637869 0.69683199
vt 0.43030304 0.69346169
vt 0.43637869 0.69683199
vt 0.43596013 0.70212687
vt 0.43078550 0.69885455
vt 0.43030304 0.69346169
vt 0.43078550 0.69885455
vt 0.42375000 0.69583118
vt 0.43637869 0.69683199
vt 0.43078550 0.69885455
vt 0.43030304 0.69346169
vt 0.41709963 0.63414063
vt 0.42114971 0.63758098
vt 0.41193230 0.63783431
vt 0.42114971 0.69015193
vt 0.42375000 0.69583118
vt 0.41538903 0.69328725
vt 0.41193230 0.68799237
vt 0.41538903 0.69328725
vt 0.40633929 0.69141603
vt 0.42114971 0.69015193
vt 0.41538903 0.69328725
vt 0.41193230 0.68799237
vt 0.43451034 0.63064925
vt 0.43030304 0.63574537
vt 0.42680680 0.63277545
vt 0.43030304 0.69346169
vt 0.42375000 0.69583118
vt 0.42114971 0.69015193
vt 0.42680680 0.63277545
vt 0.42114971 0.63758098
vt 0.41709963 0.63414063
vt 0.43030304 0.69346169
vt 0.42114971 0.69015193
vt 0.42680680 0.68810627
vt 0.42464596 0.62500000
vt 0.42144796 0.62975121
vt 0.41585476 0.62500000
vt 0.42144796 0.62975121
vt 0.41709963 0.63414063
vt 0.41199638 0.62980553
vt 0.41585476 0.62500000
vt 0.41199638 0.62980553
vt 0.40633929 0.62500000
vt 0.42144796 0.62975121
vt 0.41199638 0.62980553
vt 0.41585476 0.62500000
vt 0.41709963 0.63414063
vt 0.41193230 0.63783431
vt 0.40633929 0.63461106
vt 0.41193230 0.68799237
vt 0.40633929 0.69141603
vt 0.40074627 0.68799237
vt 0.40633929 0.63461106
vt 0.40074627 0.63783431
vt 0.39557894 0.63414063
vt 0.41193230 0.63783431
vt 0.40074627 0.63783431
vt 0.40633929 0.63461106
vt 0.40633929 0.62500000
vt 0.40068220 0.62980553
vt 0.39682381 0.62500000
vt 0.40068220 0.62980553
vt 0.39557894 0.63414063
vt 0.39123062 0.62975121
vt 0.39682381 0.62500000
vt 0.39123062 0.62975121
vt 0.38803262 0.62500000
vt 0.40068220 0.62980553
vt 0.39123062 0.62975121
vt 0.39682381 0.62500000
vt 0.41709963 0.63414063
vt 0.40633929 0.63461106
vt 0.41199638 0.62980553
vt 0.40633929 0.63461106
vt 0.39557894 0.63414063
vt 0.40068220 0.62980553
vt 0.41199638 0.62980553
vt 0.40068220 0.62980553
vt 0.40633929 0.62500000
vt 0.40633929 0.63461106
vt 0.40068220 0.62980553
vt 0.41199638 0.62980553
vt 0.42464596 0.62500000
vt 0.41585476 0.62500000
vt 0.42144796 0.62024879
vt 0.41585476 0.62500000
vt 0.40633929 0.62500000
vt 0.41199638 0.62019447
vt 0.42144796 0.62024879
vt 0.41199638 0.62019447
vt 0.41709963 0.61585937
vt 0.41585476 0.62500000
vt 0.41199638 0.62019447
vt 0.42144796 0.62024879
vt 0.40633929 0.62500000
vt 0.39682381 0.62500000
vt 0.40068220 0.62019447
vt 0.39682381 0.62500000
vt 0.38803262 0.62500000
vt 0.39123062 0.62024879
vt 0.40068220 0.62019447
vt 0.39123062 0.62024879
vt 0.39557894 0.61585937
vt 0.39682381 0.62500000
vt 0.39123062 0.62024879
vt 0.40068220 0.62019447
vt 0.41709963 0.61585937
vt 0.40633929 0.61538894
vt 0.41193230 0.61216569
vt 0.40633929 0.61538894
vt 0.39557894 0.61585937
vt 0.40074627 0.61216569
vt 0.41193230 0.68799237
vt 0.40074627 0.68799237
vt 0.40633929 0.69141603
vt 0.40633929 0.61538894
vt 0.40074627 0.61216569
vt 0.41193230 0.61216569
vt 0.40633929 0.62500000
vt 0.40068220 0.62019447
vt 0.41199638 0.62019447
vt 0.40068220 0.62019447
vt 0.39557894 0.61585937
vt 0.40633929 0.61538894
vt 0.41199638 0.62019447
vt 0.40633929 0.61538894
vt 0.41709963 0.61585937
vt 0.40068220 0.62019447
vt 0.40633929 0.61538894
vt 0.41199638 0.62019447
vt 0.42464596 0.62500000
vt 0.42144796 0.62024879
vt 0.43049770 0.62206368
vt 0.42144796 0.62024879
vt 0.41709963 0.61585937
vt 0.42680680 0.61722455
vt 0.43049770 0.62206368
vt 0.42680680 0.61722455
vt 0.43451034 0.61935075
vt 0.42144796 0.62024879
vt 0.42680680 0.61722455
vt 0.43049770 0.62206368
vt 0.41709963 0.61585937
vt 0.41193230 0.61216569
vt 0.42114971 0.61241902
vt 0.41193230 0.68799237
vt 0.40633929 0.69141603
vt 0.41538903 0.69328725
vt 0.42114971 0.69015193
vt 0.41538903 0.69328725
vt 0.42375000 0.69583118
vt 0.41193230 0.68799237
vt 0.41538903 0.69328725
vt 0.42114971 0.69015193
vt 0.43451034 0.69194030
vt 0.43030304 0.69346169
vt 0.43637869 0.69683199
vt 0.43030304 0.69346169
vt 0.42375000 0.69583118
vt 0.43078550 0.69885455
vt 0.43637869 0.69683199
vt 0.43078550 0.69885455
vt 0.43596013 0.70212687
vt 0.43030304 0.69346169
vt 0.43078550 0.69885455
vt 0.43637869 0.69683199
vt 0.41709963 0.61585937
vt 0.42114971 0.61241902
vt 0.42680680 0.61722455
vt 0.42114971 0.69015193
vt 0.42375000 0.69583118
vt 0.43030304 0.69346169
vt 0.42680680 0.61722455
vt 0.43030304 0.61425463
vt 0.43451034 0.61935075
vt 0.42114971 0.69015193
vt 0.43030304 0.69346169
vt 0.42680680 0.68810627
vt 0.42464596 0.62500000
vt 0.43049770 0.62206368
vt 0.43049770 0.62793632
vt 0.43049770 0.62206368
vt 0.43451034 0.61935075
vt 0.43596013 0.62500000
vt 0.43049770 0.62793632
vt 0.43596013 0.62500000
vt 0.43451034 0.63064925
vt 0.43049770 0.62206368
vt 0.43596013 0.62500000
vt 0.43049770 0.62793632
vt 0.36935075 0.69194030
vt 0.36706803 0.69683199
vt 0.37203008 0.69677145
vt 0.36706803 0.69683199
vt 0.36538894 0.70212687
vt 0.37000434 0.70212687
vt 0.37203008 0.69677145
vt 0.37000434 0.70212687
vt 0.37500000 0.70212687
vt 0.36706803 0.69683199
vt 0.37000434 0.70212687
vt 0.37203008 0.69677145
vt 0.38064925 0.69194030
vt 0.37796992 0.69677145
vt 0.38293197 0.69683199
vt 0.37796992 0.69677145
vt 0.37500000 0.70212687
vt 0.37999566 0.70212687
vt 0.38293197 0.69683199
vt 0.37999566 0.70212687
vt 0.38461106 0.70212687
vt 0.37796992 0.69677145
vt 0.37999566 0.70212687
vt 0.38293197 0.69683199
vt 0.36935075 0.69194030
vt 0.37203008 0.69677145
vt 0.37500000 0.69141603
vt 0.37203008 0.69677145
vt 0.37500000 0.70212687
vt 0.37796992 0.69677145
vt 0.37500000 0.69141603
vt 0.37796992 0.69677145
vt 0.38064925 0.69194030
vt 0.37203008 0.69677145
vt 0.37796992 0.69677145
vt 0.37500000 0.69141603
vt 0.40633929 0.69141603
vt 0.41538903 0.69328725
vt 0.40633929 0.69655957
vt 0.41538903 0.69328725
vt 0.42375000 0.69583118
vt 0.41549262 0.69881710
vt 0.40633929 0.69655957
vt 0.41549262 0.69881710
vt 0.40633929 0.70212687
vt 0.41538903 0.69328725
vt 0.41549262 0.69881710
vt 0.40633929 0.69655957
vt 0.42375000 0.69583118
vt 0.43078550 0.69885455
vt 0.42464596 0.70212687
vt 0.43078550 0.69885455
vt 0.43596013 0.70212687
vt 0.43078550 0.70539918
vt 0.42464596 0.70212687
vt 0.43078550 0.70539918
vt 0.42375000 0.70842255
vt 0.43078550 0.69885455
vt 0.43078550 0.70539918
vt 0.42464596 0.70212687
vt 0.40633929 0.70212687
vt 0.41549262 0.70543663
vt 0.40633929 0.70769416
vt 0.41549262 0.70543663
vt 0.42375000 0.70842255
vt 0.41538903 0.71096648
vt 0.40633929 0.70769416
vt 0.41538903 0.71096648
vt 0.40633929 0.71283770
vt 0.41549262 0.70543663
vt 0.41538903 0.71096648
vt 0.40633929 0.70769416
vt 0.42375000 0.69583118
vt 0.42464596 0.70212687
vt 0.41549262 0.69881710
vt 0.42464596 0.70212687
vt 0.42375000 0.70842255
vt 0.41549262 0.70543663
vt 0.41549262 0.69881710
vt 0.41549262 0.70543663
vt 0.40633929 0.70212687
vt 0.42464596 0.70212687
vt 0.41549262 0.70543663
vt 0.41549262 0.69881710
vt 0.38803262 0.62500000
vt 0.39123062 0.62975121
vt 0.38218087 0.62793632
vt 0.39123062 0.62975121
vt 0.39557894 0.63414063
vt 0.38587177 0.63277545
vt 0.38218087 0.62793632
vt 0.38587177 0.63277545
vt 0.37816823 0.63064925
vt 0.39123062 0.62975121
vt 0.38587177 0.63277545
vt 0.38218087 0.62793632
vt 0.39557894 0.63414063
vt 0.40074627 0.63783431
vt 0.39152886 0.63758098
vt 0.40074627 0.68799237
vt 0.40633929 0.69141603
vt 0.39728954 0.69328725
vt 0.39152886 0.69015193
vt 0.39728954 0.69328725
vt 0.38892857 0.69583118
vt 0.40074627 0.68799237
vt 0.39728954 0.69328725
vt 0.39152886 0.69015193
vt 0.37816823 0.69194030
vt 0.38237553 0.69346169
vt 0.37629988 0.69683199
vt 0.38237553 0.69346169
vt 0.38892857 0.69583118
vt 0.38189308 0.69885455
vt 0.37629988 0.69683199
vt 0.38189308 0.69885455
vt 0.37671844 0.70212687
vt 0.38237553 0.69346169
vt 0.38189308 0.69885455
vt 0.37629988 0.69683199
vt 0.39557894 0.63414063
vt 0.39152886 0.63758098
vt 0.38587177 0.63277545
vt 0.39152886 0.69015193
vt 0.38892857 0.69583118
vt 0.38237553 0.69346169
vt 0.38587177 0.63277545
vt 0.38237553 0.63574537
vt 0.37816823 0.63064925
vt 0.39152886 0.69015193
vt 0.38237553 0.69346169
vt 0.38587177 0.68810627
vt 0.40633929 0.69141603
vt 0.40074627 0.68799237
vt 0.39728954 0.69328725
vt 0.40074627 0.61216569
vt 0.39557894 0.61585937
vt 0.39152886 0.61241902
vt 0.39728954 0.69328725
vt 0.39152886 0.69015193
vt 0.38892857 0.69583118
vt 0.40074627 0.68799237
vt 0.39152886 0.69015193
vt 0.39728954 0.69328725
vt 0.39557894 0.61585937
vt 0.39123062 0.62024879
vt 0.38587177 0.61722455
vt 0.39123062 0.62024879
vt 0.38803262 0.62500000
vt 0.38218087 0.62206368
vt 0.38587177 0.61722455
vt 0.38218087 0.62206368
vt 0.37816823 0.61935075
vt 0.39123062 0.62024879
vt 0.38218087 0.62206368
vt 0.38587177 0.61722455
vt 0.38892857 0.69583118
vt 0.38237553 0.69346169
vt 0.38189308 0.69885455
vt 0.38237553 0.69346169
vt 0.37816823 0.69194030
vt 0.37629988 0.69683199
vt 0.38189308 0.69885455
vt 0.37629988 0.69683199
vt 0.37671844 0.70212687
vt 0.38237553 0.69346169
vt 0.37629988 0.69683199
vt 0.38189308 0.69885455
vt 0.39557894 0.61585937
vt 0.38587177 0.61722455
vt 0.39152886 0.61241902
vt 0.38587177 0.61722455
vt 0.37816823 0.61935075
vt 0.38237553 0.61425463
vt 0.39152886 0.69015193
vt 0.38237553 0.69346169
vt 0.38892857 0.69583118
vt 0.38587177 0.68810627
vt 0.38237553 0.69346169
vt 0.39152886 0.69015193
vt 0.43596013 0.70212687
vt 0.43078550 0.69885455
vt 0.43078550 0.70539918
vt 0.43078550 0.69885455
vt 0.42375000 0.69583118
vt 0.42464596 0.70212687
vt 0.43078550 0.70539918
vt 0.42464596 0.70212687
vt 0.42375000 0.70842255
vt 0.43078550 0.69885455
vt 0.42464596 0.70212687
vt 0.43078550 0.70539918
vt 0.42375000 0.69583118
vt 0.41538903 0.69328725
vt 0.41549262 0.69881710
vt 0.41538903 0.69328725
vt 0.40633929 0.69141603
vt 0.40633929 0.69655957
vt 0.41549262 0.69881710
vt 0.40633929 0.69655957
vt 0.40633929 0.70212687
vt 0.41538903 0.69328725
vt 0.40633929 0.69655957
vt 0.41549262 0.69881710
vt 0.42375000 0.70842255
vt 0.41549262 0.70543663
vt 0.41538903 0.71096648
vt 0.41549262 0.70543663
vt 0.40633929 0.70212687
vt 0.40633929 0.70769416
vt 0.41538903 0.71096648
vt 0.40633929 0.70769416
vt 0.40633929 0.71283770
vt 0.41549262 0.70543663
vt 0.40633929 0.70769416
vt 0.41538903 0.71096648
vt 0.42375000 0.69583118
vt 0.41549262 0.69881710
vt 0.42464596 0.70212687
vt 0.41549262 0.69881710
vt 0.40633929 0.70212687
vt 0.41549262 0.70543663
vt 0.42464596 0.70212687
vt 0.41549262 0.70543663
vt 0.42375000 0.70842255
vt 0.41549262 0.69881710
vt 0.41549262 0.70543663
vt 0.42464596 0.70212687
vt 0.38461106 0.70212687
vt 0.37999566 0.70212687
vt 0.38293197 0.70742175
vt 0.37999566 0.70212687
vt 0.37500000 0.70212687
vt 0.37796992 0.70748228
vt 0.38293197 0.70742175
vt 0.37796992 0.70748228
vt 0.38064925 0.71231343
vt 0.37999566 0.70212687
vt 0.37796992 0.70748228
vt 0.38293197 0.70742175
vt 0.37500000 0.70212687
vt 0.37000434 0.70212687
vt 0.37203008 0.70748228
vt 0.37000434 0.70212687
vt 0.36538894 0.70212687
vt 0.36706803 0.70742175
vt 0.37203008 0.70748228
vt 0.36706803 0.70742175
vt 0.36935075 0.71231343
vt 0.37000434 0.70212687
vt 0.36706803 0.70742175
vt 0.37203008 0.70748228
vt 0.43451034 0.63064925
vt 0.43596013 0.62500000
vt 0.43049770 0.62793632
vt 0.43596013 0.62500000
vt 0.43451034 0.61935075
vt 0.43049770 0.62206368
vt 0.43049770 0.62793632
vt 0.43049770 0.62206368
vt 0.42464596 0.62500000
vt 0.43596013 0.62500000
vt 0.43049770 0.62206368
vt 0.43049770 0.62793632
vt 0.37500000 0.70212687
vt 0.37203008 0.70748228
vt 0.37796992 0.70748228
vt 0.37203008 0.70748228
vt 0.36935075 0.71231343
vt 0.37500000 0.71283770
vt 0.37796992 0.70748228
vt 0.37500000 0.71283770
vt 0.38064925 0.71231343
vt 0.37203008 0.70748228
vt 0.37500000 0.71283770
vt 0.37796992 0.70748228
vt 0.36721967 0.62500000
vt 0.36473273 0.62751689
vt 0.36857875 0.62907237
vt 0.37751689 0.70788451
vt 0.37984227 0.70455224
vt 0.38166465 0.70765594
vt 0.36857875 0.62907237
vt 0.36630126 0.63166465
vt 0.37042690 0.63283482
vt 0.36473273 0.62751689
vt 0.36630126 0.63166465
vt 0.36857875 0.62907237
vt 0.37984227 0.70455224
vt 0.38179888 0.70059228
vt 0.38421044 0.70332073
vt 0.38179888 0.70059228
vt 0.38323805 0.69630597
vt 0.38587125 0.69895506
vt 0.36481543 0.70332073
vt 0.36461033 0.69895506
vt 0.36760045 0.70140236
vt 0.38179888 0.70059228
vt 0.38587125 0.69895506
vt 0.38421044 0.70332073
vt 0.37042690 0.63283482
vt 0.36870550 0.63578367
vt 0.37262292 0.63600079
vt 0.36870550 0.70600009
vt 0.36760045 0.70140236
vt 0.37115380 0.70346199
vt 0.37262292 0.70774810
vt 0.37115380 0.70346199
vt 0.37500000 0.70497658
vt 0.36870550 0.70600009
vt 0.37115380 0.70346199
vt 0.37262292 0.70774810
vt 0.37984227 0.70455224
vt 0.38421044 0.70332073
vt 0.38166465 0.70765594
vt 0.36481543 0.70332073
vt 0.36760045 0.70140236
vt 0.36870550 0.70600009
vt 0.36630126 0.63166465
vt 0.36870550 0.63578367
vt 0.37042690 0.63283482
vt 0.36481543 0.63421044
vt 0.36870550 0.63578367
vt 0.36630126 0.63166465
vt 0.36721967 0.62500000
vt 0.36857875 0.62907237
vt 0.37095584 0.62500000
vt 0.36857875 0.62907237
vt 0.37042690 0.63283482
vt 0.37259575 0.62911903
vt 0.37095584 0.62500000
vt 0.37259575 0.62911903
vt 0.37500000 0.62500000
vt 0.36857875 0.62907237
vt 0.37259575 0.62911903
vt 0.37095584 0.62500000
vt 0.37042690 0.63283482
vt 0.37262292 0.63600079
vt 0.37500000 0.63323805
vt 0.37262292 0.70774810
vt 0.37500000 0.70497658
vt 0.37737708 0.70774810
vt 0.37500000 0.63323805
vt 0.37737708 0.63600079
vt 0.37957310 0.63283482
vt 0.37262292 0.63600079
vt 0.37737708 0.63600079
vt 0.37500000 0.63323805
vt 0.37500000 0.62500000
vt 0.37740425 0.62911903
vt 0.37904416 0.62500000
vt 0.37740425 0.62911903
vt 0.37957310 0.63283482
vt 0.38142125 0.62907237
vt 0.37904416 0.62500000
vt 0.38142125 0.62907237
vt 0.38278033 0.62500000
vt 0.37740425 0.62911903
vt 0.38142125 0.62907237
vt 0.37904416 0.62500000
vt 0.37042690 0.63283482
vt 0.37500000 0.63323805
vt 0.37259575 0.62911903
vt 0.37500000 0.63323805
vt 0.37957310 0.63283482
vt 0.37740425 0.62911903
vt 0.37259575 0.62911903
vt 0.37740425 0.62911903
vt 0.37500000 0.62500000
vt 0.37500000 0.63323805
vt 0.37740425 0.62911903
vt 0.37259575 0.62911903
vt 0.36721967 0.62500000
vt 0.37095584 0.62500000
vt 0.36857875 0.62092763
vt 0.37095584 0.62500000
vt 0.37500000 0.62500000
vt 0.37259575 0.62088097
vt 0.36857875 0.62092763
vt 0.37259575 0.62088097
vt 0.37042690 0.61716518
vt 0.37095584 0.62500000
vt 0.37259575 0.62088097
vt 0.36857875 0.62092763
vt 0.37500000 0.62500000
vt 0.37904416 0.62500000
vt 0.37740425 0.62088097
vt 0.37904416 0.62500000
vt 0.38278033 0.62500000
vt 0.38142125 0.62092763
vt 0.37740425 0.62088097
vt 0.38142125 0.62092763
vt 0.37957310 0.61716518
vt 0.37904416 0.62500000
vt 0.38142125 0.62092763
vt 0.37740425 0.62088097
vt 0.37042690 0.61716518
vt 0.37500000 0.61676195
vt 0.37262292 0.61399921
vt 0.37500000 0.61676195
vt 0.37957310 0.61716518
vt 0.37737708 0.61399921
vt 0.37262292 0.70774810
vt 0.37737708 0.70774810
vt 0.37500000 0.70497658
vt 0.37500000 0.61676195
vt 0.37737708 0.61399921
vt 0.37262292 0.61399921
vt 0.37500000 0.62500000
vt 0.37740425 0.62088097
vt 0.37259575 0.62088097
vt 0.37740425 0.62088097
vt 0.37957310 0.61716518
vt 0.37500000 0.61676195
vt 0.37259575 0.62088097
vt 0.37500000 0.61676195
vt 0.37042690 0.61716518
vt 0.37740425 0.62088097
vt 0.37500000 0.61676195
vt 0.37259575 0.62088097
vt 0.36721967 0.62500000
vt 0.36857875 0.62092763
vt 0.36473273 0.62248311
vt 0.36857875 0.62092763
vt 0.37042690 0.61716518
vt 0.36630126 0.61833535
vt 0.37248311 0.70788451
vt 0.36833535 0.70765594
vt 0.37015773 0.70455224
vt 0.36857875 0.62092763
vt 0.36630126 0.61833535
vt 0.36473273 0.62248311
vt 0.37042690 0.61716518
vt 0.37262292 0.61399921
vt 0.36870550 0.61421633
vt 0.37262292 0.70774810
vt 0.37500000 0.70497658
vt 0.37115380 0.70346199
vt 0.36870550 0.70600009
vt 0.37115380 0.70346199
vt 0.36760045 0.70140236
vt 0.37262292 0.70774810
vt 0.37115380 0.70346199
vt 0.36870550 0.70600009
vt 0.37015773 0.70455224
vt 0.36578956 0.70332073
vt 0.36820112 0.70059228
vt 0.36481543 0.70332073
vt 0.36760045 0.70140236
vt 0.36461033 0.69895506
vt 0.36820112 0.70059228
vt 0.36412875 0.69895506
vt 0.36676195 0.69630597
vt 0.36578956 0.70332073
vt 0.36412875 0.69895506
vt 0.36820112 0.70059228
vt 0.37042690 0.61716518
vt 0.36870550 0.61421633
vt 0.36630126 0.61833535
vt 0.36870550 0.70600009
vt 0.36760045 0.70140236
vt 0.36481543 0.70332073
vt 0.36833535 0.70765594
vt 0.36578956 0.70332073
vt 0.37015773 0.70455224
vt 0.36870550 0.61421633
vt 0.36481543 0.61578956
vt 0.36630126 0.61833535
vt 0.36721967 0.62500000
vt 0.36473273 0.62248311
vt 0.36473273 0.62751689
vt 0.37248311 0.70788451
vt 0.37015773 0.70455224
vt 0.37500000 0.70497658
vt 0.37751689 0.70788451
vt 0.37500000 0.70497658
vt 0.37984227 0.70455224
vt 0.37248311 0.70788451
vt 0.37500000 0.70497658
vt 0.37751689 0.70788451
vt 0.37015773 0.70455224
vt 0.36820112 0.70059228
vt 0.37245438 0.70064137
vt 0.36820112 0.70059228
vt 0.36676195 0.69630597
vt 0.37071801 0.69630597
vt 0.37245438 0.70064137
vt 0.37071801 0.69630597
vt 0.37500000 0.69630597
vt 0.36820112 0.70059228
vt 0.37071801 0.69630597
vt 0.37245438 0.70064137
vt 0.37984227 0.70455224
vt 0.37754562 0.70064137
vt 0.38179888 0.70059228
vt 0.37754562 0.70064137
vt 0.37500000 0.69630597
vt 0.37928199 0.69630597
vt 0.38179888 0.70059228
vt 0.37928199 0.69630597
vt 0.38323805 0.69630597
vt 0.37754562 0.70064137
vt 0.37928199 0.69630597
vt 0.38179888 0.70059228
vt 0.37015773 0.70455224
vt 0.37245438 0.70064137
vt 0.37500000 0.70497658
vt 0.37245438 0.70064137
vt 0.37500000 0.69630597
vt 0.37754562 0.70064137
vt 0.37500000 0.70497658
vt 0.37754562 0.70064137
vt 0.37984227 0.70455224
vt 0.37245438 0.70064137
vt 0.37754562 0.70064137
vt 0.37500000 0.70497658
vt 0.38278033 0.62500000
vt 0.38142125 0.62907237
vt 0.38526727 0.62751689
vt 0.38142125 0.62907237
vt 0.37957310 0.63283482
vt 0.38369874 0.63166465
vt 0.37751689 0.70788451
vt 0.38166465 0.70765594
vt 0.37984227 0.70455224
vt 0.38142125 0.62907237
vt 0.38369874 0.63166465
vt 0.38526727 0.62751689
vt 0.37957310 0.63283482
vt 0.37737708 0.63600079
vt 0.38129450 0.63578367
vt 0.37737708 0.70774810
vt 0.37500000 0.70497658
vt 0.37884620 0.70346199
vt 0.38129450 0.70600009
vt 0.37884620 0.70346199
vt 0.38239955 0.70140236
vt 0.37737708 0.70774810
vt 0.37884620 0.70346199
vt 0.38129450 0.70600009
vt 0.37984227 0.70455224
vt 0.38421044 0.70332073
vt 0.38179888 0.70059228
vt 0.38518457 0.70332073
vt 0.38239955 0.70140236
vt 0.38538967 0.69895506
vt 0.38179888 0.70059228
vt 0.38587125 0.69895506
vt 0.38323805 0.69630597
vt 0.38421044 0.70332073
vt 0.38587125 0.69895506
vt 0.38179888 0.70059228
vt 0.37957310 0.63283482
vt 0.38129450 0.63578367
vt 0.38369874 0.63166465
vt 0.38129450 0.70600009
vt 0.38239955 0.70140236
vt 0.38518457 0.70332073
vt 0.38166465 0.70765594
vt 0.38421044 0.70332073
vt 0.37984227 0.70455224
vt 0.38129450 0.63578367
vt 0.38518457 0.63421044
vt 0.38369874 0.63166465
vt 0.37500000 0.70497658
vt 0.37115380 0.70346199
vt 0.37500000 0.70081290
vt 0.37115380 0.70346199
vt 0.36760045 0.70140236
vt 0.37110975 0.69898533
vt 0.37500000 0.70081290
vt 0.37110975 0.69898533
vt 0.37500000 0.69630597
vt 0.37115380 0.70346199
vt 0.37110975 0.69898533
vt 0.37500000 0.70081290
vt 0.36760045 0.70140236
vt 0.36461033 0.69895506
vt 0.36721967 0.69630597
vt 0.38587125 0.69895506
vt 0.38323805 0.69630597
vt 0.38587125 0.69365688
vt 0.36721967 0.69630597
vt 0.36461033 0.69365688
vt 0.36760045 0.69120958
vt 0.36461033 0.69895506
vt 0.36461033 0.69365688
vt 0.36721967 0.69630597
vt 0.37500000 0.69630597
vt 0.37110975 0.69362661
vt 0.37500000 0.69179904
vt 0.37110975 0.69362661
vt 0.36760045 0.69120958
vt 0.37115380 0.68914996
vt 0.37500000 0.69179904
vt 0.37115380 0.68914996
vt 0.37500000 0.68763536
vt 0.37110975 0.69362661
vt 0.37115380 0.68914996
vt 0.37500000 0.69179904
vt 0.36760045 0.70140236
vt 0.36721967 0.69630597
vt 0.37110975 0.69898533
vt 0.36721967 0.69630597
vt 0.36760045 0.69120958
vt 0.37110975 0.69362661
vt 0.37110975 0.69898533
vt 0.37110975 0.69362661
vt 0.37500000 0.69630597
vt 0.36721967 0.69630597
vt 0.37110975 0.69362661
vt 0.37110975 0.69898533
vt 0.38323805 0.69630597
vt 0.37928199 0.69630597
vt 0.38179888 0.69201966
vt 0.37928199 0.69630597
vt 0.37500000 0.69630597
vt 0.37754562 0.69197057
vt 0.38179888 0.69201966
vt 0.37754562 0.69197057
vt 0.37984227 0.68805970
vt 0.37928199 0.69630597
vt 0.37754562 0.69197057
vt 0.38179888 0.69201966
vt 0.37500000 0.69630597
vt 0.37071801 0.69630597
vt 0.37245438 0.69197057
vt 0.37071801 0.69630597
vt 0.36676195 0.69630597
vt 0.36820112 0.69201966
vt 0.37245438 0.69197057
vt 0.36820112 0.69201966
vt 0.37015773 0.68805970
vt 0.37071801 0.69630597
vt 0.36820112 0.69201966
vt 0.37245438 0.69197057
vt 0.37984227 0.68805970
vt 0.37500000 0.68763536
vt 0.37751689 0.68472743
vt 0.37500000 0.68763536
vt 0.37015773 0.68805970
vt 0.37248311 0.68472743
vt 0.36473273 0.62751689
vt 0.36473273 0.62248311
vt 0.36721967 0.62500000
vt 0.37500000 0.68763536
vt 0.37248311 0.68472743
vt 0.37751689 0.68472743
vt 0.37500000 0.69630597
vt 0.37245438 0.69197057
vt 0.37754562 0.69197057
vt 0.37245438 0.69197057
vt 0.37015773 0.68805970
vt 0.37500000 0.68763536
vt 0.37754562 0.69197057
vt 0.37500000 0.68763536
vt 0.37984227 0.68805970
vt 0.37245438 0.69197057
vt 0.37500000 0.68763536
vt 0.37754562 0.69197057
vt 0.36676195 0.69630597
vt 0.36412875 0.69895506
vt 0.36412875 0.69365688
vt 0.36461033 0.69895506
vt 0.36760045 0.70140236
vt 0.36721967 0.69630597
vt 0.36461033 0.69365688
vt 0.36721967 0.69630597
vt 0.36760045 0.69120958
vt 0.36461033 0.69895506
vt 0.36721967 0.69630597
vt 0.36461033 0.69365688
vt 0.36760045 0.70140236
vt 0.37115380 0.70346199
vt 0.37110975 0.69898533
vt 0.37115380 0.70346199
vt 0.37500000 0.70497658
vt 0.37500000 0.70081290
vt 0.37110975 0.69898533
vt 0.37500000 0.70081290
vt 0.37500000 0.69630597
vt 0.37115380 0.70346199
vt 0.37500000 0.70081290
vt 0.37110975 0.69898533
vt 0.36760045 0.69120958
vt 0.37110975 0.69362661
vt 0.37115380 0.68914996
vt 0.37110975 0.69362661
vt 0.37500000 0.69630597
vt 0.37500000 0.69179904
vt 0.37115380 0.68914996
vt 0.37500000 0.69179904
vt 0.37500000 0.68763536
vt 0.37110975 0.69362661
vt 0.37500000 0.69179904
vt 0.37115380 0.68914996
vt 0.36760045 0.70140236
vt 0.37110975 0.69898533
vt 0.36721967 0.69630597
vt 0.37110975 0.69898533
vt 0.37500000 0.69630597
vt 0.37110975 0.69362661
vt 0.36721967 0.69630597
vt 0.37110975 0.69362661
vt 0.36760045 0.69120958
vt 0.37110975 0.69898533
vt 0.37110975 0.69362661
vt 0.36721967 0.69630597
vt 0.37500000 0.70497658
vt 0.37737708 0.70774810
vt 0.37884620 0.70346199
vt 0.37737708 0.61399921
vt 0.37957310 0.61716518
vt 0.38129450 0.61421633
vt 0.37884620 0.70346199
vt 0.38129450 0.70600009
vt 0.38239955 0.70140236
vt 0.37737708 0.70774810
vt 0.38129450 0.70600009
vt 0.37884620 0.70346199
vt 0.37957310 0.61716518
vt 0.38142125 0.62092763
vt 0.38369874 0.61833535
vt 0.38142125 0.62092763
vt 0.38278033 0.62500000
vt 0.38526727 0.62248311
vt 0.36833535 0.70765594
vt 0.37248311 0.70788451
vt 0.37015773 0.70455224
vt 0.38142125 0.62092763
vt 0.38526727 0.62248311
vt 0.38369874 0.61833535
vt 0.38239955 0.70140236
vt 0.38518457 0.70332073
vt 0.38538967 0.69895506
vt 0.36578956 0.70332073
vt 0.37015773 0.70455224
vt 0.36820112 0.70059228
vt 0.36412875 0.69895506
vt 0.36820112 0.70059228
vt 0.36676195 0.69630597
vt 0.36578956 0.70332073
vt 0.36820112 0.70059228
vt 0.36412875 0.69895506
vt 0.37957310 0.61716518
vt 0.38369874 0.61833535
vt 0.38129450 0.61421633
vt 0.36833535 0.70765594
vt 0.37015773 0.70455224
vt 0.36578956 0.70332073
vt 0.38129450 0.70600009
vt 0.38518457 0.70332073
vt 0.38239955 0.70140236
vt 0.38369874 0.61833535
vt 0.38518457 0.61578956
vt 0.38129450 0.61421633
vt 0.38278033 0.62500000
vt 0.38526727 0.62751689
vt 0.38142125 0.62907237
vt 0.37751689 0.68472743
vt 0.37984227 0.68805970
vt 0.38166465 0.68495600
vt 0.38142125 0.62907237
vt 0.38369874 0.63166465
vt 0.37957310 0.63283482
vt 0.38526727 0.62751689
vt 0.38369874 0.63166465
vt 0.38142125 0.62907237
vt 0.37984227 0.68805970
vt 0.38179888 0.69201966
vt 0.38421044 0.68929121
vt 0.38179888 0.69201966
vt 0.38323805 0.69630597
vt 0.38587125 0.69365688
vt 0.38518457 0.68929121
vt 0.38538967 0.69365688
vt 0.38239955 0.69120958
vt 0.38179888 0.69201966
vt 0.38587125 0.69365688
vt 0.38421044 0.68929121
vt 0.37957310 0.63283482
vt 0.38129450 0.63578367
vt 0.37737708 0.63600079
vt 0.38129450 0.68661185
vt 0.38239955 0.69120958
vt 0.37884620 0.68914996
vt 0.37737708 0.68486384
vt 0.37884620 0.68914996
vt 0.37500000 0.68763536
vt 0.38129450 0.68661185
vt 0.37884620 0.68914996
vt 0.37737708 0.68486384
vt 0.37984227 0.68805970
vt 0.38421044 0.68929121
vt 0.38166465 0.68495600
vt 0.38518457 0.68929121
vt 0.38239955 0.69120958
vt 0.38129450 0.68661185
vt 0.38369874 0.63166465
vt 0.38129450 0.63578367
vt 0.37957310 0.63283482
vt 0.38518457 0.63421044
vt 0.38129450 0.63578367
vt 0.38369874 0.63166465
vt 0.38278033 0.62500000
vt 0.38142125 0.62907237
vt 0.37904416 0.62500000
vt 0.38142125 0.62907237
vt 0.37957310 0.63283482
vt 0.37740425 0.62911903
vt 0.37904416 0.62500000
vt 0.37740425 0.62911903
vt 0.37500000 0.62500000
vt 0.38142125 0.62907237
vt 0.37740425 0.62911903
vt 0.37904416 0.62500000
vt 0.37957310 0.63283482
vt 0.37737708 0.63600079
vt 0.37500000 0.63323805
vt 0.37737708 0.68486384
vt 0.37500000 0.68763536
vt 0.37262292 0.68486384
vt 0.37500000 0.63323805
vt 0.37262292 0.63600079
vt 0.37042690 0.63283482
vt 0.37737708 0.63600079
vt 0.37262292 0.63600079
vt 0.37500000 0.63323805
vt 0.37500000 0.62500000
vt 0.37259575 0.62911903
vt 0.37095584 0.62500000
vt 0.37259575 0.62911903
vt 0.37042690 0.63283482
vt 0.36857875 0.62907237
vt 0.37095584 0.62500000
vt 0.36857875 0.62907237
vt 0.36721967 0.62500000
vt 0.37259575 0.62911903
vt 0.36857875 0.62907237
vt 0.37095584 0.62500000
vt 0.37957310 0.63283482
vt 0.37500000 0.63323805
vt 0.37740425 0.62911903
vt 0.37500000 0.63323805
vt 0.37042690 0.63283482
vt 0.37259575 0.62911903
vt 0.37740425 0.62911903
vt 0.37259575 0.62911903
vt 0.37500000 0.62500000
vt 0.37500000 0.63323805
vt 0.37259575 0.62911903
vt 0.37740425 0.62911903
vt 0.38278033 0.62500000
vt 0.37904416 0.62500000
vt 0.38142125 0.62092763
vt 0.37904416 0.62500000
vt 0.37500000 0.62500000
vt 0.37740425 0.62088097
vt 0.38142125 0.62092763
vt 0.37740425 0.62088097
vt 0.37957310 0.61716518
vt 0.37904416 0.62500000
vt 0.37740425 0.62088097
vt 0.38142125 0.62092763
vt 0.37500000 0.62500000
vt 0.37095584 0.62500000
vt 0.37259575 0.62088097
vt 0.37095584 0.62500000
vt 0.36721967 0.62500000
vt 0.36857875 0.62092763
vt 0.37259575 0.62088097
vt 0.36857875 0.62092763
vt 0.37042690 0.61716518
vt 0.37095584 0.62500000
vt 0.36857875 0.62092763
vt 0.37259575 0.62088097
vt 0.37957310 0.61716518
vt 0.37500000 0.61676195
vt 0.37737708 0.61399921
vt 0.37500000 0.61676195
vt 0.37042690 0.61716518
vt 0.37262292 0.61399921
vt 0.37737708 0.68486384
vt 0.37262292 0.68486384
vt 0.37500000 0.68763536
vt 0.37500000 0.61676195
vt 0.37262292 0.61399921
vt 0.37737708 0.61399921
vt 0.37500000 0.62500000
vt 0.37259575 0.62088097
vt 0.37740425 0.62088097
vt 0.37259575 0.62088097
vt 0.37042690 0.61716518
vt 0.37500000 0.61676195
vt 0.37740425 0.62088097
vt 0.37500000 0.61676195
vt 0.37957310 0.61716518
vt 0.37259575 0.62088097
vt 0.37500000 0.61676195
vt 0.37740425 0.62088097
vt 0.38278033 0.62500000
vt 0.38142125 0.62092763
vt 0.38526727 0.62248311
vt 0.38142125 0.62092763
vt 0.37957310 0.61716518
vt 0.38369874 0.61833535
vt 0.37248311 0.68472743
vt 0.36833535 0.68495600
vt 0.37015773 0.68805970
vt 0.38142125 0.62092763
vt 0.38369874 0.61833535
vt 0.38526727 0.62248311
vt 0.37957310 0.61716518
vt 0.37737708 0.61399921
vt 0.38129450 0.61421633
vt 0.37737708 0.68486384
vt 0.37500000 0.68763536
vt 0.37884620 0.68914996
vt 0.38129450 0.68661185
vt 0.37884620 0.68914996
vt 0.38239955 0.69120958
vt 0.37737708 0.68486384
vt 0.37884620 0.68914996
vt 0.38129450 0.68661185
vt 0.37015773 0.68805970
vt 0.36578956 0.68929121
vt 0.36820112 0.69201966
vt 0.38518457 0.68929121
vt 0.38239955 0.69120958
vt 0.38538967 0.69365688
vt 0.36820112 0.69201966
vt 0.36412875 0.69365688
vt 0.36676195 0.69630597
vt 0.36578956 0.68929121
vt 0.36412875 0.69365688
vt 0.36820112 0.69201966
vt 0.37957310 0.61716518
vt 0.38129450 0.61421633
vt 0.38369874 0.61833535
vt 0.38129450 0.68661185
vt 0.38239955 0.69120958
vt 0.38518457 0.68929121
vt 0.36833535 0.68495600
vt 0.36578956 0.68929121
vt 0.37015773 0.68805970
vt 0.38129450 0.61421633
vt 0.38518457 0.61578956
vt 0.38369874 0.61833535
vt 0.38278033 0.62500000
vt 0.38526727 0.62248311
vt 0.38526727 0.62751689
vt 0.37248311 0.68472743
vt 0.37015773 0.68805970
vt 0.37500000 0.68763536
vt 0.37751689 0.68472743
vt 0.37500000 0.68763536
vt 0.37984227 0.68805970
vt 0.37248311 0.68472743
vt 0.37500000 0.68763536
vt 0.37751689 0.68472743
vt 0.37015773 0.68805970
vt 0.36820112 0.69201966
vt 0.37245438 0.69197057
vt 0.36820112 0.69201966
vt 0.36676195 0.69630597
vt 0.37071801 0.69630597
vt 0.37245438 0.69197057
vt 0.37071801 0.69630597
vt 0.37500000 0.69630597
vt 0.36820112 0.69201966
vt 0.37071801 0.69630597
vt 0.37245438 0.69197057
vt 0.37984227 0.68805970
vt 0.37754562 0.69197057
vt 0.38179888 0.69201966
vt 0.37754562 0.69197057
vt 0.37500000 0.69630597
vt 0.37928199 0.69630597
vt 0.38179888 0.69201966
vt 0.37928199 0.69630597
vt 0.38323805 0.69630597
vt 0.37754562 0.69197057
vt 0.37928199 0.69630597
vt 0.38179888 0.69201966
vt 0.37015773 0.68805970
vt 0.37245438 0.69197057
vt 0.37500000 0.68763536
vt 0.37245438 0.69197057
vt 0.37500000 0.69630597
vt 0.37754562 0.69197057
vt 0.37500000 0.68763536
vt 0.37754562 0.69197057
vt 0.37984227 0.68805970
vt 0.37245438 0.69197057
vt 0.37754562 0.69197057
vt 0.37500000 0.68763536
vt 0.37500000 0.68763536
vt 0.37884620 0.68914996
vt 0.37500000 0.69179904
vt 0.37884620 0.68914996
vt 0.38239955 0.69120958
vt 0.37889025 0.69362661
vt 0.37500000 0.69179904
vt 0.37889025 0.69362661
vt 0.37500000 0.69630597
vt 0.37884620 0.68914996
vt 0.37889025 0.69362661
vt 0.37500000 0.69179904
vt 0.38239955 0.69120958
vt 0.38538967 0.69365688
vt 0.38278033 0.69630597
vt 0.38587125 0.69365688
vt 0.38323805 0.69630597
vt 0.38587125 0.69895506
vt 0.38278033 0.69630597
vt 0.38538967 0.69895506
vt 0.38239955 0.70140236
vt 0.38538967 0.69365688
vt 0.38538967 0.69895506
vt 0.38278033 0.69630597
vt 0.37500000 0.69630597
vt 0.37889025 0.69898533
vt 0.37500000 0.70081290
vt 0.37889025 0.69898533
vt 0.38239955 0.70140236
vt 0.37884620 0.70346199
vt 0.37500000 0.70081290
vt 0.37884620 0.70346199
vt 0.37500000 0.70497658
vt 0.37889025 0.69898533
vt 0.37884620 0.70346199
vt 0.37500000 0.70081290
vt 0.38239955 0.69120958
vt 0.38278033 0.69630597
vt 0.37889025 0.69362661
vt 0.38278033 0.69630597
vt 0.38239955 0.70140236
vt 0.37889025 0.69898533
vt 0.37889025 0.69362661
vt 0.37889025 0.69898533
vt 0.37500000 0.69630597
vt 0.38278033 0.69630597
vt 0.37889025 0.69898533
vt 0.37889025 0.69362661
vt 0.36721967 0.62500000
vt 0.36857875 0.62907237
vt 0.36473273 0.62751689
vt 0.36857875 0.62907237
vt 0.37042690 0.63283482
vt 0.36630126 0.63166465
vt 0.37751689 0.68472743
vt 0.38166465 0.68495600
vt 0.37984227 0.68805970
vt 0.36857875 0.62907237
vt 0.36630126 0.63166465
vt 0.36473273 0.62751689
vt 0.37042690 0.63283482
vt 0.37262292 0.63600079
vt 0.36870550 0.63578367
vt 0.37262292 0.68486384
vt 0.37500000 0.68763536
vt 0.37115380 0.68914996
vt 0.36870550 0.68661185
vt 0.37115380 0.68914996
vt 0.36760045 0.69120958
vt 0.37262292 0.68486384
vt 0.37115380 0.68914996
vt 0.36870550 0.68661185
vt 0.37984227 0.68805970
vt 0.38421044 0.68929121
vt 0.38179888 0.69201966
vt 0.36481543 0.68929121
vt 0.36760045 0.69120958
vt 0.36461033 0.69365688
vt 0.38179888 0.69201966
vt 0.38587125 0.69365688
vt 0.38323805 0.69630597
vt 0.38421044 0.68929121
vt 0.38587125 0.69365688
vt 0.38179888 0.69201966
vt 0.37042690 0.63283482
vt 0.36870550 0.63578367
vt 0.36630126 0.63166465
vt 0.36870550 0.68661185
vt 0.36760045 0.69120958
vt 0.36481543 0.68929121
vt 0.38166465 0.68495600
vt 0.38421044 0.68929121
vt 0.37984227 0.68805970
vt 0.36870550 0.63578367
vt 0.36481543 0.63421044
vt 0.36630126 0.63166465
vt 0.37500000 0.68763536
vt 0.37262292 0.68486384
vt 0.37115380 0.68914996
vt 0.37262292 0.61399921
vt 0.37042690 0.61716518
vt 0.36870550 0.61421633
vt 0.37115380 0.68914996
vt 0.36870550 0.68661185
vt 0.36760045 0.69120958
vt 0.37262292 0.68486384
vt 0.36870550 0.68661185
vt 0.37115380 0.68914996
vt 0.37042690 0.61716518
vt 0.36857875 0.62092763
vt 0.36630126 0.61833535
vt 0.36857875 0.62092763
vt 0.36721967 0.62500000
vt 0.36473273 0.62248311
vt 0.36833535 0.68495600
vt 0.37248311 0.68472743
vt 0.37015773 0.68805970
vt 0.36857875 0.62092763
vt 0.36473273 0.62248311
vt 0.36630126 0.61833535
vt 0.36760045 0.69120958
vt 0.36481543 0.68929121
vt 0.36461033 0.69365688
vt 0.36578956 0.68929121
vt 0.37015773 0.68805970
vt 0.36820112 0.69201966
vt 0.36412875 0.69365688
vt 0.36820112 0.69201966
vt 0.36676195 0.69630597
vt 0.36578956 0.68929121
vt 0.36820112 0.69201966
vt 0.36412875 0.69365688
vt 0.37042690 0.61716518
vt 0.36630126 0.61833535
vt 0.36870550 0.61421633
vt 0.36833535 0.68495600
vt 0.37015773 0.68805970
vt 0.36578956 0.68929121
vt 0.36870550 0.68661185
vt 0.36481543 0.68929121
vt 0.36760045 0.69120958
vt 0.36630126 0.61833535
vt 0.36481543 0.61578956
vt 0.36870550 0.61421633
vt 0.36676195 0.69630597
vt 0.36412875 0.69365688
vt 0.36412875 0.69895506
vt 0.38538967 0.69365688
vt 0.38239955 0.69120958
vt 0.38278033 0.69630597
vt 0.38538967 0.69895506
vt 0.38278033 0.69630597
vt 0.38239955 0.70140236
vt 0.38538967 0.69365688
vt 0.38278033 0.69630597
vt 0.38538967 0.69895506
vt 0.38239955 0.69120958
vt 0.37884620 0.68914996
vt 0.37889025 0.69362661
vt 0.37884620 0.68914996
vt 0.37500000 0.68763536
vt 0.37500000 0.69179904
vt 0.37889025 0.69362661
vt 0.37500000 0.69179904
vt 0.37500000 0.69630597
vt 0.37884620 0.68914996
vt 0.37500000 0.69179904
vt 0.37889025 0.69362661
vt 0.38239955 0.70140236
vt 0.37889025 0.69898533
vt 0.37884620 0.70346199
vt 0.37889025 0.69898533
vt 0.37500000 0.69630597
vt 0.37500000 0.70081290
vt 0.37884620 0.70346199
vt 0.37500000 0.70081290
vt 0.37500000 0.70497658
vt 0.37889025 0.69898533
vt 0.37500000 0.70081290
vt 0.37884620 0.70346199
vt 0.38239955 0.69120958
vt 0.37889025 0.69362661
vt 0.38278033 0.69630597
vt 0.37889025 0.69362661
vt 0.37500000 0.69630597
vt 0.37889025 0.69898533
vt 0.38278033 0.69630597
vt 0.37889025 0.69898533
vt 0.38239955 0.70140236
vt 0.37889025 0.69362661
vt 0.37889025 0.69898533
vt 0.38278033 0.69630597
vt 0.38323805 0.69630597
vt 0.37928199 0.69630597
vt 0.38179888 0.70059228
vt 0.37928199 0.69630597
vt 0.37500000 0.69630597
vt 0.37754562 0.70064137
vt 0.38179888 0.70059228
vt 0.37754562 0.70064137
vt 0.37984227 0.70455224
vt 0.37928199 0.69630597
vt 0.37754562 0.70064137
vt 0.38179888 0.70059228
vt 0.37500000 0.69630597
vt 0.37071801 0.69630597
vt 0.37245438 0.70064137
vt 0.37071801 0.69630597
vt 0.36676195 0.69630597
vt 0.36820112 0.70059228
vt 0.37245438 0.70064137
vt 0.36820112 0.70059228
vt 0.37015773 0.70455224
vt 0.37071801 0.69630597
vt 0.36820112 0.70059228
vt 0.37245438 0.70064137
vt 0.37984227 0.70455224
vt 0.37500000 0.70497658
vt 0.37751689 0.70788451
vt 0.37500000 0.70497658
vt 0.37015773 0.70455224
vt 0.37248311 0.70788451
vt 0.38526727 0.62751689
vt 0.38526727 0.62248311
vt 0.38278033 0.62500000
vt 0.37500000 0.70497658
vt 0.37248311 0.70788451
vt 0.37751689 0.70788451
vt 0.37500000 0.69630597
vt 0.37245438 0.70064137
vt 0.37754562 0.70064137
vt 0.37245438 0.70064137
vt 0.37015773 0.70455224
vt 0.37500000 0.70497658
vt 0.37754562 0.70064137
vt 0.37500000 0.70497658
vt 0.37984227 0.70455224
vt 0.37245438 0.70064137
vt 0.37500000 0.70497658
vt 0.37754562 0.70064137
f 2/1/2 4/2/4 1/3/1
f 5/4/5 2/5/2 1/6/1
f 1/7/1 4/8/4 3/9/3
f 3/10/3 5/11/5 1/12/1
f 2/13/2 8/14/8 4/15/4
f 6/16/6 2/17/2 5/18/5
f 6/19/6 8/20/8 2/21/2
f 4/22/4 8/23/8 3/24/3
f 7/25/7 5/26/5 3/27/3
f 3/28/3 8/29/8 7/30/7
f 7/31/7 6/32/6 5/33/5
f 8/34/8 6/35/6 7/36/7
f 10/37/10 12/38/12 9/39/9
f 13/40/13 10/41/10 9/42/9
f 9/43/9 12/44/12 11/45/11
f 11/46/11 13/47/13 9/48/9
f 10/49/10 16/50/16 12/51/12
f 14/52/14 10/53/10 13/54/13
f 14/55/14 16/56/16 10/57/10
f 12/58/12 16/59/16 11/60/11
f 15/61/15 13/62/13 11/63/11
f 11/64/11 16/65/16 15/66/15
f 15/67/15 14/68/14 13/69/13
f 16/70/16 14/71/14 15/72/15
usemtl amarillo
f 18/73/18 20/74/20 17/75/17
f 21/76/21 18/77/18 17/78/17
f 17/79/17 20/80/20 19/81/19
f 19/82/19 21/83/21 17/84/17
f 18/85/18 24/86/24 20/87/20
f 22/88/22 18/89/18 21/90/21
f 22/91/22 24/92/24 18/93/18
f 20/94/20 24/95/24 19/96/19
f 23/97/23 21/98/21 19/99/19
f 19/100/19 24/101/24 23/102/23
f 23/103/23 22/104/22 21/105/21
f 24/106/24 22/107/22 23/108/23
f 26/109/26 28/110/28 25/111/25
f 29/112/29 26/113/26 25/114/25
f 25/115/25 28/116/28 27/117/27
f 27/118/27 29/119/29 25/120/25
f 26/121/26 32/122/32 28/123/28
f 30/124/30 26/125/26 29/126/29
f 30/127/30 32/128/32 26/129/26
f 28/130/28 32/131/32 27/132/27
f 31/133/31 29/134/29 27/135/27
f 27/136/27 32/137/32 31/138/31
f 31/139/31 30/140/30 29/141/29
f 32/142/32 30/143/30 31/144/31
f 33/145/33 170/146/170 86/147/86
f 170/148/170 70/149/70 172/150/172
f 86/151/86 172/152/172 49/153/49
f 170/154/170 172/155/172 86/156/86
f 70/157/70 171/158/171 187/159/187
f 171/160/171 44/161/44 184/162/184
f 187/163/187 184/164/184 73/165/73
f 171/166/171 184/167/184 187/168/187
f 49/169/49 185/170/185 87/171/87
f 185/172/185 73/173/73 183/174/183
f 87/175/87 183/176/183 38/177/38
f 185/178/185 183/179/183 87/180/87
f 70/181/70 187/182/187 172/183/172
f 187/184/187 73/185/73 185/186/185
f 172/187/172 185/188/185 49/189/49
f 187/190/187 185/191/185 172/192/172
f 33/193/33 86/194/86 75/195/75
f 86/196/86 49/197/49 88/198/88
f 75/199/75 88/200/88 45/201/45
f 86/202/86 88/203/88 75/204/75
f 49/205/49 87/206/87 92/207/92
f 87/208/87 38/209/38 90/210/90
f 92/211/92 90/212/90 50/213/50
f 87/214/87 90/215/90 92/216/92
f 45/217/45 91/218/91 76/219/76
f 91/220/91 50/221/50 89/222/89
f 76/223/76 89/224/89 34/225/34
f 91/226/91 89/227/89 76/228/76
f 49/229/49 92/230/92 88/231/88
f 92/232/92 50/233/50 91/234/91
f 88/235/88 91/236/91 45/237/45
f 92/238/92 91/239/91 88/240/88
f 33/241/33 75/242/75 102/243/102
f 75/244/75 45/245/45 104/246/104
f 102/247/102 104/248/104 54/249/54
f 75/250/75 104/251/104 102/252/102
f 45/253/45 76/254/76 107/255/107
f 76/256/76 34/257/34 105/258/105
f 107/259/107 105/260/105 55/261/55
f 76/262/76 105/263/105 107/264/107
f 54/265/54 108/266/108 103/267/103
f 108/268/108 55/269/55 106/270/106
f 103/271/103 106/272/106 40/273/40
f 108/274/108 106/275/106 103/276/103
f 45/277/45 107/278/107 104/279/104
f 107/280/107 55/281/55 108/282/108
f 104/283/104 108/284/108 54/285/54
f 107/286/107 108/287/108 104/288/104
f 33/289/33 102/290/102 153/291/153
f 102/292/102 54/293/54 155/294/155
f 153/295/153 155/296/155 66/297/66
f 102/298/102 155/299/155 153/300/153
f 54/301/54 103/302/103 166/303/166
f 103/304/103 40/305/40 164/306/164
f 166/307/166 164/308/164 69/309/69
f 103/310/103 164/311/164 166/312/166
f 66/313/66 168/314/168 154/315/154
f 168/316/168 69/317/69 165/318/165
f 154/319/154 165/320/165 43/321/43
f 168/322/168 165/323/165 154/324/154
f 54/325/54 166/326/166 155/327/155
f 166/328/166 69/329/69 168/330/168
f 155/331/155 168/332/168 66/333/66
f 166/334/166 168/335/168 155/336/155
f 33/337/33 153/338/153 170/339/170
f 153/340/153 66/341/66 173/342/173
f 170/343/170 173/344/173 70/345/70
f 153/346/153 173/347/173 170/348/170
f 66/349/66 154/350/154 191/351/191
f 154/352/154 43/353/43 189/354/189
f 191/355/191 189/356/189 74/357/74
f 154/358/154 189/359/189 191/360/191
f 70/361/70 193/362/193 171/363/171
f 193/364/193 74/365/74 190/366/190
f 171/367/171 190/368/190 44/369/44
f 193/370/193 190/371/190 171/372/171
f 66/373/66 191/374/191 173/375/173
f 191/376/191 74/377/74 193/378/193
f 173/379/173 193/380/193 70/381/70
f 191/382/191 193/383/193 173/384/173
f 34/385/34 89/386/89 128/387/128
f 89/388/89 50/389/50 130/390/130
f 128/391/128 130/392/130 61/393/61
f 89/394/89 130/395/130 128/396/128
f 50/397/50 90/398/90 143/399/143
f 90/400/90 38/401/38 141/402/141
f 143/403/143 141/404/141 64/405/64
f 90/406/90 141/407/141 143/408/143
f 61/409/61 145/410/145 129/411/129
f 145/412/145 64/413/64 142/414/142
f 129/415/129 142/416/142 42/417/42
f 145/418/145 142/419/142 129/420/129
f 50/421/50 143/422/143 130/423/130
f 143/424/143 64/425/64 145/426/145
f 130/427/130 145/428/145 61/429/61
f 143/430/143 145/431/145 130/432/130
f 38/433/38 183/434/183 94/435/94
f 183/436/183 73/437/73 186/438/186
f 94/439/94 186/440/186 51/441/51
f 183/442/183 186/443/186 94/444/94
f 73/445/73 184/446/184 188/447/188
f 184/448/184 44/449/44 179/450/179
f 188/451/188 179/452/179 72/453/72
f 184/454/184 179/455/179 188/456/188
f 51/457/51 181/458/181 93/459/93
f 181/460/181 72/461/72 178/462/178
f 93/463/93 178/464/178 37/465/37
f 181/466/181 178/467/178 93/468/93
f 73/469/73 188/470/188 186/471/186
f 188/472/188 72/473/72 181/474/181
f 186/475/186 181/476/181 51/477/51
f 188/478/188 181/479/181 186/480/186
f 44/481/44 190/482/190 175/483/175
f 190/484/190 74/485/74 194/486/194
f 175/487/175 194/488/194 71/489/71
f 190/490/190 194/491/194 175/492/175
f 74/493/74 189/494/189 192/495/192
f 189/496/189 43/497/43 157/498/157
f 192/499/192 157/500/157 67/501/67
f 189/502/189 157/503/157 192/504/192
f 71/505/71 177/506/177 174/507/174
f 177/508/177 67/509/67 156/510/156
f 174/511/174 156/512/156 35/513/35
f 177/514/177 156/515/156 174/516/174
f 74/517/74 192/518/192 194/519/194
f 192/520/192 67/521/67 177/522/177
f 194/523/194 177/524/177 71/525/71
f 192/526/192 177/527/177 194/528/194
f 43/529/43 165/530/165 160/531/160
f 165/532/165 69/533/69 169/534/169
f 160/535/160 169/536/169 68/537/68
f 165/538/165 169/539/169 160/540/160
f 69/541/69 164/542/164 167/543/167
f 164/544/164 40/545/40 110/546/110
f 167/547/167 110/548/110 56/549/56
f 164/550/164 110/551/110 167/552/167
f 68/553/68 162/554/162 159/555/159
f 162/556/162 56/557/56 109/558/109
f 159/559/159 109/560/109 39/561/39
f 162/562/162 109/563/109 159/564/159
f 69/565/69 167/566/167 169/567/169
f 167/568/167 56/569/56 162/570/162
f 169/571/169 162/572/162 68/573/68
f 167/574/167 162/575/162 169/576/169
f 40/577/40 106/578/106 122/579/122
f 106/580/106 55/581/55 124/582/124
f 122/583/122 124/584/124 60/585/60
f 106/586/106 124/587/124 122/588/122
f 55/589/55 105/590/105 113/591/113
f 105/592/105 34/593/34 111/594/111
f 113/595/113 111/596/111 57/597/57
f 105/598/105 111/599/111 113/600/113
f 60/601/60 126/602/126 123/603/123
f 126/604/126 57/605/57 112/606/112
f 123/607/123 112/608/112 41/609/41
f 126/610/126 112/611/112 123/612/123
f 55/613/55 113/614/113 124/615/124
f 113/616/113 57/617/57 126/618/126
f 124/619/124 126/620/126 60/621/60
f 113/622/113 126/623/126 124/624/124
f 36/625/36 132/626/132 82/627/82
f 132/628/132 62/629/62 134/630/134
f 82/631/82 134/632/134 48/633/48
f 132/634/132 134/635/134 82/636/82
f 62/637/62 133/638/133 140/639/140
f 133/640/133 42/641/42 137/642/137
f 140/643/140 137/644/137 63/645/63
f 133/646/133 137/647/137 140/648/140
f 48/649/48 138/650/138 83/651/83
f 138/652/138 63/653/63 136/654/136
f 83/655/83 136/656/136 37/657/37
f 138/658/138 136/659/136 83/660/83
f 62/661/62 140/662/140 134/663/134
f 140/664/140 63/665/63 138/666/138
f 134/667/134 138/668/138 48/669/48
f 140/670/140 138/671/138 134/672/134
f 36/673/36 82/674/82 78/675/78
f 82/676/82 48/677/48 84/678/84
f 78/679/78 84/680/84 46/681/46
f 82/682/82 84/683/84 78/684/78
f 48/685/48 83/686/83 85/687/85
f 83/688/83 37/689/37 80/690/80
f 85/691/85 80/692/80 47/693/47
f 83/694/83 80/695/80 85/696/85
f 46/697/46 81/698/81 77/699/77
f 81/700/81 47/701/47 79/702/79
f 77/703/77 79/704/79 35/705/35
f 81/706/81 79/707/79 77/708/77
f 48/709/48 85/710/85 84/711/84
f 85/712/85 47/713/47 81/714/81
f 84/715/84 81/716/81 46/717/46
f 85/718/85 81/719/81 84/720/84
f 36/721/36 78/722/78 98/723/98
f 78/724/78 46/725/46 100/726/100
f 98/727/98 100/728/100 53/729/53
f 78/730/78 100/731/100 98/732/98
f 46/733/46 77/734/77 97/735/97
f 77/736/77 35/737/35 95/738/95
f 97/739/97 95/740/95 52/741/52
f 77/742/77 95/743/95 97/744/97
f 53/745/53 101/746/101 99/747/99
f 101/748/101 52/749/52 96/750/96
f 99/751/99 96/752/96 39/753/39
f 101/754/101 96/755/96 99/756/99
f 46/757/46 97/758/97 100/759/100
f 97/760/97 52/761/52 101/762/101
f 100/763/100 101/764/101 53/765/53
f 97/766/97 101/767/101 100/768/100
f 36/769/36 98/770/98 114/771/114
f 98/772/98 53/773/53 116/774/116
f 114/775/114 116/776/116 58/777/58
f 98/778/98 116/779/116 114/780/114
f 53/781/53 99/782/99 119/783/119
f 99/784/99 39/785/39 117/786/117
f 119/787/119 117/788/117 59/789/59
f 99/790/99 117/791/117 119/792/119
f 58/793/58 121/794/121 115/795/115
f 121/796/121 59/797/59 118/798/118
f 115/799/115 118/800/118 41/801/41
f 121/802/121 118/803/118 115/804/115
f 53/805/53 119/806/119 116/807/116
f 119/808/119 59/809/59 121/810/121
f 116/811/116 121/812/121 58/813/58
f 119/814/119 121/815/121 116/816/116
f 36/817/36 114/818/114 132/819/132
f 114/820/114 58/821/58 135/822/135
f 132/823/132 135/824/135 62/825/62
f 114/826/114 135/827/135 132/828/132
f 58/829/58 115/830/115 150/831/150
f 115/832/115 41/833/41 147/834/147
f 150/835/150 147/836/147 65/837/65
f 115/838/115 147/839/147 150/840/150
f 62/841/62 152/842/152 133/843/133
f 152/844/152 65/845/65 148/846/148
f 133/847/133 148/848/148 42/849/42
f 152/850/152 148/851/148 133/852/133
f 58/853/58 150/854/150 135/855/135
f 150/856/150 65/857/65 152/858/152
f 135/859/135 152/860/152 62/861/62
f 150/862/150 152/863/152 135/864/135
f 37/865/37 136/866/136 93/867/93
f 136/868/136 63/869/63 139/870/139
f 93/871/93 139/872/139 51/873/51
f 136/874/136 139/875/139 93/876/93
f 63/877/63 137/878/137 146/879/146
f 137/880/137 42/881/42 142/882/142
f 146/883/146 142/884/142 64/885/64
f 137/886/137 142/887/142 146/888/146
f 51/889/51 144/890/144 94/891/94
f 144/892/144 64/893/64 141/894/141
f 94/895/94 141/896/141 38/897/38
f 144/898/144 141/899/141 94/900/94
f 63/901/63 146/902/146 139/903/139
f 146/904/146 64/905/64 144/906/144
f 139/907/139 144/908/144 51/909/51
f 146/910/146 144/911/144 139/912/139
f 35/913/35 79/914/79 174/915/174
f 79/916/79 47/917/47 176/918/176
f 174/919/174 176/920/176 71/921/71
f 79/922/79 176/923/176 174/924/174
f 47/925/47 80/926/80 180/927/180
f 80/928/80 37/929/37 178/930/178
f 180/931/180 178/932/178 72/933/72
f 80/934/80 178/935/178 180/936/180
f 71/937/71 182/938/182 175/939/175
f 182/940/182 72/941/72 179/942/179
f 175/943/175 179/944/179 44/945/44
f 182/946/182 179/947/179 175/948/175
f 47/949/47 180/950/180 176/951/176
f 180/952/180 72/953/72 182/954/182
f 176/955/176 182/956/182 71/957/71
f 180/958/180 182/959/182 176/960/176
f 39/961/39 96/962/96 159/963/159
f 96/964/96 52/965/52 161/966/161
f 159/967/159 161/968/161 68/969/68
f 96/970/96 161/971/161 159/972/159
f 52/973/52 95/974/95 158/975/158
f 95/976/95 35/977/35 156/978/156
f 158/979/158 156/980/156 67/981/67
f 95/982/95 156/983/156 158/984/158
f 68/985/68 163/986/163 160/987/160
f 163/988/163 67/989/67 157/990/157
f 160/991/160 157/992/157 43/993/43
f 163/994/163 157/995/157 160/996/160
f 52/997/52 158/998/158 161/999/161
f 158/1000/158 67/1001/67 163/1002/163
f 161/1003/161 163/1004/163 68/1005/68
f 158/1006/158 163/1007/163 161/1008/161
f 41/1009/41 118/1010/118 123/1011/123
f 118/1012/118 59/1013/59 127/1014/127
f 123/1015/123 127/1016/127 60/1017/60
f 118/1018/118 127/1019/127 123/1020/123
f 59/1021/59 117/1022/117 120/1023/120
f 117/1024/117 39/1025/39 109/1026/109
f 120/1027/120 109/1028/109 56/1029/56
f 117/1030/117 109/1031/109 120/1032/120
f 60/1033/60 125/1034/125 122/1035/122
f 125/1036/125 56/1037/56 110/1038/110
f 122/1039/122 110/1040/110 40/1041/40
f 125/1042/125 110/1043/110 122/1044/122
f 59/1045/59 120/1046/120 127/1047/127
f 120/1048/120 56/1049/56 125/1050/125
f 127/1051/127 125/1052/125 60/1053/60
f 120/1054/120 125/1055/125 127/1056/127
f 42/1057/42 148/1058/148 129/1059/129
f 148/1060/148 65/1061/65 151/1062/151
f 129/1063/129 151/1064/151 61/1065/61
f 148/1066/148 151/1067/151 129/1068/129
f 65/1069/65 147/1070/147 149/1071/149
f 147/1072/147 41/1073/41 112/1074/112
f 149/1075/149 112/1076/112 57/1077/57
f 147/1078/147 112/1079/112 149/1080/149
f 61/1081/61 131/1082/131 128/1083/128
f 131/1084/131 57/1085/57 111/1086/111
f 128/1087/128 111/1088/111 34/1089/34
f 131/1090/131 111/1091/111 128/1092/128
f 65/1093/65 149/1094/149 151/1095/151
f 149/1096/149 57/1097/57 131/1098/131
f 151/1099/151 131/1100/131 61/1101/61
f 149/1102/149 131/1103/131 151/1104/151
f 195/1105/195 332/1106/332 248/1107/248
f 332/1108/332 232/1109/232 334/1110/334
f 248/1111/248 334/1112/334 211/1113/211
f 332/1114/332 334/1115/334 248/1116/248
f 232/1117/232 333/1118/333 349/1119/349
f 333/1120/333 206/1121/206 346/1122/346
f 349/1123/349 346/1124/346 235/1125/235
f 333/1126/333 346/1127/346 349/1128/349
f 211/1129/211 347/1130/347 249/1131/249
f 347/1132/347 235/1133/235 345/1134/345
f 249/1135/249 345/1136/345 200/1137/200
f 347/1138/347 345/1139/345 249/1140/249
f 232/1141/232 349/1142/349 334/1143/334
f 349/1144/349 235/1145/235 347/1146/347
f 334/1147/334 347/1148/347 211/1149/211
f 349/1150/349 347/1151/347 334/1152/334
f 195/1153/195 248/1154/248 237/1155/237
f 248/1156/248 211/1157/211 250/1158/250
f 237/1159/237 250/1160/250 207/1161/207
f 248/1162/248 250/1163/250 237/1164/237
f 211/1165/211 249/1166/249 254/1167/254
f 249/1168/249 200/1169/200 252/1170/252
f 254/1171/254 252/1172/252 212/1173/212
f 249/1174/249 252/1175/252 254/1176/254
f 207/1177/207 253/1178/253 238/1179/238
f 253/1180/253 212/1181/212 251/1182/251
f 238/1183/238 251/1184/251 196/1185/196
f 253/1186/253 251/1187/251 238/1188/238
f 211/1189/211 254/1190/254 250/1191/250
f 254/1192/254 212/1193/212 253/1194/253
f 250/1195/250 253/1196/253 207/1197/207
f 254/1198/254 253/1199/253 250/1200/250
f 195/1201/195 237/1202/237 264/1203/264
f 237/1204/237 207/1205/207 266/1206/266
f 264/1207/264 266/1208/266 216/1209/216
f 237/1210/237 266/1211/266 264/1212/264
f 207/1213/207 238/1214/238 269/1215/269
f 238/1216/238 196/1217/196 267/1218/267
f 269/1219/269 267/1220/267 217/1221/217
f 238/1222/238 267/1223/267 269/1224/269
f 216/1225/216 270/1226/270 265/1227/265
f 270/1228/270 217/1229/217 268/1230/268
f 265/1231/265 268/1232/268 202/1233/202
f 270/1234/270 268/1235/268 265/1236/265
f 207/1237/207 269/1238/269 266/1239/266
f 269/1240/269 217/1241/217 270/1242/270
f 266/1243/266 270/1244/270 216/1245/216
f 269/1246/269 270/1247/270 266/1248/266
f 195/1249/195 264/1250/264 315/1251/315
f 264/1252/264 216/1253/216 317/1254/317
f 315/1255/315 317/1256/317 228/1257/228
f 264/1258/264 317/1259/317 315/1260/315
f 216/1261/216 265/1262/265 328/1263/328
f 265/1264/265 202/1265/202 326/1266/326
f 328/1267/328 326/1268/326 231/1269/231
f 265/1270/265 326/1271/326 328/1272/328
f 228/1273/228 330/1274/330 316/1275/316
f 330/1276/330 231/1277/231 327/1278/327
f 316/1279/316 327/1280/327 205/1281/205
f 330/1282/330 327/1283/327 316/1284/316
f 216/1285/216 328/1286/328 317/1287/317
f 328/1288/328 231/1289/231 330/1290/330
f 317/1291/317 330/1292/330 228/1293/228
f 328/1294/328 330/1295/330 317/1296/317
f 195/1297/195 315/1298/315 332/1299/332
f 315/1300/315 228/1301/228 335/1302/335
f 332/1303/332 335/1304/335 232/1305/232
f 315/1306/315 335/1307/335 332/1308/332
f 228/1309/228 316/1310/316 353/1311/353
f 316/1312/316 205/1313/205 351/1314/351
f 353/1315/353 351/1316/351 236/1317/236
f 316/1318/316 351/1319/351 353/1320/353
f 232/1321/232 355/1322/355 333/1323/333
f 355/1324/355 236/1325/236 352/1326/352
f 333/1327/333 352/1328/352 206/1329/206
f 355/1330/355 352/1331/352 333/1332/333
f 228/1333/228 353/1334/353 335/1335/335
f 353/1336/353 236/1337/236 355/1338/355
f 335/1339/335 355/1340/355 232/1341/232
f 353/1342/353 355/1343/355 335/1344/335
f 196/1345/196 251/1346/251 290/1347/290
f 251/1348/251 212/1349/212 292/1350/292
f 290/1351/290 292/1352/292 223/1353/223
f 251/1354/251 292/1355/292 290/1356/290
f 212/1357/212 252/1358/252 305/1359/305
f 252/1360/252 200/1361/200 303/1362/303
f 305/1363/305 303/1364/303 226/1365/226
f 252/1366/252 303/1367/303 305/1368/305
f 223/1369/223 307/1370/307 291/1371/291
f 307/1372/307 226/1373/226 304/1374/304
f 291/1375/291 304/1376/304 204/1377/204
f 307/1378/307 304/1379/304 291/1380/291
f 212/1381/212 305/1382/305 292/1383/292
f 305/1384/305 226/1385/226 307/1386/307
f 292/1387/292 307/1388/307 223/1389/223
f 305/1390/305 307/1391/307 292/1392/292
f 200/1393/200 345/1394/345 256/1395/256
f 345/1396/345 235/1397/235 348/1398/348
f 256/1399/256 348/1400/348 213/1401/213
f 345/1402/345 348/1403/348 256/1404/256
f 235/1405/235 346/1406/346 350/1407/350
f 346/1408/346 206/1409/206 341/1410/341
f 350/1411/350 341/1412/341 234/1413/234
f 346/1414/346 341/1415/341 350/1416/350
f 213/1417/213 343/1418/343 255/1419/255
f 343/1420/343 234/1421/234 340/1422/340
f 255/1423/255 340/1424/340 199/1425/199
f 343/1426/343 340/1427/340 255/1428/255
f 235/1429/235 350/1430/350 348/1431/348
f 350/1432/350 234/1433/234 343/1434/343
f 348/1435/348 343/1436/343 213/1437/213
f 350/1438/350 343/1439/343 348/1440/348
f 206/1441/206 352/1442/352 337/1443/337
f 352/1444/352 236/1445/236 356/1446/356
f 337/1447/337 356/1448/356 233/1449/233
f 352/1450/352 356/1451/356 337/1452/337
f 236/1453/236 351/1454/351 354/1455/354
f 351/1456/351 205/1457/205 319/1458/319
f 354/1459/354 319/1460/319 229/1461/229
f 351/1462/351 319/1463/319 354/1464/354
f 233/1465/233 339/1466/339 336/1467/336
f 339/1468/339 229/1469/229 318/1470/318
f 336/1471/336 318/1472/318 197/1473/197
f 339/1474/339 318/1475/318 336/1476/336
f 236/1477/236 354/1478/354 356/1479/356
f 354/1480/354 229/1481/229 339/1482/339
f 356/1483/356 339/1484/339 233/1485/233
f 354/1486/354 339/1487/339 356/1488/356
f 205/1489/205 327/1490/327 322/1491/322
f 327/1492/327 231/1493/231 331/1494/331
f 322/1495/322 331/1496/331 230/1497/230
f 327/1498/327 331/1499/331 322/1500/322
f 231/1501/231 326/1502/326 329/1503/329
f 326/1504/326 202/1505/202 272/1506/272
f 329/1507/329 272/1508/272 218/1509/218
f 326/1510/326 272/1511/272 329/1512/329
f 230/1513/230 324/1514/324 321/1515/321
f 324/1516/324 218/1517/218 271/1518/271
f 321/1519/321 271/1520/271 201/1521/201
f 324/1522/324 271/1523/271 321/1524/321
f 231/1525/231 329/1526/329 331/1527/331
f 329/1528/329 218/1529/218 324/1530/324
f 331/1531/331 324/1532/324 230/1533/230
f 329/1534/329 324/1535/324 331/1536/331
f 202/1537/202 268/1538/268 284/1539/284
f 268/1540/268 217/1541/217 286/1542/286
f 284/1543/284 286/1544/286 222/1545/222
f 268/1546/268 286/1547/286 284/1548/284
f 217/1549/217 267/1550/267 275/1551/275
f 267/1552/267 196/1553/196 273/1554/273
f 275/1555/275 273/1556/273 219/1557/219
f 267/1558/267 273/1559/273 275/1560/275
f 222/1561/222 288/1562/288 285/1563/285
f 288/1564/288 219/1565/219 274/1566/274
f 285/1567/285 274/1568/274 203/1569/203
f 288/1570/288 274/1571/274 285/1572/285
f 217/1573/217 275/1574/275 286/1575/286
f 275/1576/275 219/1577/219 288/1578/288
f 286/1579/286 288/1580/288 222/1581/222
f 275/1582/275 288/1583/288 286/1584/286
f 198/1585/198 294/1586/294 244/1587/244
f 294/1588/294 224/1589/224 296/1590/296
f 244/1591/244 296/1592/296 210/1593/210
f 294/1594/294 296/1595/296 244/1596/244
f 224/1597/224 295/1598/295 302/1599/302
f 295/1600/295 204/1601/204 299/1602/299
f 302/1603/302 299/1604/299 225/1605/225
f 295/1606/295 299/1607/299 302/1608/302
f 210/1609/210 300/1610/300 245/1611/245
f 300/1612/300 225/1613/225 298/1614/298
f 245/1615/245 298/1616/298 199/1617/199
f 300/1618/300 298/1619/298 245/1620/245
f 224/1621/224 302/1622/302 296/1623/296
f 302/1624/302 225/1625/225 300/1626/300
f 296/1627/296 300/1628/300 210/1629/210
f 302/1630/302 300/1631/300 296/1632/296
f 198/1633/198 244/1634/244 240/1635/240
f 244/1636/244 210/1637/210 246/1638/246
f 240/1639/240 246/1640/246 208/1641/208
f 244/1642/244 246/1643/246 240/1644/240
f 210/1645/210 245/1646/245 247/1647/247
f 245/1648/245 199/1649/199 242/1650/242
f 247/1651/247 242/1652/242 209/1653/209
f 245/1654/245 242/1655/242 247/1656/247
f 208/1657/208 243/1658/243 239/1659/239
f 243/1660/243 209/1661/209 241/1662/241
f 239/1663/239 241/1664/241 197/1665/197
f 243/1666/243 241/1667/241 239/1668/239
f 210/1669/210 247/1670/247 246/1671/246
f 247/1672/247 209/1673/209 243/1674/243
f 246/1675/246 243/1676/243 208/1677/208
f 247/1678/247 243/1679/243 246/1680/246
f 198/1681/198 240/1682/240 260/1683/260
f 240/1684/240 208/1685/208 262/1686/262
f 260/1687/260 262/1688/262 215/1689/215
f 240/1690/240 262/1691/262 260/1692/260
f 208/1693/208 239/1694/239 259/1695/259
f 239/1696/239 197/1697/197 257/1698/257
f 259/1699/259 257/1700/257 214/1701/214
f 239/1702/239 257/1703/257 259/1704/259
f 215/1705/215 263/1706/263 261/1707/261
f 263/1708/263 214/1709/214 258/1710/258
f 261/1711/261 258/1712/258 201/1713/201
f 263/1714/263 258/1715/258 261/1716/261
f 208/1717/208 259/1718/259 262/1719/262
f 259/1720/259 214/1721/214 263/1722/263
f 262/1723/262 263/1724/263 215/1725/215
f 259/1726/259 263/1727/263 262/1728/262
f 198/1729/198 260/1730/260 276/1731/276
f 260/1732/260 215/1733/215 278/1734/278
f 276/1735/276 278/1736/278 220/1737/220
f 260/1738/260 278/1739/278 276/1740/276
f 215/1741/215 261/1742/261 281/1743/281
f 261/1744/261 201/1745/201 279/1746/279
f 281/1747/281 279/1748/279 221/1749/221
f 261/1750/261 279/1751/279 281/1752/281
f 220/1753/220 283/1754/283 277/1755/277
f 283/1756/283 221/1757/221 280/1758/280
f 277/1759/277 280/1760/280 203/1761/203
f 283/1762/283 280/1763/280 277/1764/277
f 215/1765/215 281/1766/281 278/1767/278
f 281/1768/281 221/1769/221 283/1770/283
f 278/1771/278 283/1772/283 220/1773/220
f 281/1774/281 283/1775/283 278/1776/278
f 198/1777/198 276/1778/276 294/1779/294
f 276/1780/276 220/1781/220 297/1782/297
f 294/1783/294 297/1784/297 224/1785/224
f 276/1786/276 297/1787/297 294/1788/294
f 220/1789/220 277/1790/277 312/1791/312
f 277/1792/277 203/1793/203 309/1794/309
f 312/1795/312 309/1796/309 227/1797/227
f 277/1798/277 309/1799/309 312/1800/312
f 224/1801/224 314/1802/314 295/1803/295
f 314/1804/314 227/1805/227 310/1806/310
f 295/1807/295 310/1808/310 204/1809/204
f 314/1810/314 310/1811/310 295/1812/295
f 220/1813/220 312/1814/312 297/1815/297
f 312/1816/312 227/1817/227 314/1818/314
f 297/1819/297 314/1820/314 224/1821/224
f 312/1822/312 314/1823/314 297/1824/297
f 199/1825/199 298/1826/298 255/1827/255
f 298/1828/298 225/1829/225 301/1830/301
f 255/1831/255 301/1832/301 213/1833/213
f 298/1834/298 301/1835/301 255/1836/255
f 225/1837/225 299/1838/299 308/1839/308
f 299/1840/299 204/1841/204 304/1842/304
f 308/1843/308 304/1844/304 226/1845/226
f 299/1846/299 304/1847/304 308/1848/308
f 213/1849/213 306/1850/306 256/1851/256
f 306/1852/306 226/1853/226 303/1854/303
f 256/1855/256 303/1856/303 200/1857/200
f 306/1858/306 303/1859/303 256/1860/256
f 225/1861/225 308/1862/308 301/1863/301
f 308/1864/308 226/1865/226 306/1866/306
f 301/1867/301 306/1868/306 213/1869/213
f 308/1870/308 306/1871/306 301/1872/301
f 197/1873/197 241/1874/241 336/1875/336
f 241/1876/241 209/1877/209 338/1878/338
f 336/1879/336 338/1880/338 233/1881/233
f 241/1882/241 338/1883/338 336/1884/336
f 209/1885/209 242/1886/242 342/1887/342
f 242/1888/242 199/1889/199 340/1890/340
f 342/1891/342 340/1892/340 234/1893/234
f 242/1894/242 340/1895/340 342/1896/342
f 233/1897/233 344/1898/344 337/1899/337
f 344/1900/344 234/1901/234 341/1902/341
f 337/1903/337 341/1904/341 206/1905/206
f 344/1906/344 341/1907/341 337/1908/337
f 209/1909/209 342/1910/342 338/1911/338
f 342/1912/342 234/1913/234 344/1914/344
f 338/1915/338 344/1916/344 233/1917/233
f 342/1918/342 344/1919/344 338/1920/338
f 201/1921/201 258/1922/258 321/1923/321
f 258/1924/258 214/1925/214 323/1926/323
f 321/1927/321 323/1928/323 230/1929/230
f 258/1930/258 323/1931/323 321/1932/321
f 214/1933/214 257/1934/257 320/1935/320
f 257/1936/257 197/1937/197 318/1938/318
f 320/1939/320 318/1940/318 229/1941/229
f 257/1942/257 318/1943/318 320/1944/320
f 230/1945/230 325/1946/325 322/1947/322
f 325/1948/325 229/1949/229 319/1950/319
f 322/1951/322 319/1952/319 205/1953/205
f 325/1954/325 319/1955/319 322/1956/322
f 214/1957/214 320/1958/320 323/1959/323
f 320/1960/320 229/1961/229 325/1962/325
f 323/1963/323 325/1964/325 230/1965/230
f 320/1966/320 325/1967/325 323/1968/323
f 203/1969/203 280/1970/280 285/1971/285
f 280/1972/280 221/1973/221 289/1974/289
f 285/1975/285 289/1976/289 222/1977/222
f 280/1978/280 289/1979/289 285/1980/285
f 221/1981/221 279/1982/279 282/1983/282
f 279/1984/279 201/1985/201 271/1986/271
f 282/1987/282 271/1988/271 218/1989/218
f 279/1990/279 271/1991/271 282/1992/282
f 222/1993/222 287/1994/287 284/1995/284
f 287/1996/287 218/1997/218 272/1998/272
f 284/1999/284 272/2000/272 202/2001/202
f 287/2002/287 272/2003/272 284/2004/284
f 221/2005/221 282/2006/282 289/2007/289
f 282/2008/282 218/2009/218 287/2010/287
f 289/2011/289 287/2012/287 222/2013/222
f 282/2014/282 287/2015/287 289/2016/289
f 204/2017/204 310/2018/310 291/2019/291
f 310/2020/310 227/2021/227 313/2022/313
f 291/2023/291 313/2024/313 223/2025/223
f 310/2026/310 313/2027/313 291/2028/291
f 227/2029/227 309/2030/309 311/2031/311
f 309/2032/309 203/2033/203 274/2034/274
f 311/2035/311 274/2036/274 219/2037/219
f 309/2038/309 274/2039/274 311/2040/311
f 223/2041/223 293/2042/293 290/2043/290
f 293/2044/293 219/2045/219 273/2046/273
f 290/2047/290 273/2048/273 196/2049/196
f 293/2050/293 273/2051/273 290/2052/290
f 227/2053/227 311/2054/311 313/2055/313
f 311/2056/311 219/2057/219 293/2058/293
f 313/2059/313 293/2060/293 223/2061/223
f 311/2062/311 293/2063/293 313/2064/313
f 357/2065/357 494/2066/494 410/2067/410
f 494/2068/494 394/2069/394 496/2070/496
f 410/2071/410 496/2072/496 373/2073/373
f 494/2074/494 496/2075/496 410/2076/410
f 394/2077/394 495/2078/495 511/2079/511
f 495/2080/495 368/2081/368 508/2082/508
f 511/2083/511 508/2084/508 397/2085/397
f 495/2086/495 508/2087/508 511/2088/511
f 373/2089/373 509/2090/509 411/2091/411
f 509/2092/509 397/2093/397 507/2094/507
f 411/2095/411 507/2096/507 362/2097/362
f 509/2098/509 507/2099/507 411/2100/411
f 394/2101/394 511/2102/511 496/2103/496
f 511/2104/511 397/2105/397 509/2106/509
f 496/2107/496 509/2108/509 373/2109/373
f 511/2110/511 509/2111/509 496/2112/496
f 357/2113/357 410/2114/410 399/2115/399
f 410/2116/410 373/2117/373 412/2118/412
f 399/2119/399 412/2120/412 369/2121/369
f 410/2122/410 412/2123/412 399/2124/399
f 373/2125/373 411/2126/411 416/2127/416
f 411/2128/411 362/2129/362 414/2130/414
f 416/2131/416 414/2132/414 374/2133/374
f 411/2134/411 414/2135/414 416/2136/416
f 369/2137/369 415/2138/415 400/2139/400
f 415/2140/415 374/2141/374 413/2142/413
f 400/2143/400 413/2144/413 358/2145/358
f 415/2146/415 413/2147/413 400/2148/400
f 373/2149/373 416/2150/416 412/2151/412
f 416/2152/416 374/2153/374 415/2154/415
f 412/2155/412 415/2156/415 369/2157/369
f 416/2158/416 415/2159/415 412/2160/412
f 357/2161/357 399/2162/399 426/2163/426
f 399/2164/399 369/2165/369 428/2166/428
f 426/2167/426 428/2168/428 378/2169/378
f 399/2170/399 428/2171/428 426/2172/426
f 369/2173/369 400/2174/400 431/2175/431
f 400/2176/400 358/2177/358 429/2178/429
f 431/2179/431 429/2180/429 379/2181/379
f 400/2182/400 429/2183/429 431/2184/431
f 378/2185/378 432/2186/432 427/2187/427
f 432/2188/432 379/2189/379 430/2190/430
f 427/2191/427 430/2192/430 364/2193/364
f 432/2194/432 430/2195/430 427/2196/427
f 369/2197/369 431/2198/431 428/2199/428
f 431/2200/431 379/2201/379 432/2202/432
f 428/2203/428 432/2204/432 378/2205/378
f 431/2206/431 432/2207/432 428/2208/428
f 357/2209/357 426/2210/426 477/2211/477
f 426/2212/426 378/2213/378 479/2214/479
f 477/2215/477 479/2216/479 390/2217/390
f 426/2218/426 479/2219/479 477/2220/477
f 378/2221/378 427/2222/427 490/2223/490
f 427/2224/427 364/2225/364 488/2226/488
f 490/2227/490 488/2228/488 393/2229/393
f 427/2230/427 488/2231/488 490/2232/490
f 390/2233/390 492/2234/492 478/2235/478
f 492/2236/492 393/2237/393 489/2238/489
f 478/2239/478 489/2240/489 367/2241/367
f 492/2242/492 489/2243/489 478/2244/478
f 378/2245/378 490/2246/490 479/2247/479
f 490/2248/490 393/2249/393 492/2250/492
f 479/2251/479 492/2252/492 390/2253/390
f 490/2254/490 492/2255/492 479/2256/479
f 357/2257/357 477/2258/477 494/2259/494
f 477/2260/477 390/2261/390 497/2262/497
f 494/2263/494 497/2264/497 394/2265/394
f 477/2266/477 497/2267/497 494/2268/494
f 390/2269/390 478/2270/478 515/2271/515
f 478/2272/478 367/2273/367 513/2274/513
f 515/2275/515 513/2276/513 398/2277/398
f 478/2278/478 513/2279/513 515/2280/515
f 394/2281/394 517/2282/517 495/2283/495
f 517/2284/517 398/2285/398 514/2286/514
f 495/2287/495 514/2288/514 368/2289/368
f 517/2290/517 514/2291/514 495/2292/495
f 390/2293/390 515/2294/515 497/2295/497
f 515/2296/515 398/2297/398 517/2298/517
f 497/2299/497 517/2300/517 394/2301/394
f 515/2302/515 517/2303/517 497/2304/497
f 358/2305/358 413/2306/413 452/2307/452
f 413/2308/413 374/2309/374 454/2310/454
f 452/2311/452 454/2312/454 385/2313/385
f 413/2314/413 454/2315/454 452/2316/452
f 374/2317/374 414/2318/414 467/2319/467
f 414/2320/414 362/2321/362 465/2322/465
f 467/2323/467 465/2324/465 388/2325/388
f 414/2326/414 465/2327/465 467/2328/467
f 385/2329/385 469/2330/469 453/2331/453
f 469/2332/469 388/2333/388 466/2334/466
f 453/2335/453 466/2336/466 366/2337/366
f 469/2338/469 466/2339/466 453/2340/453
f 374/2341/374 467/2342/467 454/2343/454
f 467/2344/467 388/2345/388 469/2346/469
f 454/2347/454 469/2348/469 385/2349/385
f 467/2350/467 469/2351/469 454/2352/454
f 362/2353/362 507/2354/507 418/2355/418
f 507/2356/507 397/2357/397 510/2358/510
f 418/2359/418 510/2360/510 375/2361/375
f 507/2362/507 510/2363/510 418/2364/418
f 397/2365/397 508/2366/508 512/2367/512
f 508/2368/508 368/2369/368 503/2370/503
f 512/2371/512 503/2372/503 396/2373/396
f 508/2374/508 503/2375/503 512/2376/512
f 375/2377/375 505/2378/505 417/2379/417
f 505/2380/505 396/2381/396 502/2382/502
f 417/2383/417 502/2384/502 361/2385/361
f 505/2386/505 502/2387/502 417/2388/417
f 397/2389/397 512/2390/512 510/2391/510
f 512/2392/512 396/2393/396 505/2394/505
f 510/2395/510 505/2396/505 375/2397/375
f 512/2398/512 505/2399/505 510/2400/510
f 368/2401/368 514/2402/514 499/2403/499
f 514/2404/514 398/2405/398 518/2406/518
f 499/2407/499 518/2408/518 395/2409/395
f 514/2410/514 518/2411/518 499/2412/499
f 398/2413/398 513/2414/513 516/2415/516
f 513/2416/513 367/2417/367 481/2418/481
f 516/2419/516 481/2420/481 391/2421/391
f 513/2422/513 481/2423/481 516/2424/516
f 395/2425/395 501/2426/501 498/2427/498
f 501/2428/501 391/2429/391 480/2430/480
f 498/2431/498 480/2432/480 359/2433/359
f 501/2434/501 480/2435/480 498/2436/498
f 398/2437/398 516/2438/516 518/2439/518
f 516/2440/516 391/2441/391 501/2442/501
f 518/2443/518 501/2444/501 395/2445/395
f 516/2446/516 501/2447/501 518/2448/518
f 367/2449/367 489/2450/489 484/2451/484
f 489/2452/489 393/2453/393 493/2454/493
f 484/2455/484 493/2456/493 392/2457/392
f 489/2458/489 493/2459/493 484/2460/484
f 393/2461/393 488/2462/488 491/2463/491
f 488/2464/488 364/2465/364 434/2466/434
f 491/2467/491 434/2468/434 380/2469/380
f 488/2470/488 434/2471/434 491/2472/491
f 392/2473/392 486/2474/486 483/2475/483
f 486/2476/486 380/2477/380 433/2478/433
f 483/2479/483 433/2480/433 363/2481/363
f 486/2482/486 433/2483/433 483/2484/483
f 393/2485/393 491/2486/491 493/2487/493
f 491/2488/491 380/2489/380 486/2490/486
f 493/2491/493 486/2492/486 392/2493/392
f 491/2494/491 486/2495/486 493/2496/493
f 364/2497/364 430/2498/430 446/2499/446
f 430/2500/430 379/2501/379 448/2502/448
f 446/2503/446 448/2504/448 384/2505/384
f 430/2506/430 448/2507/448 446/2508/446
f 379/2509/379 429/2510/429 437/2511/437
f 429/2512/429 358/2513/358 435/2514/435
f 437/2515/437 435/2516/435 381/2517/381
f 429/2518/429 435/2519/435 437/2520/437
f 384/2521/384 450/2522/450 447/2523/447
f 450/2524/450 381/2525/381 436/2526/436
f 447/2527/447 436/2528/436 365/2529/365
f 450/2530/450 436/2531/436 447/2532/447
f 379/2533/379 437/2534/437 448/2535/448
f 437/2536/437 381/2537/381 450/2538/450
f 448/2539/448 450/2540/450 384/2541/384
f 437/2542/437 450/2543/450 448/2544/448
f 360/2545/360 456/2546/456 406/2547/406
f 456/2548/456 386/2549/386 458/2550/458
f 406/2551/406 458/2552/458 372/2553/372
f 456/2554/456 458/2555/458 406/2556/406
f 386/2557/386 457/2558/457 464/2559/464
f 457/2560/457 366/2561/366 461/2562/461
f 464/2563/464 461/2564/461 387/2565/387
f 457/2566/457 461/2567/461 464/2568/464
f 372/2569/372 462/2570/462 407/2571/407
f 462/2572/462 387/2573/387 460/2574/460
f 407/2575/407 460/2576/460 361/2577/361
f 462/2578/462 460/2579/460 407/2580/407
f 386/2581/386 464/2582/464 458/2583/458
f 464/2584/464 387/2585/387 462/2586/462
f 458/2587/458 462/2588/462 372/2589/372
f 464/2590/464 462/2591/462 458/2592/458
f 360/2593/360 406/2594/406 402/2595/402
f 406/2596/406 372/2597/372 408/2598/408
f 402/2599/402 408/2600/408 370/2601/370
f 406/2602/406 408/2603/408 402/2604/402
f 372/2605/372 407/2606/407 409/2607/409
f 407/2608/407 361/2609/361 404/2610/404
f 409/2611/409 404/2612/404 371/2613/371
f 407/2614/407 404/2615/404 409/2616/409
f 370/2617/370 405/2618/405 401/2619/401
f 405/2620/405 371/2621/371 403/2622/403
f 401/2623/401 403/2624/403 359/2625/359
f 405/2626/405 403/2627/403 401/2628/401
f 372/2629/372 409/2630/409 408/2631/408
f 409/2632/409 371/2633/371 405/2634/405
f 408/2635/408 405/2636/405 370/2637/370
f 409/2638/409 405/2639/405 408/2640/408
f 360/2641/360 402/2642/402 422/2643/422
f 402/2644/402 370/2645/370 424/2646/424
f 422/2647/422 424/2648/424 377/2649/377
f 402/2650/402 424/2651/424 422/2652/422
f 370/2653/370 401/2654/401 421/2655/421
f 401/2656/401 359/2657/359 419/2658/419
f 421/2659/421 419/2660/419 376/2661/376
f 401/2662/401 419/2663/419 421/2664/421
f 377/2665/377 425/2666/425 423/2667/423
f 425/2668/425 376/2669/376 420/2670/420
f 423/2671/423 420/2672/420 363/2673/363
f 425/2674/425 420/2675/420 423/2676/423
f 370/2677/370 421/2678/421 424/2679/424
f 421/2680/421 376/2681/376 425/2682/425
f 424/2683/424 425/2684/425 377/2685/377
f 421/2686/421 425/2687/425 424/2688/424
f 360/2689/360 422/2690/422 438/2691/438
f 422/2692/422 377/2693/377 440/2694/440
f 438/2695/438 440/2696/440 382/2697/382
f 422/2698/422 440/2699/440 438/2700/438
f 377/2701/377 423/2702/423 443/2703/443
f 423/2704/423 363/2705/363 441/2706/441
f 443/2707/443 441/2708/441 383/2709/383
f 423/2710/423 441/2711/441 443/2712/443
f 382/2713/382 445/2714/445 439/2715/439
f 445/2716/445 383/2717/383 442/2718/442
f 439/2719/439 442/2720/442 365/2721/365
f 445/2722/445 442/2723/442 439/2724/439
f 377/2725/377 443/2726/443 440/2727/440
f 443/2728/443 383/2729/383 445/2730/445
f 440/2731/440 445/2732/445 382/2733/382
f 443/2734/443 445/2735/445 440/2736/440
f 360/2737/360 438/2738/438 456/2739/456
f 438/2740/438 382/2741/382 459/2742/459
f 456/2743/456 459/2744/459 386/2745/386
f 438/2746/438 459/2747/459 456/2748/456
f 382/2749/382 439/2750/439 474/2751/474
f 439/2752/439 365/2753/365 471/2754/471
f 474/2755/474 471/2756/471 389/2757/389
f 439/2758/439 471/2759/471 474/2760/474
f 386/2761/386 476/2762/476 457/2763/457
f 476/2764/476 389/2765/389 472/2766/472
f 457/2767/457 472/2768/472 366/2769/366
f 476/2770/476 472/2771/472 457/2772/457
f 382/2773/382 474/2774/474 459/2775/459
f 474/2776/474 389/2777/389 476/2778/476
f 459/2779/459 476/2780/476 386/2781/386
f 474/2782/474 476/2783/476 459/2784/459
f 361/2785/361 460/2786/460 417/2787/417
f 460/2788/460 387/2789/387 463/2790/463
f 417/2791/417 463/2792/463 375/2793/375
f 460/2794/460 463/2795/463 417/2796/417
f 387/2797/387 461/2798/461 470/2799/470
f 461/2800/461 366/2801/366 466/2802/466
f 470/2803/470 466/2804/466 388/2805/388
f 461/2806/461 466/2807/466 470/2808/470
f 375/2809/375 468/2810/468 418/2811/418
f 468/2812/468 388/2813/388 465/2814/465
f 418/2815/418 465/2816/465 362/2817/362
f 468/2818/468 465/2819/465 418/2820/418
f 387/2821/387 470/2822/470 463/2823/463
f 470/2824/470 388/2825/388 468/2826/468
f 463/2827/463 468/2828/468 375/2829/375
f 470/2830/470 468/2831/468 463/2832/463
f 359/2833/359 403/2834/403 498/2835/498
f 403/2836/403 371/2837/371 500/2838/500
f 498/2839/498 500/2840/500 395/2841/395
f 403/2842/403 500/2843/500 498/2844/498
f 371/2845/371 404/2846/404 504/2847/504
f 404/2848/404 361/2849/361 502/2850/502
f 504/2851/504 502/2852/502 396/2853/396
f 404/2854/404 502/2855/502 504/2856/504
f 395/2857/395 506/2858/506 499/2859/499
f 506/2860/506 396/2861/396 503/2862/503
f 499/2863/499 503/2864/503 368/2865/368
f 506/2866/506 503/2867/503 499/2868/499
f 371/2869/371 504/2870/504 500/2871/500
f 504/2872/504 396/2873/396 506/2874/506
f 500/2875/500 506/2876/506 395/2877/395
f 504/2878/504 506/2879/506 500/2880/500
f 363/2881/363 420/2882/420 483/2883/483
f 420/2884/420 376/2885/376 485/2886/485
f 483/2887/483 485/2888/485 392/2889/392
f 420/2890/420 485/2891/485 483/2892/483
f 376/2893/376 419/2894/419 482/2895/482
f 419/2896/419 359/2897/359 480/2898/480
f 482/2899/482 480/2900/480 391/2901/391
f 419/2902/419 480/2903/480 482/2904/482
f 392/2905/392 487/2906/487 484/2907/484
f 487/2908/487 391/2909/391 481/2910/481
f 484/2911/484 481/2912/481 367/2913/367
f 487/2914/487 481/2915/481 484/2916/484
f 376/2917/376 482/2918/482 485/2919/485
f 482/2920/482 391/2921/391 487/2922/487
f 485/2923/485 487/2924/487 392/2925/392
f 482/2926/482 487/2927/487 485/2928/485
f 365/2929/365 442/2930/442 447/2931/447
f 442/2932/442 383/2933/383 451/2934/451
f 447/2935/447 451/2936/451 384/2937/384
f 442/2938/442 451/2939/451 447/2940/447
f 383/2941/383 441/2942/441 444/2943/444
f 441/2944/441 363/2945/363 433/2946/433
f 444/2947/444 433/2948/433 380/2949/380
f 441/2950/441 433/2951/433 444/2952/444
f 384/2953/384 449/2954/449 446/2955/446
f 449/2956/449 380/2957/380 434/2958/434
f 446/2959/446 434/2960/434 364/2961/364
f 449/2962/449 434/2963/434 446/2964/446
f 383/2965/383 444/2966/444 451/2967/451
f 444/2968/444 380/2969/380 449/2970/449
f 451/2971/451 449/2972/449 384/2973/384
f 444/2974/444 449/2975/449 451/2976/451
f 366/2977/366 472/2978/472 453/2979/453
f 472/2980/472 389/2981/389 475/2982/475
f 453/2983/453 475/2984/475 385/2985/385
f 472/2986/472 475/2987/475 453/2988/453
f 389/2989/389 471/2990/471 473/2991/473
f 471/2992/471 365/2993/365 436/2994/436
f 473/2995/473 436/2996/436 381/2997/381
f 471/2998/471 436/2999/436 473/3000/473
f 385/3001/385 455/3002/455 452/3003/452
f 455/3004/455 381/3005/381 435/3006/435
f 452/3007/452 435/3008/435 358/3009/358
f 455/3010/455 435/3011/435 452/3012/452
f 389/3013/389 473/3014/473 475/3015/475
f 473/3016/473 381/3017/381 455/3018/455
f 475/3019/475 455/3020/455 385/3021/385
f 473/3022/473 455/3023/455 475/3024/475
f 519/3025/519 656/3026/656 572/3027/572
f 656/3028/656 556/3029/556 658/3030/658
f 572/3031/572 658/3032/658 535/3033/535
f 656/3034/656 658/3035/658 572/3036/572
f 556/3037/556 657/3038/657 673/3039/673
f 657/3040/657 530/3041/530 670/3042/670
f 673/3043/673 670/3044/670 559/3045/559
f 657/3046/657 670/3047/670 673/3048/673
f 535/3049/535 671/3050/671 573/3051/573
f 671/3052/671 559/3053/559 669/3054/669
f 573/3055/573 669/3056/669 524/3057/524
f 671/3058/671 669/3059/669 573/3060/573
f 556/3061/556 673/3062/673 658/3063/658
f 673/3064/673 559/3065/559 671/3066/671
f 658/3067/658 671/3068/671 535/3069/535
f 673/3070/673 671/3071/671 658/3072/658
f 519/3073/519 572/3074/572 561/3075/561
f 572/3076/572 535/3077/535 574/3078/574
f 561/3079/561 574/3080/574 531/3081/531
f 572/3082/572 574/3083/574 561/3084/561
f 535/3085/535 573/3086/573 578/3087/578
f 573/3088/573 524/3089/524 576/3090/576
f 578/3091/578 576/3092/576 536/3093/536
f 573/3094/573 576/3095/576 578/3096/578
f 531/3097/531 577/3098/577 562/3099/562
f 577/3100/577 536/3101/536 575/3102/575
f 562/3103/562 575/3104/575 520/3105/520
f 577/3106/577 575/3107/575 562/3108/562
f 535/3109/535 578/3110/578 574/3111/574
f 578/3112/578 536/3113/536 577/3114/577
f 574/3115/574 577/3116/577 531/3117/531
f 578/3118/578 577/3119/577 574/3120/574
f 519/3121/519 561/3122/561 588/3123/588
f 561/3124/561 531/3125/531 590/3126/590
f 588/3127/588 590/3128/590 540/3129/540
f 561/3130/561 590/3131/590 588/3132/588
f 531/3133/531 562/3134/562 593/3135/593
f 562/3136/562 520/3137/520 591/3138/591
f 593/3139/593 591/3140/591 541/3141/541
f 562/3142/562 591/3143/591 593/3144/593
f 540/3145/540 594/3146/594 589/3147/589
f 594/3148/594 541/3149/541 592/3150/592
f 589/3151/589 592/3152/592 526/3153/526
f 594/3154/594 592/3155/592 589/3156/589
f 531/3157/531 593/3158/593 590/3159/590
f 593/3160/593 541/3161/541 594/3162/594
f 590/3163/590 594/3164/594 540/3165/540
f 593/3166/593 594/3167/594 590/3168/590
f 519/3169/519 588/3170/588 639/3171/639
f 588/3172/588 540/3173/540 641/3174/641
f 639/3175/639 641/3176/641 552/3177/552
f 588/3178/588 641/3179/641 639/3180/639
f 540/3181/540 589/3182/589 652/3183/652
f 589/3184/589 526/3185/526 650/3186/650
f 652/3187/652 650/3188/650 555/3189/555
f 589/3190/589 650/3191/650 652/3192/652
f 552/3193/552 654/3194/654 640/3195/640
f 654/3196/654 555/3197/555 651/3198/651
f 640/3199/640 651/3200/651 529/3201/529
f 654/3202/654 651/3203/651 640/3204/640
f 540/3205/540 652/3206/652 641/3207/641
f 652/3208/652 555/3209/555 654/3210/654
f 641/3211/641 654/3212/654 552/3213/552
f 652/3214/652 654/3215/654 641/3216/641
f 519/3217/519 639/3218/639 656/3219/656
f 639/3220/639 552/3221/552 659/3222/659
f 656/3223/656 659/3224/659 556/3225/556
f 639/3226/639 659/3227/659 656/3228/656
f 552/3229/552 640/3230/640 677/3231/677
f 640/3232/640 529/3233/529 675/3234/675
f 677/3235/677 675/3236/675 560/3237/560
f 640/3238/640 675/3239/675 677/3240/677
f 556/3241/556 679/3242/679 657/3243/657
f 679/3244/679 560/3245/560 676/3246/676
f 657/3247/657 676/3248/676 530/3249/530
f 679/3250/679 676/3251/676 657/3252/657
f 552/3253/552 677/3254/677 659/3255/659
f 677/3256/677 560/3257/560 679/3258/679
f 659/3259/659 679/3260/679 556/3261/556
f 677/3262/677 679/3263/679 659/3264/659
f 520/3265/520 575/3266/575 614/3267/614
f 575/3268/575 536/3269/536 616/3270/616
f 614/3271/614 616/3272/616 547/3273/547
f 575/3274/575 616/3275/616 614/3276/614
f 536/3277/536 576/3278/576 629/3279/629
f 576/3280/576 524/3281/524 627/3282/627
f 629/3283/629 627/3284/627 550/3285/550
f 576/3286/576 627/3287/627 629/3288/629
f 547/3289/547 631/3290/631 615/3291/615
f 631/3292/631 550/3293/550 628/3294/628
f 615/3295/615 628/3296/628 528/3297/528
f 631/3298/631 628/3299/628 615/3300/615
f 536/3301/536 629/3302/629 616/3303/616
f 629/3304/629 550/3305/550 631/3306/631
f 616/3307/616 631/3308/631 547/3309/547
f 629/3310/629 631/3311/631 616/3312/616
f 524/3313/524 669/3314/669 580/3315/580
f 669/3316/669 559/3317/559 672/3318/672
f 580/3319/580 672/3320/672 537/3321/537
f 669/3322/669 672/3323/672 580/3324/580
f 559/3325/559 670/3326/670 674/3327/674
f 670/3328/670 530/3329/530 665/3330/665
f 674/3331/674 665/3332/665 558/3333/558
f 670/3334/670 665/3335/665 674/3336/674
f 537/3337/537 667/3338/667 579/3339/579
f 667/3340/667 558/3341/558 664/3342/664
f 579/3343/579 664/3344/664 523/3345/523
f 667/3346/667 664/3347/664 579/3348/579
f 559/3349/559 674/3350/674 672/3351/672
f 674/3352/674 558/3353/558 667/3354/667
f 672/3355/672 667/3356/667 537/3357/537
f 674/3358/674 667/3359/667 672/3360/672
f 530/3361/530 676/3362/676 661/3363/661
f 676/3364/676 560/3365/560 680/3366/680
f 661/3367/661 680/3368/680 557/3369/557
f 676/3370/676 680/3371/680 661/3372/661
f 560/3373/560 675/3374/675 678/3375/678
f 675/3376/675 529/3377/529 643/3378/643
f 678/3379/678 643/3380/643 553/3381/553
f 675/3382/675 643/3383/643 678/3384/678
f 557/3385/557 663/3386/663 660/3387/660
f 663/3388/663 553/3389/553 642/3390/642
f 660/3391/660 642/3392/642 521/3393/521
f 663/3394/663 642/3395/642 660/3396/660
f 560/3397/560 678/3398/678 680/3399/680
f 678/3400/678 553/3401/553 663/3402/663
f 680/3403/680 663/3404/663 557/3405/557
f 678/3406/678 663/3407/663 680/3408/680
f 529/3409/529 651/3410/651 646/3411/646
f 651/3412/651 555/3413/555 655/3414/655
f 646/3415/646 655/3416/655 554/3417/554
f 651/3418/651 655/3419/655 646/3420/646
f 555/3421/555 650/3422/650 653/3423/653
f 650/3424/650 526/3425/526 596/3426/596
f 653/3427/653 596/3428/596 542/3429/542
f 650/3430/650 596/3431/596 653/3432/653
f 554/3433/554 648/3434/648 645/3435/645
f 648/3436/648 542/3437/542 595/3438/595
f 645/3439/645 595/3440/595 525/3441/525
f 648/3442/648 595/3443/595 645/3444/645
f 555/3445/555 653/3446/653 655/3447/655
f 653/3448/653 542/3449/542 648/3450/648
f 655/3451/655 648/3452/648 554/3453/554
f 653/3454/653 648/3455/648 655/3456/655
f 526/3457/526 592/3458/592 608/3459/608
f 592/3460/592 541/3461/541 610/3462/610
f 608/3463/608 610/3464/610 546/3465/546
f 592/3466/592 610/3467/610 608/3468/608
f 541/3469/541 591/3470/591 599/3471/599
f 591/3472/591 520/3473/520 597/3474/597
f 599/3475/599 597/3476/597 543/3477/543
f 591/3478/591 597/3479/597 599/3480/599
f 546/3481/546 612/3482/612 609/3483/609
f 612/3484/612 543/3485/543 598/3486/598
f 609/3487/609 598/3488/598 527/3489/527
f 612/3490/612 598/3491/598 609/3492/609
f 541/3493/541 599/3494/599 610/3495/610
f 599/3496/599 543/3497/543 612/3498/612
f 610/3499/610 612/3500/612 546/3501/546
f 599/3502/599 612/3503/612 610/3504/610
f 522/3505/522 618/3506/618 568/3507/568
f 618/3508/618 548/3509/548 620/3510/620
f 568/3511/568 620/3512/620 534/3513/534
f 618/3514/618 620/3515/620 568/3516/568
f 548/3517/548 619/3518/619 626/3519/626
f 619/3520/619 528/3521/528 623/3522/623
f 626/3523/626 623/3524/623 549/3525/549
f 619/3526/619 623/3527/623 626/3528/626
f 534/3529/534 624/3530/624 569/3531/569
f 624/3532/624 549/3533/549 622/3534/622
f 569/3535/569 622/3536/622 523/3537/523
f 624/3538/624 622/3539/622 569/3540/569
f 548/3541/548 626/3542/626 620/3543/620
f 626/3544/626 549/3545/549 624/3546/624
f 620/3547/620 624/3548/624 534/3549/534
f 626/3550/626 624/3551/624 620/3552/620
f 522/3553/522 568/3554/568 564/3555/564
f 568/3556/568 534/3557/534 570/3558/570
f 564/3559/564 570/3560/570 532/3561/532
f 568/3562/568 570/3563/570 564/3564/564
f 534/3565/534 569/3566/569 571/3567/571
f 569/3568/569 523/3569/523 566/3570/566
f 571/3571/571 566/3572/566 533/3573/533
f 569/3574/569 566/3575/566 571/3576/571
f 532/3577/532 567/3578/567 563/3579/563
f 567/3580/567 533/3581/533 565/3582/565
f 563/3583/563 565/3584/565 521/3585/521
f 567/3586/567 565/3587/565 563/3588/563
f 534/3589/534 571/3590/571 570/3591/570
f 571/3592/571 533/3593/533 567/3594/567
f 570/3595/570 567/3596/567 532/3597/532
f 571/3598/571 567/3599/567 570/3600/570
f 522/3601/522 564/3602/564 584/3603/584
f 564/3604/564 532/3605/532 586/3606/586
f 584/3607/584 586/3608/586 539/3609/539
f 564/3610/564 586/3611/586 584/3612/584
f 532/3613/532 563/3614/563 583/3615/583
f 563/3616/563 521/3617/521 581/3618/581
f 583/3619/583 581/3620/581 538/3621/538
f 563/3622/563 581/3623/581 583/3624/583
f 539/3625/539 587/3626/587 585/3627/585
f 587/3628/587 538/3629/538 582/3630/582
f 585/3631/585 582/3632/582 525/3633/525
f 587/3634/587 582/3635/582 585/3636/585
f 532/3637/532 583/3638/583 586/3639/586
f 583/3640/583 538/3641/538 587/3642/587
f 586/3643/586 587/3644/587 539/3645/539
f 583/3646/583 587/3647/587 586/3648/586
f 522/3649/522 584/3650/584 600/3651/600
f 584/3652/584 539/3653/539 602/3654/602
f 600/3655/600 602/3656/602 544/3657/544
f 584/3658/584 602/3659/602 600/3660/600
f 539/3661/539 585/3662/585 605/3663/605
f 585/3664/585 525/3665/525 603/3666/603
f 605/3667/605 603/3668/603 545/3669/545
f 585/3670/585 603/3671/603 605/3672/605
f 544/3673/544 607/3674/607 601/3675/601
f 607/3676/607 545/3677/545 604/3678/604
f 601/3679/601 604/3680/604 527/3681/527
f 607/3682/607 604/3683/604 601/3684/601
f 539/3685/539 605/3686/605 602/3687/602
f 605/3688/605 545/3689/545 607/3690/607
f 602/3691/602 607/3692/607 544/3693/544
f 605/3694/605 607/3695/607 602/3696/602
f 522/3697/522 600/3698/600 618/3699/618
f 600/3700/600 544/3701/544 621/3702/621
f 618/3703/618 621/3704/621 548/3705/548
f 600/3706/600 621/3707/621 618/3708/618
f 544/3709/544 601/3710/601 636/3711/636
f 601/3712/601 527/3713/527 633/3714/633
f 636/3715/636 633/3716/633 551/3717/551
f 601/3718/601 633/3719/633 636/3720/636
f 548/3721/548 638/3722/638 619/3723/619
f 638/3724/638 551/3725/551 634/3726/634
f 619/3727/619 634/3728/634 528/3729/528
f 638/3730/638 634/3731/634 619/3732/619
f 544/3733/544 636/3734/636 621/3735/621
f 636/3736/636 551/3737/551 638/3738/638
f 621/3739/621 638/3740/638 548/3741/548
f 636/3742/636 638/3743/638 621/3744/621
f 523/3745/523 622/3746/622 579/3747/579
f 622/3748/622 549/3749/549 625/3750/625
f 579/3751/579 625/3752/625 537/3753/537
f 622/3754/622 625/3755/625 579/3756/579
f 549/3757/549 623/3758/623 632/3759/632
f 623/3760/623 528/3761/528 628/3762/628
f 632/3763/632 628/3764/628 550/3765/550
f 623/3766/623 628/3767/628 632/3768/632
f 537/3769/537 630/3770/630 580/3771/580
f 630/3772/630 550/3773/550 627/3774/627
f 580/3775/580 627/3776/627 524/3777/524
f 630/3778/630 627/3779/627 580/3780/580
f 549/3781/549 632/3782/632 625/3783/625
f 632/3784/632 550/3785/550 630/3786/630
f 625/3787/625 630/3788/630 537/3789/537
f 632/3790/632 630/3791/630 625/3792/625
f 521/3793/521 565/3794/565 660/3795/660
f 565/3796/565 533/3797/533 662/3798/662
f 660/3799/660 662/3800/662 557/3801/557
f 565/3802/565 662/3803/662 660/3804/660
f 533/3805/533 566/3806/566 666/3807/666
f 566/3808/566 523/3809/523 664/3810/664
f 666/3811/666 664/3812/664 558/3813/558
f 566/3814/566 664/3815/664 666/3816/666
f 557/3817/557 668/3818/668 661/3819/661
f 668/3820/668 558/3821/558 665/3822/665
f 661/3823/661 665/3824/665 530/3825/530
f 668/3826/668 665/3827/665 661/3828/661
f 533/3829/533 666/3830/666 662/3831/662
f 666/3832/666 558/3833/558 668/3834/668
f 662/3835/662 668/3836/668 557/3837/557
f 666/3838/666 668/3839/668 662/3840/662
f 525/3841/525 582/3842/582 645/3843/645
f 582/3844/582 538/3845/538 647/3846/647
f 645/3847/645 647/3848/647 554/3849/554
f 582/3850/582 647/3851/647 645/3852/645
f 538/3853/538 581/3854/581 644/3855/644
f 581/3856/581 521/3857/521 642/3858/642
f 644/3859/644 642/3860/642 553/3861/553
f 581/3862/581 642/3863/642 644/3864/644
f 554/3865/554 649/3866/649 646/3867/646
f 649/3868/649 553/3869/553 643/3870/643
f 646/3871/646 643/3872/643 529/3873/529
f 649/3874/649 643/3875/643 646/3876/646
f 538/3877/538 644/3878/644 647/3879/647
f 644/3880/644 553/3881/553 649/3882/649
f 647/3883/647 649/3884/649 554/3885/554
f 644/3886/644 649/3887/649 647/3888/647
f 527/3889/527 604/3890/604 609/3891/609
f 604/3892/604 545/3893/545 613/3894/613
f 609/3895/609 613/3896/613 546/3897/546
f 604/3898/604 613/3899/613 609/3900/609
f 545/3901/545 603/3902/603 606/3903/606
f 603/3904/603 525/3905/525 595/3906/595
f 606/3907/606 595/3908/595 542/3909/542
f 603/3910/603 595/3911/595 606/3912/606
f 546/3913/546 611/3914/611 608/3915/608
f 611/3916/611 542/3917/542 596/3918/596
f 608/3919/608 596/3920/596 526/3921/526
f 611/3922/611 596/3923/596 608/3924/608
f 545/3925/545 606/3926/606 613/3927/613
f 606/3928/606 542/3929/542 611/3930/611
f 613/3931/613 611/3932/611 546/3933/546
f 606/3934/606 611/3935/611 613/3936/613
f 528/3937/528 634/3938/634 615/3939/615
f 634/3940/634 551/3941/551 637/3942/637
f 615/3943/615 637/3944/637 547/3945/547
f 634/3946/634 637/3947/637 615/3948/615
f 551/3949/551 633/3950/633 635/3951/635
f 633/3952/633 527/3953/527 598/3954/598
f 635/3955/635 598/3956/598 543/3957/543
f 633/3958/633 598/3959/598 635/3960/635
f 547/3961/547 617/3962/617 614/3963/614
f 617/3964/617 543/3965/543 597/3966/597
f 614/3967/614 597/3968/597 520/3969/520
f 617/3970/617 597/3971/597 614/3972/614
f 551/3973/551 635/3974/635 637/3975/637
f 635/3976/635 543/3977/543 617/3978/617
f 637/3979/637 617/3980/617 547/3981/547
f 635/3982/635 617/3983/617 637/3984/637
